category,seller_id,customers,repeat_customers,repeat_rate
agro_industry_and_commerce,06579cb253ecd5a3a12a9e6eb6bf8f47,2,0,0.0
agro_industry_and_commerce,0ed6ce5d87fd9c69eaacaeb778d67235,4,0,0.0
agro_industry_and_commerce,1996942dc085d7773ba77a529b163cd0,1,0,0.0
agro_industry_and_commerce,2528744c5ef5d955adc318720a94d2e7,5,0,0.0
agro_industry_and_commerce,269cff2d3c8d205c11f37a52402ea93b,3,0,0.0
agro_industry_and_commerce,299c89a525fee36c567f4fe72f038100,1,0,0.0
agro_industry_and_commerce,31ae0774c17fabd06ff707cc5bde005f,7,0,0.0
agro_industry_and_commerce,397c4d0c005b6f41f90098ac724e28cb,1,0,0.0
agro_industry_and_commerce,3d0cd21d41671c46f82cd11176bf7277,1,0,0.0
agro_industry_and_commerce,4e922959ae960d389249c378d1c939f5,4,0,0.0
agro_industry_and_commerce,5194c22ed1f616ec0c0f33c571542879,1,0,0.0
agro_industry_and_commerce,55bb6fe5bebe5012e2d7d9928e1128ff,2,0,0.0
agro_industry_and_commerce,634964b17796e64304cadf1ad3050fb7,1,0,0.0
agro_industry_and_commerce,6481e96574816ead57975da2c0f6d80d,13,0,0.0
agro_industry_and_commerce,6b2612338467c08c9b25f0cc55b1578d,1,0,0.0
agro_industry_and_commerce,6bd69102ab48df500790a8cecfc285c2,5,0,0.0
agro_industry_and_commerce,7238a95bb63ef7e498389fb863b834a1,3,0,0.0
agro_industry_and_commerce,85cc55e048b6bcc90c75afe7f0e72f72,1,0,0.0
agro_industry_and_commerce,88ef59b51bdaa941d10a853429f2b6ce,2,0,0.0
agro_industry_and_commerce,8a9260f2b0340411d6d2a56bcf4f7378,1,0,0.0
agro_industry_and_commerce,955fee9216a65b617aa5c0531780ce60,13,0,0.0
agro_industry_and_commerce,a420f60ff1aa9acc80d0e42959f2b313,1,0,0.0
agro_industry_and_commerce,b2ba3715d723d245138f291a6fe42594,1,0,0.0
agro_industry_and_commerce,c9e5ad1f6647f5dbd1172adf6ae3cada,2,0,0.0
agro_industry_and_commerce,cfd7ddab722b902f7ac5b5f3ba6d723d,1,0,0.0
agro_industry_and_commerce,d17f467e4bf608a510c20d82f4ba3b6b,7,0,0.0
agro_industry_and_commerce,d297f1055de2956aedfd3b04113dce3e,1,0,0.0
agro_industry_and_commerce,d9e8c084b68fe958861d8f2c21202e6b,8,0,0.0
agro_industry_and_commerce,e59aa562b9f8076dd550fcddf0e73491,70,0,0.0
agro_industry_and_commerce,edc518ba25576a0188a0e8f2c3af186f,1,0,0.0
agro_industry_and_commerce,ef506c96320abeedfb894c34db06f478,11,1,0.09090909090909091
agro_industry_and_commerce,f08a5b9dd6767129688d001acafc21e5,4,0,0.0
agro_industry_and_commerce,f3c38ab652836d21de61fb8314b69182,1,0,0.0
agro_industry_and_commerce,fd386aa7bed2af3c7035c65506c9b4a3,1,0,0.0
air_conditioning,01cf7e3d21494c41fb86034f2e714fa1,18,0,0.0
air_conditioning,0ed6ce5d87fd9c69eaacaeb778d67235,5,0,0.0
air_conditioning,10089e9f2fd0c668a8fd4e52e1698888,3,0,0.0
air_conditioning,1099a00e0ee3a50935e6c2447ca090c5,3,0,0.0
air_conditioning,11742f81550ac064cc9a40f67151d9ad,2,0,0.0
air_conditioning,128639473a139ac0f3e5f5ade55873a5,11,0,0.0
air_conditioning,15aac934c58d886785ac1b17953ea898,3,0,0.0
air_conditioning,18a349e75d307f4b4cc646a691ed4216,2,0,0.0
air_conditioning,1da3aeb70d7989d1e6d9b0e887f97c23,2,0,0.0
air_conditioning,2199e7fe213c16213bf5d6a7eadc9a5d,4,0,0.0
air_conditioning,23d7c96d4a1160db1c726b248601b25a,4,0,0.0
air_conditioning,240b9776d844d37535668549a396af32,2,0,0.0
air_conditioning,34f563c82a85b99ae9e6d60db5fc2e28,1,0,0.0
air_conditioning,41ab63a91b8b264e8c8780368bf1dd5b,1,0,0.0
air_conditioning,4391ea5c5990502176a1dcda44a2373d,2,0,0.0
air_conditioning,45d33f715e24d15a6ccf5c17b3a23e3c,1,0,0.0
air_conditioning,4736e9d642ef4257cd7622516931eb51,4,0,0.0
air_conditioning,4978a02ea9c8be7a9b5480680f40334e,1,0,0.0
air_conditioning,5151aea44289d6c6b090ee31c2132508,7,0,0.0
air_conditioning,515d781150feed28a6ac091bb0e3cb8c,1,0,0.0
air_conditioning,52d76513f0c4d97f3b99570e2c94ee31,1,0,0.0
air_conditioning,56db5c0782e8f7ddc9343f9576ff6d16,2,0,0.0
air_conditioning,5b664594895aefb418afaee6d40a9a23,4,0,0.0
air_conditioning,6a51fc556dab5f766ced6fbc860bc613,19,0,0.0
air_conditioning,6b333a05bf188ef3e1f1662a86bd9855,2,0,0.0
air_conditioning,71593c7413973a1e160057b80d4958f6,1,0,0.0
air_conditioning,7901646fdd36a55f564ffaf2dbccaaf7,10,1,0.1
air_conditioning,7a241947449cc45dbfda4f9d0798d9d0,33,0,0.0
air_conditioning,7b8e8ec35bad4b0ef7e3963650b0a87b,2,0,0.0
air_conditioning,850857dfac77488c307e2b1cbd84ab5a,1,0,0.0
air_conditioning,8b321bb669392f5163d04c59e235e066,9,1,0.1111111111111111
air_conditioning,8d956fec2e4337affcb520f56fd8cbfd,1,0,0.0
air_conditioning,8ff1a9df749e454105c55cda13e79143,2,0,0.0
air_conditioning,9a1aea68d3efa00862ec88c0768037d0,2,0,0.0
air_conditioning,a420f60ff1aa9acc80d0e42959f2b313,11,0,0.0
air_conditioning,ab9db4cf53b08b828b64dccaafc2d9f0,2,0,0.0
air_conditioning,abc015ebac1d283a323ca9db35ede4b9,11,0,0.0
air_conditioning,ac6417315ae5da8f9a38ee11de6f7780,1,0,0.0
air_conditioning,b2ba3715d723d245138f291a6fe42594,1,0,0.0
air_conditioning,c7dcd301ecfe5ab7f778ac172cf74be7,1,0,0.0
air_conditioning,cda598c48d7c614bc1cad7d8ff6f0010,1,0,0.0
air_conditioning,ce248b21cb2adc36282ede306b7660e5,1,0,0.0
air_conditioning,d71d863e5ef30d94e440c11be17dcd8f,8,0,0.0
air_conditioning,d91fb3b7d041e83b64a00a3edfb37e4f,13,0,0.0
air_conditioning,e59e575a175fadcadf8479e191770425,1,0,0.0
air_conditioning,e5e33c0d8e7e002f398f5dc4cbbb338f,1,0,0.0
air_conditioning,e8f6dc8e6a1dcde89d20e3995c8d90b3,1,0,0.0
air_conditioning,ea4e9ce63a2134743b4a92777437fcdd,3,0,0.0
air_conditioning,eb5b6204dde3a6e03b5f1bb8479f055b,2,0,0.0
air_conditioning,ed859002ad59dbf8cf3602696a6c3000,5,0,0.0
air_conditioning,f3b80352b986ab4d1057a4b724be19d0,5,0,0.0
air_conditioning,fcdd820084f17e9982427971e4e9d47f,15,0,0.0
art,09bad886111255c5b5030314fc7f1a4a,5,0,0.0
art,0bae85eb84b9fb3bd773911e89288d54,5,0,0.0
art,0d85bbda9889ce1f7e63778d24f346eb,5,0,0.0
art,0ddefe3c7a032b91f4e25b9c3a08fca1,1,0,0.0
art,0f94588695d71662beec8d883ffacf09,1,0,0.0
art,116ccb1a1604bc88e4d234a8c23f33de,1,0,0.0
art,1354d51653f645349064725ed204e85e,3,0,0.0
art,1caf283236cd69af44cbc09a0a1e7d32,4,0,0.0
art,249f0e9905a6e06ad6c6bea7547ab9f6,2,0,0.0
art,2a6fbeaa7ab9e5d59a35841a8da71ce4,7,0,0.0
art,3492e68f37fd1df87f4f2f2ea247f445,1,0,0.0
art,382229d1e840115ffe3dbf5ff460e417,1,0,0.0
art,403aa86912527d730337ffcb0fb096ab,1,0,0.0
art,6614814a00d344b846ae209f95ee7e3f,1,0,0.0
art,7139dc5186aa238b006e066d8fbab2e4,4,0,0.0
art,7299e27ed73d2ad986de7f7c77d919fa,3,0,0.0
art,8090490573c6c0aa343a7231ebcb8c86,7,0,0.0
art,855668e0971d4dfd7bef1b6a4133b41b,1,0,0.0
art,8c16d1f32a54d92897cc437244442e1b,6,0,0.0
art,8ff1a9df749e454105c55cda13e79143,1,0,0.0
art,955fee9216a65b617aa5c0531780ce60,11,0,0.0
art,968268a686aa05d1f529fb07dff08130,1,0,0.0
art,a0e19590a0923cdd0614ea9427713ced,2,0,0.0
art,a2e874074c877c5a05abae80ad6e488f,1,0,0.0
art,aa8af66c623d7d544dfe4bb85b5ebe3b,1,0,0.0
art,ad8b531ae67582f096925cff5630d0d1,1,0,0.0
art,b561927807645834b59ef0d16ba55a24,11,0,0.0
art,b9a03475e6447e631b6799ec8274800f,1,0,0.0
art,bd0389da23d89b726abf911cccc54596,1,0,0.0
art,c31eff8334d6b3047ed34bebd4d62c36,106,0,0.0
art,cf6f6bc4df3999b9c6440f124fb2f687,1,0,0.0
art,dcf3755cefcdc158ad0b7bdde51e871b,1,0,0.0
art,e62b2d6ac10570a035a30bafcf01d263,1,0,0.0
art,ee27a8f15b1dded4d213a468ba4eb391,1,0,0.0
art,f593898ec748b7a8cb81fc04edafd98a,1,0,0.0
arts_and_craftmanship,04ee0ec01589969663ba5967c0e0bdc0,1,0,0.0
arts_and_craftmanship,05730013efda596306417c3b09302475,1,0,0.0
arts_and_craftmanship,0ddefe3c7a032b91f4e25b9c3a08fca1,3,1,0.3333333333333333
arts_and_craftmanship,1caf283236cd69af44cbc09a0a1e7d32,1,0,0.0
arts_and_craftmanship,2cb6eb1b7185064167657fa09f541105,1,0,0.0
arts_and_craftmanship,2ea0861cc19e94cad86438c984c52da4,1,0,0.0
arts_and_craftmanship,55f7a3319d80f7fdf078b8f03e6725fe,5,1,0.2
arts_and_craftmanship,70126eecc6aa1274392a1743866e9678,1,0,0.0
arts_and_craftmanship,b561927807645834b59ef0d16ba55a24,1,0,0.0
arts_and_craftmanship,e7f3bf1ecd8526eb7f3b18059e6716e5,1,0,0.0
arts_and_craftmanship,e819bcfade7b5d88a27325eb6cfd62c5,1,0,0.0
arts_and_craftmanship,ef728fa1f17436c91ed1ccd03dcf9631,3,0,0.0
arts_and_craftmanship,fd386aa7bed2af3c7035c65506c9b4a3,1,0,0.0
audio,05a940b4ecae36cadfd8e93bd9c43257,1,0,0.0
audio,0bae85eb84b9fb3bd773911e89288d54,2,0,0.0
audio,18a349e75d307f4b4cc646a691ed4216,3,0,0.0
audio,1cbd50a8c52e6cf8e315c5709fab386f,1,0,0.0
audio,20b54c376b794ed028df09a3cd88e8dc,1,0,0.0
audio,272f092de69afedd4d2969440b37f18f,1,0,0.0
audio,376a891762bbdecbc02b4b6adec3fdda,1,0,0.0
audio,4869f7a5dfa277a7dca6462dcf3b52b2,56,0,0.0
audio,4e922959ae960d389249c378d1c939f5,12,0,0.0
audio,522620dcb18a6b31cd7bdf73665113a9,1,0,0.0
audio,5656537e588803a555b8eb41f07a944b,9,0,0.0
audio,5f0057b677eb963672bf05dfa3f16c34,3,0,0.0
audio,6560211a19b47992c3666cc44a7e94c0,29,1,0.034482758620689655
audio,7040e82f899a04d1b434b795a43b4617,93,0,0.0
audio,70a12e78e608ac31179aea7f8422044b,12,0,0.0
audio,7178f9f4dd81dcef02f62acdf8151e01,1,0,0.0
audio,744dac408745240a2c2528fb1b6028f3,1,0,0.0
audio,7d13fca15225358621be4086e1eb0964,47,0,0.0
audio,7e93a43ef30c4f03f38b393420bc753a,8,0,0.0
audio,89c127985a8b130cfa45c1d36764017a,1,0,0.0
audio,8d956fec2e4337affcb520f56fd8cbfd,2,0,0.0
audio,95b293867b5862941c9cd74f756a3c68,3,0,0.0
audio,9f50216bfd01913736a55a11b55ea842,2,0,0.0
audio,b2ba3715d723d245138f291a6fe42594,31,0,0.0
audio,b33e7c55446eabf8fe1a42d037ac7d6d,10,0,0.0
audio,ba6b68b55fe8704377a7d43c8e5c0185,1,0,0.0
audio,c9c7905cffc4ef9ff9f113554423e671,2,0,0.0
audio,db4350fd57ae30082dec7acbaacc17f9,3,0,0.0
audio,dbb9b48c841a0e39e21f98e1a6b2ec3e,1,0,0.0
audio,e00d85ce20ea50c1224c66ca5050527d,1,0,0.0
audio,e26901d5ab434ce92fd9b5c256820a4e,3,0,0.0
audio,e333046ce6517bd8bb510291d44f0130,1,0,0.0
audio,e49c26c3edfa46d227d5121a6b6e4d37,1,0,0.0
audio,e62b2d6ac10570a035a30bafcf01d263,2,0,0.0
audio,ede0c03645598cdfc63ca8237acbe73d,1,0,0.0
audio,f8db351d8c4c4c22c6835c19a46f01b0,1,0,0.0
auto,03bd479e1d9484cdb14104d3023f7321,3,0,0.0
auto,0417b067eeab773d2f7061a726dc477f,13,0,0.0
auto,04aa0a1c5ce6b222003403a3e11c3cc0,10,0,0.0
auto,05d2173d43ea568aa0540eba70d2ca76,45,1,0.022222222222222223
auto,066a6914e1ebf3ea95a216c73a986b91,9,0,0.0
auto,0691148aee60ca47977c187804f935ae,6,0,0.0
auto,0725b8c0f3f906e58f70cbe76b7c748c,1,0,0.0
auto,080199a181c46c657dc5aa235411be3b,79,0,0.0
auto,085f6f7e049c996695fb2074fe38d45e,1,0,0.0
auto,0887a9f087bcd5d9f6642b52f897fc6c,4,0,0.0
auto,0ade5cc4a305ed7093a23f68ca47519c,2,0,0.0
auto,0b0ddbc7b9d9584f442c7ac92b0ff6c9,3,0,0.0
auto,0b18d63d0cd1d723567903fd34a07df2,5,0,0.0
auto,0b46f784306be7200ca1700aa55d819f,1,0,0.0
auto,0be8ff43f22e456b4e0371b2245e4d01,1,0,0.0
auto,0d4c8269e7f0401201794deef160edd6,3,0,0.0
auto,0db783cfcd3b73998abc6e10e59a102f,1,0,0.0
auto,0ea22c1cfbdc755f86b9b54b39c16043,2,0,0.0
auto,0fe2d9733ed841eb064503920015a8c0,3,0,0.0
auto,10ff823eda2b032e2c93d17a7d294736,2,0,0.0
auto,112453736dbe3889cfb74e1aaa0ba0c1,6,0,0.0
auto,1127b7f2594683f2510f1c2c834a486b,1,0,0.0
auto,11305281b50fff20ae8bb473f8e11876,1,0,0.0
auto,116ccb1a1604bc88e4d234a8c23f33de,50,0,0.0
auto,120476eb7a04c149d14772edaf5d9bf2,1,0,0.0
auto,1336efc61c316ddf92c899eb817f7cae,2,0,0.0
auto,134285d1f41da5c13a756ee8142c8a4e,3,0,0.0
auto,134b867a0f7f8bbe6abf10f91874891e,1,0,0.0
auto,13511db12ac61e2f89c53b72a944a60b,3,0,0.0
auto,13d95f0f6f73943d4ceffad0fc2cd32c,1,0,0.0
auto,13f57c12a00ed4610db646b913a7f5c6,7,0,0.0
auto,14a08204d03bb6b6bde8029f801ae0eb,2,0,0.0
auto,16090f2ca825584b5a147ab24aa30c86,250,2,0.008
auto,167fd940acebc789debd6eb418c46e38,5,0,0.0
auto,1690cada046eb7e92c12f98b1f8a8167,11,0,0.0
auto,1703bc09972dab9782e7a9194943b69f,1,0,0.0
auto,1746c1ae87ac63d530c7c943d0ac42e2,1,0,0.0
auto,17908cf9b444ee34047cadd5c0f4a516,11,0,0.0
auto,18a349e75d307f4b4cc646a691ed4216,17,0,0.0
auto,198c7ea11960a9844b544d9bcdca860c,12,0,0.0
auto,1b45169b635ef59425637e9a33eb5fb3,2,0,0.0
auto,1b4b28463457a256e9a784ebe2a8f630,1,0,0.0
auto,1cbd50a8c52e6cf8e315c5709fab386f,2,0,0.0
auto,1d0997ff06b524ce9289ffd75114ecd3,2,0,0.0
auto,1d4587203296c8f4ad134dc286fa6db0,42,0,0.0
auto,1d503743d2526f03f0c2c89540ee008c,5,0,0.0
auto,1da3aeb70d7989d1e6d9b0e887f97c23,6,0,0.0
auto,1e47defeeadeca0e9a18fa5a9311e735,1,0,0.0
auto,1fdc574883ef3b33ad41562d93f3a74a,18,0,0.0
auto,1fe61aa5494bd3ae92a2c13e067c810f,1,0,0.0
auto,2138ccb85b11a4ec1e37afbd1c8eda1f,9,0,0.0
auto,21c62b998a043ebe31161d38f84929fc,4,0,0.0
auto,236585a4ddb5fea9fa40233e2249ed91,3,0,0.0
auto,23c38debaffe4a25a30fdbd9b586a13f,3,0,0.0
auto,252e76235acb79183cfca6e34f13337d,1,0,0.0
auto,253f95b3a0e6983ae18aed49fbc2b845,5,0,0.0
auto,25cf099de44674fde97473224f9d59ab,49,1,0.02040816326530612
auto,2646baaf662d4d92ac48f047e35db92d,8,0,0.0
auto,26af45f5dfd967225a832838aa4e24a3,10,0,0.0
auto,26d6bbee02420494d471c9f6436929c0,9,0,0.0
auto,29c322e3f09f886f8bacbe91dfbd979e,1,0,0.0
auto,2a1348e9addc1af5aaa619b1a3679d6b,10,0,0.0
auto,2a84855fd20af891be03bc5924d2b453,1,0,0.0
auto,2b1a40c1daabc6ca280c4b815c101841,22,0,0.0
auto,2c3d56f92f360fb89d849b84e8f50eae,1,0,0.0
auto,2c538755f1ca9540af144f266e70df6c,1,0,0.0
auto,2c9e548be18521d1c43cde1c582c6de8,1,0,0.0
auto,2cb98e27ce1c18abdb42209b34c382a7,1,0,0.0
auto,2e0dba2da448400b1c11d7b4b22f32a4,7,0,0.0
auto,2e1c9f22be269ef4643f826c9e650a52,2,0,0.0
auto,2ea0861cc19e94cad86438c984c52da4,1,0,0.0
auto,2fdde51ad3e12f297da656d4fbd5d0b5,2,0,0.0
auto,31561f325664a8a7aba4c8d0c3a9b3db,34,0,0.0
auto,31eec405c9bb71dec8e2629a92e764fa,1,0,0.0
auto,333c4210e76a1aa2ab817b99437e3ff1,2,0,0.0
auto,3364a91ec4d56c98e44174de954b94f6,6,0,0.0
auto,33ac3e28642ab8bda860a2f693000e78,2,0,0.0
auto,34056b8b55c1775a22af2331670a799c,78,0,0.0
auto,34675b28b826facfde119785bf287dc1,1,0,0.0
auto,3492e68f37fd1df87f4f2f2ea247f445,6,0,0.0
auto,353e21e8bf8de2722b4fae1636664b76,4,0,0.0
auto,35857757f553273b1056c1cabdace7fb,6,0,0.0
auto,36890be00bbfc1cdb9a4a38a6af05a69,1,0,0.0
auto,36a968b544695394e4e9d7572688598f,17,0,0.0
auto,376a891762bbdecbc02b4b6adec3fdda,1,0,0.0
auto,389e45560e33d2d0747f949dcddbc08e,1,0,0.0
auto,392f7f2c797e4dc077e4311bde2ab8ce,2,0,0.0
auto,3935fe5fe0f82787a9dcb8deb62be09d,1,0,0.0
auto,39a5005f2605cbdb4f9ac14485cabfd1,3,0,0.0
auto,39d54ff918774174706fb065d7f9dc07,22,0,0.0
auto,3a1a1fec38dd360f15fc912e821e169d,15,0,0.0
auto,3aa3c89ae3cd482385568be76120f63c,1,0,0.0
auto,3d4824f20035949c710eaf111f869d39,1,0,0.0
auto,3d621842b2ed28e2b474132480edac3c,10,0,0.0
auto,3d8fa2f5b647373c8620330c4e077a9f,2,0,0.0
auto,3da38366e7bd9baf6369071f782ecdf0,1,0,0.0
auto,3db66a856d18a9cba7c9241fc5221c50,42,0,0.0
auto,3f995f07c49d0d55a99d5c54957f7d81,41,0,0.0
auto,40db9e9aa57f7bb151bcda6b0f9bdbb7,12,0,0.0
auto,42d4b7e70819438f5ada61c965e92d7e,1,0,0.0
auto,430315b7bb4b6e4b3c978f9dfa9b0558,2,0,0.0
auto,432c37c9dfba871172ec162e20118b8c,1,0,0.0
auto,44073f8b7e41514de3b7815dd0237f4f,2,0,0.0
auto,4559697a8f7e637227c2eeaed843baff,4,0,0.0
auto,455c5640e8c5bd1b2ee85c0158f85727,1,0,0.0
auto,45ba18c210d42734ec52c0c1c574e9ee,3,0,0.0
auto,45d33f715e24d15a6ccf5c17b3a23e3c,4,0,0.0
auto,466222e777149751370e7e98fb623b0c,1,0,0.0
auto,4677a5437afda5fa7140b927b07be1cc,8,0,0.0
auto,47648caee88ccfe951fbb27fbf7b4cbe,3,0,0.0
auto,47efca563408aae19bb7206c2d969ea9,12,0,0.0
auto,4869f7a5dfa277a7dca6462dcf3b52b2,1,0,0.0
auto,48efc9d94a9834137efd9ea76b065a38,2,0,0.0
auto,48fb026ed7455a42f5d3e9390ed5088e,11,0,0.0
auto,49cdc90518a4f82676b38b3c1aa43ff6,2,0,0.0
auto,4a5b36211b1f51bf7eaa5c10a57fa483,1,0,0.0
auto,4c8545742faaf58fafd5fd14d25d75cf,2,0,0.0
auto,4cc4fd4fdd406a85bbdc1f824b731bd7,1,0,0.0
auto,4ce8b55b4bfa4659184e7becc1fba3f2,2,0,0.0
auto,4d0041cdbe51b4617d95c70b19decc74,8,0,0.0
auto,4d232b78ab7ef10393dc3807d827bc0d,4,0,0.0
auto,4e480be820e37de1444325ff358c9296,1,0,0.0
auto,4e922959ae960d389249c378d1c939f5,29,0,0.0
auto,522620dcb18a6b31cd7bdf73665113a9,1,0,0.0
auto,525e75a6fb1454a2325ab1734bcec221,10,0,0.0
auto,52f0fe436a347ddad7ed5f9aa4e27eaa,1,0,0.0
auto,54aa8463e87776b5612f4bdc4bd5d4de,2,0,0.0
auto,55029529919c0123526150bd26ca8f20,1,0,0.0
auto,55bb6fe5bebe5012e2d7d9928e1128ff,2,0,0.0
auto,55f7a3319d80f7fdf078b8f03e6725fe,16,0,0.0
auto,5656537e588803a555b8eb41f07a944b,2,0,0.0
auto,59cea8e446d3834393058e7e0666b6fb,1,0,0.0
auto,5b179e9e8cc7ab6fd113a46ca584da81,1,0,0.0
auto,5b2e94f2c22b39ccc24d34ad0f669672,10,0,0.0
auto,5b8154610ebb21fb90eb587365e673df,1,0,0.0
auto,5b92bfa4120daa27c574daa2e386c693,1,0,0.0
auto,5bc24d989e71e93c33e50a7782431b0e,17,0,0.0
auto,5bffbafbb22daf6d3bfc216a46db8708,4,0,0.0
auto,5c603ffb38cbbf25a0e0698941324143,2,0,0.0
auto,5d0363b33554b373851fc1622e4d5f3c,89,0,0.0
auto,5def4c3732941a971cba8fdee992ede1,1,0,0.0
auto,5ee7fd217d08dfe5d3e2f51f96a12c9a,7,0,0.0
auto,5f57db27027655e6c6a391601daa0258,1,0,0.0
auto,6025c79c035c3d772133b8b8238463b2,1,1,1.0
auto,60562ab00b8054280520d390c8c0045c,17,0,0.0
auto,62de60d81c55c29d76a6bce418b31cef,1,0,0.0
auto,6338ea67c41078a46ad99cc009654956,35,2,0.05714285714285714
auto,634964b17796e64304cadf1ad3050fb7,19,0,0.0
auto,63b9ae557efed31d1f7687917d248a8d,2,0,0.0
auto,66dc1b1632bd6a3e508510c5b3492107,8,0,0.0
auto,6806dad1da97bfb5a9038eac6881f706,6,0,0.0
auto,6860153b69cc696d5dcfe1cdaaafcf62,1,0,0.0
auto,688756f717c462a206ad854c5027a64a,1,0,0.0
auto,6a0cbc8af2e8abd1bdfb777943d174c6,4,0,0.0
auto,6a8b085f816a1f75f92dbac6eb545f8f,126,1,0.007936507936507936
auto,6b333a05bf188ef3e1f1662a86bd9855,2,0,0.0
auto,6b3bd31ad8fcda4b2635ec9f3ff2ecdf,1,0,0.0
auto,6c177e38df6d3f34182b1f1d427231bf,1,0,0.0
auto,6c1b6d0c604b776f844125f911eb7377,2,0,0.0
auto,6cf476a4ca74498db55cbccdaa9dcfb6,1,0,0.0
auto,6d66611d7c44cc30ce351abc49a68421,16,0,0.0
auto,6edacfd9f9074789dad6d62ba7950b9c,6,0,0.0
auto,6eeed17989b0ae47c9f11ece6f38ea90,3,0,0.0
auto,70849ca4f400aaabb62cb7462a6f1428,1,0,0.0
auto,70a12e78e608ac31179aea7f8422044b,17,0,0.0
auto,70b52a4cfc823994561b00bad161b4ed,8,0,0.0
auto,710e3548e02bc1d2831dfc4f1b5b14d4,9,0,0.0
auto,712e6ed8aa4aa1fa65dab41fed5737e4,79,0,0.0
auto,7142540dd4c91e2237acb7e911c4eba2,225,2,0.008888888888888889
auto,7178f9f4dd81dcef02f62acdf8151e01,13,0,0.0
auto,7202e2ba20579a9bd1acb29e61fe71f6,7,0,0.0
auto,723a46b89fd5c3ed78ccdf039e33ac63,1,0,0.0
auto,72431a818f97fe6ab9c81eee3e297e54,1,0,0.0
auto,7299e27ed73d2ad986de7f7c77d919fa,1,0,0.0
auto,72c5da29406b4234927b81855e7b64f6,7,0,0.0
auto,72c73be2b085b9d57650dd53eb2004c9,1,0,0.0
auto,73b8eb4a9a729d4019b24ed1be748cbf,5,0,0.0
auto,750303a20e9c56b2a6bc45cdce0b897d,1,0,0.0
auto,76d64c4aca3a7baf218bf93ef7fa768d,4,0,0.0
auto,76ea5315acb3f5f7ade3cd261faf922a,4,0,0.0
auto,77e4abfd739aed9c46480f90f81c0eb4,1,0,0.0
auto,7813ea3ebd9411dc600b4dd01f7a97b9,1,0,0.0
auto,788f22bafdd7ab0e1e79f19db72f16a4,1,0,0.0
auto,79565f7d5603b24ddf07ade262547f2f,2,0,0.0
auto,7a704e63bb29c446869efde5d57524c8,1,0,0.0
auto,7b8e8ec35bad4b0ef7e3963650b0a87b,3,0,0.0
auto,7c1fea10b5b006671d608b1d7c446ec4,1,0,0.0
auto,7c4adcc13272c0e26fa23aac642adb7b,2,0,0.0
auto,7c67e1448b00f6e969d365cea6b010ab,3,0,0.0
auto,7d76b645482be4a332374e8223836592,3,0,0.0
auto,7ddcbb64b5bc1ef36ca8c151f6ec77df,32,0,0.0
auto,7df1fc11cc5cbc518b39faa60cf5d67c,5,0,0.0
auto,7ff588a03c2aeae4fbd23f9ae64b760d,14,0,0.0
auto,80e6699fe29150b372a0c8a1ebf7dcc8,2,0,0.0
auto,8160255418d5aaa7dbdc9f4c64ebda44,1,0,0.0
auto,817245bcc3badd82bbd222e0366951a6,29,0,0.0
auto,83c8aafbefb034674a70de0eac5b8954,2,0,0.0
auto,8444e55c1f13cd5c179851e5ca5ebd00,3,0,0.0
auto,850913d59ce317156b00f3705f1c3edb,9,0,0.0
auto,8581055ce74af1daba164fdbd55a40de,376,9,0.023936170212765957
auto,85d9eb9ddc5d00ca9336a2219c97bb13,20,0,0.0
auto,863d2ebcd347ce4922de7a0f9a5581d6,18,0,0.0
auto,87142160b41353c4e5fca2360caf6f92,4,0,0.0
auto,87e24fc7052259b1f7f607d61c10d8be,1,0,0.0
auto,880ce4951cf857ab1d9e0b75c1d856f4,1,0,0.0
auto,88cd3681e0a2ba85e190f7d817629c4c,1,0,0.0
auto,897060da8b9a21f655304d50fd935913,2,0,0.0
auto,8a43128d7f9a3db592b866e6861a6cce,1,0,0.0
auto,8a8835a43bda99fd37310ad76c457510,2,0,0.0
auto,8b28d096634035667e8263d57ba3368c,1,0,0.0
auto,8b321bb669392f5163d04c59e235e066,9,0,0.0
auto,8c16d1f32a54d92897cc437244442e1b,4,0,0.0
auto,8ca1551acf9832a4cf467bbbac15851f,1,0,0.0
auto,8cf21434553b02cbd37c0bbd07e041b0,2,0,0.0
auto,8d956fec2e4337affcb520f56fd8cbfd,10,0,0.0
auto,8daab2245ebdc277c51098d01c5ad8ef,1,0,0.0
auto,8e670472e453ba34a379331513d6aab1,1,0,0.0
auto,8f119a0aee85c0c8fc534629734e94fd,5,0,0.0
auto,8f2b51a30523cdecddc2f179f351c7d6,7,0,0.0
auto,8f580d36c1e9d6fbce95283403c7d447,8,0,0.0
auto,8fbd63429be6d3e5e6d1a709b6464802,6,0,0.0
auto,8ff38bc3969e67c36c48343a07090f66,2,0,0.0
auto,913fd0ebba70bb919f7254a02239173c,1,0,0.0
auto,91f0eec23d4a61d7d7caeefa3f0ad1ca,11,0,0.0
auto,94165aea8a35c3c21499cbcae239b16c,1,0,0.0
auto,9485a23c0430ba1d58d359391606fce6,5,0,0.0
auto,94e93ce877be27a515118dbfd2c2be41,2,0,0.0
auto,955fee9216a65b617aa5c0531780ce60,16,0,0.0
auto,9803a40e82e45418ab7fb84091af5231,2,0,0.0
auto,9b1585752613ec342d03bbab9997ec48,2,0,0.0
auto,9b1f656ca3060f8af17a50d8a024b533,1,0,0.0
auto,9bf11dfc0bec77e5a23028043c3c5a8f,1,0,0.0
auto,9c068d10aca38e85c50202e17b4a7e88,17,0,0.0
auto,9c0e69c7bf2619675bbadf47b43f655a,1,0,0.0
auto,9d4db00d65d7760644ac0c14edb5fd86,3,0,0.0
auto,9d5a9018aee56acb367ba9c3f05d1d6a,13,0,0.0
auto,9dd459b29a14bf89d47183cf2cd0e4c7,2,0,0.0
auto,9f50216bfd01913736a55a11b55ea842,1,0,0.0
auto,9f505651f4a6abe901a56cdc21508025,1,0,0.0
auto,9fbd5666d8618fa571c4230fafa09bd6,1,0,0.0
auto,a080fc8a850289b27500f6b49cca2553,3,0,0.0
auto,a1043bafd471dff536d0c462352beb48,2,0,0.0
auto,a11a0e0ca67423425691db355cff69b0,2,0,0.0
auto,a1474fd46fd3430168f7ec202da39408,10,0,0.0
auto,a1bea7061f61f6fdd9a85a6325ba1033,1,0,0.0
auto,a218df5c097b0ca409cfaac1488cc7f6,1,0,0.0
auto,a2b5b6105ea5942300631d2e76f4ffe0,2,0,0.0
auto,a3082f442524a1be452e3189e003b361,3,0,0.0
auto,a36b125ac6d5fdbc7f50de85c9157bdc,2,0,0.0
auto,a3b0df0065e264a91b7bbf5f844af5cd,2,0,0.0
auto,a45765f8afb1e594b22bf9e974b46765,1,0,0.0
auto,a5259c149128e82c9d6d46e0c1c812bb,8,0,0.0
auto,a67780aba9dd436e7ac0aa1f889e73ec,1,0,0.0
auto,a7dc4098e4da6e41b426269d12ae7e91,2,0,0.0
auto,a7f13822ceb966b076af67121f87b063,2,0,0.0
auto,a938325a4b357fd23a6a4d5bb126408e,24,0,0.0
auto,a9ae440659f48b7849df83e82734150b,1,0,0.0
auto,ab91571efab27993ff2f6b36e38055c3,3,0,0.0
auto,abbf6046bbdf1028606a5bc7f00c99e7,7,0,0.0
auto,acadd4d36859671cb635527c6c977533,1,0,0.0
auto,acb6c2ca5c82411c1fdb88d5fd5eb95e,2,0,0.0
auto,ad14615bdd492b01b0d97922e87cb87f,1,0,0.0
auto,aeb36d67f1414f234d42a29e27cf1f17,4,0,0.0
auto,b0398568231ba5e6734af1881671a317,1,0,0.0
auto,b1b3948701c5c72445495bd161b83a4c,16,0,0.0
auto,b2a6d334e2833acea353624840e25a0e,3,0,0.0
auto,b2ba3715d723d245138f291a6fe42594,2,0,0.0
auto,b2f4d63c7203f539a78252565ca32257,1,0,0.0
auto,b33e7c55446eabf8fe1a42d037ac7d6d,1,0,0.0
auto,b3b17aab11f273023a5f22ca52e1eb70,7,0,0.0
auto,b3e2faf2c1004d674f16a3aa3197f0e1,2,0,0.0
auto,b452cb0ae35044c4a53179c39f49fb06,1,0,0.0
auto,b4ffb71f0cb1b1c3d63fad021ecf93e1,142,2,0.014084507042253521
auto,b5bb2b985208834bd5bd86c7a402bbad,2,0,0.0
auto,b6e1504972665f739dec4facb9943775,4,0,0.0
auto,b76a1f8356322f12529c37b67d5c96c2,1,0,0.0
auto,b77a27b1864483e721dc831d5ba4afa0,2,0,0.0
auto,b87a7ea0c30fad2dd6781b74a0064859,9,0,0.0
auto,b9de031b671cd48b28fae9d828cbf2b4,1,0,0.0
auto,ba6b4a237f92479743cf0ca06b67a9ac,1,0,0.0
auto,ba90964cff9b9e0e6f32b23b82465f7b,1,0,0.0
auto,bb5d956dece964a06c12bceb66b923ae,2,0,0.0
auto,bba74270a87732727b5a3b4fd9ac1c39,13,0,0.0
auto,bc07d855eac23aab5ac8a120f21d16b2,1,0,0.0
auto,bd4ff04377f974574f7f0bf9d6ce7dde,1,0,0.0
auto,bd697db56ff8e7c9cd1abeb7f72029b2,22,0,0.0
auto,c003204e1ab016dfa150abc119207b24,153,0,0.0
auto,c0098efcf800861dcae589affca31408,9,0,0.0
auto,c12b92bf1c350f3e6bf88d3596219c86,8,0,0.0
auto,c1849d4d32d7a6cecd5aa471809d3135,2,0,0.0
auto,c273175f7c6c80fb02f051e2fc6d0d72,13,0,0.0
auto,c3251e13f1bbda6c74e37c160f991e19,1,0,0.0
auto,c35affa65afd250151285c5917fc1c8a,9,0,0.0
auto,c3cfdc648177fdbbbb35635a37472c53,2,0,0.0
auto,c4f7fee5b0db50e87766f5a4d1b1b758,1,0,0.0
auto,c522be04e020c1e7b79f3acff36513d5,3,0,0.0
auto,c5ebe6598748b0aeaa61cfb820478b92,3,0,0.0
auto,c7bb64409aa480bb7d0335faaaf3d242,4,0,0.0
auto,c84592044b180dec206770c38603814b,2,0,0.0
auto,c847e075301870dd144a116762eaff9a,9,0,0.0
auto,c878515173c84a492ebe50d6b493230b,1,0,0.0
auto,c8b0e2b0a7095e5d8219575d5e7e1181,83,1,0.012048192771084338
auto,c990d6cf976a5718aaedc539f383ab88,1,0,0.0
auto,c9c7905cffc4ef9ff9f113554423e671,25,0,0.0
auto,c9d2ba8dde44a275ae06475ed1d2fafc,1,0,0.0
auto,cb0b3bcf14e0a709df412a99424a59d7,2,0,0.0
auto,cb8bcce248bb1fb274ba762d8b971456,1,0,0.0
auto,cc63f0dd2acba93ffed4fe9f8e0321fa,1,0,0.0
auto,cc80e2f693fa6e2408f47ccf62413fc1,2,0,0.0
auto,ccbd753e6863fe7314dc6c0ca5a074e7,1,0,0.0
auto,cd3d09fbe6e3e9ff0c0ac0c300e93ae7,12,0,0.0
auto,cda598c48d7c614bc1cad7d8ff6f0010,10,0,0.0
auto,ce27a3cc3c8cc1ea79d11e561e9bebb6,3,0,0.0
auto,ce616e1913288884e7742faac9d981db,15,0,0.0
auto,cee48807215b30a12ca2ca10ffb5f250,37,0,0.0
auto,d2374cbcbb3ca4ab1086534108cc3ab7,20,2,0.1
auto,d2572f31e9023e9850ef986a636ff9bf,1,0,0.0
auto,d598f929fc44e1e38678e7f47250ec04,1,0,0.0
auto,d624126b9206f595fb3fbb6ba03b28a8,22,0,0.0
auto,d63f306de130e0391d38a792541723b8,1,0,0.0
auto,d65f31d2413268e671989503f6cf9993,1,0,0.0
auto,d66c305afaec317ebee552073a674429,1,0,0.0
auto,d71d863e5ef30d94e440c11be17dcd8f,1,0,0.0
auto,d90fe2229fee1a5da999ccd0c06c1667,3,0,0.0
auto,d921b68bf747894be13a97ae52b0f386,1,0,0.0
auto,d9442042130b7fe579d1295f9f4a248f,3,0,0.0
auto,d97df38225e5abadaff1e72cb72b823c,29,0,0.0
auto,daeb5653dd96c1b11860f72209795012,3,0,0.0
auto,dd264199fc8b687ad029de7de6d760e6,1,0,0.0
auto,de23c3b98a88888289c6f5cc1209054a,1,0,0.0
auto,dedcab67899479e4ea5dcc4eba47f587,2,0,0.0
auto,dee656f0f566ed1aa85bd137c943f08f,11,0,0.0
auto,dfa0c4c6229ab200a4a1336b4d7128ff,11,0,0.0
auto,e174dc2de86d60fee178170a154c05e7,1,0,0.0
auto,e21a1e8be4715b0fcfd5385643bc49c4,10,0,0.0
auto,e2c92f9c1c7746d899d18f2e158bbff7,13,1,0.07692307692307693
auto,e5a38146df062edaf55c38afa99e42dc,1,0,0.0
auto,e5e33c0d8e7e002f398f5dc4cbbb338f,26,0,0.0
auto,e601b04acf48b4576e73ddca9481f0dc,2,0,0.0
auto,e70053bf73d1b5863932e53a9fa47496,2,0,0.0
auto,e83c76265fc54bf41eac728805e4da77,8,0,0.0
auto,e8f6dc8e6a1dcde89d20e3995c8d90b3,1,0,0.0
auto,e96498ed8daaa3e9c23f7a62da76591c,34,0,0.0
auto,ea00f977a203ff88adf7057cb7806998,19,0,0.0
auto,ea3ebea5317b0efbc663ecc8ce5e9bc2,3,0,0.0
auto,ea8482cd71df3c1969d7b9473ff13abc,23,1,0.043478260869565216
auto,eaf6d55068dea77334e8477d3878d89e,3,0,0.0
auto,eb4df17aed01d918c65f0f8d650900c0,10,0,0.0
auto,ed859002ad59dbf8cf3602696a6c3000,1,0,0.0
auto,ede0c03645598cdfc63ca8237acbe73d,5,0,0.0
auto,ef2fbc2b607d8492bcffe657a4645434,14,0,0.0
auto,f12ff17ad8bbf01ec5c33b17e506649b,28,0,0.0
auto,f1c1ac3f3efc07e659c035008e615e66,3,0,0.0
auto,f235413f677777a0738ff215d0184901,2,0,0.0
auto,f27e33c6d29b5138fa9967bcd445b6d5,12,0,0.0
auto,f307937c1bb287c3efc2a514b94b0d1d,1,0,0.0
auto,f410c8873029fcc3809b9df6d0b28914,2,0,0.0
auto,f435898e493ba0356019a0b1cb8b55b1,10,0,0.0
auto,f44bdc12aa39f5271f0b95f66cd4c289,5,0,0.0
auto,f5b44895715ddfe3087dc414f30268f3,19,0,0.0
auto,f63d8f293af3a6454377546bd9dd19ff,6,0,0.0
auto,f682e0f848abafc6f41e0d4e868c66ef,2,0,0.0
auto,f84fa566034f5e8e880a07ec624c56af,3,0,0.0
auto,f8db351d8c4c4c22c6835c19a46f01b0,10,0,0.0
auto,f9903dd0f812c7e771fcad47b6fff231,2,0,0.0
auto,fa1c13f2614d7b5c4749cbc52fecda94,1,0,0.0
auto,fa5fdc4e4bb6bd1009ad0e4ac4096562,1,0,0.0
auto,fa8d335d68129e464e60c1826a683e96,1,0,0.0
auto,fd386aa7bed2af3c7035c65506c9b4a3,2,0,0.0
auto,fe26f3ecb51a15e6d8335cd92da42562,6,0,0.0
auto,fe8055980a4ff7f64ed889c2b5926929,1,0,0.0
auto,ffa6adafb71b807dc13159e26431354c,3,0,0.0
auto,ffc470761de7d0232558ba5e786e57b7,1,0,0.0
auto,ffff564a4f9085cd26170f4732393726,9,0,0.0
baby,013900e863eace745d3ec7614cab5b1a,8,0,0.0
baby,01cf7e3d21494c41fb86034f2e714fa1,3,0,0.0
baby,01fd077212124329bac32490e8ef80d9,2,0,0.0
baby,02b72cdeb9cfcc429f1af6f4e3f3b737,4,0,0.0
baby,04e38a233f726ef161074ab1c9b0399a,5,0,0.0
baby,05f51e13da97139648b8125c31e5f51b,57,0,0.0
baby,062c325cd6a2b87845fab56b4ec2eeae,1,0,0.0
baby,066a6914e1ebf3ea95a216c73a986b91,3,0,0.0
baby,0885aaf116795758dfeb5f1032487bcd,2,0,0.0
baby,099095b050cfe8eb1ddff5317587e96e,1,0,0.0
baby,0bae85eb84b9fb3bd773911e89288d54,1,0,0.0
baby,0c8380b62e38e8a1e6adbeba7eb9688c,3,0,0.0
baby,0dfbed20065e425d2eaefb101f9816c0,2,0,0.0
baby,0ea22c1cfbdc755f86b9b54b39c16043,1,0,0.0
baby,10076e5788b8ee532724bcd460baf762,12,0,0.0
baby,12b9676b00f60f3b700e83af21824c0e,2,0,0.0
baby,138dbe45fc62f1e244378131a6801526,5,0,0.0
baby,1430239a858e7682bbc43b20758af153,10,0,0.0
baby,154bdf805377afea75a3bd158e9eab10,1,0,0.0
baby,15fa791d5e017f66402dc28c44480657,8,0,0.0
baby,164a5a8794e6d42e14f55e447b12a3bc,1,0,0.0
baby,1771297ac436903d1dd6b0e9279aa505,11,0,0.0
baby,1835b56ce799e6a4dc4eddc053f04066,5,0,0.0
baby,1b938a7ec6ac5061a66a3766e0e75f90,12,0,0.0
baby,1c5e4e49b9079480255b49d50aac1aa9,1,0,0.0
baby,1cbd32d00d01bb8087a5eb088612fd9c,1,0,0.0
baby,1d8dbc4f32378d715c717c1c1fc57bae,91,1,0.01098901098901099
baby,1da3aeb70d7989d1e6d9b0e887f97c23,2,0,0.0
baby,1e8c6a4c538f286aee9573239740a4b4,2,0,0.0
baby,1f50f920176fa81dab994f9023523100,27,0,0.0
baby,1f7dfad2cb384ea4d2d7e1ffbd78c407,1,0,0.0
baby,1f9ab4708f3056ede07124aad39a2554,78,0,0.0
baby,20611af7866c6068fd5ae1f9dbe15c92,1,0,0.0
baby,20a8b0dc55da94fe74d112082427c84f,6,0,0.0
baby,23d7c96d4a1160db1c726b248601b25a,3,0,0.0
baby,257e61d3251fb5efb9daadddbc2cf7ca,11,0,0.0
baby,25e6ffe976bd75618accfe16cefcbd0d,10,0,0.0
baby,271c58a1d139c45eaf3316107c6d3a3b,29,0,0.0
baby,272f092de69afedd4d2969440b37f18f,1,1,1.0
baby,29e6e05b65f93bc224c644319dc52ecf,4,0,0.0
baby,2a1348e9addc1af5aaa619b1a3679d6b,2,0,0.0
baby,2c00c85d30361cd2ced2969cffbbffa3,1,0,0.0
baby,2cb4700db635baa1c0d4f90ed27b6669,2,0,0.0
baby,2d50d6282f8aa2257819a77bfaa0efe0,16,0,0.0
baby,2eb70248d66e0e3ef83659f71b244378,6,0,0.0
baby,2ff97219cb8622eaf3cd89b7d9c09824,1,0,0.0
baby,312ba1d77e9c332ef21f9598b7f64cd7,1,0,0.0
baby,32f1bb9dfa65bc7df5c0d9d95a616be4,1,0,0.0
baby,33a6f4b1e7cdc205511e76ba1b6e0186,11,0,0.0
baby,3504c0cb71d7fa48d967e0e4c94d59d9,5,0,0.0
baby,36890be00bbfc1cdb9a4a38a6af05a69,8,0,0.0
baby,382229d1e840115ffe3dbf5ff460e417,1,0,0.0
baby,3a734b715d333a2588a3d54a0c9b8746,2,0,0.0
baby,3c4e0452bff7a2a788179488d3d77032,2,0,0.0
baby,3d01d1c414c44b5943a09619ff3853cb,4,0,0.0
baby,3d8fa2f5b647373c8620330c4e077a9f,1,0,0.0
baby,3ea08c48e851106d2f584349daba335f,1,0,0.0
baby,3f8034bfc6b8b4135534975d49f04c63,8,0,0.0
baby,4003520d80d0bad1d5623f7aa3c63cda,1,0,0.0
baby,4091f77d8c768fc3e81c20761471761d,8,0,0.0
baby,40d54b51e962dbe09cabbcfd33298dee,5,0,0.0
baby,411f3b52d857390502ee4e4d5ceabc2d,1,0,0.0
baby,41b39e28db005d9731d9d485a83b4c38,2,0,0.0
baby,4221a7df464f1fe2955934e30ff3a5a1,5,0,0.0
baby,436bf27f2f18474fc6047702e9f8a866,1,0,0.0
baby,44073f8b7e41514de3b7815dd0237f4f,4,0,0.0
baby,45ba18c210d42734ec52c0c1c574e9ee,19,0,0.0
baby,45d33f715e24d15a6ccf5c17b3a23e3c,15,0,0.0
baby,46dc3b2cc0980fb8ec44634e21d2718e,36,0,0.0
baby,48efc9d94a9834137efd9ea76b065a38,2,0,0.0
baby,4a3ca9315b744ce9f8e9374361493884,5,0,0.0
baby,4b0fdb526525f9890eb145bf1534640e,1,0,0.0
baby,4b9750c8ad28220fe6702d4ecb7c898f,206,1,0.0048543689320388345
baby,4bf2f4ee540798a61f9636d12cd9cc80,1,0,0.0
baby,4c1c7281388a33dd06daac44f9fadbd1,1,0,0.0
baby,4c8b8048e33af2bf94f2eb547746a916,1,0,0.0
baby,503c1de08ae81a2d86f17951b204db55,22,0,0.0
baby,508808d438fe2ff972ed13bb8f4a82e2,1,0,0.0
baby,52f0fe436a347ddad7ed5f9aa4e27eaa,1,0,0.0
baby,537eb890efff034a88679788b647c564,10,0,0.0
baby,538caafddff204241cecbf3a02e6b3cf,8,0,0.0
baby,54583ab379489add547fe47b628db589,8,0,0.0
baby,559d56f3b8f0bc2e5a9a62fe2ce2a39f,2,0,0.0
baby,55c26bcb609f480eb7868594245febb5,2,0,0.0
baby,5656537e588803a555b8eb41f07a944b,1,0,0.0
baby,594f9aaa48e5bf431f011ddc5669b0d5,1,0,0.0
baby,5a6a02f419701fc8c605af71d4fc57a4,1,0,0.0
baby,5a8e7d5003a1f221f9e1d6e411de7c23,21,1,0.047619047619047616
baby,5a93f3ab0ef4c84ed5e1b5dbf23978bc,27,1,0.037037037037037035
baby,5c3460cd3e8a984382ae254e7dd20d9f,9,0,0.0
baby,5dceca129747e92ff8ef7a997dc4f8ca,105,0,0.0
baby,609e1a9a6c2539919b8205cf7c4e6ff0,1,0,0.0
baby,612170e34b97004b3ba37eae81836b4c,3,0,0.0
baby,63a79f5a7eb5cb48a7e5787b141c7993,1,0,0.0
baby,688756f717c462a206ad854c5027a64a,2,0,0.0
baby,6a53b90c3ad9e0b56d9fe5c69165fff5,1,0,0.0
baby,6c1b6d0c604b776f844125f911eb7377,1,0,0.0
baby,6c99c983ce3b6ba0ab813e6790e81691,1,0,0.0
baby,6d1b9c9579132c87d2703ec38c30f2c5,2,0,0.0
baby,6d66611d7c44cc30ce351abc49a68421,4,0,0.0
baby,6edacfd9f9074789dad6d62ba7950b9c,1,0,0.0
baby,7040e82f899a04d1b434b795a43b4617,2,0,0.0
baby,70a12e78e608ac31179aea7f8422044b,7,0,0.0
baby,712efd3b68f9686dc856b84abd0f21ae,1,0,0.0
baby,713e3a23ca5e47786eb6f0d99f94cfac,4,0,0.0
baby,7178f9f4dd81dcef02f62acdf8151e01,3,0,0.0
baby,7238a95bb63ef7e498389fb863b834a1,7,0,0.0
baby,725c32fa80c2faacc4fc88450d27314e,3,0,0.0
baby,7299e27ed73d2ad986de7f7c77d919fa,1,0,0.0
baby,768a86e36ad6aae3d03ee3c6433d61df,7,0,0.0
baby,76ea5315acb3f5f7ade3cd261faf922a,2,0,0.0
baby,77530e9772f57a62c906e1c21538ab82,6,0,0.0
baby,7a67c85e85bb2ce8582c35f2203ad736,94,1,0.010638297872340425
baby,7aa4334be125fcdd2ba64b3180029f14,19,0,0.0
baby,7c462184585ae80bd6e5774c62ce50f2,1,0,0.0
baby,7c67e1448b00f6e969d365cea6b010ab,3,0,0.0
baby,7d294cf9a6a69dc6a0c3e540fff0e039,5,0,0.0
baby,7d948535954aaf8c5d39db007f74372e,1,0,0.0
baby,7ea5bfa6c340f58f8e71fc1f0412b0d6,94,0,0.0
baby,7f7b8245c336066a1f9933c359f11d77,2,0,0.0
baby,80f2cf9abf6b5a0e5c612b5eea6646e6,5,0,0.0
baby,817f85dbb65aa3e70831d90fe75cdf89,3,0,0.0
baby,827f8f69dfa529c561901c4f2e0f332f,21,0,0.0
baby,834f8533b2ecb6598dd004ff3de7203a,15,0,0.0
baby,83645b1645cdee8953ee54c29ceed564,8,0,0.0
baby,83f2b4881141ce3fcd4e985125d3279e,3,0,0.0
baby,8444e55c1f13cd5c179851e5ca5ebd00,7,0,0.0
baby,845e8036c3f7bf62099352f5ed910240,4,0,0.0
baby,855668e0971d4dfd7bef1b6a4133b41b,280,3,0.010714285714285714
baby,85d9eb9ddc5d00ca9336a2219c97bb13,5,0,0.0
baby,87d3c3aeb3ead335511b3ce315eb341e,4,0,0.0
baby,89ad3263c0931c47f976d7c5778e60f6,6,0,0.0
baby,8a1ff5c35f6595a73fef4c7b96e4908a,2,0,0.0
baby,8a2d12a90e92f012ce5226fc6592b653,1,0,0.0
baby,8a432f4e5b471f8da497d7dc517666e2,5,0,0.0
baby,8b28d096634035667e8263d57ba3368c,4,0,0.0
baby,8b87cd0d43d49b9bdf40f56229364d59,3,0,0.0
baby,8b8cfc8305aa441e4239358c9f6f2485,2,0,0.0
baby,8cbac7e12637ed9cffa18c7875207478,16,0,0.0
baby,8e4f041ff58e7845456d3482524014b3,2,0,0.0
baby,918717417d88a9f9ae9735567e6c7682,1,0,0.0
baby,921323538c9f1c4e816f2720eac02bea,2,0,0.0
baby,94b9108d4b637ba65bb4f1e53cfcf8d8,3,0,0.0
baby,951e8cef368f09bb3f3d03c00ca4702c,16,0,0.0
baby,95e03ca3d4146e4011985981aeb959b9,13,0,0.0
baby,95f83f51203c626648c875dd41874c7f,9,0,0.0
baby,977f9f63dd360c2a32ece2f93ad6d306,24,0,0.0
baby,99002261c568a84cce14d43fcffb43ea,29,0,0.0
baby,99a25c39b28a74d1151c35c18d178292,1,0,0.0
baby,9a03a4e9eb0b947652fae4f6121a3f5e,4,0,0.0
baby,9add47bf45ce8e8c7db6b9cf670b1e09,1,0,0.0
baby,9bade61a92bed55a25d2b67b9f4ed739,2,0,0.0
baby,9baf5cb77970f539089d09a38bcec5c3,1,0,0.0
baby,9d4db00d65d7760644ac0c14edb5fd86,23,0,0.0
baby,9d5a9018aee56acb367ba9c3f05d1d6a,30,0,0.0
baby,9e6229250fedbe05838fef417b74e7fb,40,0,0.0
baby,9e6967d3cf386d284251784b18ccb485,3,0,0.0
baby,a06c8ff043abea0528ee44171e2140a2,6,0,0.0
baby,a3a38f4affed601eb87a97788c949667,23,0,0.0
baby,a420f60ff1aa9acc80d0e42959f2b313,29,0,0.0
baby,a425f92c199eb576938df686728acd20,2,0,0.0
baby,a56e351445e5863fc8960640ba9190c7,1,0,0.0
baby,a7c53f6b3b61adbdaa99dda97e8cbd56,1,0,0.0
baby,aafe36600ce604f205b86b5084d3d767,102,0,0.0
baby,ac3508719a1d8f5b7614b798f70af136,1,0,0.0
baby,ad781527c93d00d89a11eecd9dcad7c1,43,0,0.0
baby,adbc26658d6c7b4b6219f9d934598091,56,0,0.0
baby,afa6714acee029b2dfdf357e5579cc03,1,0,0.0
baby,b16d3dadc47d4eb18be3d88bad0775ce,1,0,0.0
baby,b2479f944e1b90cf8a5de1bbfde284d6,1,0,0.0
baby,b274baf5bbd142410eb2958cf685d684,1,0,0.0
baby,b2ba3715d723d245138f291a6fe42594,12,0,0.0
baby,b5abf4f36adc043117b4fca82c22984c,2,0,0.0
baby,b5d034ac251546e25afe9067f05c1539,1,0,0.0
baby,b9c0ffa92f3ff9a5a3d45ef7213c0842,2,0,0.0
baby,b9ca8e8baa5d4aa038394a700f63e69f,1,0,0.0
baby,bacb1f0ed56ad24198f5810d2b3fe9a5,1,0,0.0
baby,bbad7e518d7af88a0897397ffdca1979,44,0,0.0
baby,bcd2d7510d58e293f20fad6438c1b314,1,0,0.0
baby,bf100ecb7997df312b285358fb32f92c,2,0,0.0
baby,bf3c6d2a28b2b5501e6c15448982dcc9,33,1,0.030303030303030304
baby,bfd27a966d91cfaafdb25d076585f0da,14,0,0.0
baby,c4fabeea6e569d42d02993bb1f4f1cbc,7,0,0.0
baby,c500367424994318b9e779ff1ae9a330,6,0,0.0
baby,c510bc1718f0f2961eaa42a23330681a,13,0,0.0
baby,c6bda72e4dbf5c5866b13cb1810c6d03,48,0,0.0
baby,c8b3445d737de6befde0c88ede534a5e,5,0,0.0
baby,cac4c8e7b1ca6252d8f20b2fc1a2e4af,2,0,0.0
baby,cbbd5ae8f53de5f5097cd8217b529e24,2,0,0.0
baby,cca3071e3e9bb7d12640c9fbe2301306,2,0,0.0
baby,cd2169d9f31ff6fbb9ca3373b0c9e354,1,0,0.0
baby,cd68562d3f44870c08922d380acae552,8,0,0.0
baby,ce3ad9de960102d0677a81f5d0bb7b2d,1,0,0.0
baby,ce7d1888639e6fb06b2749cbfdac1ff7,1,0,0.0
baby,cf1313c6e2c01c2f4b014f97db4bcd2b,2,0,0.0
baby,d1c281d3ae149232351cd8c8cc885f0d,6,0,0.0
baby,d2374cbcbb3ca4ab1086534108cc3ab7,1,0,0.0
baby,d26aa40b90272d4843d63be7c1462c8d,2,0,0.0
baby,d2df77822373f19934e87694d8640767,1,0,0.0
baby,d5b9a084373da994a6e37f732169a853,7,0,0.0
baby,d673a59aac7a70d8b01e6902bf090a11,77,0,0.0
baby,d8c7ba53e7e38711eaef8c2849d6d2e1,10,0,0.0
baby,d8d9567d0bfb0bc7eb845a205ba42657,1,0,0.0
baby,d98eec89afa3380e14463da2aabaea72,58,1,0.017241379310344827
baby,d9a84e1403de8da0c3aa531d6d108ba6,15,0,0.0
baby,d9bd94811c3338dceb4181f3dbc0c73e,21,0,0.0
baby,da2782c804606d2a5d8e1760dbb3e7ec,1,0,0.0
baby,daeb5653dd96c1b11860f72209795012,2,0,0.0
baby,dc4a0fc896dc34b0d5bfec8438291c80,1,0,0.0
baby,de23c3b98a88888289c6f5cc1209054a,1,0,0.0
baby,dfa0c4c6229ab200a4a1336b4d7128ff,1,0,0.0
baby,e0a3c37054ade6478d923a6efc10f308,2,0,0.0
baby,e1dc0754bada9ee4cfe9713f22f61292,8,0,0.0
baby,e26901d5ab434ce92fd9b5c256820a4e,46,0,0.0
baby,e48b04bf1aa1ef711caebeb7aede6180,10,0,0.0
baby,e5d4b2b0c3bca22085f7a19a28de0c42,1,0,0.0
baby,e84ad2127668df3aafc6b73531a0beb8,3,0,0.0
baby,e8b4225284fbb02d16f200513f1f395d,31,0,0.0
baby,ea566164622c6b439516ab18062c42cd,1,0,0.0
baby,eb3071b9f0b0ddaa2df5ea130f09f26b,3,0,0.0
baby,ec21206b7894c503788a684a7bc822a6,1,0,0.0
baby,ec933281fb017b5020d06df29c3f77e8,8,0,0.0
baby,ef2fbc2b607d8492bcffe657a4645434,1,0,0.0
baby,f27e33c6d29b5138fa9967bcd445b6d5,1,0,0.0
baby,f3975e8a41157005d4bcbb358678cd9b,1,0,0.0
baby,f3da5b2ff499efb8d4a6d371d175d7dd,13,0,0.0
baby,f44b6f775a2b390380e0e30b5c9d3eee,2,0,0.0
baby,f45122a9ab94eb4f3f8953578bc0c560,37,0,0.0
baby,f5b84683a9bf9e1df748cf40f601b39c,1,0,0.0
baby,f5f2ab9bdb6b30c14c61be68c5ed37da,1,0,0.0
baby,f615fe7efbef0f4f08fd3086bc7a3e60,3,0,0.0
baby,f680f85bee2d253556ac91be391d2c82,31,0,0.0
baby,f783a638e9c6af4a7d0dbfde811e7a81,1,0,0.0
baby,f88adb15807168d3c43d71021090ce4a,1,0,0.0
baby,f9ec7093df3a7b346b7bcf7864069ca3,2,0,0.0
baby,fa40cc5b934574b62717c68f3d678b6d,39,0,0.0
baby,fc0b214b59a83615fea981c6424a02ae,1,0,0.0
baby,fedaedd3ca31d56ab33e92035e4b361c,1,0,0.0
baby,ff1fb4c404b2efe68b03350a8dc24122,7,0,0.0
baby,ff69aa92bb6b1bf9b8b7a51c2ed9cf8b,19,0,0.0
baby,ff82e8873fba613f2261a9acc896fd84,3,0,0.0
baby,ffad1e7127fb622cb64a900751590acd,2,0,0.0
bed_bath_table,004c9cd9d87a3c30c522c48c4fc07416,146,1,0.00684931506849315
bed_bath_table,00ee68308b45bc5e2660cd833c3f81cc,112,1,0.008928571428571428
bed_bath_table,0176f73cc1195f367f7b32db1e5b3aa8,38,0,0.0
bed_bath_table,01cf7e3d21494c41fb86034f2e714fa1,1,0,0.0
bed_bath_table,04843805947f0fc584fc1969b6e50fe7,1,0,0.0
bed_bath_table,0509040ea3fe50071181bbc359eb7738,1,0,0.0
bed_bath_table,062ce95fa2ad4dfaedfc79260130565f,17,0,0.0
bed_bath_table,07de60b03d150fb3ea09eab5da5e4c8b,9,0,0.0
bed_bath_table,0885aaf116795758dfeb5f1032487bcd,26,0,0.0
bed_bath_table,0bae85eb84b9fb3bd773911e89288d54,3,0,0.0
bed_bath_table,0be8ff43f22e456b4e0371b2245e4d01,10,0,0.0
bed_bath_table,0c8380b62e38e8a1e6adbeba7eb9688c,121,1,0.008264462809917356
bed_bath_table,11938fcc75f6902fea1d0a6f72b54a57,2,0,0.0
bed_bath_table,11fb6f6d341adbe19e81733701704635,3,0,0.0
bed_bath_table,12c2ed9cded6138cf0c75f525f565fc7,2,0,0.0
bed_bath_table,13511db12ac61e2f89c53b72a944a60b,3,0,0.0
bed_bath_table,14ee35374a7876217954b5fa08e50463,1,0,0.0
bed_bath_table,17306570e772e7718c92a562d33f5f1d,22,0,0.0
bed_bath_table,1771297ac436903d1dd6b0e9279aa505,10,1,0.1
bed_bath_table,17ca9b9e9b9ef8fdb529001b49ebb50f,75,0,0.0
bed_bath_table,1835b56ce799e6a4dc4eddc053f04066,416,2,0.004807692307692308
bed_bath_table,1900267e848ceeba8fa32d80c1a5f5a8,398,7,0.017587939698492462
bed_bath_table,1a3df491d1c4f1589fc2b934ada68bf2,167,0,0.0
bed_bath_table,1c129092bf23f28a5930387c980c0dfc,197,1,0.005076142131979695
bed_bath_table,1c5e4e49b9079480255b49d50aac1aa9,9,1,0.1111111111111111
bed_bath_table,1cbdc7cf130a41fd13a3c2a7d2fcfda7,2,0,0.0
bed_bath_table,1cd9e0cc1839d55516843def5600816d,5,0,0.0
bed_bath_table,1da3aeb70d7989d1e6d9b0e887f97c23,1,0,0.0
bed_bath_table,1dc2de47ee26a0a5b12dc14fd6dc0dea,25,0,0.0
bed_bath_table,1dfe5347016252a7884b694d4f10f5c4,20,0,0.0
bed_bath_table,1e8b33f18b4f7598d87f5cbee2282cc2,123,0,0.0
bed_bath_table,204b4e07bddef3c9b317f70189135b22,1,0,0.0
bed_bath_table,2075d8cd4dd63ff12df0749a5866bb06,3,0,0.0
bed_bath_table,20f0aeea30bc3b8c4420be8ced4226c0,1,0,0.0
bed_bath_table,218d46b86c1881d022bce9c68a7d4b15,2,0,0.0
bed_bath_table,2199e7fe213c16213bf5d6a7eadc9a5d,5,0,0.0
bed_bath_table,2528513dd95219a6013d4d05176e391a,63,0,0.0
bed_bath_table,259f7b5e6e482c230e5bfaa670b6bb8f,130,0,0.0
bed_bath_table,25e47381a6c510ddeb36084e33b89f0c,12,0,0.0
bed_bath_table,26562f211dd1364af2a8596dc945e8ae,1,0,0.0
bed_bath_table,26e2c91ef821e1ff8985f408788fe35b,12,0,0.0
bed_bath_table,270572bb714b00531be85e16e1550f26,1,0,0.0
bed_bath_table,28ea411b354f14b1a494be4e79f0ce02,4,0,0.0
bed_bath_table,296729ffb9b684050dd24836dac4494a,1,0,0.0
bed_bath_table,2d50d6282f8aa2257819a77bfaa0efe0,27,0,0.0
bed_bath_table,2eb70248d66e0e3ef83659f71b244378,1,0,0.0
bed_bath_table,2ff97219cb8622eaf3cd89b7d9c09824,2,0,0.0
bed_bath_table,3078096983cf766a32a06257648502d1,1,0,0.0
bed_bath_table,318f287a62ab7ac10b703ac37435a231,21,1,0.047619047619047616
bed_bath_table,33a6f4b1e7cdc205511e76ba1b6e0186,93,1,0.010752688172043012
bed_bath_table,33cbda8716511e27e556dff9d8418bf2,2,0,0.0
bed_bath_table,365e4bce19bda0082c3d15d83fdb8bcd,1,0,0.0
bed_bath_table,3771c85bac139d2344864ede5d9341e3,8,0,0.0
bed_bath_table,37be5a7c751166fbc5f8ccba4119e043,264,4,0.015151515151515152
bed_bath_table,38102b031c2a15e54623d711bfc753d3,1,0,0.0
bed_bath_table,391fc6631aebcf3004804e51b40bcf1e,255,1,0.00392156862745098
bed_bath_table,3b15288545f8928d3e65a8f949a28291,101,0,0.0
bed_bath_table,3b872fd4747f01cc56206f2934198618,25,0,0.0
bed_bath_table,3d3ccf2b2f8134b10dce9dd446f0e075,3,0,0.0
bed_bath_table,3dfd3dc96f7f8598eca74e9ac8a2fa31,1,0,0.0
bed_bath_table,41ab63a91b8b264e8c8780368bf1dd5b,1,0,0.0
bed_bath_table,41b39e28db005d9731d9d485a83b4c38,150,1,0.006666666666666667
bed_bath_table,4200ddf1967c5e41e48db62bc6d4b5ac,21,1,0.047619047619047616
bed_bath_table,42b729f859728f5079499127a9c2ef37,18,0,0.0
bed_bath_table,439a47cc365d6e3bd526812ea9de3c29,8,0,0.0
bed_bath_table,457fe919b032a3f7dadba6fb92cf7855,9,0,0.0
bed_bath_table,45d33f715e24d15a6ccf5c17b3a23e3c,1,0,0.0
bed_bath_table,49383af7ab774e4e8f3000f49c83dc4b,8,0,0.0
bed_bath_table,499185655c29ecfdbfe776ef7cf875b5,1,0,0.0
bed_bath_table,4a3ca9315b744ce9f8e9374361493884,1451,6,0.004135079255685734
bed_bath_table,4b0fdb526525f9890eb145bf1534640e,17,0,0.0
bed_bath_table,4c8b8048e33af2bf94f2eb547746a916,15,0,0.0
bed_bath_table,4e17c65a516f69d023a2ae78b84f28d6,1,0,0.0
bed_bath_table,4ebdc7e6cd6102a022dadc49156d4ea8,1,0,0.0
bed_bath_table,5145090ab595c0d0b8557199f5701fbf,4,0,0.0
bed_bath_table,520b493b57809f446cb0a233bb3e25c7,2,0,0.0
bed_bath_table,530ec6109d11eaaf87999465c6afee01,1,0,0.0
bed_bath_table,534a01cc6df1e034e05c32028a291fa2,1,0,0.0
bed_bath_table,537eb890efff034a88679788b647c564,12,0,0.0
bed_bath_table,53d00c40e32aeb924a84ce72b1af869d,17,0,0.0
bed_bath_table,53e4c6e0f4312d4d2107a8c9cddf45cd,2,0,0.0
bed_bath_table,54965bbe3e4f07ae045b90b0b8541f52,78,0,0.0
bed_bath_table,5b51032eddd242adc84c38acab88f23d,4,0,0.0
bed_bath_table,5dceca129747e92ff8ef7a997dc4f8ca,14,2,0.14285714285714285
bed_bath_table,5f06030071324cc52bf0304014ac7234,4,0,0.0
bed_bath_table,5f7300535881cef3b625fd683cf7d145,1,0,0.0
bed_bath_table,602044f2c16190c2c6e45eb35c2e21cb,50,0,0.0
bed_bath_table,609e1a9a6c2539919b8205cf7c4e6ff0,85,0,0.0
bed_bath_table,610f72e407cdd7caaa2f8167b0163fd8,16,0,0.0
bed_bath_table,6187a137b2af59dfdbad8d9f8c373c14,2,0,0.0
bed_bath_table,640e21a7d01df7614a3b4923e990d40c,115,1,0.008695652173913044
bed_bath_table,6426d21aca402a131fc0a5d0960a3c90,12,0,0.0
bed_bath_table,6481e96574816ead57975da2c0f6d80d,1,1,1.0
bed_bath_table,67e43d802fde8cfd3f9580124f8167d1,1,0,0.0
bed_bath_table,6e4f5ff6b086632ba8dcb558fb10249e,1,0,0.0
bed_bath_table,6edacfd9f9074789dad6d62ba7950b9c,1,0,0.0
bed_bath_table,6fd52c528dcb38be2eea044946b811f8,67,0,0.0
bed_bath_table,709e16e2b25c7474d980076c6bfc4806,3,0,0.0
bed_bath_table,723cd880edaacdb998898b67c8f9da30,7,0,0.0
bed_bath_table,7299e27ed73d2ad986de7f7c77d919fa,1,0,0.0
bed_bath_table,747c1cdcd1737dcfbd1547f6eb6f2cf3,2,0,0.0
bed_bath_table,76d64c4aca3a7baf218bf93ef7fa768d,5,0,0.0
bed_bath_table,78ba5933c21686d1c2f64669c8c459e7,1,0,0.0
bed_bath_table,79ed755314cfe6df0daef2c6cd3022cd,1,0,0.0
bed_bath_table,7aa4334be125fcdd2ba64b3180029f14,7,0,0.0
bed_bath_table,7ab0dd5487bab2dc835337b244f689fb,1,0,0.0
bed_bath_table,7ad32824caee82087b3e2e5f33b1bf32,149,2,0.013422818791946308
bed_bath_table,7caa63f175b1cecbfaadd8b5ab9998c7,1,0,0.0
bed_bath_table,7d456afc660226829370f3173d14520c,29,0,0.0
bed_bath_table,7d7866a99a8656a42c7ff6352a433410,1,0,0.0
bed_bath_table,7d7d2b7a51328016102d4528c411d630,3,0,0.0
bed_bath_table,8160255418d5aaa7dbdc9f4c64ebda44,378,2,0.005291005291005291
bed_bath_table,81ed90f07c0bacb7594940ba2ef676aa,2,0,0.0
bed_bath_table,822166ed1e47908f7cfb49946d03c726,65,1,0.015384615384615385
bed_bath_table,83c465a786b06574376909b35ef6752a,3,0,0.0
bed_bath_table,845e8036c3f7bf62099352f5ed910240,17,0,0.0
bed_bath_table,883dd81e82754ac2c65e9790a7db8c9a,1,0,0.0
bed_bath_table,888faa8bfb0b159c37de6d898b961c31,1,0,0.0
bed_bath_table,891071be6ba827b591264c90c2ae8a63,18,0,0.0
bed_bath_table,8a32e327fe2c1b3511609d81aaf9f042,31,0,0.0
bed_bath_table,8a432f4e5b471f8da497d7dc517666e2,77,0,0.0
bed_bath_table,8ab42aa58097fd4668d60cc648225d5f,19,0,0.0
bed_bath_table,8fff28c4263ddec387f28d237fb42773,2,0,0.0
bed_bath_table,951e8cef368f09bb3f3d03c00ca4702c,48,0,0.0
bed_bath_table,972d0f9cf61b499a4812cf0bfa3ad3c4,82,1,0.012195121951219513
bed_bath_table,9aa388272ee334b6ae07bc73706e254a,6,0,0.0
bed_bath_table,9d213f303afae4983637247556438ede,2,0,0.0
bed_bath_table,9e6229250fedbe05838fef417b74e7fb,19,0,0.0
bed_bath_table,a3a38f4affed601eb87a97788c949667,18,0,0.0
bed_bath_table,a3e9a2c700480d9bb01fba070ba80a0e,127,0,0.0
bed_bath_table,a673821011d0cec28146ea42f5ab767f,93,1,0.010752688172043012
bed_bath_table,a7a9b880c49781da66651ccf4ba9ac38,3,0,0.0
bed_bath_table,aae5e7b457a3c72ee230a47d98fceda5,5,0,0.0
bed_bath_table,aafe36600ce604f205b86b5084d3d767,2,0,0.0
bed_bath_table,ac3508719a1d8f5b7614b798f70af136,3,0,0.0
bed_bath_table,ace601496e211a664100321f038f50af,1,0,0.0
bed_bath_table,b2479f944e1b90cf8a5de1bbfde284d6,98,2,0.02040816326530612
bed_bath_table,b29d3380981c51df13fc6fbe87e1763d,5,0,0.0
bed_bath_table,b39d7fe263ef469605dbb32608aee0af,44,0,0.0
bed_bath_table,b45d7ebfb7378630f1bcd74b6ff86ff7,1,0,0.0
bed_bath_table,b4f8921fcc4ff77b66bea6dda43dcd51,18,0,0.0
bed_bath_table,b56828a9f9027f3c918c04ca720d9e3c,3,0,0.0
bed_bath_table,b5abf4f36adc043117b4fca82c22984c,5,0,0.0
bed_bath_table,b8a0adc91af209270c2c725168eb00fd,6,0,0.0
bed_bath_table,b98b715fe9e276204e2a3464f48cd796,4,0,0.0
bed_bath_table,b9ca8e8baa5d4aa038394a700f63e69f,10,0,0.0
bed_bath_table,baf15155e37ef5492731459bdc05be8a,1,0,0.0
bed_bath_table,bb135baca94c82fcb731335ad5b04a03,4,0,0.0
bed_bath_table,bbd3acfe6de99892e73940d3fdceaf68,2,0,0.0
bed_bath_table,bcc9dd23e2a8bd8267cf92b19304a1b9,2,0,0.0
bed_bath_table,bd43e172d599bed47a85da877172ca8c,1,0,0.0
bed_bath_table,c33847515fa6305ce6feb1e818569f13,113,0,0.0
bed_bath_table,c43d924a0f1688ee9fae0efcd6f539d4,1,0,0.0
bed_bath_table,c4fb51fb1c5b7c07bc5e67be6e7e8f6e,1,0,0.0
bed_bath_table,c53bcd3be457a342a97e39e5a9f0be22,5,0,0.0
bed_bath_table,c5e60e39c0f42b8e827daa13cff74afa,6,0,0.0
bed_bath_table,c6218512d16fcac0af02fe92691cf274,2,0,0.0
bed_bath_table,c7fdb77fdbff3c41981bc52f787e959e,9,0,0.0
bed_bath_table,c8417879a15366a17c30af34c798c332,1,0,0.0
bed_bath_table,cac876b37d3abcd6bd76caca30277996,2,0,0.0
bed_bath_table,cca3071e3e9bb7d12640c9fbe2301306,225,2,0.008888888888888889
bed_bath_table,cce6ab8d1682639fe45ab70234f1665f,62,0,0.0
bed_bath_table,cd06602b43d8800bd0afad514919d35c,1,0,0.0
bed_bath_table,cea729054f157f5870bdd321a958d994,2,0,0.0
bed_bath_table,cfb1a033743668a192316f3c6d1d2671,146,0,0.0
bed_bath_table,d0d70d21e2234dd7cd3cf63fe414148a,8,0,0.0
bed_bath_table,d1c281d3ae149232351cd8c8cc885f0d,206,3,0.014563106796116505
bed_bath_table,d20b021d3efdf267a402c402a48ea64b,4,0,0.0
bed_bath_table,d2374cbcbb3ca4ab1086534108cc3ab7,483,10,0.020703933747412008
bed_bath_table,d4e12e7884759a14fa0f5f896c791cae,28,1,0.03571428571428571
bed_bath_table,d673a59aac7a70d8b01e6902bf090a11,2,0,0.0
bed_bath_table,d8c7ba53e7e38711eaef8c2849d6d2e1,7,0,0.0
bed_bath_table,da8622b14eb17ae2831f4ac5b9dab84a,1037,33,0.03182256509161042
bed_bath_table,daf565f087a52def0fd5c5825b3661bc,9,0,0.0
bed_bath_table,dbb9b48c841a0e39e21f98e1a6b2ec3e,2,0,0.0
bed_bath_table,dc4a0fc896dc34b0d5bfec8438291c80,213,1,0.004694835680751174
bed_bath_table,dd2bdf855a9172734fbc3744021ae9b9,80,1,0.0125
bed_bath_table,e06f09ec0a4aca210779cf1cfc63cf19,1,0,0.0
bed_bath_table,e21a1e8be4715b0fcfd5385643bc49c4,4,1,0.25
bed_bath_table,e38db885400cd35c71dfd162f2c1dbcf,30,0,0.0
bed_bath_table,e4ebd3f87bf70440014f07ddda7fbe03,2,0,0.0
bed_bath_table,e5a38146df062edaf55c38afa99e42dc,1,0,0.0
bed_bath_table,e5c84227854980f1db19a58958c551d9,1,0,0.0
bed_bath_table,e6ffc9ac6a7adc9d16a1cfc2286dd546,1,0,0.0
bed_bath_table,e72b4feb7abe210c52aa667abc25a3a2,1,0,0.0
bed_bath_table,e9874ae10b2d60d43917b6bbfa13a599,1,0,0.0
bed_bath_table,ea67327e24487bdfac5fbfa37ea124df,31,1,0.03225806451612903
bed_bath_table,eec3469d83e142f9a104886655338c37,1,0,0.0
bed_bath_table,f049a72cf58fd31b11f8919cade515e7,1,0,0.0
bed_bath_table,f4ce8ca9fa7157e3b33f536ac9a4487d,2,0,0.0
bed_bath_table,f7ccf836d21b2fb1de37564105216cc1,68,0,0.0
bed_bath_table,f80edd2c5aaa505cc4b0a3b219abf4b8,8,0,0.0
bed_bath_table,fb3cfbc8a86f5d7fbb4d36b8df63f60d,10,0,0.0
bed_bath_table,fc38b5dceee1a730fad8853453437fbd,2,0,0.0
bed_bath_table,fdb9095204a334cd8872252ffec6f2db,46,0,0.0
books_general_interest,0d33a55da925bbf1ff02af5f6059fc7f,7,0,0.0
books_general_interest,0e72c1a751b496722a6cb1f10653b62a,1,0,0.0
books_general_interest,0ffa40d54288e4f3499b8780dd0f144f,3,0,0.0
books_general_interest,15ead3a5037a918ddb520dfe39a3d2b9,7,0,0.0
books_general_interest,1bb2bdb95f4841f1bba2c0d2cd83d3c9,36,0,0.0
books_general_interest,2059c39f76271d4ca3f15b5ffaccc8b8,11,0,0.0
books_general_interest,24a6daf925d9d591870a66660416de31,2,0,0.0
books_general_interest,25e6ffe976bd75618accfe16cefcbd0d,1,0,0.0
books_general_interest,2953ce3a88f5e3c3b696d77fc9e4c8eb,1,0,0.0
books_general_interest,343e716476e3748b069f980efbaa294e,15,2,0.13333333333333333
books_general_interest,3d0cd21d41671c46f82cd11176bf7277,4,0,0.0
books_general_interest,3d62f86afa7c73be2628a3be1423f5a0,2,0,0.0
books_general_interest,3d871de0142ce09b7081e2b9d1733cb1,1,0,0.0
books_general_interest,3dbbce181edfaa4a597ec858c382d2ec,13,0,0.0
books_general_interest,41c2bad7229b0c25e6becf179ebf63ff,20,0,0.0
books_general_interest,42ef3192a9ff87a22d1867b74b3ee205,2,0,0.0
books_general_interest,48bad451945f5227341793478d6353ea,2,0,0.0
books_general_interest,4dbd95a08b31ede5c82d3f861cb1ce1a,3,0,0.0
books_general_interest,50770d25768b0486d89be26afca3108f,6,0,0.0
books_general_interest,527801b552d0077ffd170872eb49683b,84,1,0.011904761904761904
books_general_interest,579891617139df7d8671d373f0669622,7,0,0.0
books_general_interest,57fe6232e67823593374a2281d7a8af8,6,0,0.0
books_general_interest,5a32c398a06c345440bf2a683b017ad3,1,0,0.0
books_general_interest,5a6a02f419701fc8c605af71d4fc57a4,10,0,0.0
books_general_interest,5f3ae9136c875522250f8184f253413a,3,0,0.0
books_general_interest,669ae81880e08f269a64487cfb287169,54,0,0.0
books_general_interest,6e864f5c4669eff3d98140a07cc50202,5,0,0.0
books_general_interest,72bc2cce903c872fe376a8faaa81d237,7,0,0.0
books_general_interest,768de2a4fc06aacecb9a586ccc30746a,5,0,0.0
books_general_interest,7f7b8245c336066a1f9933c359f11d77,4,0,0.0
books_general_interest,83e197e95a1bbabc8c75e883ed016c47,45,0,0.0
books_general_interest,8e34331b7eedd03be4e5d965c1956225,5,0,0.0
books_general_interest,a2fa0bdc798ee84cdb08281337cf4fb6,10,0,0.0
books_general_interest,a9b533a26e898b12e8b8d4c07279bf4d,4,0,0.0
books_general_interest,aa762680c40618316a896838866140ea,3,0,0.0
books_general_interest,aced59e9b31ef866a94f9e7f29d8d418,5,0,0.0
books_general_interest,b080809eaacb49e5ca07290981472431,11,0,0.0
books_general_interest,bca9230d3bbb4efa51872bf605a2f1ad,5,0,0.0
books_general_interest,c03121937e54a93fcc1825c3098bbb6e,7,0,0.0
books_general_interest,c2bda99904207edd1834f03e0022b007,2,0,0.0
books_general_interest,c3fe93ba3085f92855c97e57f38c8c05,6,0,0.0
books_general_interest,c716e0b86ed568878475b60fbb6323ad,1,0,0.0
books_general_interest,c74f14c1e26cf1bd5bd34b6a1e274426,1,0,0.0
books_general_interest,ce69a8021d18961dd2a40269b7c2c293,2,0,0.0
books_general_interest,d8d9567d0bfb0bc7eb845a205ba42657,3,0,0.0
books_general_interest,d9d43faf741ceaa8da52fdbb81d9e0e3,6,0,0.0
books_general_interest,da3fede3469bf49b7293ce3fc45b294d,1,0,0.0
books_general_interest,da6a60cc8cc724fe51be021ff8be779c,9,0,0.0
books_general_interest,e76ecc7e9a1a1e3c6df9d2a8261c423d,1,0,0.0
books_general_interest,f0b47fbbc6dee9aafe415a6e33051b3f,42,1,0.023809523809523808
books_general_interest,fc5a0d7a310a7a41abf86a458585ff2b,1,0,0.0
books_general_interest,fc908879b9ca1bd65419e54e50432d38,4,0,0.0
books_general_interest,ff4e2d38692ce827b1a4f4b8196e680d,4,0,0.0
books_imported,1bb2bdb95f4841f1bba2c0d2cd83d3c9,9,0,0.0
books_imported,272f092de69afedd4d2969440b37f18f,1,0,0.0
books_imported,5f0057b677eb963672bf05dfa3f16c34,1,0,0.0
books_imported,7c5b05cbdb5542049f38d90d7815b97d,22,0,0.0
books_imported,9b1585752613ec342d03bbab9997ec48,1,0,0.0
books_imported,bc2ac6b95e1accce9858528ee566c17e,17,1,0.058823529411764705
books_imported,cac4c8e7b1ca6252d8f20b2fc1a2e4af,1,0,0.0
books_technical,0d33a55da925bbf1ff02af5f6059fc7f,11,0,0.0
books_technical,0ffa40d54288e4f3499b8780dd0f144f,30,0,0.0
books_technical,134a288e7de827ec5ec62e3ec9c3a295,8,0,0.0
books_technical,139157dd4daa45c25b0807ffff348363,1,0,0.0
books_technical,1bb2bdb95f4841f1bba2c0d2cd83d3c9,15,0,0.0
books_technical,1f2eebc0e970fd3c463e4f5d9652687a,1,0,0.0
books_technical,2953ce3a88f5e3c3b696d77fc9e4c8eb,13,0,0.0
books_technical,2d8cfba3fcd3170555941605edaa196a,1,0,0.0
books_technical,48bad451945f5227341793478d6353ea,1,0,0.0
books_technical,4ba52dfeba874da5b9ee7b17c7494f04,11,0,0.0
books_technical,4be2e7f96b4fd749d52dff41f80e39dd,1,0,0.0
books_technical,4dbd95a08b31ede5c82d3f861cb1ce1a,1,0,0.0
books_technical,51f108f62cb87d61918159902c8f8583,3,0,0.0
books_technical,578fa3a9cb6b6dceab39231ad59cdaca,3,0,0.0
books_technical,579891617139df7d8671d373f0669622,1,0,0.0
books_technical,5f3ae9136c875522250f8184f253413a,40,0,0.0
books_technical,6e864f5c4669eff3d98140a07cc50202,5,0,0.0
books_technical,72bc2cce903c872fe376a8faaa81d237,10,0,0.0
books_technical,78ef7e885d17f35e2382a47aae8b8cce,3,0,0.0
books_technical,7f7b8245c336066a1f9933c359f11d77,1,0,0.0
books_technical,89de2d6f23e9746ff309705b23581faa,8,0,0.0
books_technical,8bb48dc19fccaa8613b6229bf7f452a2,3,0,0.0
books_technical,97e995629983723d11830a829bc2b246,3,0,0.0
books_technical,ba143b05f0110f0dc71ad71b4466ce92,77,1,0.012987012987012988
books_technical,f90f77ef2799a27f80d90c425ca944f7,1,0,0.0
books_technical,ff4e2d38692ce827b1a4f4b8196e680d,7,0,0.0
cds_dvds_musicals,4e922959ae960d389249c378d1c939f5,12,0,0.0
christmas_supplies,0d85bbda9889ce1f7e63778d24f346eb,15,0,0.0
christmas_supplies,113e3a788b935f48aad63e1c41dac1bd,39,0,0.0
christmas_supplies,116ccb1a1604bc88e4d234a8c23f33de,5,0,0.0
christmas_supplies,12c2ed9cded6138cf0c75f525f565fc7,1,0,0.0
christmas_supplies,152ee17e4c8aaf53dac99f3462e4999b,2,0,0.0
christmas_supplies,28405831a29823802aa22c084cfd0649,7,0,0.0
christmas_supplies,2cb6eb1b7185064167657fa09f541105,1,0,0.0
christmas_supplies,2ff97219cb8622eaf3cd89b7d9c09824,1,0,0.0
christmas_supplies,4e326052e5dbba8adcd512f3450a307e,3,0,0.0
christmas_supplies,4e922959ae960d389249c378d1c939f5,1,0,0.0
christmas_supplies,537eb890efff034a88679788b647c564,6,0,0.0
christmas_supplies,9f56a7a649097b166d8ed286ad86a15c,1,0,0.0
christmas_supplies,a53f60f05f822b5c621a50ff6a5cb362,1,0,0.0
christmas_supplies,b9a03475e6447e631b6799ec8274800f,8,0,0.0
christmas_supplies,c4fb51fb1c5b7c07bc5e67be6e7e8f6e,1,0,0.0
christmas_supplies,d93919c944be9cff128f6c9cb899eacb,32,0,0.0
christmas_supplies,dfa0c4c6229ab200a4a1336b4d7128ff,4,0,0.0
cine_photo,18a349e75d307f4b4cc646a691ed4216,1,0,0.0
cine_photo,213fafb0ca06fb3d5886579c2565791b,1,0,0.0
cine_photo,26d6bbee02420494d471c9f6436929c0,1,0,0.0
cine_photo,2ff97219cb8622eaf3cd89b7d9c09824,1,0,0.0
cine_photo,5abb8ea023c77787f2c15da891c8d384,7,0,0.0
cine_photo,6b90f847357d8981edd79a1eb1bf0acb,9,0,0.0
cine_photo,77e4abfd739aed9c46480f90f81c0eb4,5,0,0.0
cine_photo,8d956fec2e4337affcb520f56fd8cbfd,11,0,0.0
cine_photo,ba89796db68db180bd389de96b2ff3b6,1,0,0.0
cine_photo,c522be04e020c1e7b79f3acff36513d5,1,0,0.0
cine_photo,ce69a8021d18961dd2a40269b7c2c293,3,0,0.0
cine_photo,da7039f29f90ce5b4846ffc0fcc93beb,17,0,0.0
cine_photo,fcb5ace8bcc92f75707dc0f01a27d269,3,0,0.0
cine_photo,ffa6adafb71b807dc13159e26431354c,5,0,0.0
computers,0873d9f8f36123f8d910f4760e788cfb,1,0,0.0
computers,1c40343cc5d18c2d8248ac2f3366de34,1,0,0.0
computers,403aa86912527d730337ffcb0fb096ab,1,0,0.0
computers,53243585a1d6dc2643021fd1853d8905,144,2,0.013888888888888888
computers,585175ec331ea177fa47199e39a6170a,1,0,0.0
computers,7681ef142fd2c19048da7430856b5588,26,0,0.0
computers,80ceebb4ee9b31afb6c6a916a574a1e2,1,0,0.0
computers,a00824eb9093d40e589b940ec45c4eb0,3,0,0.0
computers,c72de06d72748d1a0dfb2125be43ba63,1,0,0.0
computers_accessories,00fc707aaaad2d31347cf883cd2dfe10,102,1,0.00980392156862745
computers_accessories,010543a62bd80aa422851e79a3bc7540,2,0,0.0
computers_accessories,01c97ebb5cdac52891c0ed1c37ba0012,9,0,0.0
computers_accessories,04fdea0c111866e6cf812f1570d6b5bd,8,0,0.0
computers_accessories,05a940b4ecae36cadfd8e93bd9c43257,4,0,0.0
computers_accessories,0692610d8abe24f287e9fae90ea0bbee,2,0,0.0
computers_accessories,06e5eefc71ec47ae763c5c6f8db7064f,34,0,0.0
computers_accessories,07d75e33f2750d97d467fb57e4dfdd8a,1,0,0.0
computers_accessories,080102cd0a76b09e0dcf55fcacc60e05,91,1,0.01098901098901099
computers_accessories,08061dc0fc165ed41288cc7acde738ee,4,0,0.0
computers_accessories,0887a9f087bcd5d9f6642b52f897fc6c,1,0,0.0
computers_accessories,08d2d642cf72b622b14dde1d2f5eb2f5,3,0,0.0
computers_accessories,0af2ab31141893d26aca5a404a537dab,1,0,0.0
computers_accessories,0b90b6df587eb83608a64ea8b390cf07,163,1,0.006134969325153374
computers_accessories,0be8ff43f22e456b4e0371b2245e4d01,5,0,0.0
computers_accessories,0c7f30ae9b147eca07affbef92832a6a,2,0,0.0
computers_accessories,0d83f8e03188682112cc0d93523705cc,3,0,0.0
computers_accessories,0db783cfcd3b73998abc6e10e59a102f,22,0,0.0
computers_accessories,0ddefe3c7a032b91f4e25b9c3a08fca1,1,0,0.0
computers_accessories,116ccb1a1604bc88e4d234a8c23f33de,1,0,0.0
computers_accessories,120476eb7a04c149d14772edaf5d9bf2,1,0,0.0
computers_accessories,128639473a139ac0f3e5f5ade55873a5,1,0,0.0
computers_accessories,12b9676b00f60f3b700e83af21824c0e,1,0,0.0
computers_accessories,13074f016982ff2bd6c58ced8682f000,3,0,0.0
computers_accessories,14a08204d03bb6b6bde8029f801ae0eb,7,0,0.0
computers_accessories,1588ac4010787100dddef64568f0ae35,3,0,0.0
computers_accessories,15aac934c58d886785ac1b17953ea898,1,0,0.0
computers_accessories,160851d3ece7aa1a510f8d1a4bb8a8af,2,0,0.0
computers_accessories,16090f2ca825584b5a147ab24aa30c86,2,0,0.0
computers_accessories,165fc07beebdcb6190fba8a06db2a449,47,0,0.0
computers_accessories,1660ad786c27fd935378b6192a90b417,10,2,0.2
computers_accessories,17e34d8224d27a541263c4c64b11a56b,40,0,0.0
computers_accessories,1838dd9b8977065acf51d95e0053ea7a,57,0,0.0
computers_accessories,18a349e75d307f4b4cc646a691ed4216,22,1,0.045454545454545456
computers_accessories,18e694e0e48ed6f7aa3f24aade5fd697,27,0,0.0
computers_accessories,1b4c3a6f53068f0b6944d2d005c9fc89,3,0,0.0
computers_accessories,1c68394e931a64f90ea236c5ea590300,122,4,0.03278688524590164
computers_accessories,1cbd32d00d01bb8087a5eb088612fd9c,1,0,0.0
computers_accessories,1cbd50a8c52e6cf8e315c5709fab386f,2,0,0.0
computers_accessories,1d0997ff06b524ce9289ffd75114ecd3,1,0,0.0
computers_accessories,1d2732ef8321502ee8488e8bed1ab8cd,4,0,0.0
computers_accessories,1d503743d2526f03f0c2c89540ee008c,2,0,0.0
computers_accessories,1d953075c2f0dd990bacf27b83b330f1,1,0,0.0
computers_accessories,1da3aeb70d7989d1e6d9b0e887f97c23,4,0,0.0
computers_accessories,1fe5540d7c1c37a595fefbacd5570d9e,19,1,0.05263157894736842
computers_accessories,2009a095de2a2a41626f6c6d7722678d,5,0,0.0
computers_accessories,20b54c376b794ed028df09a3cd88e8dc,1,0,0.0
computers_accessories,2138ccb85b11a4ec1e37afbd1c8eda1f,2,0,0.0
computers_accessories,213fafb0ca06fb3d5886579c2565791b,1,0,0.0
computers_accessories,2156f2671501a81034d7d07f217609d0,15,0,0.0
computers_accessories,229c3efbfb0ea2058de4ccdfbc3d784a,118,3,0.025423728813559324
computers_accessories,236585a4ddb5fea9fa40233e2249ed91,8,0,0.0
computers_accessories,25c5c91f63607446a97b143d2d535d31,148,5,0.033783783783783786
computers_accessories,2a1348e9addc1af5aaa619b1a3679d6b,4,0,0.0
computers_accessories,2addf05f476d0637864454e93ba673d5,11,1,0.09090909090909091
computers_accessories,2b3e4a2a3ea8e01938cabda2a3e5cc79,52,0,0.0
computers_accessories,2e3be8a987a30d7544dbbda6861cc14e,15,0,0.0
computers_accessories,2eb70248d66e0e3ef83659f71b244378,62,0,0.0
computers_accessories,2f4b9d112bfa44a214bc6cef085d17c8,2,0,0.0
computers_accessories,30829ded4523ab9224b93bc49a62c95f,18,0,0.0
computers_accessories,3092c0b297aacfb4bb6e056ebe13b9b8,3,0,0.0
computers_accessories,328acb143b4a73aad6bee8e734f5d20d,1,0,0.0
computers_accessories,3340ef1913fb70d28420f6ceb685c339,31,1,0.03225806451612903
computers_accessories,33c51922b6e3c16b24a8f28e5833c99d,1,0,0.0
computers_accessories,34d1ca11b242c0fee2c834ae8d788566,40,0,0.0
computers_accessories,36a968b544695394e4e9d7572688598f,81,0,0.0
computers_accessories,376a891762bbdecbc02b4b6adec3fdda,1,0,0.0
computers_accessories,3935fe5fe0f82787a9dcb8deb62be09d,11,0,0.0
computers_accessories,3bb548e3cb7f70f28e3f11ee9dce0e59,46,0,0.0
computers_accessories,3bdff180c7e1f6551a643b99c265a120,57,2,0.03508771929824561
computers_accessories,3d290fe363c60a77498c1126fd3fb8d3,3,0,0.0
computers_accessories,3d4824f20035949c710eaf111f869d39,1,0,0.0
computers_accessories,3d4b1ae7539303b5704493798893e82c,2,0,0.0
computers_accessories,3ded4e2d5f135cb103e5949d7263d2dd,1,0,0.0
computers_accessories,3e8bd881d92466e63ba9e3e809cd3c50,2,0,0.0
computers_accessories,3f995f07c49d0d55a99d5c54957f7d81,2,0,0.0
computers_accessories,403aa86912527d730337ffcb0fb096ab,1,0,0.0
computers_accessories,406740ee611378a662d274c7d8c43c4a,3,0,0.0
computers_accessories,4170f6a9367e6b5d6401d03ce6d54569,3,0,0.0
computers_accessories,41b14765bd56c8ad10971074380f9c0c,8,0,0.0
computers_accessories,430315b7bb4b6e4b3c978f9dfa9b0558,1,0,0.0
computers_accessories,4324dd16853115efb0fd9d0d131ba6f4,12,0,0.0
computers_accessories,432c37c9dfba871172ec162e20118b8c,1,0,0.0
computers_accessories,44073f8b7e41514de3b7815dd0237f4f,7,0,0.0
computers_accessories,4559697a8f7e637227c2eeaed843baff,2,0,0.0
computers_accessories,45d33f715e24d15a6ccf5c17b3a23e3c,15,0,0.0
computers_accessories,48162d548f5b1b11b9d29d1e01f75a61,3,0,0.0
computers_accessories,4869f7a5dfa277a7dca6462dcf3b52b2,2,0,0.0
computers_accessories,499ec63c58e51296c9cf57edcfe1c8a8,5,0,0.0
computers_accessories,49cdc90518a4f82676b38b3c1aa43ff6,2,0,0.0
computers_accessories,4b39558c138930b9e5489c93b6df5fe3,3,0,0.0
computers_accessories,4b5f66b7adcf57f1ecc0d3c07dd6b177,22,1,0.045454545454545456
computers_accessories,4c60877808f4318ef1107fbeb8f89afa,2,0,0.0
computers_accessories,4c61e37f664c3c88aff092aa5ac779d7,1,0,0.0
computers_accessories,4e5725ba188db8252977a4f0227bd462,20,0,0.0
computers_accessories,4e922959ae960d389249c378d1c939f5,138,1,0.007246376811594203
computers_accessories,513a54369b6a8a6602fcb0e129c6d78d,2,0,0.0
computers_accessories,522620dcb18a6b31cd7bdf73665113a9,43,0,0.0
computers_accessories,52f0fe436a347ddad7ed5f9aa4e27eaa,7,0,0.0
computers_accessories,530ec6109d11eaaf87999465c6afee01,1,0,0.0
computers_accessories,54065e9aef7e9e9c2dc23b7594db021a,1,0,0.0
computers_accessories,557f22c76691849db52d2abccf0015d0,11,0,0.0
computers_accessories,5656537e588803a555b8eb41f07a944b,37,0,0.0
computers_accessories,56e361f411e38dcef17cdc2a3d99628b,4,0,0.0
computers_accessories,56f413900b5166ab4d730e9ac0b12cb0,1,0,0.0
computers_accessories,582d4f8675b945722eda7c0cb61ba4c7,1,0,0.0
computers_accessories,59cea8e446d3834393058e7e0666b6fb,4,0,0.0
computers_accessories,59de1d4c8c057c2a53acd4ca66531af2,1,0,0.0
computers_accessories,5b33b527da3c5b969cc99dc435cad09a,1,0,0.0
computers_accessories,5b8154610ebb21fb90eb587365e673df,20,0,0.0
computers_accessories,5bc237df65098fe211bb4818f4d26d78,2,0,0.0
computers_accessories,5bffbafbb22daf6d3bfc216a46db8708,13,0,0.0
computers_accessories,5c6d4016c2a288f074fa0848a2b653d2,18,0,0.0
computers_accessories,5cbbd5a299cab112b7bf23862255e43e,1,0,0.0
computers_accessories,5e106d93b717c2682b9383da480364a1,1,0,0.0
computers_accessories,5f0057b677eb963672bf05dfa3f16c34,1,0,0.0
computers_accessories,5f67c6082caacb26e431a7b17940cece,13,0,0.0
computers_accessories,6039e27294dc75811c0d8a39069f52c0,5,0,0.0
computers_accessories,60ad151920c4f6f3ebbe8cfdf6166779,1,0,0.0
computers_accessories,60da8bfa7eebe230b7d66ac4082d79b3,2,0,0.0
computers_accessories,612170e34b97004b3ba37eae81836b4c,10,0,0.0
computers_accessories,6288c69c4ce638e59925e59193f98b16,1,0,0.0
computers_accessories,6524b847b982cd56bb5d4b02b776ee42,1,0,0.0
computers_accessories,6560211a19b47992c3666cc44a7e94c0,12,0,0.0
computers_accessories,66dc1b1632bd6a3e508510c5b3492107,3,0,0.0
computers_accessories,66fd84ee7528c0c0de85d0f44a73d5ab,9,0,0.0
computers_accessories,6973a06f484aacf400ece213dbf3d946,91,1,0.01098901098901099
computers_accessories,6a38087bc8ad4f89ff453561005f6dea,11,0,0.0
computers_accessories,6b1c4d4d9ccf0be3d8544eb0e71e5318,1,0,0.0
computers_accessories,6bcb2352a2a0c38b845f598298ab9d26,2,0,0.0
computers_accessories,6c1b6d0c604b776f844125f911eb7377,1,0,0.0
computers_accessories,6c6e3d67f969468f3bfd33f827a31222,5,0,0.0
computers_accessories,6edacfd9f9074789dad6d62ba7950b9c,1,0,0.0
computers_accessories,6ee85be3693ed79a8e80718743d80655,1,0,0.0
computers_accessories,7040e82f899a04d1b434b795a43b4617,6,0,0.0
computers_accessories,70a12e78e608ac31179aea7f8422044b,107,0,0.0
computers_accessories,70c4eedec9cb4a85cda2f3f9673557b4,2,0,0.0
computers_accessories,710e3548e02bc1d2831dfc4f1b5b14d4,28,0,0.0
computers_accessories,714b9a1332840f257b49f476bea4e341,6,0,0.0
computers_accessories,71592660bbcb6a4664e97b6f8b68babc,2,0,0.0
computers_accessories,7178f9f4dd81dcef02f62acdf8151e01,26,0,0.0
computers_accessories,72c38a04bd6a1c3dbc5298425a0db86d,2,0,0.0
computers_accessories,7354220fb240bde543b3c40c060d41e7,5,0,0.0
computers_accessories,7494d0dcba8551df6cf37f1b905dc2f7,1,0,0.0
computers_accessories,75d34ebb1bd0bd7dde40dd507b8169c3,3,0,0.0
computers_accessories,77714512e8d4dda9c234da8e3faf16e4,1,0,0.0
computers_accessories,784ba75dd9d20200c4caed3d7a77141a,6,0,0.0
computers_accessories,791cfcfe22fe4a771ece27f90017da92,2,0,0.0
computers_accessories,7994081388d55b9cf976c050653dd359,1,0,0.0
computers_accessories,79ee721b6f766066a80264402548d359,2,0,0.0
computers_accessories,7ade73f1b9b4e965f9009a4c3a7e2c15,8,0,0.0
computers_accessories,7b7f91e98f8c6def45a1407923304402,1,0,0.0
computers_accessories,7c9130f5f3729edd32aa059141d92484,3,0,0.0
computers_accessories,7ddcbb64b5bc1ef36ca8c151f6ec77df,46,0,0.0
computers_accessories,7e3f87d16fb353f408d467e74fbd8014,72,0,0.0
computers_accessories,7f5e4d5efad7e44b91115dd1decb65f3,2,1,0.5
computers_accessories,7f7b8245c336066a1f9933c359f11d77,1,0,0.0
computers_accessories,81f89e42267213cb94da7ddc301651da,1,0,0.0
computers_accessories,822bad9bc42b51213ba522fe87b7ab5d,2,0,0.0
computers_accessories,85cc55e048b6bcc90c75afe7f0e72f72,4,0,0.0
computers_accessories,85d9eb9ddc5d00ca9336a2219c97bb13,470,2,0.00425531914893617
computers_accessories,8629a7efec1aab257e58cda559f03ba7,1,0,0.0
computers_accessories,87142160b41353c4e5fca2360caf6f92,243,3,0.012345679012345678
computers_accessories,876182d1918783bbe15233febfbd4926,2,0,0.0
computers_accessories,88460e8ebdecbfecb5f9601833981930,241,6,0.024896265560165973
computers_accessories,897060da8b9a21f655304d50fd935913,300,4,0.013333333333333334
computers_accessories,89dda63a3c907c468ec88c310ed91213,2,0,0.0
computers_accessories,8b28d096634035667e8263d57ba3368c,5,0,0.0
computers_accessories,8b321bb669392f5163d04c59e235e066,9,0,0.0
computers_accessories,8c16d1f32a54d92897cc437244442e1b,80,0,0.0
computers_accessories,8c351ed7c326c62123318f4f3246e906,2,0,0.0
computers_accessories,8cc6a0e5738e61a87b03c78b2ba9db4b,2,0,0.0
computers_accessories,8ccf3cf69651cc1d8a02c8bfaf3b8568,2,0,0.0
computers_accessories,8d956fec2e4337affcb520f56fd8cbfd,32,0,0.0
computers_accessories,8e6d7754bc7e0f22c96d255ebda59eba,85,0,0.0
computers_accessories,8e8a7ce9f2f970dc00e2acf6f6e199f6,65,0,0.0
computers_accessories,8ec76bb0965af3f007692b26fa9d6623,1,0,0.0
computers_accessories,8f0fbe2cd4d472157dc1cdef6edecaa9,1,0,0.0
computers_accessories,8fdca8e349553f99bc738833a62c8802,8,0,0.0
computers_accessories,918f6fbcf3ab724d805867303e593a1b,1,0,0.0
computers_accessories,9198786624eaeb375793215cad26cfa6,2,0,0.0
computers_accessories,955fee9216a65b617aa5c0531780ce60,23,0,0.0
computers_accessories,9646c3513289980f17226a2fc4720dbd,63,0,0.0
computers_accessories,96493fab2fbb13a14d0c0e8772eef5c3,63,0,0.0
computers_accessories,974cf2cb8f4b7add98709c30df02fe10,32,0,0.0
computers_accessories,97512d3fc193b2d1dfcdba0f9d1f0f8a,12,0,0.0
computers_accessories,9803a40e82e45418ab7fb84091af5231,2,0,0.0
computers_accessories,99eaacc9e6046db1c82b163c5f84869f,5,0,0.0
computers_accessories,9c0e69c7bf2619675bbadf47b43f655a,155,1,0.0064516129032258064
computers_accessories,9c7fd21e0aa159b20da593371f08ff7c,1,0,0.0
computers_accessories,9d7a1d34a5052409006425275ba1c2b4,2,0,0.0
computers_accessories,9f50216bfd01913736a55a11b55ea842,8,0,0.0
computers_accessories,9f505651f4a6abe901a56cdc21508025,340,2,0.0058823529411764705
computers_accessories,a08692680c77d30a0b4280da5df01c5a,5,1,0.2
computers_accessories,a1043bafd471dff536d0c462352beb48,320,1,0.003125
computers_accessories,a1bea7061f61f6fdd9a85a6325ba1033,1,0,0.0
computers_accessories,a213f1bd6458f4a158f3746cb2514559,1,0,0.0
computers_accessories,a23266650e7c84bb93fbbba502137478,2,0,0.0
computers_accessories,a3b42d266fa8afc874b909422ce88582,1,0,0.0
computers_accessories,a4b6b9b992b46e9ef863637af96e04bc,1,0,0.0
computers_accessories,a4fc6eadaff1576af888509a53420f6a,1,0,0.0
computers_accessories,a56a8043ebf66e42119618fb8cf232c6,1,0,0.0
computers_accessories,a663d9c3797e90eac99ff60939416a56,1,0,0.0
computers_accessories,a81466620e46a6970b22ef40379fdfc9,2,0,0.0
computers_accessories,af4a0e4cfe1d9c26b6712b1be25a72e5,18,0,0.0
computers_accessories,afa6714acee029b2dfdf357e5579cc03,1,0,0.0
computers_accessories,b2ba3715d723d245138f291a6fe42594,19,0,0.0
computers_accessories,b499c00f28f4b7069ff6550af8c1348a,6,0,0.0
computers_accessories,b4a476fbd28de64b1e347abf9089366a,1,0,0.0
computers_accessories,b5abf4f36adc043117b4fca82c22984c,1,0,0.0
computers_accessories,b8d890108a7a80e4f5d59eea9f362438,1,0,0.0
computers_accessories,ba6b4a237f92479743cf0ca06b67a9ac,3,0,0.0
computers_accessories,bba74270a87732727b5a3b4fd9ac1c39,3,0,0.0
computers_accessories,bc503e244f187939d10c92a5c8e378ce,7,0,0.0
computers_accessories,bd0389da23d89b726abf911cccc54596,76,0,0.0
computers_accessories,be8e909810184b9b19e886129149d8e5,12,0,0.0
computers_accessories,bee36b4f9a2b9fdcaff6ec05df202ed0,2,0,0.0
computers_accessories,bf00385a5f7fc1ef39a13c2e9ee50a5f,6,0,0.0
computers_accessories,c0e0b73d039eb9a99b6ce4cb7a429cd3,1,0,0.0
computers_accessories,c12b92bf1c350f3e6bf88d3596219c86,3,0,0.0
computers_accessories,c1dde11f12d05c478f5de2d7319ad3b2,1,0,0.0
computers_accessories,c1ed9e3daf6154542826a6996af0fb8c,8,0,0.0
computers_accessories,c286ec035ee04ba81c97508f0b5df544,2,0,0.0
computers_accessories,c72de06d72748d1a0dfb2125be43ba63,17,0,0.0
computers_accessories,c79151301b9d90985d1fa52879213105,3,0,0.0
computers_accessories,c84592044b180dec206770c38603814b,2,0,0.0
computers_accessories,c990d6cf976a5718aaedc539f383ab88,4,0,0.0
computers_accessories,c9c7905cffc4ef9ff9f113554423e671,1,0,0.0
computers_accessories,cb8bcce248bb1fb274ba762d8b971456,4,0,0.0
computers_accessories,cd6efc47efaabf134f8bdb654e10b4f1,2,0,0.0
computers_accessories,ce27a3cc3c8cc1ea79d11e561e9bebb6,38,0,0.0
computers_accessories,cfa5ab0e4d3fc212fd0b3410e7081c62,1,0,0.0
computers_accessories,d03698c2efd04a549382afa6623e27fb,16,0,0.0
computers_accessories,d58d521f3789def2e7a22715e0badd93,2,0,0.0
computers_accessories,d5ba419e26d246a0719437cf37d9b46d,34,0,0.0
computers_accessories,d66c11a9572221d92fbb8c4897db5f9b,1,0,0.0
computers_accessories,d79e8478eed9999493990b44955fb22e,4,0,0.0
computers_accessories,d9e8c084b68fe958861d8f2c21202e6b,1,0,0.0
computers_accessories,dc120d932ddf9d4dfb6fd68beefda622,1,0,0.0
computers_accessories,dc64d75cc406bb0697be983831430e60,4,0,0.0
computers_accessories,dd2bdf855a9172734fbc3744021ae9b9,10,0,0.0
computers_accessories,dd55f1bb788714a40e7954c3be6df745,1,0,0.0
computers_accessories,de722cd6dad950a92b7d4f82673f8833,323,1,0.0030959752321981426
computers_accessories,de9727ca376d1be6ec121b110aa7954c,10,0,0.0
computers_accessories,e06f09ec0a4aca210779cf1cfc63cf19,1,0,0.0
computers_accessories,e0eabded302882513ced4ea3eb0c7059,1,0,0.0
computers_accessories,e21a1e8be4715b0fcfd5385643bc49c4,4,0,0.0
computers_accessories,e2a1ac9bf33e5549a2a4f834e70df2f8,5,0,0.0
computers_accessories,e2aee0892199b1d92530e371abd825bf,7,0,0.0
computers_accessories,e48cc16ab70bfa09e1401740dce0b3d7,14,0,0.0
computers_accessories,e49c26c3edfa46d227d5121a6b6e4d37,14,0,0.0
computers_accessories,e51f22821f0c12a16ad5c020cdcd55e9,4,0,0.0
computers_accessories,e5f9e61ceb5f523cc966e0f34095032f,2,0,0.0
computers_accessories,e62b2d6ac10570a035a30bafcf01d263,8,0,0.0
computers_accessories,e7d5b006eb624f13074497221eb37807,17,0,0.0
computers_accessories,e8b3a3a38279a82f0e5d006d5e5b7d2c,26,0,0.0
computers_accessories,e8f6dc8e6a1dcde89d20e3995c8d90b3,3,0,0.0
computers_accessories,e908c0f3646e8b60375734a350d95d71,1,0,0.0
computers_accessories,e9bc59e7b60fc3063eb2290deda4cced,169,2,0.011834319526627219
computers_accessories,e9d99831abad74458942f21e16f33f92,76,0,0.0
computers_accessories,ea566164622c6b439516ab18062c42cd,11,0,0.0
computers_accessories,ea65d8b58316a6f2362f2a9e4b3e86ad,3,0,0.0
computers_accessories,eb5b6204dde3a6e03b5f1bb8479f055b,2,0,0.0
computers_accessories,ebe3dabc4955c9b0d695e7bda38bf5c3,1,0,0.0
computers_accessories,ec8879960bd2221d5c32f8e12f7da711,36,0,0.0
computers_accessories,ed4acab38528488b65a9a9c603ff024a,26,0,0.0
computers_accessories,ede0c03645598cdfc63ca8237acbe73d,39,0,0.0
computers_accessories,f08a5b9dd6767129688d001acafc21e5,6,0,0.0
computers_accessories,f25e239052084705e17a982bc600ab2a,1,0,0.0
computers_accessories,f262cbc1c910c83959f849465454ddd3,98,1,0.01020408163265306
computers_accessories,f27e33c6d29b5138fa9967bcd445b6d5,4,0,0.0
computers_accessories,f3c38ab652836d21de61fb8314b69182,6,0,0.0
computers_accessories,f41ce2e25237f9092cd8e6e7516c7a2f,6,0,0.0
computers_accessories,f457c46070d02cadd8a68551231220dd,190,6,0.031578947368421054
computers_accessories,f6122bc84774df1b372bdb3bb88ddb9f,3,0,0.0
computers_accessories,f8db351d8c4c4c22c6835c19a46f01b0,34,0,0.0
computers_accessories,fa14641f57b655e933124a9ea49cd7a5,3,0,0.0
computers_accessories,fac1a9017ade7bdc94058fc1c969f355,8,0,0.0
computers_accessories,fbc14c0cf93505ef89f64665ffa4a7b5,1,0,0.0
computers_accessories,fc59392d66ef99377e50356ee4f3b4e1,2,0,0.0
computers_accessories,fc906263ca5083d09dce42fe02247800,63,0,0.0
computers_accessories,fcb5ace8bcc92f75707dc0f01a27d269,5,0,0.0
computers_accessories,fd386aa7bed2af3c7035c65506c9b4a3,4,0,0.0
computers_accessories,fdf736c18c589ed030e058312203e1b2,1,0,0.0
computers_accessories,fe1b067411b8c5066e962aa146ccee03,1,0,0.0
consoles_games,0432ead42b6c8a0bdf68154add917fdf,3,0,0.0
consoles_games,05ca864204d09595ae591b93ea9cf93d,1,0,0.0
consoles_games,080102cd0a76b09e0dcf55fcacc60e05,26,0,0.0
consoles_games,14a08204d03bb6b6bde8029f801ae0eb,1,0,0.0
consoles_games,15aac934c58d886785ac1b17953ea898,3,0,0.0
consoles_games,16090f2ca825584b5a147ab24aa30c86,25,0,0.0
consoles_games,17e34d8224d27a541263c4c64b11a56b,28,0,0.0
consoles_games,18a349e75d307f4b4cc646a691ed4216,4,0,0.0
consoles_games,1cbd50a8c52e6cf8e315c5709fab386f,1,0,0.0
consoles_games,23d7c96d4a1160db1c726b248601b25a,1,0,0.0
consoles_games,26785a546900236d66f2e4197c211158,15,0,0.0
consoles_games,2a1348e9addc1af5aaa619b1a3679d6b,3,0,0.0
consoles_games,2c3d56f92f360fb89d849b84e8f50eae,2,0,0.0
consoles_games,2eb70248d66e0e3ef83659f71b244378,7,0,0.0
consoles_games,3092c0b297aacfb4bb6e056ebe13b9b8,3,0,0.0
consoles_games,328acb143b4a73aad6bee8e734f5d20d,1,0,0.0
consoles_games,36a968b544695394e4e9d7572688598f,2,0,0.0
consoles_games,37515688008a7a40ac93e3b2e4ab203f,227,0,0.0
consoles_games,3985a3c45be355a4c57fde108bfabd1c,7,0,0.0
consoles_games,3a734b715d333a2588a3d54a0c9b8746,1,0,0.0
consoles_games,3e8bd881d92466e63ba9e3e809cd3c50,3,0,0.0
consoles_games,43f8c9950d11ecd03a0304a49e010da6,41,0,0.0
consoles_games,44073f8b7e41514de3b7815dd0237f4f,2,0,0.0
consoles_games,4869f7a5dfa277a7dca6462dcf3b52b2,6,0,0.0
consoles_games,4b1eaadf791bdbbad8c4a35b65236d52,8,0,0.0
consoles_games,4c61e37f664c3c88aff092aa5ac779d7,6,0,0.0
consoles_games,4e922959ae960d389249c378d1c939f5,20,0,0.0
consoles_games,522620dcb18a6b31cd7bdf73665113a9,91,1,0.01098901098901099
consoles_games,5656537e588803a555b8eb41f07a944b,3,0,0.0
consoles_games,5b33b527da3c5b969cc99dc435cad09a,1,0,0.0
consoles_games,5c6d4016c2a288f074fa0848a2b653d2,2,0,0.0
consoles_games,5ca5d579b5857ee8709479b1047cecc3,2,0,0.0
consoles_games,612170e34b97004b3ba37eae81836b4c,13,0,0.0
consoles_games,66e0557ecc2b4dbea057e93f215f68d8,30,0,0.0
consoles_games,6a38087bc8ad4f89ff453561005f6dea,4,0,0.0
consoles_games,6b90f847357d8981edd79a1eb1bf0acb,8,0,0.0
consoles_games,6bef34c5be6f2bbd70aa5165f6df94b1,2,0,0.0
consoles_games,6c177e38df6d3f34182b1f1d427231bf,1,0,0.0
consoles_games,6e864f5c4669eff3d98140a07cc50202,3,0,0.0
consoles_games,70a12e78e608ac31179aea7f8422044b,9,0,0.0
consoles_games,7299e27ed73d2ad986de7f7c77d919fa,152,1,0.006578947368421052
consoles_games,72c38a04bd6a1c3dbc5298425a0db86d,1,0,0.0
consoles_games,7354220fb240bde543b3c40c060d41e7,1,0,0.0
consoles_games,7ddcbb64b5bc1ef36ca8c151f6ec77df,8,1,0.125
consoles_games,81f89e42267213cb94da7ddc301651da,21,0,0.0
consoles_games,822b63912576852aea9a8436d72317b7,8,0,0.0
consoles_games,8444e55c1f13cd5c179851e5ca5ebd00,2,0,0.0
consoles_games,8629c241b3622ac12cd4118afdc8d394,1,0,0.0
consoles_games,87142160b41353c4e5fca2360caf6f92,13,0,0.0
consoles_games,8b28d096634035667e8263d57ba3368c,5,0,0.0
consoles_games,8b321bb669392f5163d04c59e235e066,19,0,0.0
consoles_games,8cc6a0e5738e61a87b03c78b2ba9db4b,1,0,0.0
consoles_games,8d956fec2e4337affcb520f56fd8cbfd,3,0,0.0
consoles_games,9646c3513289980f17226a2fc4720dbd,1,0,0.0
consoles_games,9baf5cb77970f539089d09a38bcec5c3,2,0,0.0
consoles_games,9f505651f4a6abe901a56cdc21508025,9,0,0.0
consoles_games,a150c540f572d0fb53992264bc5c10b5,1,0,0.0
consoles_games,ad87df7699e83b8a91822a4a0b765c3a,1,0,0.0
consoles_games,b17b679f4f5ce2e03ce6968c62648246,1,0,0.0
consoles_games,b2ba3715d723d245138f291a6fe42594,5,0,0.0
consoles_games,ba143b05f0110f0dc71ad71b4466ce92,2,0,0.0
consoles_games,be8e909810184b9b19e886129149d8e5,2,0,0.0
consoles_games,c84592044b180dec206770c38603814b,1,0,0.0
consoles_games,ce27a3cc3c8cc1ea79d11e561e9bebb6,36,0,0.0
consoles_games,d66c305afaec317ebee552073a674429,8,0,0.0
consoles_games,db4350fd57ae30082dec7acbaacc17f9,2,0,0.0
consoles_games,e06f09ec0a4aca210779cf1cfc63cf19,3,0,0.0
consoles_games,e0eabded302882513ced4ea3eb0c7059,7,0,0.0
consoles_games,e49c26c3edfa46d227d5121a6b6e4d37,15,0,0.0
consoles_games,e644cbadf7eeb30d0d29f335ce7d52ec,3,0,0.0
consoles_games,e8b3a3a38279a82f0e5d006d5e5b7d2c,51,0,0.0
consoles_games,ea566164622c6b439516ab18062c42cd,1,0,0.0
consoles_games,ea65d8b58316a6f2362f2a9e4b3e86ad,1,0,0.0
consoles_games,ea6b12bf9ffe2bac34602ec631d97a47,1,0,0.0
consoles_games,ed4acab38528488b65a9a9c603ff024a,3,0,0.0
consoles_games,f262cbc1c910c83959f849465454ddd3,4,0,0.0
consoles_games,f27e33c6d29b5138fa9967bcd445b6d5,3,0,0.0
consoles_games,f41ce2e25237f9092cd8e6e7516c7a2f,12,1,0.08333333333333333
consoles_games,fc906263ca5083d09dce42fe02247800,21,0,0.0
consoles_games,fcb5ace8bcc92f75707dc0f01a27d269,5,0,0.0
consoles_games,fe49ee029e61e789a1f3a5525f57ba8d,2,0,0.0
construction_tools_construction,001cca7ae9ae17fb1caed9dfb1094831,23,0,0.0
construction_tools_construction,01fd077212124329bac32490e8ef80d9,1,0,0.0
construction_tools_construction,05d2173d43ea568aa0540eba70d2ca76,12,0,0.0
construction_tools_construction,079d295dcbf06ee8bb1b65ba964eb2b6,5,0,0.0
construction_tools_construction,0a82f5fb06a4fe4ac2cf7cb412ec71b8,2,0,0.0
construction_tools_construction,0b35c634521043bf4b47e21547b99ab5,50,1,0.02
construction_tools_construction,112453736dbe3889cfb74e1aaa0ba0c1,1,0,0.0
construction_tools_construction,116ccb1a1604bc88e4d234a8c23f33de,4,0,0.0
construction_tools_construction,120476eb7a04c149d14772edaf5d9bf2,2,0,0.0
construction_tools_construction,165b1235e9e9942cb5fae67103576fb0,7,0,0.0
construction_tools_construction,17e34d8224d27a541263c4c64b11a56b,5,0,0.0
construction_tools_construction,18a349e75d307f4b4cc646a691ed4216,2,0,0.0
construction_tools_construction,1a932caad4f9d804097d7f8e615baed1,20,0,0.0
construction_tools_construction,1b65c144b17e607c0f37f10bb7dfec8d,5,0,0.0
construction_tools_construction,1c40343cc5d18c2d8248ac2f3366de34,1,0,0.0
construction_tools_construction,1e26c56af8d48424e1df0140a2401f83,1,0,0.0
construction_tools_construction,2156f2671501a81034d7d07f217609d0,1,0,0.0
construction_tools_construction,23c38debaffe4a25a30fdbd9b586a13f,1,0,0.0
construction_tools_construction,271b8923c6a549e02d3c9fd1f8c0422b,1,0,0.0
construction_tools_construction,2a50b7ee5aebecc6fd0ff9784a4747d6,1,0,0.0
construction_tools_construction,2f1e7b90e01d9f086cbcb301c0c3d406,1,0,0.0
construction_tools_construction,31eec405c9bb71dec8e2629a92e764fa,1,0,0.0
construction_tools_construction,392353362d22cc2c236e1ee81ff19890,4,0,0.0
construction_tools_construction,3935fe5fe0f82787a9dcb8deb62be09d,4,0,0.0
construction_tools_construction,3be5841cdcc46de4ed3f9116f104b2c5,2,0,0.0
construction_tools_construction,3cfa1358a6caa965278721344c8d76f2,2,0,0.0
construction_tools_construction,3d49bfdd1b43a7fe169b3740067acc61,3,0,0.0
construction_tools_construction,411f3b52d857390502ee4e4d5ceabc2d,17,0,0.0
construction_tools_construction,45ba18c210d42734ec52c0c1c574e9ee,1,0,0.0
construction_tools_construction,45d33f715e24d15a6ccf5c17b3a23e3c,1,0,0.0
construction_tools_construction,48e5ee06fb2dc74df1c711a9b6dfac2a,1,0,0.0
construction_tools_construction,4978a02ea9c8be7a9b5480680f40334e,8,0,0.0
construction_tools_construction,4a3ccda38b2129705f3fb522db62ca31,2,0,0.0
construction_tools_construction,4c18691b6037662be2df78a765d98ab5,1,0,0.0
construction_tools_construction,508808d438fe2ff972ed13bb8f4a82e2,1,0,0.0
construction_tools_construction,51e4e89242cbb846c2deff3dc015650e,2,0,0.0
construction_tools_construction,539ed9e19811677513447759be5eccfc,2,0,0.0
construction_tools_construction,53b0300ca793f9834cd69c0678d35ee8,5,0,0.0
construction_tools_construction,575df70bde3f9f2b30bf8d2e9910d725,5,0,0.0
construction_tools_construction,577719699805dd125d5b6fdde5943bba,1,0,0.0
construction_tools_construction,59b22a78efb79a4797979612b885db36,39,0,0.0
construction_tools_construction,5aaa890629f83706d8d9bfecd8377c1c,1,0,0.0
construction_tools_construction,5abb8ea023c77787f2c15da891c8d384,1,0,0.0
construction_tools_construction,5b664594895aefb418afaee6d40a9a23,10,0,0.0
construction_tools_construction,5b8154610ebb21fb90eb587365e673df,5,0,0.0
construction_tools_construction,5f5a58930c3c35f3b5af264f34fb8c85,1,0,0.0
construction_tools_construction,6824a69c9ea0313eba299dd4a2dba09a,4,0,0.0
construction_tools_construction,6860153b69cc696d5dcfe1cdaaafcf62,72,0,0.0
construction_tools_construction,70a12e78e608ac31179aea7f8422044b,1,0,0.0
construction_tools_construction,72c5da29406b4234927b81855e7b64f6,24,0,0.0
construction_tools_construction,73a63f72308aa20a46f4b1632018f196,4,0,0.0
construction_tools_construction,76d64c4aca3a7baf218bf93ef7fa768d,4,0,0.0
construction_tools_construction,77714512e8d4dda9c234da8e3faf16e4,3,0,0.0
construction_tools_construction,788f22bafdd7ab0e1e79f19db72f16a4,1,0,0.0
construction_tools_construction,7b98de631987e26dd6d803490c43a13c,6,0,0.0
construction_tools_construction,7d81e74a4755b552267cd5e081563028,1,0,0.0
construction_tools_construction,7ecef8194babfec876ca720714327841,4,0,0.0
construction_tools_construction,81783131d2a97c8d44d406a4be81b5d9,1,0,0.0
construction_tools_construction,8378eb36b6b70c5734e83ad7b8cdc3b7,1,0,0.0
construction_tools_construction,83b08de96980757220871b31bf6cffca,5,0,0.0
construction_tools_construction,8648b1e89e9b349e32d3741b30ec737e,74,1,0.013513513513513514
construction_tools_construction,888faa8bfb0b159c37de6d898b961c31,3,0,0.0
construction_tools_construction,88cf19ec1fc2c58f161aee259d57142c,1,0,0.0
construction_tools_construction,8a130737016f838139d31878787a39c9,6,0,0.0
construction_tools_construction,8a87611c08849ffeeccab52aa798b6c7,3,0,0.0
construction_tools_construction,8d46553a36e68f95350a200c12f8f2e2,1,0,0.0
construction_tools_construction,8daab2245ebdc277c51098d01c5ad8ef,3,0,0.0
construction_tools_construction,8f119a0aee85c0c8fc534629734e94fd,4,0,0.0
construction_tools_construction,8ff1a9df749e454105c55cda13e79143,2,0,0.0
construction_tools_construction,955fee9216a65b617aa5c0531780ce60,14,0,0.0
construction_tools_construction,9596c870880d900012f2e8e6e30d06d7,11,0,0.0
construction_tools_construction,95ec4458365c4d11f452ccf538377619,1,0,0.0
construction_tools_construction,960945e1a9535cbc0cd6ddd35fbe7ae8,25,0,0.0
construction_tools_construction,96804ea39d96eb908e7c3afdb671bb9e,3,0,0.0
construction_tools_construction,9803a40e82e45418ab7fb84091af5231,2,0,0.0
construction_tools_construction,9bc484c87d79cd4874e05ca182658045,5,0,0.0
construction_tools_construction,9f50216bfd01913736a55a11b55ea842,1,0,0.0
construction_tools_construction,a218df5c097b0ca409cfaac1488cc7f6,1,0,0.0
construction_tools_construction,a4b8d97cd5d3674eeff96abc99d8ed67,1,0,0.0
construction_tools_construction,a513150f33f99a06569e9cd5c4bb889b,1,0,0.0
construction_tools_construction,ab27bbbad5239bc31a34709275a70db4,2,0,0.0
construction_tools_construction,ad8ada0ffa993cb1197d102d9ab21a3e,1,0,0.0
construction_tools_construction,af4a0e4cfe1d9c26b6712b1be25a72e5,2,0,0.0
construction_tools_construction,b1a81260566c1bac3114a6d124413f27,1,0,0.0
construction_tools_construction,b2ba3715d723d245138f291a6fe42594,7,0,0.0
construction_tools_construction,b44dbfbf62e52125f3c15d230569ea91,1,0,0.0
construction_tools_construction,b561927807645834b59ef0d16ba55a24,1,0,0.0
construction_tools_construction,b586cd24c010a13916af621b0325fbba,4,0,0.0
construction_tools_construction,b839e41795b7f3ad94cc2014a52f6796,19,0,0.0
construction_tools_construction,bba74270a87732727b5a3b4fd9ac1c39,1,0,0.0
construction_tools_construction,bbe87dce25ba8b38bb61cc7210a3f10b,2,0,0.0
construction_tools_construction,bc07d855eac23aab5ac8a120f21d16b2,2,0,0.0
construction_tools_construction,bdae679a9b282249bc23b9b69dae9a99,4,0,0.0
construction_tools_construction,be3b4b0f050a6aa1b2d901c4b77e979f,2,0,0.0
construction_tools_construction,c00396cbdd2e088fe4281baa5920aef1,1,0,0.0
construction_tools_construction,c0aff2da32c17759d30b22fb0af6649d,1,0,0.0
construction_tools_construction,c4af86330efa7a2620772227d2d670c9,4,0,0.0
construction_tools_construction,c9e5ad1f6647f5dbd1172adf6ae3cada,1,0,0.0
construction_tools_construction,cc5a78bbad32776dc4e3af205218368c,1,0,0.0
construction_tools_construction,cd06602b43d8800bd0afad514919d35c,2,0,0.0
construction_tools_construction,d25aa0aaacb370e912f8cf6efeba38b3,2,0,0.0
construction_tools_construction,d3dcf0604eabf0224fbd5948b5e02f69,1,0,0.0
construction_tools_construction,d8bf0fc082fd4a77fc2e5679b6c00133,1,0,0.0
construction_tools_construction,d9c349beabc06aa6ff1c6d68b5e9e22e,1,0,0.0
construction_tools_construction,dbd66278cbfe1aa1000f90a217ca4695,1,0,0.0
construction_tools_construction,dee656f0f566ed1aa85bd137c943f08f,1,0,0.0
construction_tools_construction,e0a366315b1b726b6c7832d664c0f530,35,1,0.02857142857142857
construction_tools_construction,e256a62e0ac58c0edfba09966142d561,1,0,0.0
construction_tools_construction,e73bf2cea7fe4b0b4d287a7568ed1099,3,0,0.0
construction_tools_construction,e882b2a25a10b9c057cc49695f222c19,2,0,0.0
construction_tools_construction,e9511df20ccd82658a30c37b7fb343af,16,0,0.0
construction_tools_construction,ea65d8b58316a6f2362f2a9e4b3e86ad,2,0,0.0
construction_tools_construction,ec2e006556300a79a5a91e4876ab3a56,2,0,0.0
construction_tools_construction,ef990a83bbea832f36ebe81376335aa8,4,0,0.0
construction_tools_construction,f125f3a310c2e5f822d116147de1e474,13,0,0.0
construction_tools_construction,f1b93673502375d491780bb49d615dbc,4,0,0.0
construction_tools_construction,f262cbc1c910c83959f849465454ddd3,13,0,0.0
construction_tools_construction,f266295f49a28eee21f413e0cbb0521d,1,0,0.0
construction_tools_construction,f326006815956455b2859abd58fe7e39,1,0,0.0
construction_tools_construction,f3c38ab652836d21de61fb8314b69182,2,0,0.0
construction_tools_construction,f3da5b2ff499efb8d4a6d371d175d7dd,2,0,0.0
construction_tools_construction,f80edd2c5aaa505cc4b0a3b219abf4b8,2,0,0.0
construction_tools_construction,f8db351d8c4c4c22c6835c19a46f01b0,7,0,0.0
construction_tools_construction,fac35d150712afb921ec59ac5f39bb11,3,0,0.0
construction_tools_construction,fcb5ace8bcc92f75707dc0f01a27d269,5,0,0.0
construction_tools_construction,fec6912baad85d41729669edd6b4d3b8,1,0,0.0
construction_tools_construction,ffc470761de7d0232558ba5e786e57b7,5,0,0.0
construction_tools_lights,081acf3de680d554796c9cf041be7bc2,1,0,0.0
construction_tools_lights,1025f0e2d44d7041d6cf58b6550e0bfa,66,0,0.0
construction_tools_lights,1da3aeb70d7989d1e6d9b0e887f97c23,2,0,0.0
construction_tools_lights,20611af7866c6068fd5ae1f9dbe15c92,1,0,0.0
construction_tools_lights,213b25e6f54661939f11710a6fddb871,7,0,0.0
construction_tools_lights,34f563c82a85b99ae9e6d60db5fc2e28,2,0,0.0
construction_tools_lights,3b18f9856c6eb2413eafedb58e9eecd9,1,0,0.0
construction_tools_lights,3fac58ce0ad699020c7944d53c41329c,6,0,0.0
construction_tools_lights,44717f64ec2a457979cf83c429077666,2,0,0.0
construction_tools_lights,508808d438fe2ff972ed13bb8f4a82e2,2,0,0.0
construction_tools_lights,52d76513f0c4d97f3b99570e2c94ee31,1,0,0.0
construction_tools_lights,535bf14f36346c7f59d87cece104d70c,1,0,0.0
construction_tools_lights,70eea00b476a314817cefde4aad4f89a,1,0,0.0
construction_tools_lights,7681ef142fd2c19048da7430856b5588,1,0,0.0
construction_tools_lights,76d5af76d0271110f9af36c92573f765,4,0,0.0
construction_tools_lights,79ed755314cfe6df0daef2c6cd3022cd,1,0,0.0
construction_tools_lights,85cc55e048b6bcc90c75afe7f0e72f72,1,0,0.0
construction_tools_lights,8d899e15a5925f097cca50faa49b15e3,1,0,0.0
construction_tools_lights,903037660cf848a717166eb7a06d616e,3,0,0.0
construction_tools_lights,955fee9216a65b617aa5c0531780ce60,41,0,0.0
construction_tools_lights,9bc484c87d79cd4874e05ca182658045,1,0,0.0
construction_tools_lights,9d489893ff6af05029671b785f54b998,4,0,0.0
construction_tools_lights,a1bea9970d8f65b240555f99c2214f7f,1,0,0.0
construction_tools_lights,a369d693961cb93b61ca2cc518872a85,4,0,0.0
construction_tools_lights,ac9b01377919cdbd2a1bbb8d5837c70b,1,0,0.0
construction_tools_lights,babcc0ab201e4c60188427cae51a5b8b,1,0,0.0
construction_tools_lights,bac692d6c0ed08467878018e6cc9c26c,1,0,0.0
construction_tools_lights,cb6c9f5888a7a090c75beaf615925792,1,0,0.0
construction_tools_lights,d6b1ce66b035a475f00c017792ff9769,67,0,0.0
construction_tools_lights,dd55f1bb788714a40e7954c3be6df745,1,0,0.0
construction_tools_lights,dee656f0f566ed1aa85bd137c943f08f,5,0,0.0
construction_tools_lights,e94b64dc6979b302a5a5be1662c83bb6,2,0,0.0
construction_tools_lights,ec8463980a4e0ea9f8517aea1ed0c419,2,0,0.0
construction_tools_lights,f8db351d8c4c4c22c6835c19a46f01b0,1,0,0.0
construction_tools_lights,f9903dd0f812c7e771fcad47b6fff231,6,0,0.0
construction_tools_lights,fedf2c1386e137f296b3bbf3b635e69d,1,0,0.0
construction_tools_safety,06e5eefc71ec47ae763c5c6f8db7064f,27,0,0.0
construction_tools_safety,14a08204d03bb6b6bde8029f801ae0eb,1,0,0.0
construction_tools_safety,18a349e75d307f4b4cc646a691ed4216,11,0,0.0
construction_tools_safety,1967a9e2ad6f51802b093147d861df58,2,0,0.0
construction_tools_safety,26d6bbee02420494d471c9f6436929c0,1,0,0.0
construction_tools_safety,39f776d2974049026ff531fc42ef2a3e,3,0,0.0
construction_tools_safety,48162d548f5b1b11b9d29d1e01f75a61,3,0,0.0
construction_tools_safety,4a3ccda38b2129705f3fb522db62ca31,49,0,0.0
construction_tools_safety,4fae87d32467e18eb46e4a76a0a0b9ce,1,0,0.0
construction_tools_safety,5656537e588803a555b8eb41f07a944b,4,0,0.0
construction_tools_safety,5733d806668f8712c24b9abaefbfa642,1,0,0.0
construction_tools_safety,5f2684dab12e59f83bef73ae57724e45,1,0,0.0
construction_tools_safety,6560211a19b47992c3666cc44a7e94c0,1,0,0.0
construction_tools_safety,6bb62a4912377c7bfe7cb17b406bc7e6,2,0,0.0
construction_tools_safety,71592660bbcb6a4664e97b6f8b68babc,2,0,0.0
construction_tools_safety,751e274377499a8503fd6243ad9c56f6,1,0,0.0
construction_tools_safety,76ea5315acb3f5f7ade3cd261faf922a,1,0,0.0
construction_tools_safety,9523fb39dd240aa958e040f8183d64f3,1,0,0.0
construction_tools_safety,9803a40e82e45418ab7fb84091af5231,1,0,0.0
construction_tools_safety,a1040efe9ff4a6f93c28b0499eada8f5,1,0,0.0
construction_tools_safety,a23266650e7c84bb93fbbba502137478,2,0,0.0
construction_tools_safety,a4b6b9b992b46e9ef863637af96e04bc,1,0,0.0
construction_tools_safety,a56e351445e5863fc8960640ba9190c7,2,0,0.0
construction_tools_safety,aec99834ab5d38ead22766ada8497e87,1,0,0.0
construction_tools_safety,b2a6d334e2833acea353624840e25a0e,3,0,0.0
construction_tools_safety,c12b92bf1c350f3e6bf88d3596219c86,1,0,0.0
construction_tools_safety,c6381d2d013342748761e906d45aff76,3,0,0.0
construction_tools_safety,cfe94489ddd337d1e29e12f2a7205d10,19,1,0.05263157894736842
construction_tools_safety,d71d863e5ef30d94e440c11be17dcd8f,6,0,0.0
construction_tools_safety,e0482f2c769468c3bbcd8a01e09d98c5,1,0,0.0
construction_tools_safety,e64882b4ef12aee8d0faca4db5b681f4,1,0,0.0
construction_tools_safety,f262cbc1c910c83959f849465454ddd3,1,0,0.0
construction_tools_safety,f3da5b2ff499efb8d4a6d371d175d7dd,6,0,0.0
construction_tools_safety,fbc14c0cf93505ef89f64665ffa4a7b5,3,0,0.0
cool_stuff,014d9a685fd57276679edd00e07089e5,3,0,0.0
cool_stuff,01cf7e3d21494c41fb86034f2e714fa1,6,0,0.0
cool_stuff,0307f7565ff85b299b6e5ef162b1b1a9,4,0,0.0
cool_stuff,054694fa03fe82cec4b7551487331d74,6,0,0.0
cool_stuff,05a940b4ecae36cadfd8e93bd9c43257,5,0,0.0
cool_stuff,05f51e13da97139648b8125c31e5f51b,2,0,0.0
cool_stuff,05ff92fedb5be47920fea08e501238b9,30,0,0.0
cool_stuff,06e5eefc71ec47ae763c5c6f8db7064f,19,0,0.0
cool_stuff,091065b789659bc3cd9af9cb3a6253ff,2,0,0.0
cool_stuff,099095b050cfe8eb1ddff5317587e96e,1,0,0.0
cool_stuff,0db783cfcd3b73998abc6e10e59a102f,2,0,0.0
cool_stuff,0eaa7e33d73809f1f925f7d07c506cbd,1,0,0.0
cool_stuff,10076e5788b8ee532724bcd460baf762,11,0,0.0
cool_stuff,101921376b577a4540dc30e9009133ca,1,0,0.0
cool_stuff,11eac105f3f90a9b87b19c89d91e24f3,4,0,0.0
cool_stuff,12b9676b00f60f3b700e83af21824c0e,131,0,0.0
cool_stuff,1430239a858e7682bbc43b20758af153,4,0,0.0
cool_stuff,15aac934c58d886785ac1b17953ea898,2,0,0.0
cool_stuff,17e34d8224d27a541263c4c64b11a56b,3,0,0.0
cool_stuff,18a349e75d307f4b4cc646a691ed4216,9,0,0.0
cool_stuff,18e694e0e48ed6f7aa3f24aade5fd697,1,0,0.0
cool_stuff,1976a05ecf2996d6ffb7b5430e635fe7,1,0,0.0
cool_stuff,1b1ae47a313a825a7ccceb8e2e30fa9d,1,0,0.0
cool_stuff,1b938a7ec6ac5061a66a3766e0e75f90,4,0,0.0
cool_stuff,1bc2e21de46adfea6b98cc96b00f3b40,3,0,0.0
cool_stuff,1c68394e931a64f90ea236c5ea590300,16,0,0.0
cool_stuff,1da3aeb70d7989d1e6d9b0e887f97c23,8,0,0.0
cool_stuff,213fafb0ca06fb3d5886579c2565791b,1,0,0.0
cool_stuff,2199e7fe213c16213bf5d6a7eadc9a5d,1,0,0.0
cool_stuff,23d7c96d4a1160db1c726b248601b25a,13,0,0.0
cool_stuff,2493dc3f20131696a0ecdb9948051a8d,4,0,0.0
cool_stuff,25e6ffe976bd75618accfe16cefcbd0d,10,0,0.0
cool_stuff,282c7480173bb9c01dd41cc739fec010,1,0,0.0
cool_stuff,296729ffb9b684050dd24836dac4494a,1,0,0.0
cool_stuff,2a61c271b1ac763450d846849783e922,1,0,0.0
cool_stuff,2a84855fd20af891be03bc5924d2b453,26,1,0.038461538461538464
cool_stuff,2bd05d410a8fd26dc4184a15f4f2f588,3,0,0.0
cool_stuff,2d2c62bef4c8ba0dd74e0e228e808539,5,0,0.0
cool_stuff,2e90cb1677d35cfe24eef47d441b7c87,30,2,0.06666666666666667
cool_stuff,2eb70248d66e0e3ef83659f71b244378,1,0,0.0
cool_stuff,2ff97219cb8622eaf3cd89b7d9c09824,5,0,0.0
cool_stuff,3078096983cf766a32a06257648502d1,5,0,0.0
cool_stuff,3092c0b297aacfb4bb6e056ebe13b9b8,1,0,0.0
cool_stuff,30c7f28fd3a5897b2c82d152bb760c17,1,0,0.0
cool_stuff,31ae0774c17fabd06ff707cc5bde005f,3,0,0.0
cool_stuff,32f1bb9dfa65bc7df5c0d9d95a616be4,1,0,0.0
cool_stuff,3504c0cb71d7fa48d967e0e4c94d59d9,33,0,0.0
cool_stuff,365e445f796710c3431557e85caa25db,2,0,0.0
cool_stuff,36a968b544695394e4e9d7572688598f,5,0,0.0
cool_stuff,373ee4a3a775a733770ca3f790b8b9ac,3,0,0.0
cool_stuff,376a891762bbdecbc02b4b6adec3fdda,3,0,0.0
cool_stuff,38af8acfd46ac4a7bf754e8ca6736664,5,0,0.0
cool_stuff,3a734b715d333a2588a3d54a0c9b8746,1,0,0.0
cool_stuff,3d0cd21d41671c46f82cd11176bf7277,3,0,0.0
cool_stuff,3d4824f20035949c710eaf111f869d39,1,0,0.0
cool_stuff,3d68c634a99a1ba46dbca3967a69c623,2,0,0.0
cool_stuff,3d871de0142ce09b7081e2b9d1733cb1,3,0,0.0
cool_stuff,3e8bd881d92466e63ba9e3e809cd3c50,1,0,0.0
cool_stuff,3ea00e1dea2b0659dbaf654735929220,7,0,0.0
cool_stuff,3ef37b7ca6dd2b80bd8af81a62504996,2,0,0.0
cool_stuff,4049512728d969bec69f84088b012416,2,0,0.0
cool_stuff,40536e7ca18e1bce252828e5876466cc,2,0,0.0
cool_stuff,406822777a0b9eb5c50e442dd4cd3ec5,1,0,0.0
cool_stuff,41b39e28db005d9731d9d485a83b4c38,14,0,0.0
cool_stuff,42bde9fef835393bb8a8849cb6b7f245,1,0,0.0
cool_stuff,432c37c9dfba871172ec162e20118b8c,22,0,0.0
cool_stuff,44073f8b7e41514de3b7815dd0237f4f,32,0,0.0
cool_stuff,455c5640e8c5bd1b2ee85c0158f85727,1,0,0.0
cool_stuff,45d33f715e24d15a6ccf5c17b3a23e3c,4,0,0.0
cool_stuff,46dc3b2cc0980fb8ec44634e21d2718e,25,0,0.0
cool_stuff,48328ec9a579151d9cc6a86d4a59336c,1,0,0.0
cool_stuff,48436dade18ac8b2bce089ec2a041202,114,0,0.0
cool_stuff,4869f7a5dfa277a7dca6462dcf3b52b2,53,0,0.0
cool_stuff,4a3ca9315b744ce9f8e9374361493884,1,0,0.0
cool_stuff,4b9750c8ad28220fe6702d4ecb7c898f,12,0,0.0
cool_stuff,4c8b8048e33af2bf94f2eb547746a916,1,0,0.0
cool_stuff,4cf490a58259286ada5ba8525ba9e84a,8,0,0.0
cool_stuff,4ddeb3e828550cddc8d45c8bc36ab2d1,1,0,0.0
cool_stuff,4e5725ba188db8252977a4f0227bd462,2,0,0.0
cool_stuff,4e922959ae960d389249c378d1c939f5,21,0,0.0
cool_stuff,515d781150feed28a6ac091bb0e3cb8c,5,0,0.0
cool_stuff,51ed72984a04e5dd35c2b27e77179038,2,0,0.0
cool_stuff,530ec6109d11eaaf87999465c6afee01,2,0,0.0
cool_stuff,537eb890efff034a88679788b647c564,34,0,0.0
cool_stuff,54065e9aef7e9e9c2dc23b7594db021a,7,0,0.0
cool_stuff,562f8cfc51f265411f487d07e9c40e7f,11,0,0.0
cool_stuff,5656537e588803a555b8eb41f07a944b,3,0,0.0
cool_stuff,5721089ba9214e80074f27d5a03fc0eb,3,0,0.0
cool_stuff,5795aebfe331fbcd02a2c4b679fb7952,1,0,0.0
cool_stuff,57c764b4a836300be881e2ff86e449f9,4,0,0.0
cool_stuff,58f1a6197ed863543e0136bdedb3fce2,1,0,0.0
cool_stuff,59fb871bf6f4522a87ba567b42dafecf,12,0,0.0
cool_stuff,5b581417df4480f632484ba681e53944,3,0,0.0
cool_stuff,5b664594895aefb418afaee6d40a9a23,2,0,0.0
cool_stuff,5c243662ce92d84573bfaff24c3e3700,3,0,0.0
cool_stuff,5d3bb11474a06bdc23fb9e89f1164ee0,1,0,0.0
cool_stuff,5dceca129747e92ff8ef7a997dc4f8ca,8,0,0.0
cool_stuff,5debea795b07621e1f90532e18f96145,1,0,0.0
cool_stuff,5f1dc28029d2c244352a68107ec2b542,2,0,0.0
cool_stuff,5f2684dab12e59f83bef73ae57724e45,1,0,0.0
cool_stuff,612170e34b97004b3ba37eae81836b4c,13,0,0.0
cool_stuff,6b333a05bf188ef3e1f1662a86bd9855,1,0,0.0
cool_stuff,6dd7dce75cd55c1ce255dc38d9f0cd46,1,0,0.0
cool_stuff,6edacfd9f9074789dad6d62ba7950b9c,6,0,0.0
cool_stuff,70a12e78e608ac31179aea7f8422044b,4,0,0.0
cool_stuff,70bf57d811208f8923b41bbd499a67a4,6,0,0.0
cool_stuff,70eea00b476a314817cefde4aad4f89a,1,0,0.0
cool_stuff,71039d19d4303bf9054d69e9a9236699,6,0,0.0
cool_stuff,718539d38d07dd351c76db862760e2e2,1,0,0.0
cool_stuff,7238f877570096ae403c51898fa64566,3,0,0.0
cool_stuff,7299e27ed73d2ad986de7f7c77d919fa,2,0,0.0
cool_stuff,7357b52d27cbaa90f81a96cbc1279396,1,0,0.0
cool_stuff,74871d19219c7d518d0090283e03c137,1,0,0.0
cool_stuff,74a9b9bddf14ece02beb81f52c41a88d,1,0,0.0
cool_stuff,74bafed391319577bce6f4d2acc0589a,1,0,0.0
cool_stuff,7586919161935337bf6b6d7ff5779648,1,0,0.0
cool_stuff,75d34ebb1bd0bd7dde40dd507b8169c3,1,0,0.0
cool_stuff,762fafdaa57a532ee0119731697579dd,2,0,0.0
cool_stuff,768de2a4fc06aacecb9a586ccc30746a,9,0,0.0
cool_stuff,76d5af76d0271110f9af36c92573f765,4,0,0.0
cool_stuff,76de363de16dacc923eec8daf91df504,1,0,0.0
cool_stuff,77e4abfd739aed9c46480f90f81c0eb4,4,0,0.0
cool_stuff,781a66c0d89e30814d49fe8b5e14cd07,1,0,0.0
cool_stuff,7a67c85e85bb2ce8582c35f2203ad736,1060,4,0.0037735849056603774
cool_stuff,7aa4334be125fcdd2ba64b3180029f14,21,0,0.0
cool_stuff,7d13fca15225358621be4086e1eb0964,2,0,0.0
cool_stuff,7dc8c42cc750eeafea6c85712ffee9bf,2,0,0.0
cool_stuff,7ddcbb64b5bc1ef36ca8c151f6ec77df,171,0,0.0
cool_stuff,7e3f87d16fb353f408d467e74fbd8014,1,0,0.0
cool_stuff,7e93a43ef30c4f03f38b393420bc753a,4,0,0.0
cool_stuff,7ea5bfa6c340f58f8e71fc1f0412b0d6,3,0,0.0
cool_stuff,822bad9bc42b51213ba522fe87b7ab5d,1,0,0.0
cool_stuff,834f3294fba9f932f56edc879193f925,65,0,0.0
cool_stuff,8444e55c1f13cd5c179851e5ca5ebd00,22,0,0.0
cool_stuff,850f4f8af5ea87287ac68de36e29107f,56,0,0.0
cool_stuff,855668e0971d4dfd7bef1b6a4133b41b,28,0,0.0
cool_stuff,85d9eb9ddc5d00ca9336a2219c97bb13,9,0,0.0
cool_stuff,888faa8bfb0b159c37de6d898b961c31,2,0,0.0
cool_stuff,88af55b4a7ca402b27df16f7c7c9b5d2,1,0,0.0
cool_stuff,891071be6ba827b591264c90c2ae8a63,6,0,0.0
cool_stuff,897060da8b9a21f655304d50fd935913,1,0,0.0
cool_stuff,89c127985a8b130cfa45c1d36764017a,2,0,0.0
cool_stuff,8b28d096634035667e8263d57ba3368c,9,0,0.0
cool_stuff,8b321bb669392f5163d04c59e235e066,5,0,0.0
cool_stuff,8b8cfc8305aa441e4239358c9f6f2485,13,0,0.0
cool_stuff,8cbac7e12637ed9cffa18c7875207478,34,0,0.0
cool_stuff,8cc6a0e5738e61a87b03c78b2ba9db4b,4,0,0.0
cool_stuff,8d956fec2e4337affcb520f56fd8cbfd,1,0,0.0
cool_stuff,8ed8ea9a57c862f2c18c2fe41f601d56,18,0,0.0
cool_stuff,8ff1a9df749e454105c55cda13e79143,1,0,0.0
cool_stuff,903037660cf848a717166eb7a06d616e,1,0,0.0
cool_stuff,92eb0f42c21942b6552362b9b114707d,16,0,0.0
cool_stuff,955fee9216a65b617aa5c0531780ce60,115,0,0.0
cool_stuff,961dff0a659b4561334372337dd897d9,3,0,0.0
cool_stuff,9646c3513289980f17226a2fc4720dbd,3,0,0.0
cool_stuff,96804ea39d96eb908e7c3afdb671bb9e,7,0,0.0
cool_stuff,968ee78631915a63fef426d6733d7422,2,0,0.0
cool_stuff,984c273121e743dd14767befe6cb17f5,1,0,0.0
cool_stuff,98e164d549402270247f3c96a1a158ef,2,0,0.0
cool_stuff,99002261c568a84cce14d43fcffb43ea,7,0,0.0
cool_stuff,9baf5cb77970f539089d09a38bcec5c3,2,0,0.0
cool_stuff,9d4db00d65d7760644ac0c14edb5fd86,1,0,0.0
cool_stuff,9d5a9018aee56acb367ba9c3f05d1d6a,8,0,0.0
cool_stuff,9da1ca0bef29ee170e541927a5aeabdc,3,0,0.0
cool_stuff,9df5750209b83567ec144eb299d7d634,1,0,0.0
cool_stuff,9f50216bfd01913736a55a11b55ea842,1,0,0.0
cool_stuff,9f505651f4a6abe901a56cdc21508025,3,0,0.0
cool_stuff,a1bea7061f61f6fdd9a85a6325ba1033,1,0,0.0
cool_stuff,a3a38f4affed601eb87a97788c949667,4,0,0.0
cool_stuff,a416b6a846a11724393025641d4edd5e,4,0,0.0
cool_stuff,a5cba26a62b8b4d0145b68b841e62e7f,14,0,0.0
cool_stuff,a7d0f8dd44f57ef6de7f7f02e3d82630,1,0,0.0
cool_stuff,aac29b1b99776be73c3049939652091d,54,0,0.0
cool_stuff,aafe36600ce604f205b86b5084d3d767,5,0,0.0
cool_stuff,ad97a199236354e53fcd91a5a913e9a2,3,0,0.0
cool_stuff,b0398568231ba5e6734af1881671a317,2,0,0.0
cool_stuff,b18dc380845b24038cfc48006478f099,1,0,0.0
cool_stuff,b2479f944e1b90cf8a5de1bbfde284d6,1,0,0.0
cool_stuff,b2ac621f0d0322434d04a12b078b9369,2,0,0.0
cool_stuff,b2ba3715d723d245138f291a6fe42594,26,0,0.0
cool_stuff,b33e7c55446eabf8fe1a42d037ac7d6d,9,0,0.0
cool_stuff,b76a1f8356322f12529c37b67d5c96c2,1,0,0.0
cool_stuff,b7ba853e9551f4558440881fd3e5c815,1,0,0.0
cool_stuff,b94cc9f10ddc85e4ba73a6f7974e7101,16,0,0.0
cool_stuff,b9c0ffa92f3ff9a5a3d45ef7213c0842,1,0,0.0
cool_stuff,bacb1f0ed56ad24198f5810d2b3fe9a5,10,0,0.0
cool_stuff,bb135baca94c82fcb731335ad5b04a03,3,0,0.0
cool_stuff,bba3293d6f5d5af2f415e004e8b93ae3,1,0,0.0
cool_stuff,bbad7e518d7af88a0897397ffdca1979,14,0,0.0
cool_stuff,bf100ecb7997df312b285358fb32f92c,11,0,0.0
cool_stuff,bf961104a38e01b9062ee026bb657dee,4,0,0.0
cool_stuff,bfd27a966d91cfaafdb25d076585f0da,17,0,0.0
cool_stuff,c0563dd588b775f2e37747ef6ad6c92c,28,0,0.0
cool_stuff,c4f7fee5b0db50e87766f5a4d1b1b758,1,0,0.0
cool_stuff,c500367424994318b9e779ff1ae9a330,2,0,0.0
cool_stuff,c60b801f2d52c7f7f91de00870882a75,5,0,0.0
cool_stuff,c68fb906c8f4b4b946d8386bfa6e5467,3,0,0.0
cool_stuff,c6bda72e4dbf5c5866b13cb1810c6d03,8,0,0.0
cool_stuff,c714262700f93defc16bf17a51a4cb23,3,0,0.0
cool_stuff,c7246702dc991a06d788120dc7544391,1,0,0.0
cool_stuff,c847e075301870dd144a116762eaff9a,26,0,0.0
cool_stuff,c8660dcf9ba70575f45d80fe28c27713,1,0,0.0
cool_stuff,c9a06ece156bb057372c68718ec8909b,1,0,0.0
cool_stuff,cac4c8e7b1ca6252d8f20b2fc1a2e4af,1,0,0.0
cool_stuff,cb162c8eef257253782d245c08d9097c,1,0,0.0
cool_stuff,cb8bcce248bb1fb274ba762d8b971456,63,0,0.0
cool_stuff,cd68562d3f44870c08922d380acae552,10,0,0.0
cool_stuff,ce248b21cb2adc36282ede306b7660e5,3,1,0.3333333333333333
cool_stuff,ce27a3cc3c8cc1ea79d11e561e9bebb6,18,0,0.0
cool_stuff,ce69a8021d18961dd2a40269b7c2c293,13,0,0.0
cool_stuff,ceaec5548eefc6e23e6607c5435102e7,172,2,0.011627906976744186
cool_stuff,d2374cbcbb3ca4ab1086534108cc3ab7,4,0,0.0
cool_stuff,d50d79cb34e38265a8649c383dcffd48,1,0,0.0
cool_stuff,d594982fd877af63ace38ea1fca27c76,6,0,0.0
cool_stuff,d66c305afaec317ebee552073a674429,1,0,0.0
cool_stuff,d71d863e5ef30d94e440c11be17dcd8f,3,0,0.0
cool_stuff,d8dd176509baa37f359644d082bf7f7b,2,0,0.0
cool_stuff,da8622b14eb17ae2831f4ac5b9dab84a,3,0,0.0
cool_stuff,dbb9b48c841a0e39e21f98e1a6b2ec3e,8,0,0.0
cool_stuff,dc317f341ab0e22f39acbd9dbf9b4a1f,51,1,0.0196078431372549
cool_stuff,dd533b429f380718b70ad9922c294bae,6,0,0.0
cool_stuff,dd55f1bb788714a40e7954c3be6df745,19,0,0.0
cool_stuff,de722cd6dad950a92b7d4f82673f8833,15,0,0.0
cool_stuff,e06f09ec0a4aca210779cf1cfc63cf19,4,0,0.0
cool_stuff,e1bed63d68ac36fe1f3061befe196af5,1,0,0.0
cool_stuff,e1dc0754bada9ee4cfe9713f22f61292,1,0,0.0
cool_stuff,e24fc9fcd865784fb25705606fe3dfe7,1,0,0.0
cool_stuff,e26901d5ab434ce92fd9b5c256820a4e,13,0,0.0
cool_stuff,e333046ce6517bd8bb510291d44f0130,5,0,0.0
cool_stuff,e3b4998c7a498169dc7bce44e6bb6277,1,0,0.0
cool_stuff,e560e4022d8f7aebf155db95946c5c0f,2,0,0.0
cool_stuff,e5a38146df062edaf55c38afa99e42dc,1,0,0.0
cool_stuff,e5f9e61ceb5f523cc966e0f34095032f,2,0,0.0
cool_stuff,e62b2d6ac10570a035a30bafcf01d263,2,0,0.0
cool_stuff,e84ad2127668df3aafc6b73531a0beb8,16,0,0.0
cool_stuff,e883aa812c37a7413226856f4579fe91,3,0,0.0
cool_stuff,e8f6dc8e6a1dcde89d20e3995c8d90b3,1,0,0.0
cool_stuff,e9bc59e7b60fc3063eb2290deda4cced,45,0,0.0
cool_stuff,ea566164622c6b439516ab18062c42cd,7,0,0.0
cool_stuff,eb72802c83dc7547529c9546d1a9b8ef,1,0,0.0
cool_stuff,ebd1417732defaf66c50b5a800eb293e,1,0,0.0
cool_stuff,ed4acab38528488b65a9a9c603ff024a,1,0,0.0
cool_stuff,f00e21b1e91a79653163b7fd8f293ff1,2,0,0.0
cool_stuff,f181738b150df1f37cb0bd72e705b193,15,0,0.0
cool_stuff,f262cbc1c910c83959f849465454ddd3,2,0,0.0
cool_stuff,f27e33c6d29b5138fa9967bcd445b6d5,15,0,0.0
cool_stuff,f3da5b2ff499efb8d4a6d371d175d7dd,4,0,0.0
cool_stuff,f41ce2e25237f9092cd8e6e7516c7a2f,1,0,0.0
cool_stuff,f44b6f775a2b390380e0e30b5c9d3eee,8,0,0.0
cool_stuff,f5a590cf36251cf1162ea35bef76fe84,11,0,0.0
cool_stuff,f5f46307a4d15880ca14fab4ad9dfc9b,3,0,0.0
cool_stuff,f615fe7efbef0f4f08fd3086bc7a3e60,1,0,0.0
cool_stuff,f8201cab383e484733266d1906e2fdfa,10,0,0.0
cool_stuff,f8db351d8c4c4c22c6835c19a46f01b0,35,0,0.0
cool_stuff,f9244d45189d3a3605499abddeade7d5,2,0,0.0
cool_stuff,fa14641f57b655e933124a9ea49cd7a5,1,0,0.0
cool_stuff,fcb5ace8bcc92f75707dc0f01a27d269,13,1,0.07692307692307693
cool_stuff,fde0cc9ea29c8ccfc0a2c22256a58c71,2,1,0.5
cool_stuff,fe49ee029e61e789a1f3a5525f57ba8d,1,0,0.0
cool_stuff,ff1fb4c404b2efe68b03350a8dc24122,4,0,0.0
cool_stuff,ff69aa92bb6b1bf9b8b7a51c2ed9cf8b,1,0,0.0
cool_stuff,ff82e8873fba613f2261a9acc896fd84,1,0,0.0
cool_stuff,ffa6adafb71b807dc13159e26431354c,5,0,0.0
costruction_tools_garden,08633c14ef2db992c11f840f04fad4cd,1,0,0.0
costruction_tools_garden,1127b7f2594683f2510f1c2c834a486b,6,0,0.0
costruction_tools_garden,11d4c477d09821164bca4f70a2eae031,3,0,0.0
costruction_tools_garden,1b4c3a6f53068f0b6944d2d005c9fc89,4,0,0.0
costruction_tools_garden,282f23a9769b2690c5dda22e316f9941,1,0,0.0
costruction_tools_garden,2bf28e311bba65237358230cabac3f15,5,0,0.0
costruction_tools_garden,3361277dc30b7cccdb0c286b24219756,3,0,0.0
costruction_tools_garden,3b15288545f8928d3e65a8f949a28291,1,0,0.0
costruction_tools_garden,49067458c68f7701fd334ce326accbe0,15,1,0.06666666666666667
costruction_tools_garden,52562a9f449c3dc3d53f5f5b9ed74903,4,0,0.0
costruction_tools_garden,52d76513f0c4d97f3b99570e2c94ee31,1,0,0.0
costruction_tools_garden,6824a69c9ea0313eba299dd4a2dba09a,1,0,0.0
costruction_tools_garden,6a51fc556dab5f766ced6fbc860bc613,2,0,0.0
costruction_tools_garden,7040e82f899a04d1b434b795a43b4617,5,0,0.0
costruction_tools_garden,710e3548e02bc1d2831dfc4f1b5b14d4,1,0,0.0
costruction_tools_garden,7238a95bb63ef7e498389fb863b834a1,5,0,0.0
costruction_tools_garden,76d5af76d0271110f9af36c92573f765,1,0,0.0
costruction_tools_garden,7dc8c42cc750eeafea6c85712ffee9bf,1,0,0.0
costruction_tools_garden,8bb48dc19fccaa8613b6229bf7f452a2,54,0,0.0
costruction_tools_garden,94e93ce877be27a515118dbfd2c2be41,1,0,0.0
costruction_tools_garden,bc302730ea8cf49b5c74f579febb5bbf,2,0,0.0
costruction_tools_garden,c679fb69a36e1d8349e8c50a217b4d58,1,0,0.0
costruction_tools_garden,cad10cc982ab6a391570c211b995c17c,1,0,0.0
costruction_tools_garden,ce248b21cb2adc36282ede306b7660e5,1,0,0.0
costruction_tools_garden,ce27a3cc3c8cc1ea79d11e561e9bebb6,1,0,0.0
costruction_tools_garden,d1c7fa84e48cfa21a0e595167c1c500e,4,0,0.0
costruction_tools_garden,d51e0a403fe2e689ece6c73359d96e12,19,0,0.0
costruction_tools_garden,dd2bdf855a9172734fbc3744021ae9b9,1,0,0.0
costruction_tools_garden,e882b2a25a10b9c057cc49695f222c19,2,0,0.0
costruction_tools_garden,ef2fbc2b607d8492bcffe657a4645434,2,0,0.0
costruction_tools_garden,f19516b9ff26bfeb091b30108db4ddbd,4,0,0.0
costruction_tools_garden,f80edd2c5aaa505cc4b0a3b219abf4b8,39,1,0.02564102564102564
costruction_tools_tools,01266d4c46afa519678d16a8b683d325,3,0,0.0
costruction_tools_tools,16090f2ca825584b5a147ab24aa30c86,1,0,0.0
costruction_tools_tools,23c38debaffe4a25a30fdbd9b586a13f,3,0,0.0
costruction_tools_tools,2646baaf662d4d92ac48f047e35db92d,1,0,0.0
costruction_tools_tools,2a167ca73899c85001a837d8fb4962f6,2,0,0.0
costruction_tools_tools,3d2400ac620cffa23ac81bd192f7f555,1,0,0.0
costruction_tools_tools,45ba18c210d42734ec52c0c1c574e9ee,1,0,0.0
costruction_tools_tools,4c18691b6037662be2df78a765d98ab5,2,0,0.0
costruction_tools_tools,5def4c3732941a971cba8fdee992ede1,2,0,0.0
costruction_tools_tools,7139dc5186aa238b006e066d8fbab2e4,5,0,0.0
costruction_tools_tools,7178e1eaa97257d8b6d4b80efd77a025,1,0,0.0
costruction_tools_tools,750303a20e9c56b2a6bc45cdce0b897d,7,0,0.0
costruction_tools_tools,8daab2245ebdc277c51098d01c5ad8ef,11,0,0.0
costruction_tools_tools,955fee9216a65b617aa5c0531780ce60,9,0,0.0
costruction_tools_tools,989becdce12ebc39863c2bceab6f3ca1,1,0,0.0
costruction_tools_tools,9b1f656ca3060f8af17a50d8a024b533,1,0,0.0
costruction_tools_tools,b2ba3715d723d245138f291a6fe42594,1,0,0.0
costruction_tools_tools,c4f7fee5b0db50e87766f5a4d1b1b758,2,0,0.0
costruction_tools_tools,c8467937e403e76a8ee9f0ab13f6f5ef,30,0,0.0
costruction_tools_tools,cb6c9f5888a7a090c75beaf615925792,1,0,0.0
costruction_tools_tools,d1ef48b38baca7e831711c4a0aeb398f,3,0,0.0
costruction_tools_tools,dee656f0f566ed1aa85bd137c943f08f,1,0,0.0
costruction_tools_tools,eeb6de78f79159600292e314a77cbd18,7,0,0.0
costruction_tools_tools,efff9341f3f8f5237b44ff67ed36a7bf,1,0,0.0
diapers_and_hygiene,218d46b86c1881d022bce9c68a7d4b15,12,0,0.0
diapers_and_hygiene,270d3ef21830ad0ecf3a6c53d08a533a,5,1,0.2
diapers_and_hygiene,7f35f9daf223da737b78738fbae4d977,3,0,0.0
diapers_and_hygiene,bc07d855eac23aab5ac8a120f21d16b2,1,0,0.0
diapers_and_hygiene,e3dd723429d1b23614b7fa85e2c7a853,2,0,0.0
diapers_and_hygiene,e8f6dc8e6a1dcde89d20e3995c8d90b3,1,0,0.0
diapers_and_hygiene,e8ff5a6ceb895583033fc2a0f314e3c2,1,0,0.0
drinks,0bebbb2cea103a4a020c95d43fd7d754,1,0,0.0
drinks,141440cad9341e553f8401c574a2aa38,7,0,0.0
drinks,16bdc8cefd0e32a6f0824d296c5ad14a,1,0,0.0
drinks,1927cdb9fa74f5270097f6250e8e8f34,1,0,0.0
drinks,1b45169b635ef59425637e9a33eb5fb3,1,0,0.0
drinks,398cb257329ef7af7f1943a8974a3cbc,1,0,0.0
drinks,3e35a8bb43569389d3cebef0ce820f69,1,0,0.0
drinks,42d4b7e70819438f5ada61c965e92d7e,1,0,0.0
drinks,4371b634e0efc0e22b09b52907d9d469,2,0,0.0
drinks,48e954b2da4f6a750c844173b347ed40,2,0,0.0
drinks,5075aaa8404020ae6aa8bf4792099b41,9,0,0.0
drinks,50a7e551a7b3f8d37cd6e32d8bfbe5ea,1,0,0.0
drinks,53088c75f948b48a7ece173ac17f0c12,1,0,0.0
drinks,577719699805dd125d5b6fdde5943bba,1,0,0.0
drinks,6235903333ba7de1928c869e268e5964,1,0,0.0
drinks,63704069d9bd3a75c1cf59babe56004a,1,0,0.0
drinks,65a7c0788e4d632ccb5e1b594b87f0bb,3,0,0.0
drinks,669ae81880e08f269a64487cfb287169,1,0,0.0
drinks,75745ef7bc7d4f3ea3380f6f5303f514,1,0,0.0
drinks,78813699ffac347fe27dba345a5f1551,1,0,0.0
drinks,79a679c36c08d606b3fd47ead9de109b,3,0,0.0
drinks,8444e55c1f13cd5c179851e5ca5ebd00,2,0,0.0
drinks,90b36c5aeb728d5504a39f435bef0c5f,2,0,0.0
drinks,92d14edfb62ee5ae7fdff70b0f4e7233,2,0,0.0
drinks,9b013e03b2ab786505a1d3b5c0756754,50,0,0.0
drinks,ab9db4cf53b08b828b64dccaafc2d9f0,2,0,0.0
drinks,ac51cac5e20d69ff485a54746488ef48,1,0,0.0
drinks,aced59e9b31ef866a94f9e7f29d8d418,5,0,0.0
drinks,ad75519a07f039025e83795a4418470f,3,0,0.0
drinks,b0b346d3a89f5eb4c2968af3f083cd43,6,0,0.0
drinks,b494891378bd8f4560abe576c52deacd,1,0,0.0
drinks,c394e193cda3b4225ff2094d32184849,3,0,0.0
drinks,d8cf3b6a2151949f930d0252b180ec42,6,0,0.0
drinks,e503f22be6a4f456d9851920a5d9c670,2,0,0.0
drinks,e9779976487b77c6d4ac45f75ec7afe9,169,1,0.005917159763313609
drinks,f626e15b7314c267e4429010866f70e9,1,0,0.0
dvds_blu_ray,039b29ff3b3473435d0cd59040575de9,4,0,0.0
dvds_blu_ray,2138ccb85b11a4ec1e37afbd1c8eda1f,2,0,0.0
dvds_blu_ray,42ef3192a9ff87a22d1867b74b3ee205,2,0,0.0
dvds_blu_ray,491a5ada3aa1678414e990262c4bbdc1,1,0,0.0
dvds_blu_ray,522620dcb18a6b31cd7bdf73665113a9,1,0,0.0
dvds_blu_ray,527801b552d0077ffd170872eb49683b,1,0,0.0
dvds_blu_ray,6c177e38df6d3f34182b1f1d427231bf,1,0,0.0
dvds_blu_ray,75fbb52eda0cbc24f479d3b2fbfa8d3e,38,1,0.02631578947368421
dvds_blu_ray,891071be6ba827b591264c90c2ae8a63,1,0,0.0
dvds_blu_ray,ba143b05f0110f0dc71ad71b4466ce92,5,0,0.0
electronics,04fdea0c111866e6cf812f1570d6b5bd,1,0,0.0
electronics,056b4ada5bbc2c50cc7842547dda6b51,5,0,0.0
electronics,06e5eefc71ec47ae763c5c6f8db7064f,9,0,0.0
electronics,080102cd0a76b09e0dcf55fcacc60e05,1,0,0.0
electronics,08084d990eb3f53af056ccbc1730c8a7,12,0,0.0
electronics,0ed6ce5d87fd9c69eaacaeb778d67235,20,0,0.0
electronics,128639473a139ac0f3e5f5ade55873a5,515,1,0.001941747572815534
electronics,134a288e7de827ec5ec62e3ec9c3a295,1,0,0.0
electronics,14a08204d03bb6b6bde8029f801ae0eb,16,0,0.0
electronics,1710c3aaa9c6b44ec3883ee0fe300e21,1,0,0.0
electronics,179d859f51292aac5c10806a356f7af9,18,0,0.0
electronics,17e34d8224d27a541263c4c64b11a56b,4,0,0.0
electronics,180c3376aff0e43dd5788709df48a843,1,0,0.0
electronics,1838dd9b8977065acf51d95e0053ea7a,5,0,0.0
electronics,18a349e75d307f4b4cc646a691ed4216,4,0,0.0
electronics,1da3aeb70d7989d1e6d9b0e887f97c23,4,0,0.0
electronics,1e26c56af8d48424e1df0140a2401f83,1,0,0.0
electronics,20b54c376b794ed028df09a3cd88e8dc,1,0,0.0
electronics,28f10b1c5e5abb9d4857745bede6147c,16,0,0.0
electronics,2bf6a2c1e71bbd29a4ad64e6d3c3629f,1,0,0.0
electronics,2e90cb1677d35cfe24eef47d441b7c87,81,0,0.0
electronics,2eb70248d66e0e3ef83659f71b244378,1,0,0.0
electronics,31eec405c9bb71dec8e2629a92e764fa,1,0,0.0
electronics,33c51922b6e3c16b24a8f28e5833c99d,1,0,0.0
electronics,36f98ad67cc981f50ce8aed093d5783c,2,0,0.0
electronics,381c83fdca332ea6afd896da20bf6e4a,3,0,0.0
electronics,3a734b715d333a2588a3d54a0c9b8746,1,0,0.0
electronics,3afc536624bc2e65bddfb5db33cc01f3,6,0,0.0
electronics,3e8bd881d92466e63ba9e3e809cd3c50,3,0,0.0
electronics,3fefda3299e6dfaea3466ef346a3571a,1,0,0.0
electronics,430315b7bb4b6e4b3c978f9dfa9b0558,1,0,0.0
electronics,4391ea5c5990502176a1dcda44a2373d,1,0,0.0
electronics,44073f8b7e41514de3b7815dd0237f4f,2,0,0.0
electronics,455f46ef09a9e45667e2981df84b5cc2,2,0,0.0
electronics,45d33f715e24d15a6ccf5c17b3a23e3c,1,0,0.0
electronics,48162d548f5b1b11b9d29d1e01f75a61,2,0,0.0
electronics,4869f7a5dfa277a7dca6462dcf3b52b2,10,0,0.0
electronics,49cdc90518a4f82676b38b3c1aa43ff6,1,0,0.0
electronics,4a3ccda38b2129705f3fb522db62ca31,2,0,0.0
electronics,4d232b78ab7ef10393dc3807d827bc0d,1,0,0.0
electronics,4e922959ae960d389249c378d1c939f5,52,0,0.0
electronics,512d298ac2a96d1931b6bd30aa21f61d,1,0,0.0
electronics,51a04a8a6bdcb23deccc82b0b80742cf,1,0,0.0
electronics,52d76513f0c4d97f3b99570e2c94ee31,1,0,0.0
electronics,533d46c1b06970e99f09523a61df4972,2,0,0.0
electronics,5656537e588803a555b8eb41f07a944b,83,1,0.012048192771084338
electronics,582d4f8675b945722eda7c0cb61ba4c7,51,0,0.0
electronics,596849622429351f47b32e6cae1055ff,3,0,0.0
electronics,5acd070dd3fe441bbb2ec1f1ede515ee,3,0,0.0
electronics,5b07547f10dd980738a1a27f685af669,1,0,0.0
electronics,5b33b527da3c5b969cc99dc435cad09a,12,0,0.0
electronics,5c6d4016c2a288f074fa0848a2b653d2,5,0,0.0
electronics,5d0363b33554b373851fc1622e4d5f3c,2,0,0.0
electronics,5d76d80a2f5f39c891b996a1bf4c9853,2,0,0.0
electronics,5dc203c7b84a0e71e878a179de05fb9a,1,0,0.0
electronics,6039e27294dc75811c0d8a39069f52c0,36,0,0.0
electronics,612170e34b97004b3ba37eae81836b4c,17,0,0.0
electronics,6288c69c4ce638e59925e59193f98b16,7,1,0.14285714285714285
electronics,630008e0f062605a415d694489f6f82e,1,0,0.0
electronics,634964b17796e64304cadf1ad3050fb7,6,0,0.0
electronics,651fe66032c9520ee5587f694908040d,1,0,0.0
electronics,6860153b69cc696d5dcfe1cdaaafcf62,1,0,0.0
electronics,693660429f9dc4ff704eb3d88dad54d7,2,0,0.0
electronics,6bb0724edf0b62fb91ac404873a97241,17,0,0.0
electronics,6bb62a4912377c7bfe7cb17b406bc7e6,1,0,0.0
electronics,6c177e38df6d3f34182b1f1d427231bf,5,0,0.0
electronics,6ee85be3693ed79a8e80718743d80655,7,0,0.0
electronics,70849ca4f400aaabb62cb7462a6f1428,1,0,0.0
electronics,70a12e78e608ac31179aea7f8422044b,30,1,0.03333333333333333
electronics,710e3548e02bc1d2831dfc4f1b5b14d4,2,0,0.0
electronics,71592660bbcb6a4664e97b6f8b68babc,1,0,0.0
electronics,7178f9f4dd81dcef02f62acdf8151e01,24,0,0.0
electronics,72c38a04bd6a1c3dbc5298425a0db86d,1,0,0.0
electronics,744dac408745240a2c2528fb1b6028f3,4,0,0.0
electronics,77fccaae319668a8ab6cd0fd16aec48c,1,0,0.0
electronics,7ade73f1b9b4e965f9009a4c3a7e2c15,1,0,0.0
electronics,7d13fca15225358621be4086e1eb0964,15,0,0.0
electronics,7dc8c42cc750eeafea6c85712ffee9bf,2,0,0.0
electronics,7ddcbb64b5bc1ef36ca8c151f6ec77df,10,0,0.0
electronics,7e3f87d16fb353f408d467e74fbd8014,4,0,0.0
electronics,7e93a43ef30c4f03f38b393420bc753a,3,0,0.0
electronics,822bad9bc42b51213ba522fe87b7ab5d,1,0,0.0
electronics,8476243f92442881ddd5b578975cf115,1,0,0.0
electronics,85044848b1b767db2a4a58526adef4b4,1,0,0.0
electronics,87142160b41353c4e5fca2360caf6f92,19,0,0.0
electronics,8a43128d7f9a3db592b866e6861a6cce,1,0,0.0
electronics,8b28d096634035667e8263d57ba3368c,1,0,0.0
electronics,8b321bb669392f5163d04c59e235e066,847,3,0.0035419126328217238
electronics,8cc6a0e5738e61a87b03c78b2ba9db4b,1,0,0.0
electronics,8d956fec2e4337affcb520f56fd8cbfd,6,0,0.0
electronics,8fdca8e349553f99bc738833a62c8802,13,0,0.0
electronics,918f6fbcf3ab724d805867303e593a1b,1,0,0.0
electronics,92eb0f42c21942b6552362b9b114707d,2,0,0.0
electronics,94b9108d4b637ba65bb4f1e53cfcf8d8,4,0,0.0
electronics,9646c3513289980f17226a2fc4720dbd,1,0,0.0
electronics,96804ea39d96eb908e7c3afdb671bb9e,3,0,0.0
electronics,9c0e69c7bf2619675bbadf47b43f655a,1,0,0.0
electronics,a1bea7061f61f6fdd9a85a6325ba1033,1,0,0.0
electronics,a8739afb32aaa45e01815ca76f76f54b,13,0,0.0
electronics,aac29b1b99776be73c3049939652091d,11,0,0.0
electronics,ad87df7699e83b8a91822a4a0b765c3a,4,0,0.0
electronics,b2ba3715d723d245138f291a6fe42594,23,0,0.0
electronics,b3809b8d4394588a47c8470ea331e135,1,0,0.0
electronics,b499c00f28f4b7069ff6550af8c1348a,7,0,0.0
electronics,b4a476fbd28de64b1e347abf9089366a,30,1,0.03333333333333333
electronics,b76dba6c951ab00dc4edf0a1aa88037e,4,0,0.0
electronics,ba6b4a237f92479743cf0ca06b67a9ac,2,0,0.0
electronics,bd0389da23d89b726abf911cccc54596,6,0,0.0
electronics,bdae679a9b282249bc23b9b69dae9a99,2,0,0.0
electronics,bf00385a5f7fc1ef39a13c2e9ee50a5f,7,0,0.0
electronics,c003204e1ab016dfa150abc119207b24,44,0,0.0
electronics,c13ef0cfbe42f190780f621ce81f2234,1,0,0.0
electronics,c4d51195486dc781531876a7d00453d8,1,0,0.0
electronics,c522be04e020c1e7b79f3acff36513d5,1,0,0.0
electronics,c60b801f2d52c7f7f91de00870882a75,1,0,0.0
electronics,c66dccfb3f109511246da627dd5a2498,1,0,0.0
electronics,c84592044b180dec206770c38603814b,9,0,0.0
electronics,c9c7905cffc4ef9ff9f113554423e671,21,0,0.0
electronics,cd68562d3f44870c08922d380acae552,17,0,0.0
electronics,ce27a3cc3c8cc1ea79d11e561e9bebb6,15,0,0.0
electronics,d12c926d74ceff0a90a21184466ce161,1,0,0.0
electronics,d66c11a9572221d92fbb8c4897db5f9b,13,0,0.0
electronics,d66c305afaec317ebee552073a674429,1,0,0.0
electronics,d6cd01c59123df02fc226eadbadb5f89,1,0,0.0
electronics,d921b68bf747894be13a97ae52b0f386,2,0,0.0
electronics,dbd66278cbfe1aa1000f90a217ca4695,67,0,0.0
electronics,dd55f1bb788714a40e7954c3be6df745,5,0,0.0
electronics,debe6615cd90cc0c2eac2b8988e1f628,3,0,0.0
electronics,e439f7176d763f92de325271111b2fd5,6,0,0.0
electronics,e601b04acf48b4576e73ddca9481f0dc,1,0,0.0
electronics,e9d99831abad74458942f21e16f33f92,50,0,0.0
electronics,ea566164622c6b439516ab18062c42cd,2,0,0.0
electronics,ed8cb7b190ceb6067227478e48cf8dde,4,0,0.0
electronics,edf96ef93ed595084bbcbd9224bd2894,24,0,0.0
electronics,f262cbc1c910c83959f849465454ddd3,21,0,0.0
electronics,f27e33c6d29b5138fa9967bcd445b6d5,17,1,0.058823529411764705
electronics,f3c38ab652836d21de61fb8314b69182,6,0,0.0
electronics,fa1c13f2614d7b5c4749cbc52fecda94,2,0,0.0
electronics,fbc14c0cf93505ef89f64665ffa4a7b5,1,0,0.0
electronics,fc59392d66ef99377e50356ee4f3b4e1,2,0,0.0
electronics,fcb5ace8bcc92f75707dc0f01a27d269,1,0,0.0
electronics,fd386aa7bed2af3c7035c65506c9b4a3,1,0,0.0
electronics,fd435faa3c0422b60440ea3480d0e77c,1,0,0.0
electronics,fe8055980a4ff7f64ed889c2b5926929,2,0,0.0
electronics,ff1fb4c404b2efe68b03350a8dc24122,1,0,0.0
electronics,ffff564a4f9085cd26170f4732393726,2,0,0.0
fashio_female_clothing,1e47d8b6546eb3a77b1acddcc9406242,1,0,0.0
fashio_female_clothing,7d948535954aaf8c5d39db007f74372e,3,0,0.0
fashio_female_clothing,827f8f69dfa529c561901c4f2e0f332f,1,0,0.0
fashio_female_clothing,94144541854e298c2d976cb893b81343,1,0,0.0
fashio_female_clothing,aaed1309374718fdd995ee4c58c9dfcd,2,0,0.0
fashio_female_clothing,b499c00f28f4b7069ff6550af8c1348a,8,0,0.0
fashio_female_clothing,cb32766839f443db85c82a43c4a6c19e,2,0,0.0
fashio_female_clothing,cca3071e3e9bb7d12640c9fbe2301306,6,0,0.0
fashio_female_clothing,dc8798cbf453b7e0f98745e396cc5616,13,0,0.0
fashio_female_clothing,dd39ad39b5d3df33037e141c72497ba6,1,0,0.0
fashio_female_clothing,f5403d3f50089112c4eed37928b7f622,1,0,0.0
fashion_bags_accessories,00d8b143d12632bad99c0ad66ad52825,1,0,0.0
fashion_bags_accessories,0691148aee60ca47977c187804f935ae,1,0,0.0
fashion_bags_accessories,0ac4201fda2c68ebc0e47cb9423cf3c9,1,0,0.0
fashion_bags_accessories,0be8ff43f22e456b4e0371b2245e4d01,4,0,0.0
fashion_bags_accessories,0cbcee27c791afa0cdcb08587a2013a8,28,0,0.0
fashion_bags_accessories,0ea22c1cfbdc755f86b9b54b39c16043,205,11,0.05365853658536585
fashion_bags_accessories,0ebd97a106433a45a4aebe57c1799778,31,0,0.0
fashion_bags_accessories,1354d51653f645349064725ed204e85e,3,0,0.0
fashion_bags_accessories,138dbe45fc62f1e244378131a6801526,1,0,0.0
fashion_bags_accessories,16090f2ca825584b5a147ab24aa30c86,5,0,0.0
fashion_bags_accessories,184725737946a1a938bbbd1a9e978103,1,0,0.0
fashion_bags_accessories,1b8356dabde1d35e17cef975c3f82730,3,0,0.0
fashion_bags_accessories,1b8b75e227c9a9c100d0c210fb6176ce,13,1,0.07692307692307693
fashion_bags_accessories,1da3aeb70d7989d1e6d9b0e887f97c23,25,1,0.04
fashion_bags_accessories,1f1bb1f0859883505541bdd6606193e5,25,0,0.0
fashion_bags_accessories,20d83f3ef0e6925fd74bfd59170babf7,40,0,0.0
fashion_bags_accessories,25e6ffe976bd75618accfe16cefcbd0d,4,0,0.0
fashion_bags_accessories,26e13b6ff5b641b329e5524241ee2c93,3,0,0.0
fashion_bags_accessories,272f092de69afedd4d2969440b37f18f,21,1,0.047619047619047616
fashion_bags_accessories,2be17df1c49978426251562096c3cc09,14,0,0.0
fashion_bags_accessories,2d2c62bef4c8ba0dd74e0e228e808539,1,0,0.0
fashion_bags_accessories,2ee0a0689f2f6a72f35a7cb6033f6e7e,3,1,0.3333333333333333
fashion_bags_accessories,33576ec5412fb5905d876f12f33bfde6,31,0,0.0
fashion_bags_accessories,39c763cca83e654764b7a4a650fb9b7c,1,0,0.0
fashion_bags_accessories,3a490ba60afa30ece0e7d50cfe74a4f0,8,0,0.0
fashion_bags_accessories,3ac588cd562971392504a9e17130c40b,1,0,0.0
fashion_bags_accessories,3be634553519fb6536a03e1358e9fdc7,2,1,0.5
fashion_bags_accessories,3c487ae8f8d7542beff5788e2e0aea83,27,2,0.07407407407407407
fashion_bags_accessories,42fb44130ac3134cde8e35cf8ec7df25,3,0,0.0
fashion_bags_accessories,48efc9d94a9834137efd9ea76b065a38,9,2,0.2222222222222222
fashion_bags_accessories,4aba391bc3b88717ce08eb11e44937b2,1,0,0.0
fashion_bags_accessories,4dab98ca6cd6d3df586203cefd28a042,1,0,0.0
fashion_bags_accessories,537eb890efff034a88679788b647c564,20,0,0.0
fashion_bags_accessories,54a1852d1b8f10312c55e906355666ee,5,0,0.0
fashion_bags_accessories,5f2684dab12e59f83bef73ae57724e45,2,0,0.0
fashion_bags_accessories,5f5b43b2bffa8656e4bc6efeb13cc649,1,0,0.0
fashion_bags_accessories,643214e62b870443ccbe55ab29a4dccf,65,0,0.0
fashion_bags_accessories,651530bf5c607240ccdd89a30c9c9712,1,0,0.0
fashion_bags_accessories,651fe66032c9520ee5587f694908040d,6,0,0.0
fashion_bags_accessories,6560211a19b47992c3666cc44a7e94c0,323,2,0.006191950464396285
fashion_bags_accessories,670a9dda115b5a88b18cfadee8de2332,8,1,0.125
fashion_bags_accessories,69a43819c758c65a5befb0b471c954d7,2,0,0.0
fashion_bags_accessories,6edacfd9f9074789dad6d62ba7950b9c,1,0,0.0
fashion_bags_accessories,76623fde66e6b63b59440fd34160512d,3,0,0.0
fashion_bags_accessories,7722b1df1b0e383e000397b2c11e3e19,1,0,0.0
fashion_bags_accessories,7b07b3c7487f0ea825fc6df75abd658b,4,0,0.0
fashion_bags_accessories,7fe21dd00d2f4943ae09525efa2fd674,3,0,0.0
fashion_bags_accessories,83d7070a0b9a8b4625fa8682b819fabb,1,0,0.0
fashion_bags_accessories,8444e55c1f13cd5c179851e5ca5ebd00,5,0,0.0
fashion_bags_accessories,8602a61d680a10a82cceeeda0d99ea3d,17,0,0.0
fashion_bags_accessories,891071be6ba827b591264c90c2ae8a63,44,0,0.0
fashion_bags_accessories,8a40ae794fa3f9892cee24bd5af0488b,1,0,0.0
fashion_bags_accessories,8def3db7f272735afb2ecd03aeca09a7,2,0,0.0
fashion_bags_accessories,8eb88b0acb3f90a717ad659221471fa7,2,0,0.0
fashion_bags_accessories,901b460cdce0c64e471230d7f2f9f3a3,4,0,0.0
fashion_bags_accessories,9558aa23f77a9e0a0eca83540999f43b,2,0,0.0
fashion_bags_accessories,980640c45d7a4635885491d077167e4d,9,0,0.0
fashion_bags_accessories,9c3c24eca51c52b91c1de727d2a2ae06,1,0,0.0
fashion_bags_accessories,a0415d9b25ede3c4b1e477e9916ffc03,3,0,0.0
fashion_bags_accessories,a1544b9ea0b2390e020537d4daa89049,8,0,0.0
fashion_bags_accessories,a3f0b55de503387383c7b1de3ad7f678,14,0,0.0
fashion_bags_accessories,aaed1309374718fdd995ee4c58c9dfcd,12,0,0.0
fashion_bags_accessories,abe42c5d03695b4257b5c6cbf4e6784e,9,0,0.0
fashion_bags_accessories,b127efdabeffb5d559349c7b172eb75d,10,0,0.0
fashion_bags_accessories,b372ee768ed69e46ca8cdbd267aa7a38,57,4,0.07017543859649122
fashion_bags_accessories,b499c00f28f4b7069ff6550af8c1348a,7,0,0.0
fashion_bags_accessories,bb5bd94c8f59cc050072d2930c869cac,13,0,0.0
fashion_bags_accessories,c12d7463a579237ffb9248bd7cff378b,1,0,0.0
fashion_bags_accessories,c7a0a13cbcf29d5ce51c8f80afdc0b89,7,0,0.0
fashion_bags_accessories,c878515173c84a492ebe50d6b493230b,1,0,0.0
fashion_bags_accessories,c87abc38c8ed3240861729e1aeadf221,1,0,0.0
fashion_bags_accessories,cab85505710c7cb9b720bceb52b01cee,204,2,0.00980392156862745
fashion_bags_accessories,cd52a8efd71af3336b14b5039b951cc1,3,0,0.0
fashion_bags_accessories,cd6efc47efaabf134f8bdb654e10b4f1,2,0,0.0
fashion_bags_accessories,cf654707ed6a99f112c7ec3d6f314b8b,3,0,0.0
fashion_bags_accessories,d1b65fc7debc3361ea86b5f14c68d2e2,1,0,0.0
fashion_bags_accessories,d2e753bb80b7d4faa77483ed00edc8ca,13,0,0.0
fashion_bags_accessories,d4828feed4cda2cd9d6b37899a95a71e,1,0,0.0
fashion_bags_accessories,d57e18d5f73c7ccb7f7339b61166898d,41,1,0.024390243902439025
fashion_bags_accessories,d73cbd89533ce8b041a9190241453ac8,3,0,0.0
fashion_bags_accessories,d98eec89afa3380e14463da2aabaea72,61,0,0.0
fashion_bags_accessories,daeb5653dd96c1b11860f72209795012,1,0,0.0
fashion_bags_accessories,dbb9b48c841a0e39e21f98e1a6b2ec3e,11,0,0.0
fashion_bags_accessories,dbc22125167c298ef99da25668e1011f,13,0,0.0
fashion_bags_accessories,dde698c6d0bd24834c586e5111c2bba7,1,0,0.0
fashion_bags_accessories,de09d00cfc265b8804c7df34075a68fa,3,0,0.0
fashion_bags_accessories,e1dc0754bada9ee4cfe9713f22f61292,2,0,0.0
fashion_bags_accessories,e4253cef933647000a82ff39c67b7bde,2,0,0.0
fashion_bags_accessories,e5475dcab1e07b63d7f6e902d8f5eda8,9,0,0.0
fashion_bags_accessories,e5a3438891c0bfdb9394643f95273d8e,141,7,0.04964539007092199
fashion_bags_accessories,e732329483fd5f27367dd997b47f598a,1,0,0.0
fashion_bags_accessories,ead2bab70821ea148476ae9bc08548ac,9,0,0.0
fashion_bags_accessories,efcd8d2104f1a05d028af7bad20d974b,44,3,0.06818181818181818
fashion_bags_accessories,f214d28e8d8e3ef068748498ccc2f813,37,0,0.0
fashion_bags_accessories,f45122a9ab94eb4f3f8953578bc0c560,8,0,0.0
fashion_bags_accessories,f4c4daa86e30c7e5a553a8d518ac03a5,3,0,0.0
fashion_bags_accessories,f4db9b37944bcb8873e6b456ee190bbf,18,0,0.0
fashion_bags_accessories,f8d5c7085db9a4ad2b8c1ffbeb2798c8,6,0,0.0
fashion_bags_accessories,fe701d88b67eaca109dffd464d1be9f9,11,0,0.0
fashion_childrens_clothes,28ea411b354f14b1a494be4e79f0ce02,2,0,0.0
fashion_childrens_clothes,7fe21dd00d2f4943ae09525efa2fd674,1,0,0.0
fashion_childrens_clothes,d98eec89afa3380e14463da2aabaea72,3,0,0.0
fashion_childrens_clothes,dbb9b48c841a0e39e21f98e1a6b2ec3e,2,0,0.0
fashion_male_clothing,101a3a003516bc11253298b2fad3cb65,4,0,0.0
fashion_male_clothing,1c129092bf23f28a5930387c980c0dfc,3,0,0.0
fashion_male_clothing,4305fe92735c8a43d154ff6dd2b8d927,1,0,0.0
fashion_male_clothing,835f0f7810c76831d6c7d24c7a646d4d,9,0,0.0
fashion_male_clothing,891071be6ba827b591264c90c2ae8a63,5,0,0.0
fashion_male_clothing,a3a38f4affed601eb87a97788c949667,17,0,0.0
fashion_male_clothing,aaed1309374718fdd995ee4c58c9dfcd,29,2,0.06896551724137931
fashion_male_clothing,bbad7e518d7af88a0897397ffdca1979,3,0,0.0
fashion_male_clothing,c33847515fa6305ce6feb1e818569f13,1,0,0.0
fashion_male_clothing,cca3071e3e9bb7d12640c9fbe2301306,13,0,0.0
fashion_male_clothing,dc8798cbf453b7e0f98745e396cc5616,22,0,0.0
fashion_male_clothing,f214d28e8d8e3ef068748498ccc2f813,2,0,0.0
fashion_male_clothing,f5403d3f50089112c4eed37928b7f622,1,0,0.0
fashion_shoes,013900e863eace745d3ec7614cab5b1a,14,0,0.0
fashion_shoes,02c988090b766852e088c69d7fb3b551,4,0,0.0
fashion_shoes,048c2757535328e0d7dac690ad3c0aae,50,1,0.02
fashion_shoes,26e13b6ff5b641b329e5524241ee2c93,1,0,0.0
fashion_shoes,44073f8b7e41514de3b7815dd0237f4f,2,0,0.0
fashion_shoes,5f1dc28029d2c244352a68107ec2b542,2,0,0.0
fashion_shoes,7142540dd4c91e2237acb7e911c4eba2,91,1,0.01098901098901099
fashion_shoes,827f8f69dfa529c561901c4f2e0f332f,66,0,0.0
fashion_shoes,9591fc341b1bfb7ef561e2968ec6e011,1,0,0.0
fashion_shoes,a3a38f4affed601eb87a97788c949667,1,0,0.0
fashion_shoes,b499c00f28f4b7069ff6550af8c1348a,2,0,0.0
fashion_shoes,cc3d14116804f7209f3884f6367f1152,1,0,0.0
fashion_shoes,f00e21b1e91a79653163b7fd8f293ff1,1,0,0.0
fashion_sport,0be8ff43f22e456b4e0371b2245e4d01,2,0,0.0
fashion_sport,0cbcee27c791afa0cdcb08587a2013a8,1,0,0.0
fashion_sport,217f005bb37ff3aeef5b2ae1788e75ba,3,0,0.0
fashion_sport,5dceca129747e92ff8ef7a997dc4f8ca,2,0,0.0
fashion_sport,827f8f69dfa529c561901c4f2e0f332f,1,0,0.0
fashion_sport,94c49f20a123aeb9360dbf80ff912bf6,1,0,0.0
fashion_sport,aaed1309374718fdd995ee4c58c9dfcd,2,0,0.0
fashion_sport,b7e1750c1157341d2abd0251e07c186b,1,0,0.0
fashion_sport,d12c926d74ceff0a90a21184466ce161,2,0,0.0
fashion_sport,e7df4cd29ab5abab70fb0783ddb53987,12,0,0.0
fashion_underwear_beach,1e483cc5c76fef08d3ca05f9a8af7d01,7,0,0.0
fashion_underwear_beach,2a1348e9addc1af5aaa619b1a3679d6b,2,0,0.0
fashion_underwear_beach,4bf2f4ee540798a61f9636d12cd9cc80,26,0,0.0
fashion_underwear_beach,5f1dc28029d2c244352a68107ec2b542,4,0,0.0
fashion_underwear_beach,6cf476a4ca74498db55cbccdaa9dcfb6,4,0,0.0
fashion_underwear_beach,a49928bcdf77c55c6d6e05e09a9b4ca5,12,0,0.0
fashion_underwear_beach,a6fe7de3d16f6149ffe280349a8535a0,51,0,0.0
fashion_underwear_beach,b1aaae6b66ad3c40f54b389d7ea4bee0,11,0,0.0
fashion_underwear_beach,d7b2377bae6ace1b11fc69a11900ac36,4,0,0.0
fixed_telephony,17e34d8224d27a541263c4c64b11a56b,1,0,0.0
fixed_telephony,180c3376aff0e43dd5788709df48a843,4,0,0.0
fixed_telephony,18a349e75d307f4b4cc646a691ed4216,8,0,0.0
fixed_telephony,20b54c376b794ed028df09a3cd88e8dc,4,0,0.0
fixed_telephony,2138ccb85b11a4ec1e37afbd1c8eda1f,35,0,0.0
fixed_telephony,2a1348e9addc1af5aaa619b1a3679d6b,3,0,0.0
fixed_telephony,406740ee611378a662d274c7d8c43c4a,5,0,0.0
fixed_telephony,4170f6a9367e6b5d6401d03ce6d54569,1,0,0.0
fixed_telephony,48162d548f5b1b11b9d29d1e01f75a61,6,0,0.0
fixed_telephony,4a1917ef994878940e1fb03eeb787ad7,2,0,0.0
fixed_telephony,4e922959ae960d389249c378d1c939f5,10,0,0.0
fixed_telephony,522620dcb18a6b31cd7bdf73665113a9,1,0,0.0
fixed_telephony,52562a9f449c3dc3d53f5f5b9ed74903,1,0,0.0
fixed_telephony,54aa8463e87776b5612f4bdc4bd5d4de,3,0,0.0
fixed_telephony,582d4f8675b945722eda7c0cb61ba4c7,1,0,0.0
fixed_telephony,5c6d4016c2a288f074fa0848a2b653d2,7,0,0.0
fixed_telephony,5f1dc28029d2c244352a68107ec2b542,1,0,0.0
fixed_telephony,612170e34b97004b3ba37eae81836b4c,7,0,0.0
fixed_telephony,62c50c1af4dfdc4149d25c5222043d39,6,0,0.0
fixed_telephony,6f892e20a171e98efe17fdb971ff319b,1,0,0.0
fixed_telephony,70a12e78e608ac31179aea7f8422044b,3,0,0.0
fixed_telephony,8b11118053756a9a2932f447e11fc1b5,1,0,0.0
fixed_telephony,955fee9216a65b617aa5c0531780ce60,2,0,0.0
fixed_telephony,96804ea39d96eb908e7c3afdb671bb9e,1,0,0.0
fixed_telephony,9803a40e82e45418ab7fb84091af5231,2,0,0.0
fixed_telephony,99eaacc9e6046db1c82b163c5f84869f,4,0,0.0
fixed_telephony,9c7fd21e0aa159b20da593371f08ff7c,2,0,0.0
fixed_telephony,9e9b539eb2806acee3f5c28085c1db9f,1,0,0.0
fixed_telephony,a23266650e7c84bb93fbbba502137478,2,0,0.0
fixed_telephony,b1204cfda1d4948679db3cfc0d3cb95c,1,0,0.0
fixed_telephony,b2ba3715d723d245138f291a6fe42594,2,0,0.0
fixed_telephony,b37c4c02bda3161a7546a4e6d222d5b2,3,0,0.0
fixed_telephony,b4a476fbd28de64b1e347abf9089366a,1,0,0.0
fixed_telephony,b76dba6c951ab00dc4edf0a1aa88037e,40,0,0.0
fixed_telephony,c12b92bf1c350f3e6bf88d3596219c86,1,0,0.0
fixed_telephony,c13fb473e7cb8b83ccd543c094df0608,1,0,0.0
fixed_telephony,c458e2045a8aa8964f8879af03fdcce6,4,0,0.0
fixed_telephony,ce27a3cc3c8cc1ea79d11e561e9bebb6,2,0,0.0
fixed_telephony,cfa5ab0e4d3fc212fd0b3410e7081c62,1,0,0.0
fixed_telephony,d03698c2efd04a549382afa6623e27fb,2,0,0.0
fixed_telephony,dd55f1bb788714a40e7954c3be6df745,2,0,0.0
fixed_telephony,e2aee0892199b1d92530e371abd825bf,1,0,0.0
fixed_telephony,e62b2d6ac10570a035a30bafcf01d263,1,0,0.0
fixed_telephony,ef506c96320abeedfb894c34db06f478,10,0,0.0
fixed_telephony,f25e239052084705e17a982bc600ab2a,2,0,0.0
fixed_telephony,f27e33c6d29b5138fa9967bcd445b6d5,2,0,0.0
fixed_telephony,fbc14c0cf93505ef89f64665ffa4a7b5,11,0,0.0
fixed_telephony,fc59392d66ef99377e50356ee4f3b4e1,1,0,0.0
fixed_telephony,fcb5ace8bcc92f75707dc0f01a27d269,1,0,0.0
flowers,8bb48dc19fccaa8613b6229bf7f452a2,20,0,0.0
flowers,d7f1cfc638473be93baedbfd02208016,1,0,0.0
flowers,e62b2d6ac10570a035a30bafcf01d263,8,0,0.0
food,044668ccd5316b12a7cf0d54a156e3e9,3,0,0.0
food,0743a0239d764b9a0f959a57d07e36ab,3,0,0.0
food,08633c14ef2db992c11f840f04fad4cd,1,0,0.0
food,12c2ed9cded6138cf0c75f525f565fc7,1,0,0.0
food,16090f2ca825584b5a147ab24aa30c86,112,0,0.0
food,257e61d3251fb5efb9daadddbc2cf7ca,1,0,0.0
food,31eec405c9bb71dec8e2629a92e764fa,1,0,0.0
food,3c03b12bab54d8b37d79d914bfdb1aa0,3,0,0.0
food,402916f742e5c740cc751493d9cf5053,1,0,0.0
food,4371b634e0efc0e22b09b52907d9d469,4,0,0.0
food,4830e40640734fc1c52cd21127c341d4,1,0,0.0
food,4bde6149c15cf7e177b36fa060dd6de8,1,0,0.0
food,4e922959ae960d389249c378d1c939f5,1,0,0.0
food,5011f0d93373a4c5753adf58ca77af8d,3,0,0.0
food,5bffbafbb22daf6d3bfc216a46db8708,4,0,0.0
food,5f26c1408a65b42a7224cd463bdf3292,2,0,0.0
food,634964b17796e64304cadf1ad3050fb7,1,0,0.0
food,6b803197e03abd5056b4313306b4f29d,4,1,0.25
food,6b90f847357d8981edd79a1eb1bf0acb,5,0,0.0
food,6e4a902d1054e4e17aa6eab87fac1c75,2,0,0.0
food,6f1a1263039c76e68f40a8e536b1da6a,4,0,0.0
food,7178f9f4dd81dcef02f62acdf8151e01,2,0,0.0
food,7210cd29727d674c00741e5e387b3ccd,1,0,0.0
food,7299e27ed73d2ad986de7f7c77d919fa,2,0,0.0
food,751bdc4d83a466c7206cd42e8f426b03,3,0,0.0
food,76ea5315acb3f5f7ade3cd261faf922a,1,0,0.0
food,7e93a43ef30c4f03f38b393420bc753a,1,0,0.0
food,7f40d06aa0b5f1aa4f41af8c0480e2ef,1,0,0.0
food,7f7b8245c336066a1f9933c359f11d77,1,0,0.0
food,8160255418d5aaa7dbdc9f4c64ebda44,1,0,0.0
food,82cb9f452fe8334df74b22d37824b431,2,0,0.0
food,8a9260f2b0340411d6d2a56bcf4f7378,4,0,0.0
food,8d79c8a04e42d722a75097ce5cbcf2ef,24,2,0.08333333333333333
food,94ca168e8bcb407ab85c5da308863027,1,0,0.0
food,955fee9216a65b617aa5c0531780ce60,7,0,0.0
food,9b013e03b2ab786505a1d3b5c0756754,14,1,0.07142857142857142
food,9d69ba0a7a626a64dc5db08e529559cf,1,0,0.0
food,9e17b9d64683aebcbb9ee362d06463b4,1,0,0.0
food,a17f621c590ea0fab3d5d883e1630ec6,1,0,0.0
food,a3e9a2c700480d9bb01fba070ba80a0e,3,0,0.0
food,a5a1bfcf728ab0e19182959cf0771ee4,15,0,0.0
food,aac51c486b672a9850d59f3e84b1cf88,6,0,0.0
food,b248792ac0b60ec3f93d80af1b4fae47,1,0,0.0
food,b494891378bd8f4560abe576c52deacd,1,0,0.0
food,bb7ad8a45c027be8ab075b8e465f8ca0,2,0,0.0
food,bbad7e518d7af88a0897397ffdca1979,1,0,0.0
food,bfd27a966d91cfaafdb25d076585f0da,6,0,0.0
food,c240c4061717ac1806ae6ee72be3533b,1,0,0.0
food,c60b801f2d52c7f7f91de00870882a75,3,0,0.0
food,cbd996ad3c1b7dc71fd0e5f5df9087e2,86,0,0.0
food,cc419e0650a3c5ba77189a1882b7556a,2,0,0.0
food,d13e50eaa47b4cbe9eb81465865d8cfc,56,0,0.0
food,d9bd94811c3338dceb4181f3dbc0c73e,2,0,0.0
food,da03c298e3999e9d828591fc2179d109,4,0,0.0
food,e0487761face83d64fcada2408959a36,1,0,0.0
food,e9779976487b77c6d4ac45f75ec7afe9,25,0,0.0
food,f615fe7efbef0f4f08fd3086bc7a3e60,2,0,0.0
food,ffff564a4f9085cd26170f4732393726,2,0,0.0
food_drink,08633c14ef2db992c11f840f04fad4cd,6,0,0.0
food_drink,22a23e5ac7061fc538cc2a019afaaf16,1,0,0.0
food_drink,26bad72add1f86e08a776ce4ffdaf1ca,7,0,0.0
food_drink,282f23a9769b2690c5dda22e316f9941,57,0,0.0
food_drink,2eb70248d66e0e3ef83659f71b244378,1,0,0.0
food_drink,325f3178fb58e2a9778334621eecdbf9,1,0,0.0
food_drink,33d677f27a69b84051204ee4ae76eaca,5,0,0.0
food_drink,344223b2a90784f64136a8a5da012e7f,1,0,0.0
food_drink,34aefe746cd81b7f3b23253ea28bef39,1,0,0.0
food_drink,3a3e46d10f74d8a6ca76e2b538f106a0,2,0,0.0
food_drink,5011f0d93373a4c5753adf58ca77af8d,7,0,0.0
food_drink,52a50b42accf164f9f019941e5759d9b,4,0,0.0
food_drink,5a93f3ab0ef4c84ed5e1b5dbf23978bc,10,1,0.1
food_drink,638cba8be1fb599bbb76fd6948351eb3,4,0,0.0
food_drink,7210cd29727d674c00741e5e387b3ccd,1,0,0.0
food_drink,74871d19219c7d518d0090283e03c137,1,0,0.0
food_drink,751bdc4d83a466c7206cd42e8f426b03,10,0,0.0
food_drink,77128dec4bec4878c37ab7d6169d6f26,1,0,0.0
food_drink,809413606dbfe5deefd2db646693ef67,3,0,0.0
food_drink,90b36c5aeb728d5504a39f435bef0c5f,1,0,0.0
food_drink,92d14edfb62ee5ae7fdff70b0f4e7233,2,0,0.0
food_drink,9a03a4e9eb0b947652fae4f6121a3f5e,3,0,0.0
food_drink,9b013e03b2ab786505a1d3b5c0756754,3,0,0.0
food_drink,9c1c0c36cd23c20897e473901a8fb149,6,0,0.0
food_drink,a3dd39f583bc80bd8c5901c95878921e,34,0,0.0
food_drink,b0b346d3a89f5eb4c2968af3f083cd43,5,0,0.0
food_drink,b5f0712d22a873b6797ab6cc65c3fcba,1,0,0.0
food_drink,bbaff50f3b708fda865918715276cd87,12,0,0.0
food_drink,c04d70d515d15a7e3db3a73320598566,1,0,0.0
food_drink,cb3dd9ce66268c7a3ca7241ac70ab58c,2,0,0.0
food_drink,e627629ba868740e287800f1a9be81c2,8,0,0.0
food_drink,e9779976487b77c6d4ac45f75ec7afe9,20,0,0.0
food_drink,f626e15b7314c267e4429010866f70e9,3,0,0.0
furniture_bedroom,1e9d5a33694bddb76316fd1f54734d20,2,0,0.0
furniture_bedroom,265fdc289dffa9f1ad801c74f7d0de47,1,0,0.0
furniture_bedroom,276677b5d08786d5dce7c2149dcce48b,1,0,0.0
furniture_bedroom,3ade81dab5a172b88e1871c28ae05260,27,0,0.0
furniture_bedroom,43402bdf22aa2310e8f99e2f94f78628,2,0,0.0
furniture_bedroom,45c20d94d9171b0bcfab3c955e47d67b,1,0,0.0
furniture_bedroom,48efc9d94a9834137efd9ea76b065a38,5,2,0.4
furniture_bedroom,51702dc2a3e106c76dbff722b5bf0726,2,0,0.0
furniture_bedroom,5b0cc932433fa5184b5b94bfe6bcc256,6,0,0.0
furniture_bedroom,7fdb0720c8d7c9075538b365dc8c3a22,5,0,0.0
furniture_bedroom,8603f0038fe0e52fedd3382d266723de,3,0,0.0
furniture_bedroom,87d73636a3acf123e842bb890a4db036,1,0,0.0
furniture_bedroom,8a207b6080964f3c1fc9d35bd6096ba4,1,0,0.0
furniture_bedroom,901b460cdce0c64e471230d7f2f9f3a3,1,0,0.0
furniture_bedroom,9add47bf45ce8e8c7db6b9cf670b1e09,1,0,0.0
furniture_bedroom,b2bdc5e7940a7d7ca8c4a37953b27a42,1,0,0.0
furniture_bedroom,c4fabeea6e569d42d02993bb1f4f1cbc,4,0,0.0
furniture_bedroom,cb5df0dcb9e280b1780e9d589889f2c7,6,0,0.0
furniture_bedroom,ce7d1888639e6fb06b2749cbfdac1ff7,4,0,0.0
furniture_bedroom,e4fc40017a6d22c46a14ac2e17f87c3e,2,0,0.0
furniture_bedroom,eb3071b9f0b0ddaa2df5ea130f09f26b,6,0,0.0
furniture_bedroom,efb628aa07c8ca93d7db0d85b91a4f5a,1,0,0.0
furniture_bedroom,f181738b150df1f37cb0bd72e705b193,9,0,0.0
furniture_decor,002100f778ceb8431b7a1020ff7ab48f,51,0,0.0
furniture_decor,0241d4d5d36f10f80c644447315af0bd,235,3,0.01276595744680851
furniture_decor,02d35243ea2e497335cd0f076b45675d,14,0,0.0
furniture_decor,02ecc2a19303f05e59ce133fd923fff7,6,0,0.0
furniture_decor,0336182e1b3e92f029d5354832045fdf,1,0,0.0
furniture_decor,05730013efda596306417c3b09302475,3,0,0.0
furniture_decor,062ce95fa2ad4dfaedfc79260130565f,20,0,0.0
furniture_decor,06579cb253ecd5a3a12a9e6eb6bf8f47,1,0,0.0
furniture_decor,066a6914e1ebf3ea95a216c73a986b91,11,0,0.0
furniture_decor,0692610d8abe24f287e9fae90ea0bbee,2,0,0.0
furniture_decor,081acf3de680d554796c9cf041be7bc2,3,0,0.0
furniture_decor,08d0949a9a17c027262db1f3c450c26c,12,0,0.0
furniture_decor,08d1c9478fb0d7d7fcac9c0da4e82fc7,1,0,0.0
furniture_decor,09f952a5f58d2285b0372551ae8f9b01,36,0,0.0
furniture_decor,0a85ebe4e328db81ac9109781205e2f7,11,0,0.0
furniture_decor,0adac9fbd9a2b63cccaac4f8756c1ca8,6,0,0.0
furniture_decor,0b09101900100c0e9d312861fad5a1b9,1,0,0.0
furniture_decor,0b3f27369a4d8df98f7eb91077e438ac,1,0,0.0
furniture_decor,0bae85eb84b9fb3bd773911e89288d54,2,0,0.0
furniture_decor,0be8ff43f22e456b4e0371b2245e4d01,1,0,0.0
furniture_decor,0bf0150d5b9d60d9cd2906003332f085,34,0,0.0
furniture_decor,0bfd0b434243adc5c2e1aa6baf19c6aa,1,0,0.0
furniture_decor,0c8380b62e38e8a1e6adbeba7eb9688c,33,1,0.030303030303030304
furniture_decor,0d33a55da925bbf1ff02af5f6059fc7f,1,0,0.0
furniture_decor,0ee4fb99ac55ffbbc98795aa01b7f8fa,1,0,0.0
furniture_decor,0f519b0d2e5eb2227c93dd25038bfc01,1,0,0.0
furniture_decor,1025f0e2d44d7041d6cf58b6550e0bfa,777,13,0.01673101673101673
furniture_decor,1127b7f2594683f2510f1c2c834a486b,1,0,0.0
furniture_decor,11305281b50fff20ae8bb473f8e11876,12,0,0.0
furniture_decor,119d1aef1b4144adba89163f6cd9f5d4,2,0,0.0
furniture_decor,1336efc61c316ddf92c899eb817f7cae,20,1,0.05
furniture_decor,1354d51653f645349064725ed204e85e,12,0,0.0
furniture_decor,13e85aac53340018b40c2af68001b7e0,1,0,0.0
furniture_decor,1554a68530182680ad5c8b042c3ab563,120,1,0.008333333333333333
furniture_decor,157c3e4b42f81ac4a44e8b1ca2fe9876,22,0,0.0
furniture_decor,17ca9b9e9b9ef8fdb529001b49ebb50f,8,0,0.0
furniture_decor,184a67a8f9f63234d3a92340bbdb727f,8,0,0.0
furniture_decor,18a349e75d307f4b4cc646a691ed4216,1,0,0.0
furniture_decor,1976a05ecf2996d6ffb7b5430e635fe7,3,0,0.0
furniture_decor,19a7c9f66ffa6452ff4b4c0cca71da27,1,0,0.0
furniture_decor,19d62d484cba71963c93f0f00ab42013,1,0,0.0
furniture_decor,1acde099eb406aa220b1169b188b42da,9,0,0.0
furniture_decor,1b61fb1f0f2185d89e9a126c498e9cc7,1,0,0.0
furniture_decor,1b8356dabde1d35e17cef975c3f82730,14,0,0.0
furniture_decor,1ce3ae5a399804d1a87e706f8a813c3e,40,0,0.0
furniture_decor,1da366cade6d8276e7d8beea7af5d4bf,31,0,0.0
furniture_decor,1da3aeb70d7989d1e6d9b0e887f97c23,34,2,0.058823529411764705
furniture_decor,1e8c6a4c538f286aee9573239740a4b4,2,0,0.0
furniture_decor,2063dd1b9f568df1c16741ea7d3e6adb,3,0,0.0
furniture_decor,20cb7c2fde3e5bf10f0bbe7394e1c6a9,32,0,0.0
furniture_decor,2199e7fe213c16213bf5d6a7eadc9a5d,6,0,0.0
furniture_decor,21e83881401b92b49fb09a16d3852291,5,0,0.0
furniture_decor,23613d49c3ac2bd302259e55c06c050c,64,1,0.015625
furniture_decor,244c2f1bff6afe1f2eaf9bfe9b2aed38,22,1,0.045454545454545456
furniture_decor,252e76235acb79183cfca6e34f13337d,2,0,0.0
furniture_decor,26562f211dd1364af2a8596dc945e8ae,1,0,0.0
furniture_decor,26e2e5033827d2ba53929f43e03d8ffe,1,0,0.0
furniture_decor,270297ead4c65a6cd2593960d2af6b21,10,1,0.1
furniture_decor,299c89a525fee36c567f4fe72f038100,1,0,0.0
furniture_decor,2a1348e9addc1af5aaa619b1a3679d6b,13,0,0.0
furniture_decor,2a261b5b644fa05f4f2700eb93544f2c,50,1,0.02
furniture_decor,2a73cba571d90c694b7caca072ccf6ce,1,0,0.0
furniture_decor,2a7c6c0b0d5efde2bf75ec1e1cec2d41,3,0,0.0
furniture_decor,2a7dc43cecabf23403078e2188437d1d,11,0,0.0
furniture_decor,2b3b9ce054da76a7428df143a567b156,5,0,0.0
furniture_decor,2c9005d8043aff18b8557ffb7b13cda4,1,0,0.0
furniture_decor,2cb6eb1b7185064167657fa09f541105,2,0,0.0
furniture_decor,2d50d6282f8aa2257819a77bfaa0efe0,1,0,0.0
furniture_decor,2f4b9d112bfa44a214bc6cef085d17c8,1,0,0.0
furniture_decor,2f74af7a0ee5636f12c2336f9fffed47,1,0,0.0
furniture_decor,3076499bbc033a927bf4a8a41bcf7fd4,6,0,0.0
furniture_decor,3078096983cf766a32a06257648502d1,3,0,0.0
furniture_decor,3092c0b297aacfb4bb6e056ebe13b9b8,1,0,0.0
furniture_decor,30a2f535bb48308f991d0b9ad4a8c4bb,71,0,0.0
furniture_decor,31344c16881c08a8a72c6d2eb29918c1,43,0,0.0
furniture_decor,324583d68897f5ddbaf38f6248322176,2,0,0.0
furniture_decor,3338e7a0710a195872be80e0d2423867,1,0,0.0
furniture_decor,334cab711dee080b079fa5779b584783,11,0,0.0
furniture_decor,33d677f27a69b84051204ee4ae76eaca,2,0,0.0
furniture_decor,3481aa57cd91f9f9d3fa1fa12d9a3bf7,14,0,0.0
furniture_decor,3504c0cb71d7fa48d967e0e4c94d59d9,2,0,0.0
furniture_decor,36a968b544695394e4e9d7572688598f,1,0,0.0
furniture_decor,373ee4a3a775a733770ca3f790b8b9ac,2,0,0.0
furniture_decor,38102b031c2a15e54623d711bfc753d3,5,0,0.0
furniture_decor,391fc6631aebcf3004804e51b40bcf1e,267,1,0.003745318352059925
furniture_decor,3968920b9aa752ab98f7d5888c9252f2,1,0,0.0
furniture_decor,39d61be7a92eb77b7da367bd4845bc0e,7,0,0.0
furniture_decor,3ade81dab5a172b88e1871c28ae05260,3,0,0.0
furniture_decor,3be634553519fb6536a03e1358e9fdc7,5,0,0.0
furniture_decor,3c3017960b2dbd72711a61f0400aab8f,7,0,0.0
furniture_decor,3db66a856d18a9cba7c9241fc5221c50,2,0,0.0
furniture_decor,3df020b72d3d44b3af9d110fa3940b65,53,2,0.03773584905660377
furniture_decor,3f2af2670e104d1bcb54022274daeac5,6,0,0.0
furniture_decor,3fac58ce0ad699020c7944d53c41329c,5,0,0.0
furniture_decor,41b39e28db005d9731d9d485a83b4c38,23,1,0.043478260869565216
furniture_decor,422be4cc81a457fdb46f47edeb968ae5,1,0,0.0
furniture_decor,42b729f859728f5079499127a9c2ef37,5,0,0.0
furniture_decor,43753b27d77860f1654aa72e251a7878,1,0,0.0
furniture_decor,44073f8b7e41514de3b7815dd0237f4f,17,0,0.0
furniture_decor,443d880f15cbd3572885e1d44bf2c478,1,0,0.0
furniture_decor,4736e9d642ef4257cd7622516931eb51,3,0,0.0
furniture_decor,4830e40640734fc1c52cd21127c341d4,17,0,0.0
furniture_decor,49e7217cfe4e427191c378ec626d8737,1,0,0.0
furniture_decor,4a1f694197d05fe70026b016a7316b41,12,0,0.0
furniture_decor,4a23adac87cf538689fa600d976f78b2,3,0,0.0
furniture_decor,4a3ca9315b744ce9f8e9374361493884,81,0,0.0
furniture_decor,4b90495391ac0bd181a80a459df1e718,1,0,0.0
furniture_decor,4d8809767a5bafe22909c77951fb6b41,1,0,0.0
furniture_decor,4e17c65a516f69d023a2ae78b84f28d6,1,0,0.0
furniture_decor,4e2627090e6e5b9fabba883a37897683,2,0,0.0
furniture_decor,4e42581f08e8cfc7c090f930bac4552a,1,0,0.0
furniture_decor,4e7c18b98d84e05cbae3ff0ff03846c2,8,0,0.0
furniture_decor,4e922959ae960d389249c378d1c939f5,3,0,0.0
furniture_decor,4ebdc7e6cd6102a022dadc49156d4ea8,16,0,0.0
furniture_decor,5058e8c1e82653974541e83690655b4a,3,0,0.0
furniture_decor,508808d438fe2ff972ed13bb8f4a82e2,1,0,0.0
furniture_decor,50bf89f1349bc0409a268c3a49678009,1,0,0.0
furniture_decor,51209b446b2073894bdc0face6c73ffc,2,0,0.0
furniture_decor,51702dc2a3e106c76dbff722b5bf0726,10,0,0.0
furniture_decor,52a52b9f656520e99716f5bc40f661c8,7,0,0.0
furniture_decor,52f6f9f13ba19504c02781132a049e75,1,0,0.0
furniture_decor,5343d0649eca2a983820bfe93fc4d17e,69,1,0.014492753623188406
furniture_decor,537eb890efff034a88679788b647c564,55,1,0.01818181818181818
furniture_decor,53e4c6e0f4312d4d2107a8c9cddf45cd,29,1,0.034482758620689655
furniture_decor,5415337f1863452476d42d9f14a16a61,1,0,0.0
furniture_decor,54aa8463e87776b5612f4bdc4bd5d4de,2,0,0.0
furniture_decor,55c96925041a14097b6a7825554f4ad5,6,0,0.0
furniture_decor,575df70bde3f9f2b30bf8d2e9910d725,20,0,0.0
furniture_decor,57c764b4a836300be881e2ff86e449f9,1,0,0.0
furniture_decor,586a871d4f1221763fddb6ceefdeb95e,1,0,0.0
furniture_decor,5882820ef11c4c068eea0677a7a879b4,9,0,0.0
furniture_decor,5a8e7d5003a1f221f9e1d6e411de7c23,116,0,0.0
furniture_decor,5a9b3bcab695173c820e53934574ae80,1,0,0.0
furniture_decor,5abb8ea023c77787f2c15da891c8d384,3,0,0.0
furniture_decor,5b179e9e8cc7ab6fd113a46ca584da81,3,0,0.0
furniture_decor,5b51032eddd242adc84c38acab88f23d,8,0,0.0
furniture_decor,5bba18b40e8c973b0f32e748004775b0,1,0,0.0
furniture_decor,5c853bb56f70f4d14218944bae111d7a,13,0,0.0
furniture_decor,5d3bb11474a06bdc23fb9e89f1164ee0,15,0,0.0
furniture_decor,612a743d294c27884fb7b80d2b19ba35,1,0,0.0
furniture_decor,61f159ef6da2d441951d2c0efa719362,1,0,0.0
furniture_decor,624f4ece8da4aafb77699233d480f8ef,51,1,0.0196078431372549
furniture_decor,62760d278921b5f352461620d68a9cee,3,0,0.0
furniture_decor,62c50c1af4dfdc4149d25c5222043d39,3,0,0.0
furniture_decor,634964b17796e64304cadf1ad3050fb7,1,0,0.0
furniture_decor,63b464dbf392c7b80d12d932fa7cafed,37,0,0.0
furniture_decor,63b9ae557efed31d1f7687917d248a8d,3,0,0.0
furniture_decor,64cc804291f90c81f02bfc2bb58ff55a,2,0,0.0
furniture_decor,6562efe88ce0826a4ca4f189f03b4b84,9,0,0.0
furniture_decor,670a9dda115b5a88b18cfadee8de2332,1,0,0.0
furniture_decor,6806dad1da97bfb5a9038eac6881f706,1,0,0.0
furniture_decor,686886775c8f6b1191c7b953fb52708c,1,0,0.0
furniture_decor,6a51fc556dab5f766ced6fbc860bc613,2,0,0.0
furniture_decor,6c77cd583b36a13aacccf2b3ee23e233,1,0,0.0
furniture_decor,6c7d50c24b3ccd2fd83b44d8bb34e073,95,0,0.0
furniture_decor,6d2f2e3b539480db1e0842b3a4e32e6e,3,0,0.0
furniture_decor,6d7f8d9d594e28796b6b3205b00f459c,3,0,0.0
furniture_decor,6dc9bec584588412a6a338830946a3e4,2,0,0.0
furniture_decor,6e0908ef4d4efadbc3cc2b74ea477cb0,5,0,0.0
furniture_decor,6edacfd9f9074789dad6d62ba7950b9c,118,0,0.0
furniture_decor,6fc26fe110feebd80a433e1f012a84f9,33,2,0.06060606060606061
furniture_decor,7040e82f899a04d1b434b795a43b4617,2,0,0.0
furniture_decor,70ee69419916dc13e3aed619061f996c,1,0,0.0
furniture_decor,710e3548e02bc1d2831dfc4f1b5b14d4,75,1,0.013333333333333334
furniture_decor,7139dc5186aa238b006e066d8fbab2e4,13,0,0.0
furniture_decor,71593c7413973a1e160057b80d4958f6,1,0,0.0
furniture_decor,715bbd5ba4e6b74cb0d2f29eb45058b0,24,0,0.0
furniture_decor,7210cd29727d674c00741e5e387b3ccd,1,0,0.0
furniture_decor,7299e27ed73d2ad986de7f7c77d919fa,1,0,0.0
furniture_decor,762ed976527cddf02787edba70fffa2a,1,0,0.0
furniture_decor,7722b1df1b0e383e000397b2c11e3e19,33,0,0.0
furniture_decor,77530e9772f57a62c906e1c21538ab82,310,4,0.012903225806451613
furniture_decor,782f78b632a43875dd5b53e3e49c9564,1,0,0.0
furniture_decor,78744a20ee2f80ba64f6804c25def2b8,6,0,0.0
furniture_decor,79565f7d5603b24ddf07ade262547f2f,1,0,0.0
furniture_decor,79ebd9a61bac3eaf882805ed4ecfa12a,135,1,0.007407407407407408
furniture_decor,7a073a40a9d3f1fee8bc45670ea1e909,1,0,0.0
furniture_decor,7ade73f1b9b4e965f9009a4c3a7e2c15,2,0,0.0
furniture_decor,7c67e1448b00f6e969d365cea6b010ab,65,2,0.03076923076923077
furniture_decor,7d456afc660226829370f3173d14520c,1,0,0.0
furniture_decor,7dc8c42cc750eeafea6c85712ffee9bf,7,0,0.0
furniture_decor,7e3f87d16fb353f408d467e74fbd8014,13,0,0.0
furniture_decor,7fdb0720c8d7c9075538b365dc8c3a22,1,0,0.0
furniture_decor,80146bc52c4f6af5239b23de2a20262b,1,0,0.0
furniture_decor,8185694b58b2ba6de20fd41ae608bbea,6,0,0.0
furniture_decor,822166ed1e47908f7cfb49946d03c726,2,0,0.0
furniture_decor,827f8f69dfa529c561901c4f2e0f332f,2,0,0.0
furniture_decor,82e0a475a88cc9595229d8029273f045,40,0,0.0
furniture_decor,8603f0038fe0e52fedd3382d266723de,1,0,0.0
furniture_decor,866558b3bccef2dbc6d29a2b5995016f,4,0,0.0
furniture_decor,87142160b41353c4e5fca2360caf6f92,3,0,0.0
furniture_decor,87f3e35268860433e13d577825aada95,2,0,0.0
furniture_decor,89f69225956f951295ca4c7fb1266553,1,0,0.0
furniture_decor,8a32e327fe2c1b3511609d81aaf9f042,97,2,0.020618556701030927
furniture_decor,8a87611c08849ffeeccab52aa798b6c7,1,0,0.0
furniture_decor,8b28d096634035667e8263d57ba3368c,5,0,0.0
furniture_decor,8bd0f31cf0a614c658f6763bd02dea69,24,0,0.0
furniture_decor,8c3b533c63cca56240f94f1e3a6b18ef,4,0,0.0
furniture_decor,8ca1551acf9832a4cf467bbbac15851f,9,0,0.0
furniture_decor,8d899e15a5925f097cca50faa49b15e3,3,0,0.0
furniture_decor,8e6cc767478edae941d9bd9eb778d77a,1,0,0.0
furniture_decor,8f78f0903005064036736c7173a5c2ed,9,0,0.0
furniture_decor,8fb67a334bacec338885b4e9e1708073,1,0,0.0
furniture_decor,8fff28c4263ddec387f28d237fb42773,1,0,0.0
furniture_decor,903037660cf848a717166eb7a06d616e,20,0,0.0
furniture_decor,91543f9849d68d023e17194926598543,4,0,0.0
furniture_decor,9198786624eaeb375793215cad26cfa6,3,0,0.0
furniture_decor,9200e6ce317b67196b6b0bad4d4bd567,1,0,0.0
furniture_decor,939f6e231201f26803cb5c3a3d2940b3,3,0,0.0
furniture_decor,93b9a99027bd8bd6af682aff18dd19bf,11,0,0.0
furniture_decor,955fee9216a65b617aa5c0531780ce60,438,1,0.00228310502283105
furniture_decor,95e03ca3d4146e4011985981aeb959b9,20,0,0.0
furniture_decor,95ec4458365c4d11f452ccf538377619,10,0,0.0
furniture_decor,95f83f51203c626648c875dd41874c7f,42,0,0.0
furniture_decor,98115075dd26cb8835946fc6086f5d30,3,0,0.0
furniture_decor,994f04b3718c2bab35c2adfa8afecd2a,1,0,0.0
furniture_decor,9996ae921c50e8dff411ac69c0b4bb8b,2,0,0.0
furniture_decor,9add47bf45ce8e8c7db6b9cf670b1e09,34,0,0.0
furniture_decor,9b522ba7eae9e1d04082f267144583cc,1,0,0.0
furniture_decor,9baf5cb77970f539089d09a38bcec5c3,4,0,0.0
furniture_decor,9c351405b754cc5ce3e2ecf277bb034a,1,0,0.0
furniture_decor,9dda5bbacd45e18d6485fee649205d09,18,0,0.0
furniture_decor,9e6229250fedbe05838fef417b74e7fb,15,0,0.0
furniture_decor,a0d7fbb07bb5ebc3b05980e750db56f3,3,0,0.0
furniture_decor,a36ac007a4d18f865c8d32c3b2402c2d,2,0,0.0
furniture_decor,a3a38f4affed601eb87a97788c949667,11,0,0.0
furniture_decor,a425f92c199eb576938df686728acd20,12,0,0.0
furniture_decor,a478c7961d6a992065b24e63b366f90b,1,0,0.0
furniture_decor,a53f60f05f822b5c621a50ff6a5cb362,3,0,0.0
furniture_decor,a70e9066dbfd10b6b97a3f54a1356762,2,0,0.0
furniture_decor,a72f15980dc3e9bfd1a49ac9b2f3af65,1,0,0.0
furniture_decor,a7f13822ceb966b076af67121f87b063,2,0,0.0
furniture_decor,a89e143d5211473ae18db9577ee34b64,2,0,0.0
furniture_decor,aa2640d851ec322526f1295bbeb20092,1,0,0.0
furniture_decor,aac29b1b99776be73c3049939652091d,2,0,0.0
furniture_decor,aae5953b9edddf14749c0d65d60eb4b9,2,0,0.0
furniture_decor,ab3e0c171fe84a7ba7de130f19cfb485,4,0,0.0
furniture_decor,ad273c9eb54ecb4532de4bf75bae9e4e,1,0,0.0
furniture_decor,ad738d3fcf42655ed15c4960b7b6c601,1,0,0.0
furniture_decor,ad8b531ae67582f096925cff5630d0d1,1,0,0.0
furniture_decor,adcf50477d6a1f5d91bb9d54c4903cb5,1,0,0.0
furniture_decor,ae8bfdbf1c2a2a2dee92d799db0a31c6,1,0,0.0
furniture_decor,ae9690c6e8fee182c28c9ff8e11ca52c,1,0,0.0
furniture_decor,b1204cfda1d4948679db3cfc0d3cb95c,2,0,0.0
furniture_decor,b14db04aa7881970e83ffa9426897925,73,0,0.0
furniture_decor,b1a81260566c1bac3114a6d124413f27,7,0,0.0
furniture_decor,b1aaae6b66ad3c40f54b389d7ea4bee0,3,0,0.0
furniture_decor,b2ba3715d723d245138f291a6fe42594,4,0,0.0
furniture_decor,b335c59ab742f751a85db9c411a86739,11,0,0.0
furniture_decor,b499c00f28f4b7069ff6550af8c1348a,65,1,0.015384615384615385
furniture_decor,b57e8460909fa137df7951b4a3b5ea84,1,0,0.0
furniture_decor,b5abf4f36adc043117b4fca82c22984c,2,0,0.0
furniture_decor,b5f49fe968dff6b112861e6cd8e192ef,1,0,0.0
furniture_decor,b76a1f8356322f12529c37b67d5c96c2,1,0,0.0
furniture_decor,b92e3c8f9738272ff7c59e111e108d7c,54,0,0.0
furniture_decor,b9a03475e6447e631b6799ec8274800f,1,0,0.0
furniture_decor,ba89796db68db180bd389de96b2ff3b6,1,0,0.0
furniture_decor,bac44fa8e13424950488659b5f765c41,1,0,0.0
furniture_decor,bb135baca94c82fcb731335ad5b04a03,9,1,0.1111111111111111
furniture_decor,bb5bd94c8f59cc050072d2930c869cac,3,0,0.0
furniture_decor,bba8d0c234a52b87b3957037a215d1a4,1,0,0.0
furniture_decor,bd149ed516d4c5d418d5781f8e18919f,8,0,0.0
furniture_decor,bd23da7354813347129d751591d1a6e2,88,0,0.0
furniture_decor,bd4889b5e9133b35b66e42a8665cea5c,36,0,0.0
furniture_decor,bd4ff04377f974574f7f0bf9d6ce7dde,2,0,0.0
furniture_decor,bec568278124768c474ee90971ca94d1,1,0,0.0
furniture_decor,c31eff8334d6b3047ed34bebd4d62c36,16,0,0.0
furniture_decor,c3251e13f1bbda6c74e37c160f991e19,1,0,0.0
furniture_decor,c37b2059d4f90d4feead554e5246565e,12,0,0.0
furniture_decor,c3e2398fcc7e581cda2e546557bf6968,1,0,0.0
furniture_decor,c42fd8e4d47dfb18ce5222f2dd7752f9,3,2,0.6666666666666666
furniture_decor,c52c644cc0dc85121207a27013efc6af,1,0,0.0
furniture_decor,c5f7feb04a6a1fb3596322bfc3cf1917,11,0,0.0
furniture_decor,c6218512d16fcac0af02fe92691cf274,6,0,0.0
furniture_decor,c731d18cea9bf687ffee82a241c25b11,1,0,0.0
furniture_decor,c7a0a13cbcf29d5ce51c8f80afdc0b89,1,0,0.0
furniture_decor,c840d3fdbba0790404fdae73d253b253,8,0,0.0
furniture_decor,c878515173c84a492ebe50d6b493230b,2,0,0.0
furniture_decor,c963a25b8671419c6ce9eebe8fd03218,1,0,0.0
furniture_decor,ca3bd7cd9f149df75950150d010fe4a2,2,0,0.0
furniture_decor,cac4c8e7b1ca6252d8f20b2fc1a2e4af,58,0,0.0
furniture_decor,cad9969167c09b48ae6f1d123f7fa68d,1,0,0.0
furniture_decor,cb4a705d00e100b9732d0ca34817d441,1,0,0.0
furniture_decor,cb5df0dcb9e280b1780e9d589889f2c7,2,0,0.0
furniture_decor,cca3071e3e9bb7d12640c9fbe2301306,444,9,0.02027027027027027
furniture_decor,ccf8813e5a7d6c84d865cd38bfc2b130,25,0,0.0
furniture_decor,cf2384dd2f1dddea3f838efed0945e65,1,0,0.0
furniture_decor,cfa5ab0e4d3fc212fd0b3410e7081c62,1,0,0.0
furniture_decor,d101c6da914ae3d53f7bee42283f2fe2,7,0,0.0
furniture_decor,d12c926d74ceff0a90a21184466ce161,20,0,0.0
furniture_decor,d197aa8fbc64087f61984deef05f6227,2,0,0.0
furniture_decor,d1a5cc844736958c11b8efab9a2b4c87,1,0,0.0
furniture_decor,d1aa1ec0839dcab73a6161130eb1f94a,1,0,0.0
furniture_decor,d1b9d4be4b6f9ebd85f8acd6745ba612,10,1,0.1
furniture_decor,d20b021d3efdf267a402c402a48ea64b,83,1,0.012048192771084338
furniture_decor,d263fa444c1504a75cbca5cc465f592a,1,0,0.0
furniture_decor,d29ba1220fb8634fa3a107e54497b8a4,1,0,0.0
furniture_decor,d379f449f2a3b271bc01c0782020f705,11,0,0.0
furniture_decor,d4d99b60c4c94cd35acd502cec65dc8d,1,0,0.0
furniture_decor,d6b1ce66b035a475f00c017792ff9769,25,0,0.0
furniture_decor,d93844a9c55ba7ce353388bcf849ea56,12,0,0.0
furniture_decor,d93919c944be9cff128f6c9cb899eacb,1,0,0.0
furniture_decor,d94a40fd42351c259927028d163af842,3,0,0.0
furniture_decor,da6a60cc8cc724fe51be021ff8be779c,3,0,0.0
furniture_decor,da8622b14eb17ae2831f4ac5b9dab84a,1,0,0.0
furniture_decor,dbb9b48c841a0e39e21f98e1a6b2ec3e,23,0,0.0
furniture_decor,dbec9a0a7efeff029d4d9dce7dc4cc95,3,0,0.0
furniture_decor,dc4a0fc896dc34b0d5bfec8438291c80,7,0,0.0
furniture_decor,dcf3755cefcdc158ad0b7bdde51e871b,2,0,0.0
furniture_decor,dd2bdf855a9172734fbc3744021ae9b9,3,0,0.0
furniture_decor,dd88d13bea9e4c2bf47daf224f8141e5,1,0,0.0
furniture_decor,de66a66f2dd06bb9ec37aa96987466a3,5,0,0.0
furniture_decor,df47da4ae86fa4db890d05aaf24e21d8,1,0,0.0
furniture_decor,df560393f3a51e74553ab94004ba5c87,9,0,0.0
furniture_decor,df683dfda87bf71ac3fc63063fba369d,1,0,0.0
furniture_decor,dfa0c4c6229ab200a4a1336b4d7128ff,1,0,0.0
furniture_decor,dfc5fb7259bb2b599ca565e6e9448f0f,3,0,0.0
furniture_decor,e06f09ec0a4aca210779cf1cfc63cf19,1,0,0.0
furniture_decor,e09887ca8c7bf8a4621ce481820414ef,3,0,0.0
furniture_decor,e0a366315b1b726b6c7832d664c0f530,4,0,0.0
furniture_decor,e250d617a0ad591ba9bd663e584a895d,8,0,0.0
furniture_decor,e4fc40017a6d22c46a14ac2e17f87c3e,1,0,0.0
furniture_decor,e5899683388855d3dabe8913bbe365de,3,0,0.0
furniture_decor,e59e489e2ea74bd409b798b5daf49de3,3,0,0.0
furniture_decor,e5a38146df062edaf55c38afa99e42dc,22,0,0.0
furniture_decor,e62b2d6ac10570a035a30bafcf01d263,7,1,0.14285714285714285
furniture_decor,e63e8bfa530fb16910dd6956e592bb81,3,0,0.0
furniture_decor,e6a69c4a27dfdd98ffe5aa757ad744bc,3,0,0.0
furniture_decor,e819bcfade7b5d88a27325eb6cfd62c5,3,0,0.0
furniture_decor,e83e93b71371817b11d78a63ff156aee,2,0,0.0
furniture_decor,e8f6dc8e6a1dcde89d20e3995c8d90b3,18,0,0.0
furniture_decor,e9c2dc0dd4ac38448289be644ac94f42,1,0,0.0
furniture_decor,eb5b6204dde3a6e03b5f1bb8479f055b,2,0,0.0
furniture_decor,eb9cd5b35d95206585e2185318cb5c61,2,0,0.0
furniture_decor,ec4608a1f76453166bb312b2968aeaf4,17,0,0.0
furniture_decor,ed9eef5be0992d413d251fadba1a410d,3,0,0.0
furniture_decor,edf3fabebcc20f7463cc9c53da932ea8,1,0,0.0
furniture_decor,eec3469d83e142f9a104886655338c37,3,0,0.0
furniture_decor,eed78ac17f7f795a19a709745f00cd4e,20,2,0.1
furniture_decor,ef9952469137ff190bacafe117f51537,5,0,0.0
furniture_decor,f00f5b35d0abcacbdd863672f4bb2c1a,1,0,0.0
furniture_decor,f049a72cf58fd31b11f8919cade515e7,1,0,0.0
furniture_decor,f12d3c2a14729ae461b920c11fe20fdc,5,0,0.0
furniture_decor,f1ce5fdecd64935c28b9ff932751d0dc,2,0,0.0
furniture_decor,f1ed6bd0a9b11b581f16c851c6a5a527,8,0,0.0
furniture_decor,f205b1a3ca9a34e0f8a228bae6e4c7b3,8,0,0.0
furniture_decor,f2336e113377dd21c744d9c4fc8293a9,1,0,0.0
furniture_decor,f27e33c6d29b5138fa9967bcd445b6d5,3,0,0.0
furniture_decor,f3041c2e75ec683697a6a5ea82192210,1,0,0.0
furniture_decor,f326006815956455b2859abd58fe7e39,4,0,0.0
furniture_decor,f3da5b2ff499efb8d4a6d371d175d7dd,4,0,0.0
furniture_decor,f593898ec748b7a8cb81fc04edafd98a,6,0,0.0
furniture_decor,f5fea3ffed6c2e889bab72705557c63a,3,0,0.0
furniture_decor,f650a9708fa1bab22bdd8d3a818cc415,4,0,0.0
furniture_decor,f7496d659ca9fdaf323c0aae84176632,14,0,0.0
furniture_decor,f7720c4fa8e3aba4546301ab80ea1f1b,28,1,0.03571428571428571
furniture_decor,f8e2c1b59cd4225a3e4fd0d013a76b93,1,0,0.0
furniture_decor,f9ec7093df3a7b346b7bcf7864069ca3,1,0,0.0
furniture_decor,fc6295add6f51a0936407ead70c1001d,1,0,0.0
furniture_decor,fce62094ffe6a4009188ec44e681dfdd,2,0,0.0
furniture_decor,fd386aa7bed2af3c7035c65506c9b4a3,4,0,0.0
furniture_decor,ff063b022a9a0aab91bad2c9088760b7,48,0,0.0
furniture_decor,ffad1e7127fb622cb64a900751590acd,7,1,0.14285714285714285
furniture_decor,ffc470761de7d0232558ba5e786e57b7,1,0,0.0
furniture_decor,ffdd9f82b9a447f6f8d4b91554cc7dd3,3,0,0.0
furniture_decor,fffd5413c0700ac820c7069d66d98c89,12,0,0.0
furniture_living_room,08cdbae123ff67ca4e36d9d641ce0119,4,0,0.0
furniture_living_room,099095b050cfe8eb1ddff5317587e96e,1,0,0.0
furniture_living_room,1554a68530182680ad5c8b042c3ab563,87,2,0.022988505747126436
furniture_living_room,15aac934c58d886785ac1b17953ea898,3,0,0.0
furniture_living_room,1da366cade6d8276e7d8beea7af5d4bf,10,0,0.0
furniture_living_room,1dcfa3835714681d4ba4a93bc1e0fd41,13,0,0.0
furniture_living_room,2235cf78d3e2073a88146a9cb60f0dd0,1,0,0.0
furniture_living_room,2d378dbb39815785238c0139c7647fb7,2,0,0.0
furniture_living_room,2d9e8987a2ea5cf88dce330249043ff1,2,0,0.0
furniture_living_room,2ff97219cb8622eaf3cd89b7d9c09824,1,0,0.0
furniture_living_room,3969863bb8af7f72580b3b1ffd3a17b3,1,0,0.0
furniture_living_room,3be634553519fb6536a03e1358e9fdc7,4,0,0.0
furniture_living_room,44073f8b7e41514de3b7815dd0237f4f,7,0,0.0
furniture_living_room,4c8b8048e33af2bf94f2eb547746a916,1,0,0.0
furniture_living_room,5058e8c1e82653974541e83690655b4a,13,0,0.0
furniture_living_room,519a7aa428f18d125a283cf8c014fdd6,2,1,0.5
furniture_living_room,53e4c6e0f4312d4d2107a8c9cddf45cd,1,0,0.0
furniture_living_room,5abb8ea023c77787f2c15da891c8d384,2,0,0.0
furniture_living_room,5b0cc932433fa5184b5b94bfe6bcc256,6,0,0.0
furniture_living_room,67bf6941ba2f1fa1d02c375766bc3e53,1,0,0.0
furniture_living_room,6e4f5ff6b086632ba8dcb558fb10249e,1,0,0.0
furniture_living_room,701938c450705b8ae65fc923b70f35c7,69,1,0.014492753623188406
furniture_living_room,70849ca4f400aaabb62cb7462a6f1428,3,0,0.0
furniture_living_room,723cd880edaacdb998898b67c8f9da30,4,0,0.0
furniture_living_room,75a4764c108403a7a0575140cb22287c,1,0,0.0
furniture_living_room,7994b065a7ffb14e71c6312cf87b9de2,4,0,0.0
furniture_living_room,7c67e1448b00f6e969d365cea6b010ab,9,0,0.0
furniture_living_room,7fc87cc3e89b3d1d5cabdca32f8485aa,2,0,0.0
furniture_living_room,7fdb0720c8d7c9075538b365dc8c3a22,3,0,0.0
furniture_living_room,870d0118f7a9d85960f29ad89d5d989a,35,2,0.05714285714285714
furniture_living_room,8a207b6080964f3c1fc9d35bd6096ba4,1,0,0.0
furniture_living_room,8b9d6eec4a7eb7d0f9d579ce0b38324d,47,1,0.02127659574468085
furniture_living_room,8f78f0903005064036736c7173a5c2ed,2,0,0.0
furniture_living_room,97e4a63591ca439a2b8b7efd20e6e19e,5,0,0.0
furniture_living_room,99a54764c341d5dc80b4a8fac4eba3fb,1,0,0.0
furniture_living_room,9add47bf45ce8e8c7db6b9cf670b1e09,1,0,0.0
furniture_living_room,a0a14e50070f3225b3eabba5b85da517,4,0,0.0
furniture_living_room,a7f13822ceb966b076af67121f87b063,1,0,0.0
furniture_living_room,aac29b1b99776be73c3049939652091d,2,0,0.0
furniture_living_room,ae7ab174effdead6c241e547e4ca13f0,6,0,0.0
furniture_living_room,b499c00f28f4b7069ff6550af8c1348a,1,0,0.0
furniture_living_room,b92e3c8f9738272ff7c59e111e108d7c,2,0,0.0
furniture_living_room,c747d5b92c7648417faea95d36d763e8,1,0,0.0
furniture_living_room,cac876b37d3abcd6bd76caca30277996,2,0,0.0
furniture_living_room,cb5df0dcb9e280b1780e9d589889f2c7,6,0,0.0
furniture_living_room,cf2384dd2f1dddea3f838efed0945e65,15,0,0.0
furniture_living_room,cfa5ab0e4d3fc212fd0b3410e7081c62,7,0,0.0
furniture_living_room,d2df77822373f19934e87694d8640767,1,0,0.0
furniture_living_room,d9442042130b7fe579d1295f9f4a248f,2,0,0.0
furniture_living_room,dbd66278cbfe1aa1000f90a217ca4695,2,0,0.0
furniture_living_room,e2aee0892199b1d92530e371abd825bf,3,0,0.0
furniture_living_room,f1b93673502375d491780bb49d615dbc,2,0,0.0
furniture_living_room,f593898ec748b7a8cb81fc04edafd98a,2,0,0.0
furniture_living_room,fde0cc9ea29c8ccfc0a2c22256a58c71,5,0,0.0
furniture_living_room,fffd5413c0700ac820c7069d66d98c89,1,0,0.0
furniture_mattress_and_upholstery,00ee68308b45bc5e2660cd833c3f81cc,22,0,0.0
furniture_mattress_and_upholstery,0be8ff43f22e456b4e0371b2245e4d01,1,0,0.0
furniture_mattress_and_upholstery,11305281b50fff20ae8bb473f8e11876,2,0,0.0
furniture_mattress_and_upholstery,191d55f7edb8524d525ed01b20fe32e8,3,0,0.0
furniture_mattress_and_upholstery,f84a00e60c73a49e7e851c9bdca3a5bb,10,0,0.0
garden_tools,001cca7ae9ae17fb1caed9dfb1094831,177,0,0.0
garden_tools,014c0679dd340a0e338872e7ec85666a,1,0,0.0
garden_tools,01fd077212124329bac32490e8ef80d9,5,0,0.0
garden_tools,02ecc2a19303f05e59ce133fd923fff7,8,0,0.0
garden_tools,039e6ad9dae79614493083e241147386,5,0,0.0
garden_tools,03a2a6dcbe45d639c4dc2a0d24769c40,9,0,0.0
garden_tools,05a48cc8859962767935ab9087417fbb,1,0,0.0
garden_tools,05aebce0b5c8f0d41b29b686f2d05fd3,1,0,0.0
garden_tools,05feb94f19d094d4b0f9281f0b1d4c99,4,0,0.0
garden_tools,06532f10282704ef4c69168b914b77be,7,0,0.0
garden_tools,066a6914e1ebf3ea95a216c73a986b91,1,0,0.0
garden_tools,07bf9669d84d1f11be443a9dd938f698,2,0,0.0
garden_tools,082e0bf4cb865a6533b1e8e498cc0255,10,0,0.0
garden_tools,0936e1837d0c79253456bbb2ffaaef10,1,0,0.0
garden_tools,0a198e95d32b1be2da9424c962a6ebfa,1,0,0.0
garden_tools,0b36063d5818f81ccb94b54adfaebbf5,1,0,0.0
garden_tools,0bae85eb84b9fb3bd773911e89288d54,1,0,0.0
garden_tools,0bb738e4d789e63e2267697c42d35a2d,13,0,0.0
garden_tools,1127b7f2594683f2510f1c2c834a486b,103,0,0.0
garden_tools,1444c08e64d55fb3c25f0f09c07ffcf2,1,0,0.0
garden_tools,15aac934c58d886785ac1b17953ea898,1,0,0.0
garden_tools,16090f2ca825584b5a147ab24aa30c86,5,0,0.0
garden_tools,160e4f13fd3a64b1b86807be88b5ffb0,1,0,0.0
garden_tools,1771297ac436903d1dd6b0e9279aa505,6,0,0.0
garden_tools,17e34d8224d27a541263c4c64b11a56b,15,0,0.0
garden_tools,18a349e75d307f4b4cc646a691ed4216,1,0,0.0
garden_tools,1b4c3a6f53068f0b6944d2d005c9fc89,4,0,0.0
garden_tools,1b8356dabde1d35e17cef975c3f82730,4,0,0.0
garden_tools,1da3aeb70d7989d1e6d9b0e887f97c23,1,0,0.0
garden_tools,1f50f920176fa81dab994f9023523100,1362,15,0.011013215859030838
garden_tools,20d53aad4fe5ee93a64f8839609d3586,2,0,0.0
garden_tools,20fd2d2080ed85fa67fad3fcbb2c1813,1,0,0.0
garden_tools,2156f2671501a81034d7d07f217609d0,5,0,0.0
garden_tools,2199e7fe213c16213bf5d6a7eadc9a5d,1,0,0.0
garden_tools,21e83881401b92b49fb09a16d3852291,9,0,0.0
garden_tools,23a0ffca143a15b9b5bbdb7d552f626a,22,0,0.0
garden_tools,23c38debaffe4a25a30fdbd9b586a13f,30,0,0.0
garden_tools,259f7b5e6e482c230e5bfaa670b6bb8f,9,0,0.0
garden_tools,2646baaf662d4d92ac48f047e35db92d,1,0,0.0
garden_tools,270297ead4c65a6cd2593960d2af6b21,2,0,0.0
garden_tools,276677b5d08786d5dce7c2149dcce48b,7,0,0.0
garden_tools,282f23a9769b2690c5dda22e316f9941,22,0,0.0
garden_tools,2a1348e9addc1af5aaa619b1a3679d6b,1,0,0.0
garden_tools,2aa3443d7bf9d9bb11133f420d75e083,1,0,0.0
garden_tools,2be17df1c49978426251562096c3cc09,1,0,0.0
garden_tools,2c43fb513632d29b3b58df74816f1b06,1,0,0.0
garden_tools,2ea0861cc19e94cad86438c984c52da4,1,0,0.0
garden_tools,2f73e04d12cdf0c945ded66bb3fcf6c7,3,0,0.0
garden_tools,2fdde51ad3e12f297da656d4fbd5d0b5,7,0,0.0
garden_tools,3481aa57cd91f9f9d3fa1fa12d9a3bf7,2,0,0.0
garden_tools,3606774ec64634822d78dc2db6d37045,2,0,0.0
garden_tools,36a968b544695394e4e9d7572688598f,1,0,0.0
garden_tools,377bc18334c78dd2f1535ef22a3ad225,1,0,0.0
garden_tools,382229d1e840115ffe3dbf5ff460e417,3,0,0.0
garden_tools,3969863bb8af7f72580b3b1ffd3a17b3,2,0,0.0
garden_tools,3be5841cdcc46de4ed3f9116f104b2c5,1,0,0.0
garden_tools,3d39fbf22a665714baf62fae36029e23,2,0,0.0
garden_tools,3d8fa2f5b647373c8620330c4e077a9f,15,0,0.0
garden_tools,430315b7bb4b6e4b3c978f9dfa9b0558,1,0,0.0
garden_tools,4305fe92735c8a43d154ff6dd2b8d927,1,0,0.0
garden_tools,44073f8b7e41514de3b7815dd0237f4f,7,0,0.0
garden_tools,45ba18c210d42734ec52c0c1c574e9ee,10,0,0.0
garden_tools,46ef1a25845fc051c2998d878354810c,1,0,0.0
garden_tools,48162d548f5b1b11b9d29d1e01f75a61,32,1,0.03125
garden_tools,485452467ff670447e84a8370c3fc898,1,0,0.0
garden_tools,4978a02ea9c8be7a9b5480680f40334e,5,0,0.0
garden_tools,4a3ccda38b2129705f3fb522db62ca31,3,0,0.0
garden_tools,4c18691b6037662be2df78a765d98ab5,2,0,0.0
garden_tools,4e85b538b0dad58852641540686d0e14,3,0,0.0
garden_tools,4e922959ae960d389249c378d1c939f5,2,0,0.0
garden_tools,51e4e89242cbb846c2deff3dc015650e,14,0,0.0
garden_tools,52f0fe436a347ddad7ed5f9aa4e27eaa,1,0,0.0
garden_tools,53e4c6e0f4312d4d2107a8c9cddf45cd,2,0,0.0
garden_tools,54a1852d1b8f10312c55e906355666ee,1,0,0.0
garden_tools,557f22c76691849db52d2abccf0015d0,1,0,0.0
garden_tools,5656537e588803a555b8eb41f07a944b,5,0,0.0
garden_tools,56642bcb79900e777d68e91915cb4267,17,1,0.058823529411764705
garden_tools,56a8b450e802502ba53a9885ee38e29f,1,0,0.0
garden_tools,57c764b4a836300be881e2ff86e449f9,2,0,0.0
garden_tools,582d4f8675b945722eda7c0cb61ba4c7,5,0,0.0
garden_tools,5882820ef11c4c068eea0677a7a879b4,5,0,0.0
garden_tools,5996cddab893a4652a15592fb58ab8db,1,0,0.0
garden_tools,5b33b527da3c5b969cc99dc435cad09a,1,0,0.0
garden_tools,5b67882648febfb6e1225e6ad7164f6b,2,0,0.0
garden_tools,5d3bb11474a06bdc23fb9e89f1164ee0,1,0,0.0
garden_tools,5d9f3746e112e696f98ea22c56b3e912,1,0,0.0
garden_tools,5dc203c7b84a0e71e878a179de05fb9a,3,0,0.0
garden_tools,5f1dc28029d2c244352a68107ec2b542,1,0,0.0
garden_tools,5fd924b4836098a5be0ecf81ba054ce0,7,0,0.0
garden_tools,626ab1cd96932367f0eeec2e47046c12,2,0,0.0
garden_tools,6288c69c4ce638e59925e59193f98b16,3,0,0.0
garden_tools,62c50c1af4dfdc4149d25c5222043d39,1,0,0.0
garden_tools,643c01d7c56a724bec0454f4780e8a3e,2,0,0.0
garden_tools,6481e96574816ead57975da2c0f6d80d,1,0,0.0
garden_tools,6576fd3e23c88f0e5d4d23f39bba0542,1,0,0.0
garden_tools,6624bc09786f0e41ae48dfc5eeb1a9e2,1,0,0.0
garden_tools,688756f717c462a206ad854c5027a64a,3,0,0.0
garden_tools,6989574bd97d9773f10d232b6c07da59,1,0,0.0
garden_tools,6a51fc556dab5f766ced6fbc860bc613,1,0,0.0
garden_tools,6c12e40690c335dbc2f68a4134d30dc1,7,0,0.0
garden_tools,70eea00b476a314817cefde4aad4f89a,4,0,0.0
garden_tools,71592660bbcb6a4664e97b6f8b68babc,1,0,0.0
garden_tools,7178f9f4dd81dcef02f62acdf8151e01,1,0,0.0
garden_tools,71dc18fd8cbf5fd77f45dd8b427abb34,4,0,0.0
garden_tools,73a63f72308aa20a46f4b1632018f196,22,0,0.0
garden_tools,750303a20e9c56b2a6bc45cdce0b897d,5,0,0.0
garden_tools,761681a821d8275bc79f552116d06869,2,0,0.0
garden_tools,76d5af76d0271110f9af36c92573f765,4,1,0.25
garden_tools,76ea5315acb3f5f7ade3cd261faf922a,2,0,0.0
garden_tools,7816cd9c5b1238e320545f5bf7eb80e8,1,0,0.0
garden_tools,7901646fdd36a55f564ffaf2dbccaaf7,11,0,0.0
garden_tools,79ed755314cfe6df0daef2c6cd3022cd,20,1,0.05
garden_tools,7bac63f6603d382cc8d0832eb6c100a8,6,0,0.0
garden_tools,80e6699fe29150b372a0c8a1ebf7dcc8,4,0,0.0
garden_tools,81a1104df0f08b59c68aa5b03cfe398e,73,0,0.0
garden_tools,8629c241b3622ac12cd4118afdc8d394,5,0,0.0
garden_tools,888faa8bfb0b159c37de6d898b961c31,1,0,0.0
garden_tools,8936ba0de1073ee888cb3185ae5dc661,1,0,0.0
garden_tools,8a87611c08849ffeeccab52aa798b6c7,8,0,0.0
garden_tools,8a9260f2b0340411d6d2a56bcf4f7378,2,0,0.0
garden_tools,8b28d096634035667e8263d57ba3368c,4,0,0.0
garden_tools,8b321bb669392f5163d04c59e235e066,6,0,0.0
garden_tools,8bb48dc19fccaa8613b6229bf7f452a2,6,0,0.0
garden_tools,8c3b533c63cca56240f94f1e3a6b18ef,1,0,0.0
garden_tools,8c9348f33ae3dada25c99c99ade2af78,1,0,0.0
garden_tools,8dfbc5ff27df12f6cef751d3b9554222,4,0,0.0
garden_tools,8f0fbe2cd4d472157dc1cdef6edecaa9,1,0,0.0
garden_tools,903037660cf848a717166eb7a06d616e,21,0,0.0
garden_tools,929f342384a6607afe143d789ade1316,1,0,0.0
garden_tools,941554c5757b73ba0e50aa7732310afc,3,0,0.0
garden_tools,94e93ce877be27a515118dbfd2c2be41,6,0,0.0
garden_tools,9535a841eecebed61a9fb1ac1cbb5597,2,0,0.0
garden_tools,955fee9216a65b617aa5c0531780ce60,64,0,0.0
garden_tools,95e03ca3d4146e4011985981aeb959b9,7,0,0.0
garden_tools,960945e1a9535cbc0cd6ddd35fbe7ae8,1,0,0.0
garden_tools,9674754b5a0cb32b638cec001178f799,2,0,0.0
garden_tools,989becdce12ebc39863c2bceab6f3ca1,5,0,0.0
garden_tools,999f6d9a1c7c81f43be44c6b7d076210,2,0,0.0
garden_tools,9b1ab052f5fca308ba743ac789ebb2e1,1,0,0.0
garden_tools,9b522ba7eae9e1d04082f267144583cc,3,0,0.0
garden_tools,9bc484c87d79cd4874e05ca182658045,1,0,0.0
garden_tools,9c690ceacd5c66731bf443ea810195cb,5,0,0.0
garden_tools,9c7fd21e0aa159b20da593371f08ff7c,1,0,0.0
garden_tools,9d489893ff6af05029671b785f54b998,1,0,0.0
garden_tools,9de4643a8dbde634fe55621059d92273,4,0,0.0
garden_tools,9df5750209b83567ec144eb299d7d634,9,0,0.0
garden_tools,9fc70243fb26800cba56e8f014797004,4,0,0.0
garden_tools,a09a13f18ed27932d08438aa6f12756e,1,0,0.0
garden_tools,a1043bafd471dff536d0c462352beb48,396,2,0.005050505050505051
garden_tools,a23266650e7c84bb93fbbba502137478,2,0,0.0
garden_tools,a35124e2d763d7ca3fbe3b97d143200f,4,0,0.0
garden_tools,a36ac007a4d18f865c8d32c3b2402c2d,6,0,0.0
garden_tools,a3a38f4affed601eb87a97788c949667,7,0,0.0
garden_tools,a414555ce331b8c8aea4a9cb8395194d,3,0,0.0
garden_tools,a4b6b9b992b46e9ef863637af96e04bc,4,0,0.0
garden_tools,a4bd6e9adf39b63f43dc545d3ca1f53d,3,0,0.0
garden_tools,a5bff0f43eb51f0cad7c37fac7244c8a,4,0,0.0
garden_tools,a72c2f59332659e361d647515c698798,2,0,0.0
garden_tools,aac29b1b99776be73c3049939652091d,17,0,0.0
garden_tools,ab27bbbad5239bc31a34709275a70db4,1,0,0.0
garden_tools,ac1ed5fc15901fbc92920361eb4ab350,1,0,0.0
garden_tools,ac6417315ae5da8f9a38ee11de6f7780,4,0,0.0
garden_tools,acadd4d36859671cb635527c6c977533,11,0,0.0
garden_tools,acb6c2ca5c82411c1fdb88d5fd5eb95e,1,0,0.0
garden_tools,adbe70ab2c97442046d393988c8d1d27,5,0,0.0
garden_tools,adcf50477d6a1f5d91bb9d54c4903cb5,1,0,0.0
garden_tools,b0398568231ba5e6734af1881671a317,1,0,0.0
garden_tools,b14db04aa7881970e83ffa9426897925,11,0,0.0
garden_tools,b18871c324516afa228a13e8f1ef0ae9,9,0,0.0
garden_tools,b2ba3715d723d245138f291a6fe42594,4,0,0.0
garden_tools,b586cd24c010a13916af621b0325fbba,1,0,0.0
garden_tools,b6e1504972665f739dec4facb9943775,5,0,0.0
garden_tools,b74d1c09cb380e1d03a6f859c6f4224b,3,0,0.0
garden_tools,b7d5b4b87af9d42b601865d3f3810bff,2,0,0.0
garden_tools,bb7a14e229b1c95156719c3d9552eeee,3,0,0.0
garden_tools,bbad7e518d7af88a0897397ffdca1979,2,1,0.5
garden_tools,bc302730ea8cf49b5c74f579febb5bbf,2,0,0.0
garden_tools,bd0389da23d89b726abf911cccc54596,2,0,0.0
garden_tools,bd15ee794d5e640d9dd71b665b2ab15b,1,0,0.0
garden_tools,be9a160a9011f627c3e121d076c1ec7b,6,0,0.0
garden_tools,bfd938b22bc99bce1ae60dc602889f52,1,0,0.0
garden_tools,c4fb51fb1c5b7c07bc5e67be6e7e8f6e,2,0,0.0
garden_tools,c611f4ce9ce875bcc063fa97fd4d7d12,1,0,0.0
garden_tools,c731d18cea9bf687ffee82a241c25b11,1,0,0.0
garden_tools,c8417879a15366a17c30af34c798c332,14,0,0.0
garden_tools,c847e075301870dd144a116762eaff9a,1,0,0.0
garden_tools,c9a06ece156bb057372c68718ec8909b,11,0,0.0
garden_tools,c9c7905cffc4ef9ff9f113554423e671,2,0,0.0
garden_tools,cb6c9f5888a7a090c75beaf615925792,7,0,0.0
garden_tools,cfa5ab0e4d3fc212fd0b3410e7081c62,1,0,0.0
garden_tools,d101c6da914ae3d53f7bee42283f2fe2,3,0,0.0
garden_tools,d1c7fa84e48cfa21a0e595167c1c500e,6,0,0.0
garden_tools,d1ef48b38baca7e831711c4a0aeb398f,8,0,0.0
garden_tools,d36b07fd3c5088e477a72d1fccfe29d4,1,0,0.0
garden_tools,d379f449f2a3b271bc01c0782020f705,6,0,0.0
garden_tools,d50d79cb34e38265a8649c383dcffd48,46,0,0.0
garden_tools,d6b664fa0667064c6d76394e7848d790,6,0,0.0
garden_tools,d7827b2af99326a03b0ed9c7a24db0d3,1,0,0.0
garden_tools,d91fb3b7d041e83b64a00a3edfb37e4f,12,0,0.0
garden_tools,d9442042130b7fe579d1295f9f4a248f,4,0,0.0
garden_tools,daeb5653dd96c1b11860f72209795012,1,0,0.0
garden_tools,dee656f0f566ed1aa85bd137c943f08f,4,0,0.0
garden_tools,df560393f3a51e74553ab94004ba5c87,19,0,0.0
garden_tools,dfc475d54e1b6dbeeb7d7d9bdaa63827,1,0,0.0
garden_tools,dfc5fb7259bb2b599ca565e6e9448f0f,30,0,0.0
garden_tools,dff87e4de60c9736ce8df835951b09bc,1,0,0.0
garden_tools,e26901d5ab434ce92fd9b5c256820a4e,69,1,0.014492753623188406
garden_tools,e5a38146df062edaf55c38afa99e42dc,8,0,0.0
garden_tools,e601b04acf48b4576e73ddca9481f0dc,5,0,0.0
garden_tools,e882b2a25a10b9c057cc49695f222c19,2,0,0.0
garden_tools,e9511df20ccd82658a30c37b7fb343af,6,0,0.0
garden_tools,e9729944ba65dc3ce425e0c5a22ae7b2,4,0,0.0
garden_tools,e99e927c81e3f51739c94fcdfca9f10f,14,0,0.0
garden_tools,ea65d8b58316a6f2362f2a9e4b3e86ad,1,0,0.0
garden_tools,eb72802c83dc7547529c9546d1a9b8ef,2,0,0.0
garden_tools,eeb6de78f79159600292e314a77cbd18,66,1,0.015151515151515152
garden_tools,efff9341f3f8f5237b44ff67ed36a7bf,3,0,0.0
garden_tools,f19516b9ff26bfeb091b30108db4ddbd,1,0,0.0
garden_tools,f2336e113377dd21c744d9c4fc8293a9,3,0,0.0
garden_tools,f266295f49a28eee21f413e0cbb0521d,1,0,0.0
garden_tools,f26d70155c2b6326fcfa1780c8c684e4,1,0,0.0
garden_tools,f524ad65d7e0f1daab730ef2d2e86196,1,0,0.0
garden_tools,f63d8f293af3a6454377546bd9dd19ff,11,0,0.0
garden_tools,f67efa3f0b6761102a7f8c6b7b571f5d,3,0,0.0
garden_tools,f680f85bee2d253556ac91be391d2c82,13,1,0.07692307692307693
garden_tools,f7720c4fa8e3aba4546301ab80ea1f1b,22,0,0.0
garden_tools,f8db351d8c4c4c22c6835c19a46f01b0,41,0,0.0
garden_tools,f918546be4bec7104d117789ba758b2b,20,0,0.0
garden_tools,f9244d45189d3a3605499abddeade7d5,4,0,0.0
garden_tools,f97e2b0650c2068227e1d366140eb62f,3,0,0.0
garden_tools,f9a02f1922d1de564392e656d82b3fda,1,0,0.0
garden_tools,feb793c88d836c3a75efa4b5a3465d70,1,0,0.0
garden_tools,ff063b022a9a0aab91bad2c9088760b7,44,0,0.0
garden_tools,ffa6adafb71b807dc13159e26431354c,2,0,0.0
garden_tools,ffc470761de7d0232558ba5e786e57b7,4,0,0.0
health_beauty,00ab3eff1b5192e5f1a63bcecfee11c8,1,0,0.0
health_beauty,011b0eaba87386a2ae96a7d32bb531d1,1,0,0.0
health_beauty,01bcc9d254a0143f0ce9791b960b2a47,11,0,0.0
health_beauty,01fd077212124329bac32490e8ef80d9,13,0,0.0
health_beauty,01fdefa7697d26ad920e9e0346d4bd1b,129,0,0.0
health_beauty,02f623a8eb246f3c5f7c2f96462654e6,3,0,0.0
health_beauty,04308b1ee57b6625f47df1d56f00eedf,94,0,0.0
health_beauty,04aba03279157f6d4e0fe8ccaf21963c,16,0,0.0
health_beauty,0570350b23eda5444f8d1d9544932058,4,0,0.0
health_beauty,058fd0aa2bfdb2274e05e1ae971dabb6,1,0,0.0
health_beauty,05ff92fedb5be47920fea08e501238b9,11,0,0.0
health_beauty,062ce95fa2ad4dfaedfc79260130565f,4,0,0.0
health_beauty,0691148aee60ca47977c187804f935ae,2,0,0.0
health_beauty,06a2c3af7b3aee5d69171b0e14f0ee87,388,4,0.010309278350515464
health_beauty,06bb3a2fe5e7b7a845b13e8fb91bd944,17,0,0.0
health_beauty,0743a0239d764b9a0f959a57d07e36ab,1,0,0.0
health_beauty,0747d5bb69f0586cc869d8af4c50f93e,1,0,0.0
health_beauty,0761743cbffb25d7148189e9f1a5f03a,2,0,0.0
health_beauty,08633c14ef2db992c11f840f04fad4cd,8,0,0.0
health_beauty,08d2d642cf72b622b14dde1d2f5eb2f5,1,0,0.0
health_beauty,08f5819815f3d06545011850bd70f0a8,3,0,0.0
health_beauty,093805f8f2aeb63881444571e1f48f30,22,0,0.0
health_beauty,094ced053e257ae8cae57205592d6712,11,0,0.0
health_beauty,0951a6e282947e09cd47969f4ed0b47f,1,0,0.0
health_beauty,09883d9ab71c8fe8a9bfc7fc3075b07e,4,0,0.0
health_beauty,0ac4201fda2c68ebc0e47cb9423cf3c9,10,1,0.1
health_beauty,0b1ca3ef18a63d7eb0c8897fa0849c08,1,0,0.0
health_beauty,0b64bcdb0784abc139af04077d49a20e,3,1,0.3333333333333333
health_beauty,0bae85eb84b9fb3bd773911e89288d54,2,0,0.0
health_beauty,0bebbb2cea103a4a020c95d43fd7d754,8,0,0.0
health_beauty,0df3984f9dfb3d49ac6366acbd3bbb85,78,2,0.02564102564102564
health_beauty,0ec28cec4046a4a199b6de9b4c891d97,3,0,0.0
health_beauty,0ef83d7d83ed97cd2a0049ac8be5f88a,27,0,0.0
health_beauty,0f0c984a4a955310903b6b6008660bad,1,0,0.0
health_beauty,0f7eea709efdf942b5f95c7516dbacd7,3,0,0.0
health_beauty,10264f60a8f0a4d2f30810f5c661c673,4,0,0.0
health_beauty,119c7f1a00ef43fad0e57604e76a747c,2,0,0.0
health_beauty,11bfa66332777660bd0640ee84d47006,45,0,0.0
health_beauty,128639473a139ac0f3e5f5ade55873a5,1,0,0.0
health_beauty,128f9bfbe4c7d5185033914b1de3d39a,13,0,0.0
health_beauty,1336efc61c316ddf92c899eb817f7cae,4,0,0.0
health_beauty,138dbe45fc62f1e244378131a6801526,11,0,0.0
health_beauty,13dd308f81fea30cc670c656b2b46cc3,3,0,0.0
health_beauty,13fa2a6c6b9d0f43cb588d7c82117a12,9,0,0.0
health_beauty,141440cad9341e553f8401c574a2aa38,4,0,0.0
health_beauty,1464afc72f696af775557a821c2e253f,5,0,0.0
health_beauty,15aec03fe4cf30dfa574cf550f5ff5ff,1,0,0.0
health_beauty,15b3b1b81484422eb41df68ac87f1f50,2,0,0.0
health_beauty,17e34d8224d27a541263c4c64b11a56b,5,0,0.0
health_beauty,17eea220a40cc0d2c0c5346379682398,4,0,0.0
health_beauty,17f51e7198701186712e53a39c564617,56,0,0.0
health_beauty,184725737946a1a938bbbd1a9e978103,2,0,0.0
health_beauty,18e694e0e48ed6f7aa3f24aade5fd697,3,0,0.0
health_beauty,1b0b0f4f95e962d6f32fe90c759d0479,2,0,0.0
health_beauty,1b4c3a6f53068f0b6944d2d005c9fc89,3,0,0.0
health_beauty,1b7e5006cb25dd23ce8686691013b121,11,0,0.0
health_beauty,1c40343cc5d18c2d8248ac2f3366de34,2,0,0.0
health_beauty,1cbd32d00d01bb8087a5eb088612fd9c,6,0,0.0
health_beauty,1d0646a72178a6fb37ee8082140e06ec,1,0,0.0
health_beauty,1d1bbb8ac1581824986f582583fff01d,3,0,0.0
health_beauty,1da3aeb70d7989d1e6d9b0e887f97c23,25,0,0.0
health_beauty,1eade46fba20122dc4aefb379f8c636b,55,3,0.05454545454545454
health_beauty,2089a6d640999f9b9141ac719b2af596,4,0,0.0
health_beauty,20b54c376b794ed028df09a3cd88e8dc,2,0,0.0
health_beauty,21d59342ba150175ca2aa4f8faddeca6,2,0,0.0
health_beauty,2379bdc3888025689a9deb7b141507d5,2,0,0.0
health_beauty,258447aad3f7b01e2643c89f64dc5647,1,0,0.0
health_beauty,269cff2d3c8d205c11f37a52402ea93b,1,0,0.0
health_beauty,26b482dccfa29bd2e40703ba45523702,1,0,0.0
health_beauty,26d8a1c7c75d513045798992ead43aa2,3,0,0.0
health_beauty,2709af9587499e95e803a6498a5a56e9,17,0,0.0
health_beauty,276677b5d08786d5dce7c2149dcce48b,3,0,0.0
health_beauty,282c7480173bb9c01dd41cc739fec010,5,0,0.0
health_beauty,289cdb325fb7e7f891c38608bf9e0962,5,0,0.0
health_beauty,28a26ebce31d5918b181ede016fd693b,1,0,0.0
health_beauty,28c7d8743fbc8679f484868cc0fcaefb,3,0,0.0
health_beauty,28fb0829fd777877cdc350d25cb5bd5b,4,0,0.0
health_beauty,2a1348e9addc1af5aaa619b1a3679d6b,7,0,0.0
health_beauty,2a5b78b41cd05baeac8df54c6606b92c,47,2,0.0425531914893617
health_beauty,2a61c271b1ac763450d846849783e922,16,0,0.0
health_beauty,2a7dc43cecabf23403078e2188437d1d,7,0,0.0
health_beauty,2a84855fd20af891be03bc5924d2b453,30,0,0.0
health_beauty,2b03ac196f5ed62ac483960fe0fa3b65,4,0,0.0
health_beauty,2ba91c7ad80ff88b23b7db823b43c233,1,0,0.0
health_beauty,2bdb95a56a36ebbc6640337ac5eac174,1,0,0.0
health_beauty,2c3d56f92f360fb89d849b84e8f50eae,3,0,0.0
health_beauty,2d2322d842118867781fc737e96d59a1,8,0,0.0
health_beauty,2dcf93836ae3ce0d7c93e2f10876467a,2,0,0.0
health_beauty,2e1a7d075abe038c1b2743005fe42ff1,14,0,0.0
health_beauty,2e1c9f22be269ef4643f826c9e650a52,97,2,0.020618556701030927
health_beauty,2e7ea2aafec5835e781b21d6d1faf1f1,7,0,0.0
health_beauty,2eb70248d66e0e3ef83659f71b244378,2,0,0.0
health_beauty,2ef086a599b597572aca4433b7ed6b3d,1,0,0.0
health_beauty,2fa13c8bd5705d279f7ed5cc9ec61c68,1,0,0.0
health_beauty,2fb25ab44bdbeae6a4d816e0d0c9d500,1,0,0.0
health_beauty,2ff97219cb8622eaf3cd89b7d9c09824,8,0,0.0
health_beauty,3078096983cf766a32a06257648502d1,10,0,0.0
health_beauty,31da954dc0855f2495c6310f70a2f931,18,0,0.0
health_beauty,325f3178fb58e2a9778334621eecdbf9,10,0,0.0
health_beauty,32f83ffe11cd40f7adcf4eef171f52d9,1,0,0.0
health_beauty,33ab10be054370c254ddfcf0a6253422,4,0,0.0
health_beauty,33fd411ed63a7c2f9005e3f065d9f85d,1,0,0.0
health_beauty,34a557286ead8fe75c989e0afcf7d98c,4,0,0.0
health_beauty,36a968b544695394e4e9d7572688598f,31,0,0.0
health_beauty,376d67b61dce0c990155286e7ae486a4,1,0,0.0
health_beauty,382229d1e840115ffe3dbf5ff460e417,9,0,0.0
health_beauty,3903c788ded8dc03b5ebab37a2f3e9a1,3,0,0.0
health_beauty,392e0502231ae2f8b29994ef6398cd77,19,0,0.0
health_beauty,3be634553519fb6536a03e1358e9fdc7,1,0,0.0
health_beauty,3bfba5a77604f6dfae7e6dd7aaf65821,4,0,0.0
health_beauty,3d2531eccfbde1d7c8db7a3a12fb267a,10,0,0.0
health_beauty,3d5d0dc7073a299e31fa718ce1bc00b6,14,0,0.0
health_beauty,3d8fa2f5b647373c8620330c4e077a9f,12,0,0.0
health_beauty,3dc69bf2c42f0568a5c4791ec3fd3745,2,0,0.0
health_beauty,3e46a38ee171c503c3b4a3f23fe3bf0c,1,0,0.0
health_beauty,3e51f9cbe317bc3a88f2c76583811ee4,1,0,0.0
health_beauty,3f84fefc07dc159b268d4a77d3e8c425,3,0,0.0
health_beauty,3fadb4cba4c35bce6a7eaf9872d5623a,3,0,0.0
health_beauty,3fe7120d6257285ac6a3ce7cb071ccec,2,0,0.0
health_beauty,402916f742e5c740cc751493d9cf5053,6,0,0.0
health_beauty,40d54b51e962dbe09cabbcfd33298dee,24,0,0.0
health_beauty,41e0fa5761c886a630994a55c12087e7,5,0,0.0
health_beauty,427165bf50f8ca07efc7bdc2bfcf1688,5,0,0.0
health_beauty,42b6488f5b8246d9141712abd4b1b693,1,0,0.0
health_beauty,42b729f859728f5079499127a9c2ef37,75,2,0.02666666666666667
health_beauty,430315b7bb4b6e4b3c978f9dfa9b0558,3,0,0.0
health_beauty,431050a06a317f2b38168dec3dcd2b46,11,0,0.0
health_beauty,431af27f296bc6519d890aa5a05fdb11,117,0,0.0
health_beauty,432c67955c0acd1fd6b0b5d678766a71,2,0,0.0
health_beauty,4371b634e0efc0e22b09b52907d9d469,37,0,0.0
health_beauty,43a1d4bab73b816e44ef4e4facd9f9b5,1,0,0.0
health_beauty,44073f8b7e41514de3b7815dd0237f4f,49,0,0.0
health_beauty,4450bd8327d471c4a11a83d1445b1b62,1,0,0.0
health_beauty,44ed138eca6214d572ce1d813fb0049b,1,0,0.0
health_beauty,455befea1bb853c75ccbca94cff26e5c,1,0,0.0
health_beauty,458c6fa920810ce2492da71bc26d9eec,2,0,0.0
health_beauty,458d868c9642f55f18f04e951a3fdde6,2,0,0.0
health_beauty,461ff5303b6c9c1a4a07f40c5aece516,3,0,0.0
health_beauty,4830e40640734fc1c52cd21127c341d4,3,0,0.0
health_beauty,483ca627d131e18f988349b1655c0acd,1,0,0.0
health_beauty,4867209cb29b56b92893d7bde3ce8012,1,0,0.0
health_beauty,4869f7a5dfa277a7dca6462dcf3b52b2,20,0,0.0
health_beauty,48985c61529077fa4f1e38bcff0f2ed3,7,0,0.0
health_beauty,4a82168aaef173cbb6e46ae88728f919,3,0,0.0
health_beauty,4a82c4af97ffc0fb2dc26bfdc03b1842,1,0,0.0
health_beauty,4aba6a02a788d3ec81c03137144d9a80,1,0,0.0
health_beauty,4bcec44888b30ba9001234c534716d3f,5,0,0.0
health_beauty,4be6b962d83299498bae2190f95d6566,1,0,0.0
health_beauty,4bf2f4ee540798a61f9636d12cd9cc80,2,0,0.0
health_beauty,4c18691b6037662be2df78a765d98ab5,2,0,0.0
health_beauty,4c2b230173bb36f9b240f2b8ac11786e,1,0,0.0
health_beauty,4c498c7345e89aebad651544829beca0,28,0,0.0
health_beauty,4d6d651bd7684af3fffabd5f08d12e5a,6,0,0.0
health_beauty,4de6e4ba574aa9dfdc824bc44dc47fdd,9,0,0.0
health_beauty,4e17c65a516f69d023a2ae78b84f28d6,27,0,0.0
health_beauty,4e922959ae960d389249c378d1c939f5,19,0,0.0
health_beauty,4e92348462c75b6c842b994ce84a0ed4,1,0,0.0
health_beauty,4f0d637c1197fd65405ebd755ac9f86b,2,0,0.0
health_beauty,4fe2f67634d00c021aa01f96b6f2d68e,1,0,0.0
health_beauty,508808d438fe2ff972ed13bb8f4a82e2,1,0,0.0
health_beauty,516e7738bd8f735ac19a010ee5450d8d,68,0,0.0
health_beauty,51e0557bc7b86de13e946c60ee91ce39,1,0,0.0
health_beauty,52562a9f449c3dc3d53f5f5b9ed74903,1,0,0.0
health_beauty,528bcf6680c36dddf07620bd35b33a6f,2,0,0.0
health_beauty,52f9db5cfb423382a2fa5c9e39303202,3,0,0.0
health_beauty,53088c75f948b48a7ece173ac17f0c12,2,0,0.0
health_beauty,530ec6109d11eaaf87999465c6afee01,1,0,0.0
health_beauty,542917da124346b47ea1ac79a93ce454,13,0,0.0
health_beauty,5563732abe64c3036cb97ad924128dd1,1,0,0.0
health_beauty,55d3daac7c404d59e51c2aa2f4dc5a23,2,0,0.0
health_beauty,55dedd83e501d8248880557d9073cbfd,8,0,0.0
health_beauty,5659d77e8d90378e39b960ad5956f64e,1,0,0.0
health_beauty,56642bcb79900e777d68e91915cb4267,29,0,0.0
health_beauty,570d4583587a5fe2d47c7be89b91ad27,2,0,0.0
health_beauty,5795aebfe331fbcd02a2c4b679fb7952,5,0,0.0
health_beauty,57e632711dec9ec14ca7546769483e7e,55,0,0.0
health_beauty,58e4b302b54937e55a678c4d15111da4,3,0,0.0
health_beauty,59cea8e446d3834393058e7e0666b6fb,4,0,0.0
health_beauty,59fb871bf6f4522a87ba567b42dafecf,95,0,0.0
health_beauty,5a413ade68e8f8d93071a7f52a64cb9e,14,0,0.0
health_beauty,5a9c0859cb00fd8aa4db443837f0a700,2,0,0.0
health_beauty,5ab05b6d86d417796c69ffd6774ec832,9,1,0.1111111111111111
health_beauty,5b07547f10dd980738a1a27f685af669,12,0,0.0
health_beauty,5b33b527da3c5b969cc99dc435cad09a,1,0,0.0
health_beauty,5b8154610ebb21fb90eb587365e673df,10,0,0.0
health_beauty,5b85809efd0d0e4dea1a9544e1280ed9,11,0,0.0
health_beauty,5bf397d04035b5f45cc41e82ec106803,1,0,0.0
health_beauty,5c243662ce92d84573bfaff24c3e3700,95,0,0.0
health_beauty,5debea795b07621e1f90532e18f96145,24,0,0.0
health_beauty,5e063e85d44b0f5c3e6ec3131103a57e,1,0,0.0
health_beauty,5f1dc28029d2c244352a68107ec2b542,21,0,0.0
health_beauty,5f26c1408a65b42a7224cd463bdf3292,8,0,0.0
health_beauty,6061155addc1e54b4cfb51c1c2a32ad8,4,0,0.0
health_beauty,615c3462099ffa940d37b17dfda19594,2,0,0.0
health_beauty,620c87c171fb2a6dd6e8bb4dec959fc6,356,11,0.03089887640449438
health_beauty,633ecdf879b94b5337cca303328e4a25,6,0,0.0
health_beauty,63bc58679c44e8a998792119fd7ad23e,1,0,0.0
health_beauty,64b87978a11c1ea7501a89eabe8c2c1a,7,0,0.0
health_beauty,659e8466eb3ff1b0e8740d74fb7bbedd,11,0,0.0
health_beauty,66dc1b1632bd6a3e508510c5b3492107,3,0,0.0
health_beauty,670c26e0f1bf8d0576271d5cfaec6d2b,5,0,0.0
health_beauty,679769a98cfcc6da877c8486ff1c13f3,21,0,0.0
health_beauty,681fce914360217db47784ae28905a96,3,0,0.0
health_beauty,6879c4d287a8dd06b11f54ea8f78e4da,3,0,0.0
health_beauty,68f86ba270525243e68ae74044f992b9,11,0,0.0
health_beauty,698f5fa55a5f73d0740e9d9a773e8093,4,0,0.0
health_beauty,6aa3928696eab49a19a466e665a649fd,17,1,0.058823529411764705
health_beauty,6b15924333bd1a741595fe981ea04822,21,0,0.0
health_beauty,6b803197e03abd5056b4313306b4f29d,2,0,0.0
health_beauty,6b90f847357d8981edd79a1eb1bf0acb,16,0,0.0
health_beauty,6bd503a8230299c9316fb0f726933927,2,0,0.0
health_beauty,6c12e40690c335dbc2f68a4134d30dc1,3,0,0.0
health_beauty,6d22a1fcebb6dd08c9cd90b92a93e8d0,8,0,0.0
health_beauty,6d988d6174a2c27441597174f8905515,3,0,0.0
health_beauty,6df688df543f90e9b38f4319e75a9d88,36,0,0.0
health_beauty,6e13dd869aa7185f601c941423abcc8f,5,0,0.0
health_beauty,6e386f64c84e482f0b9abf960797ee1b,30,0,0.0
health_beauty,6eb94e1466490d327a09abf8f3552a50,5,0,0.0
health_beauty,6ebf4eceee4dd9847201c82e77ef8123,1,0,0.0
health_beauty,6ec1a01e866584bb679eb9b098345919,28,0,0.0
health_beauty,6f835fd4be26989b1b064399da346143,2,0,0.0
health_beauty,7040e82f899a04d1b434b795a43b4617,2,0,0.0
health_beauty,709e16e2b25c7474d980076c6bfc4806,44,0,0.0
health_beauty,70a12e78e608ac31179aea7f8422044b,44,0,0.0
health_beauty,70bf57d811208f8923b41bbd499a67a4,1,0,0.0
health_beauty,70f7e8018e3d46c748c92f026aa2585a,1,0,0.0
health_beauty,7178f9f4dd81dcef02f62acdf8151e01,54,0,0.0
health_beauty,720e6cf846ea7572cbb66b743fb91e6c,1,0,0.0
health_beauty,7210cd29727d674c00741e5e387b3ccd,3,0,0.0
health_beauty,72146da5774cabf2632faedcae097a76,1,0,0.0
health_beauty,729b2d09b2a0bdab221076327f13d050,30,0,0.0
health_beauty,7315baebc0572ff220d226283dc66728,1,0,0.0
health_beauty,74bafed391319577bce6f4d2acc0589a,2,0,0.0
health_beauty,74c7dec0a384d8a05950e629bd23bde9,2,0,0.0
health_beauty,750303a20e9c56b2a6bc45cdce0b897d,7,0,0.0
health_beauty,76c47a299e4a8fe992316a85865acbe9,6,0,0.0
health_beauty,7722b1df1b0e383e000397b2c11e3e19,2,0,0.0
health_beauty,777a0c55737f34ffeb78010f7542ab41,4,0,0.0
health_beauty,778323240ce2830d68aab11794e00bfb,3,0,0.0
health_beauty,7957cac1a02f45d0a4a7e45626382ec2,1,0,0.0
health_beauty,7a91bf945c6fae0779f1c61ce97fe45c,5,0,0.0
health_beauty,7b1222c3624aa89b9558b50a2594188c,1,0,0.0
health_beauty,7bac63f6603d382cc8d0832eb6c100a8,1,0,0.0
health_beauty,7c51de0ab286204ce75ff42bf7c10d92,4,0,0.0
health_beauty,7cb946b1ad19faebe28c3e86c2794ec3,1,0,0.0
health_beauty,7d456afc660226829370f3173d14520c,2,0,0.0
health_beauty,7dc8c42cc750eeafea6c85712ffee9bf,6,0,0.0
health_beauty,7ddcbb64b5bc1ef36ca8c151f6ec77df,10,0,0.0
health_beauty,7e1fb0a3ebfb01ffb3a7dae98bf3238d,129,7,0.05426356589147287
health_beauty,7e26c750b4cb9f6766f58265ff9ebe95,3,0,0.0
health_beauty,7e93a43ef30c4f03f38b393420bc753a,2,0,0.0
health_beauty,7f7b8245c336066a1f9933c359f11d77,25,0,0.0
health_beauty,8090490573c6c0aa343a7231ebcb8c86,13,0,0.0
health_beauty,81336a0f57a33776419727a300249e90,2,0,0.0
health_beauty,82bd0703a4aefd6b599e5bfdaed378fb,13,0,0.0
health_beauty,82cb9f452fe8334df74b22d37824b431,2,0,0.0
health_beauty,83645b1645cdee8953ee54c29ceed564,5,0,0.0
health_beauty,8444e55c1f13cd5c179851e5ca5ebd00,9,0,0.0
health_beauty,8476243f92442881ddd5b578975cf115,7,0,0.0
health_beauty,84deb808079d1be601c209c1e771b1cc,2,0,0.0
health_beauty,851773c885feb5e2da3b4f82bc2b17ce,10,0,0.0
health_beauty,85ecf03781da592876b7844acc1b729f,2,0,0.0
health_beauty,86bf77bdb52e615674772d5817c6212f,3,0,0.0
health_beauty,87b4428a334b8f676fd9a7f3bf544fb5,1,0,0.0
health_beauty,889009a0ed0bb52c87819941192931b8,1,0,0.0
health_beauty,89c127985a8b130cfa45c1d36764017a,1,0,0.0
health_beauty,89f69225956f951295ca4c7fb1266553,1,0,0.0
health_beauty,8a9260f2b0340411d6d2a56bcf4f7378,1,0,0.0
health_beauty,8ab42aa58097fd4668d60cc648225d5f,1,0,0.0
health_beauty,8b181ee5518df84f18f4e1a43fe07923,1,0,0.0
health_beauty,8b2492b7ff4468839593fafeed55bad9,29,0,0.0
health_beauty,8b28d096634035667e8263d57ba3368c,62,1,0.016129032258064516
health_beauty,8bd0e3abda539b9479c4b44a691be1ec,7,0,0.0
health_beauty,8c16d1f32a54d92897cc437244442e1b,1,0,0.0
health_beauty,8c5e007d7bd5693fa1386ffefbc99f6c,9,0,0.0
health_beauty,8c91bfea4263b8fba54081460693e2a1,2,0,0.0
health_beauty,8d956fec2e4337affcb520f56fd8cbfd,13,0,0.0
health_beauty,8daab2245ebdc277c51098d01c5ad8ef,1,0,0.0
health_beauty,8e2b3afb420011ef0c88c9d5f11ea526,1,0,0.0
health_beauty,8f54d64f28a993550aa7943f12572959,15,0,0.0
health_beauty,8fbe2ee446b97e128471be4ce983dc0d,3,0,0.0
health_beauty,8fd3b4468f6425810648177996c14cbd,1,0,0.0
health_beauty,900ba814c251a692506d7834c1218441,88,0,0.0
health_beauty,90b36c5aeb728d5504a39f435bef0c5f,2,0,0.0
health_beauty,916c9de0b5ad957346eeeb12f332687e,22,0,0.0
health_beauty,918717417d88a9f9ae9735567e6c7682,2,0,0.0
health_beauty,92d14edfb62ee5ae7fdff70b0f4e7233,4,0,0.0
health_beauty,939e6227d6964a11a70aa91243e418f2,4,0,0.0
health_beauty,94144541854e298c2d976cb893b81343,63,0,0.0
health_beauty,9449f25aeaf531019b76999ea49a6949,10,0,0.0
health_beauty,94ca168e8bcb407ab85c5da308863027,4,0,0.0
health_beauty,955fee9216a65b617aa5c0531780ce60,111,1,0.009009009009009009
health_beauty,95e03ca3d4146e4011985981aeb959b9,3,0,0.0
health_beauty,96e5dc09087bad639b4ee193104ec2e5,1,0,0.0
health_beauty,974cf2cb8f4b7add98709c30df02fe10,1,0,0.0
health_beauty,979e9f8b5b39dd243a2550c8b05aecf0,3,0,0.0
health_beauty,985c92cc412091f8529c12d7f23d3fef,12,0,0.0
health_beauty,9a208dee8f95cfdf00760c4d627828ec,1,0,0.0
health_beauty,9b00ed88b7fdb95d6ff76e27c1b52d16,1,0,0.0
health_beauty,9b013e03b2ab786505a1d3b5c0756754,54,0,0.0
health_beauty,9bc484c87d79cd4874e05ca182658045,2,0,0.0
health_beauty,9cad4b68bb993ee401a3c5aaa2bc26dd,5,0,0.0
health_beauty,9d5a9018aee56acb367ba9c3f05d1d6a,1,0,0.0
health_beauty,9dc79dd988ac42f4d56c340d7048420a,4,0,0.0
health_beauty,9f50216bfd01913736a55a11b55ea842,1,0,0.0
health_beauty,9fc70243fb26800cba56e8f014797004,2,0,0.0
health_beauty,a06c8ff043abea0528ee44171e2140a2,1,0,0.0
health_beauty,a1474fd46fd3430168f7ec202da39408,1,0,0.0
health_beauty,a1bea7061f61f6fdd9a85a6325ba1033,1,0,0.0
health_beauty,a21c11ec5c3f03e7cc9f9203bff9e1c6,1,0,0.0
health_beauty,a3a38f4affed601eb87a97788c949667,2,0,0.0
health_beauty,a416b6a846a11724393025641d4edd5e,152,1,0.006578947368421052
health_beauty,a420f60ff1aa9acc80d0e42959f2b313,10,0,0.0
health_beauty,a435b009cd956ea60748b5cfbddf2e24,1,0,0.0
health_beauty,a5a1bfcf728ab0e19182959cf0771ee4,2,0,0.0
health_beauty,a5cba26a62b8b4d0145b68b841e62e7f,28,0,0.0
health_beauty,a5dd1946fb63ada8bcaa0c9cd8f11e22,3,0,0.0
health_beauty,a63bfbaa882c8f4542891b4e2246cc7f,7,0,0.0
health_beauty,a64e44665225d19dfc0277eeeaaccc57,6,0,0.0
health_beauty,a673821011d0cec28146ea42f5ab767f,1,0,0.0
health_beauty,a69aa24cec11168e7e39a3fbc727e925,3,0,0.0
health_beauty,a7d0f8dd44f57ef6de7f7f02e3d82630,1,0,0.0
health_beauty,aa1eb17b9fdf6dfd546e25c45c7b9235,3,0,0.0
health_beauty,aac51c486b672a9850d59f3e84b1cf88,1,0,0.0
health_beauty,abcd2cb37d46c2c8fb1bf071c859fc5b,45,0,0.0
health_beauty,abe42c5d03695b4257b5c6cbf4e6784e,41,0,0.0
health_beauty,ad420dd0c4f92f8af951ac24b86d0cf5,38,2,0.05263157894736842
health_beauty,aded58c8142dedc5494a81f948431fab,2,0,0.0
health_beauty,ae45df84722b1d15c5f32b23a095746c,9,0,0.0
health_beauty,b01c2b7b8599b325103ebcddc67413e1,4,0,0.0
health_beauty,b026643914f651e8371425e5b8a1e780,1,0,0.0
health_beauty,b05b432bf68945d4d9783f9e3ca29ee8,2,0,0.0
health_beauty,b0f2a6122a90a93eb03e68653dd960e3,4,0,0.0
health_beauty,b16d3dadc47d4eb18be3d88bad0775ce,2,0,0.0
health_beauty,b17b679f4f5ce2e03ce6968c62648246,52,0,0.0
health_beauty,b18dc380845b24038cfc48006478f099,43,0,0.0
health_beauty,b1aaae6b66ad3c40f54b389d7ea4bee0,1,0,0.0
health_beauty,b1fecf4da1fa2689bccffa0121953643,18,1,0.05555555555555555
health_beauty,b2ac621f0d0322434d04a12b078b9369,28,0,0.0
health_beauty,b2ba3715d723d245138f291a6fe42594,17,0,0.0
health_beauty,b2c97074649f92197d9387d9033dda5f,7,0,0.0
health_beauty,b494891378bd8f4560abe576c52deacd,19,0,0.0
health_beauty,b499c00f28f4b7069ff6550af8c1348a,14,0,0.0
health_beauty,b566ab0ef88016e00422755e305103c6,2,0,0.0
health_beauty,b56906f7fd1696e043f1bcce164c487b,36,0,0.0
health_beauty,b5b800c4065bebf4d3442311c9857344,1,0,0.0
health_beauty,b6f52e346160519c24a23af05410ad32,1,0,0.0
health_beauty,b74d1c09cb380e1d03a6f859c6f4224b,1,0,0.0
health_beauty,b83cedfb587e7911540e3f576d6917ce,23,0,0.0
health_beauty,b88e7c57cb2d8b973b7dd4a2bfa14b36,4,0,0.0
health_beauty,b90e891671cffd9557f33a97dc523645,24,0,0.0
health_beauty,bb3dca718920a4d7ec3cc9ffb025108b,2,0,0.0
health_beauty,bba3293d6f5d5af2f415e004e8b93ae3,16,0,0.0
health_beauty,bbf9ad41dca6603e614efcdad7aab8c4,14,0,0.0
health_beauty,bc07d855eac23aab5ac8a120f21d16b2,8,0,0.0
health_beauty,bc8c8d665ec4664d286be0d521722b19,1,0,0.0
health_beauty,bccf933e006e9b94a6184af782963e77,45,0,0.0
health_beauty,bd1d49a326abfa9b1036772e40445430,12,0,0.0
health_beauty,bd4431c1a8dfa744b59e1e2a8bc99b9e,7,0,0.0
health_beauty,be67f78487e2cecb0d55bc769709e4f5,1,0,0.0
health_beauty,be7a093e5b4d147b36b72bb1f9e415e5,1,0,0.0
health_beauty,beadbee30901a7f61d031b6b686095ad,55,0,0.0
health_beauty,bede56095ba33c42038fb85f707b8a42,2,0,0.0
health_beauty,bf00385a5f7fc1ef39a13c2e9ee50a5f,3,0,0.0
health_beauty,bf100ecb7997df312b285358fb32f92c,7,0,0.0
health_beauty,bf84056e679dbe9c69929847a40e338f,35,0,0.0
health_beauty,bfd938b22bc99bce1ae60dc602889f52,2,0,0.0
health_beauty,c1552b1dab6e6f760950368ae61fb600,2,0,0.0
health_beauty,c161d1327ebc3a156c09582ab2f59f6c,1,0,0.0
health_beauty,c353f8fc0ce8344999f17d578eb69a5e,2,0,0.0
health_beauty,c35672b10ad50968f567ea3f4b91e877,16,1,0.0625
health_beauty,c3f5668699a1b04c0fa61ecea1e2bff6,1,0,0.0
health_beauty,c447f8dd3ed213f291d65ef074a268eb,2,0,0.0
health_beauty,c60b801f2d52c7f7f91de00870882a75,1,0,0.0
health_beauty,c6381b1321d7d97717a5bb4ed5b77882,1,0,0.0
health_beauty,c68fb906c8f4b4b946d8386bfa6e5467,1,0,0.0
health_beauty,c70a353f02429c00775a46a75fb787da,6,0,0.0
health_beauty,c70c1b0d8ca86052f45a432a38b73958,253,8,0.03162055335968379
health_beauty,c794dab4928dd97beb41d05514441e86,16,0,0.0
health_beauty,c7dcd301ecfe5ab7f778ac172cf74be7,3,0,0.0
health_beauty,c8143b3069f6746a77421b5ce30a450c,1,0,0.0
health_beauty,c8665a4dd081a2c436b1cd921079d0d9,1,0,0.0
health_beauty,c8e135e7b21ecbc36c1153a29d2f5a06,7,0,0.0
health_beauty,c9aafcd0621b2207c10e32c649cada4d,44,0,0.0
health_beauty,ca4b77513ac2040591b0d8fae6958380,14,0,0.0
health_beauty,ca77545ca4d2dfd1431bf61334e2fa3c,1,0,0.0
health_beauty,ca7c6bd577e559472af1c699de9e764e,6,0,0.0
health_beauty,cac876b37d3abcd6bd76caca30277996,3,0,0.0
health_beauty,cb810bd318f51b3dc3c753944d61a1fa,1,0,0.0
health_beauty,cbd996ad3c1b7dc71fd0e5f5df9087e2,71,1,0.014084507042253521
health_beauty,cc1f04647be106ba74e62b21f358af25,1,0,0.0
health_beauty,cc3d14116804f7209f3884f6367f1152,1,0,0.0
health_beauty,cc419e0650a3c5ba77189a1882b7556a,1008,40,0.03968253968253968
health_beauty,ccc4bbb5f32a6ab2b7066a4130f114e3,181,1,0.0055248618784530384
health_beauty,cd68562d3f44870c08922d380acae552,3,0,0.0
health_beauty,cda598c48d7c614bc1cad7d8ff6f0010,4,0,0.0
health_beauty,ce27a3cc3c8cc1ea79d11e561e9bebb6,16,0,0.0
health_beauty,ce4755084bc097113867e6454f8f5e52,1,0,0.0
health_beauty,ceaec5548eefc6e23e6607c5435102e7,1,0,0.0
health_beauty,ceb7b4fb9401cd378de7886317ad1b47,1,0,0.0
health_beauty,d06d019f72a04e5497a0b64190af170c,17,0,0.0
health_beauty,d1c7fa84e48cfa21a0e595167c1c500e,2,0,0.0
health_beauty,d32e3909cfb714fb2a6cb092c85b9c5f,1,0,0.0
health_beauty,d3674f271c91f824f82d24d92011f669,1,0,0.0
health_beauty,d3f39f05462b79a4562d35893a28f159,17,0,0.0
health_beauty,d4a5e99e0dd915df64ba55a7fbd583fd,1,0,0.0
health_beauty,d4f117125b59ce73c3302f88ee40c458,17,0,0.0
health_beauty,d566c37fa119d5e66c4e9052e83ee4ea,10,0,0.0
health_beauty,d63c73efd41eb002280e7ec831424edb,2,0,0.0
health_beauty,d8b8f2cf9ff6ba0389072541cb42498c,1,0,0.0
health_beauty,d9b00a97818674c7f8d8b1ef0e689679,1,0,0.0
health_beauty,d9bd94811c3338dceb4181f3dbc0c73e,9,0,0.0
health_beauty,d9cb0052a666de5308b32f32ad5f1b1c,2,0,0.0
health_beauty,d9e7e7778b32987280a6f2cb9a39c57d,11,0,0.0
health_beauty,da8622b14eb17ae2831f4ac5b9dab84a,241,1,0.004149377593360996
health_beauty,dace965ca58120f92f8d742a9fa1864b,8,0,0.0
health_beauty,daeb5653dd96c1b11860f72209795012,4,0,0.0
health_beauty,db2956745b3a8e9f3785c99f34b5d25e,47,0,0.0
health_beauty,db4350fd57ae30082dec7acbaacc17f9,9,0,0.0
health_beauty,dbc51f5e45d654ecc16cb68e6817ecea,1,0,0.0
health_beauty,dbd66278cbfe1aa1000f90a217ca4695,9,0,0.0
health_beauty,dbdd0ec73a4817971d962698f2fea022,16,0,0.0
health_beauty,dc317f341ab0e22f39acbd9dbf9b4a1f,1,0,0.0
health_beauty,dc7192adf8ba09569261f4a8d576afe0,1,0,0.0
health_beauty,dd58ee93286b0821565574c570e9e1dc,2,0,0.0
health_beauty,de66a66f2dd06bb9ec37aa96987466a3,2,0,0.0
health_beauty,df0f42bc4c2142eacf0eaf2cffd0cfbb,14,0,0.0
health_beauty,dfa0c4c6229ab200a4a1336b4d7128ff,4,0,0.0
health_beauty,e0b162a693bc7f9eab00f783a31d60ea,1,0,0.0
health_beauty,e24d3429d294b2eb200b064ebb035879,19,0,0.0
health_beauty,e24fc9fcd865784fb25705606fe3dfe7,38,0,0.0
health_beauty,e26901d5ab434ce92fd9b5c256820a4e,7,0,0.0
health_beauty,e333046ce6517bd8bb510291d44f0130,5,0,0.0
health_beauty,e3a386fc36e22064434e1fa256f6a9fa,16,0,0.0
health_beauty,e3dd723429d1b23614b7fa85e2c7a853,5,0,0.0
health_beauty,e4ebd3f87bf70440014f07ddda7fbe03,4,0,0.0
health_beauty,e5a38146df062edaf55c38afa99e42dc,41,0,0.0
health_beauty,e5cbe890e679490127e9a390b46bbd20,2,0,0.0
health_beauty,e601b04acf48b4576e73ddca9481f0dc,4,0,0.0
health_beauty,e64d65bc8dbec2accda90c58de5d1246,12,0,0.0
health_beauty,e64ddbe1cbcf4f2fc3092b7c481f3f9d,1,0,0.0
health_beauty,e6a69c4a27dfdd98ffe5aa757ad744bc,5,0,0.0
health_beauty,e81e1f9c3e762e620f3fb60a51499e16,4,0,0.0
health_beauty,e882b2a25a10b9c057cc49695f222c19,1,0,0.0
health_beauty,e8a85b5f3df47be0984c55fd4064dbb4,2,0,0.0
health_beauty,e9779976487b77c6d4ac45f75ec7afe9,148,5,0.033783783783783786
health_beauty,e99e927c81e3f51739c94fcdfca9f10f,7,0,0.0
health_beauty,ea566164622c6b439516ab18062c42cd,11,0,0.0
health_beauty,eb4a59a06b3948e851a7d7a830bcbc42,2,0,0.0
health_beauty,eb72802c83dc7547529c9546d1a9b8ef,2,0,0.0
health_beauty,ebd2d60905fb58271facef5596b620d3,84,0,0.0
health_beauty,ebef8d8c92b4fd3226e5d407bbff21ac,1,0,0.0
health_beauty,ec5c1d94df153d473b37f880977ae58e,1,0,0.0
health_beauty,ecccfa2bb93b34a3bf033cc5d1dcdc69,14,0,0.0
health_beauty,ececbfcff9804a2d6b40f589df8eef2b,64,1,0.015625
health_beauty,ed46f1eb4a638113deb2a1137b5f22e9,4,0,0.0
health_beauty,edb1ef5e36e0c8cd84eb3c9b003e486d,164,2,0.012195121951219513
health_beauty,ede2977fbaf3738583170735ca403f6c,1,0,0.0
health_beauty,ef0ace09169ac090589d85746e3e036f,20,0,0.0
health_beauty,ef2fbc2b607d8492bcffe657a4645434,2,0,0.0
health_beauty,f049a72cf58fd31b11f8919cade515e7,1,0,0.0
health_beauty,f0e103c63864d5405b958d984b6e94c9,4,0,0.0
health_beauty,f0ec6a2adb05c62655a26dd347b8dede,1,0,0.0
health_beauty,f22a247b79dd22ecd91dc8e3b2a1b07c,8,0,0.0
health_beauty,f27e33c6d29b5138fa9967bcd445b6d5,3,0,0.0
health_beauty,f3295428338a40977a03f555246a70f4,4,0,0.0
health_beauty,f3511c85f59f8dec53d140501ee8e7a8,1,0,0.0
health_beauty,f35b3c613c4f7b2275f4185d0a3c59ec,1,0,0.0
health_beauty,f3b80352b986ab4d1057a4b724be19d0,81,1,0.012345679012345678
health_beauty,f3da5b2ff499efb8d4a6d371d175d7dd,5,0,0.0
health_beauty,f46490624488d3ff7ce78613913a7711,83,0,0.0
health_beauty,f4aba7c0bca51484c30ab7bdc34bcdd1,105,0,0.0
health_beauty,f52c2422904463fdd7741f99045fecb6,2,0,0.0
health_beauty,f626e15b7314c267e4429010866f70e9,1,0,0.0
health_beauty,f7ba60f8c3f99e7ee4042fdef03b70c4,192,0,0.0
health_beauty,f84a00e60c73a49e7e851c9bdca3a5bb,80,0,0.0
health_beauty,f84fa566034f5e8e880a07ec624c56af,82,0,0.0
health_beauty,f8db351d8c4c4c22c6835c19a46f01b0,22,0,0.0
health_beauty,fa1c13f2614d7b5c4749cbc52fecda94,1,0,0.0
health_beauty,fad44952713764836814be105382aee5,32,0,0.0
health_beauty,fb503a924a0b9db19d83dd0ac6dbef8c,1,0,0.0
health_beauty,fb89df7f89fd1b8f03fa2acca1ba7364,22,0,0.0
health_beauty,fcb5ace8bcc92f75707dc0f01a27d269,4,0,0.0
health_beauty,fd312b6bf05efac6c3772d5b52205d8a,2,0,0.0
health_beauty,fd386aa7bed2af3c7035c65506c9b4a3,11,0,0.0
health_beauty,fe19dce63ae80346207c6c55713d1023,1,0,0.0
health_beauty,fe2032dab1a61af8794248c8196565c9,3,0,0.0
health_beauty,fec6275253471ace26d209bbaa64cd0f,9,0,0.0
health_beauty,ff1fb4c404b2efe68b03350a8dc24122,2,0,0.0
home_appliances,01cf7e3d21494c41fb86034f2e714fa1,1,0,0.0
home_appliances,080102cd0a76b09e0dcf55fcacc60e05,4,0,0.0
home_appliances,0adac9fbd9a2b63cccaac4f8756c1ca8,10,0,0.0
home_appliances,131fcb0a0c9a47bba4474aacff0f14b7,4,0,0.0
home_appliances,15aac934c58d886785ac1b17953ea898,1,0,0.0
home_appliances,1976a05ecf2996d6ffb7b5430e635fe7,2,0,0.0
home_appliances,23ca5f678e0b3ea6c630b30fa8bf51ea,5,1,0.2
home_appliances,23d7c96d4a1160db1c726b248601b25a,1,0,0.0
home_appliances,2d42ebcda99fd55f6f4bc2f1ca035d50,2,0,0.0
home_appliances,37515688008a7a40ac93e3b2e4ab203f,1,0,0.0
home_appliances,397c4d0c005b6f41f90098ac724e28cb,1,0,0.0
home_appliances,4559697a8f7e637227c2eeaed843baff,34,2,0.058823529411764705
home_appliances,4e922959ae960d389249c378d1c939f5,1,0,0.0
home_appliances,52f9db5cfb423382a2fa5c9e39303202,11,0,0.0
home_appliances,5b8154610ebb21fb90eb587365e673df,1,0,0.0
home_appliances,6a8a889bde935bafa76d7848782dfaf9,4,1,0.25
home_appliances,6b333a05bf188ef3e1f1662a86bd9855,1,0,0.0
home_appliances,6e4a902d1054e4e17aa6eab87fac1c75,3,1,0.3333333333333333
home_appliances,7178f9f4dd81dcef02f62acdf8151e01,3,0,0.0
home_appliances,741f8c587cb4248ebc5b779a0e8e0e51,1,0,0.0
home_appliances,7ade73f1b9b4e965f9009a4c3a7e2c15,7,0,0.0
home_appliances,7bac63f6603d382cc8d0832eb6c100a8,4,0,0.0
home_appliances,7dc8c42cc750eeafea6c85712ffee9bf,1,0,0.0
home_appliances,820cc752a266cdc6c1a1e61dd4583330,1,0,0.0
home_appliances,8759e7aedd644f487315e5860962f162,3,0,0.0
home_appliances,88cf19ec1fc2c58f161aee259d57142c,4,1,0.25
home_appliances,8de8fe3af4449ed695d2434c933ed73e,1,0,0.0
home_appliances,8f119a0aee85c0c8fc534629734e94fd,3,0,0.0
home_appliances,94e93ce877be27a515118dbfd2c2be41,1,0,0.0
home_appliances,9674754b5a0cb32b638cec001178f799,19,3,0.15789473684210525
home_appliances,a2a41aedb70551d4a85aa04dc2fced48,2,0,0.0
home_appliances,a2deecd5398f5df4987110c80a1972a3,13,1,0.07692307692307693
home_appliances,a5ff20ff766e7f50bd5066f33da14413,1,0,0.0
home_appliances,a7b7354cc588f7566a848bcbb1ce3d96,2,0,0.0
home_appliances,bdf0d02d36a1d839d0c39c4a887cdd49,5,0,0.0
home_appliances,ce248b21cb2adc36282ede306b7660e5,3,2,0.6666666666666666
home_appliances,ceaec5548eefc6e23e6607c5435102e7,1,0,0.0
home_appliances,d1ef48b38baca7e831711c4a0aeb398f,5,0,0.0
home_appliances,d66c305afaec317ebee552073a674429,2,0,0.0
home_appliances,d91fb3b7d041e83b64a00a3edfb37e4f,457,36,0.0787746170678337
home_appliances,dbd66278cbfe1aa1000f90a217ca4695,5,1,0.2
home_appliances,dc50afafdfa325eadc890c7fa42a8f4e,3,0,0.0
home_appliances,e882b2a25a10b9c057cc49695f222c19,11,1,0.09090909090909091
home_appliances,e883aa812c37a7413226856f4579fe91,8,0,0.0
home_appliances,ed8cb7b190ceb6067227478e48cf8dde,1,0,0.0
home_appliances,edb58a1390adf273840030a3d6253829,1,0,0.0
home_appliances,f8db351d8c4c4c22c6835c19a46f01b0,34,0,0.0
home_appliances,ffeee66ac5d5a62fe688b9d26f83f534,14,0,0.0
home_appliances_2,01cf7e3d21494c41fb86034f2e714fa1,13,0,0.0
home_appliances_2,054694fa03fe82cec4b7551487331d74,6,0,0.0
home_appliances_2,13d058e4eeac2ce8217660b2f8a05812,23,0,0.0
home_appliances_2,23d7c96d4a1160db1c726b248601b25a,3,0,0.0
home_appliances_2,240b9776d844d37535668549a396af32,1,0,0.0
home_appliances_2,30c7f28fd3a5897b2c82d152bb760c17,1,0,0.0
home_appliances_2,4917cee8d902e13428c3ec4b1ca6f315,27,0,0.0
home_appliances_2,4e7c18b98d84e05cbae3ff0ff03846c2,1,0,0.0
home_appliances_2,4eb61f060e7dcc1d5a80d806c35cc541,7,0,0.0
home_appliances_2,5194c22ed1f616ec0c0f33c571542879,1,1,1.0
home_appliances_2,51ed72984a04e5dd35c2b27e77179038,5,0,0.0
home_appliances_2,52d76513f0c4d97f3b99570e2c94ee31,5,0,0.0
home_appliances_2,52f9db5cfb423382a2fa5c9e39303202,1,0,0.0
home_appliances_2,53336f97ddbe53e2a617d07b17447b95,1,0,0.0
home_appliances_2,5d3bb11474a06bdc23fb9e89f1164ee0,3,0,0.0
home_appliances_2,5f5a58930c3c35f3b5af264f34fb8c85,1,1,1.0
home_appliances_2,6b333a05bf188ef3e1f1662a86bd9855,3,0,0.0
home_appliances_2,6e4f5ff6b086632ba8dcb558fb10249e,3,0,0.0
home_appliances_2,7b7f91e98f8c6def45a1407923304402,2,0,0.0
home_appliances_2,820c7c9eaf76d2b226b6c242bcf3f34d,1,0,0.0
home_appliances_2,820cc752a266cdc6c1a1e61dd4583330,2,0,0.0
home_appliances_2,821fb029fc6e495ca4f08a35d51e53a5,1,0,0.0
home_appliances_2,834f3294fba9f932f56edc879193f925,1,0,0.0
home_appliances_2,8603f0038fe0e52fedd3382d266723de,1,1,1.0
home_appliances_2,86ccac0b835037332a596a33b6949ee1,1,0,0.0
home_appliances_2,8fb791022c1fc8909664f48ab7dc636d,5,0,0.0
home_appliances_2,94e93ce877be27a515118dbfd2c2be41,1,0,0.0
home_appliances_2,9a1aea68d3efa00862ec88c0768037d0,5,0,0.0
home_appliances_2,a414555ce331b8c8aea4a9cb8395194d,3,0,0.0
home_appliances_2,a513150f33f99a06569e9cd5c4bb889b,1,0,0.0
home_appliances_2,ad97a199236354e53fcd91a5a913e9a2,6,0,0.0
home_appliances_2,b2ba3715d723d245138f291a6fe42594,3,0,0.0
home_appliances_2,b839e41795b7f3ad94cc2014a52f6796,2,0,0.0
home_appliances_2,c004e5ea15737026cecaee0447e00b75,1,0,0.0
home_appliances_2,c68fb906c8f4b4b946d8386bfa6e5467,1,0,0.0
home_appliances_2,ce248b21cb2adc36282ede306b7660e5,7,0,0.0
home_appliances_2,ceaec5548eefc6e23e6607c5435102e7,9,0,0.0
home_appliances_2,cfd7ddab722b902f7ac5b5f3ba6d723d,2,0,0.0
home_appliances_2,d17f467e4bf608a510c20d82f4ba3b6b,1,0,0.0
home_appliances_2,d1ef48b38baca7e831711c4a0aeb398f,4,0,0.0
home_appliances_2,d50d79cb34e38265a8649c383dcffd48,6,0,0.0
home_appliances_2,d66c11a9572221d92fbb8c4897db5f9b,2,0,0.0
home_appliances_2,d66c305afaec317ebee552073a674429,3,0,0.0
home_appliances_2,dee656f0f566ed1aa85bd137c943f08f,3,0,0.0
home_appliances_2,e882b2a25a10b9c057cc49695f222c19,34,0,0.0
home_appliances_2,f62d7bb4a613ec758a03342d46b580b2,13,0,0.0
home_comfort_2,05aebce0b5c8f0d41b29b686f2d05fd3,1,0,0.0
home_comfort_2,3b15288545f8928d3e65a8f949a28291,2,0,0.0
home_comfort_2,45d33f715e24d15a6ccf5c17b3a23e3c,1,0,0.0
home_comfort_2,4a3ca9315b744ce9f8e9374361493884,19,1,0.05263157894736842
home_confort,0bf0150d5b9d60d9cd2906003332f085,5,0,0.0
home_confort,11305281b50fff20ae8bb473f8e11876,15,0,0.0
home_confort,1900267e848ceeba8fa32d80c1a5f5a8,2,0,0.0
home_confort,2528513dd95219a6013d4d05176e391a,93,0,0.0
home_confort,2a1348e9addc1af5aaa619b1a3679d6b,2,0,0.0
home_confort,33cbda8716511e27e556dff9d8418bf2,2,0,0.0
home_confort,3dfd3dc96f7f8598eca74e9ac8a2fa31,1,0,0.0
home_confort,43a5d4a57af536fddc96d08be3afdfcb,1,0,0.0
home_confort,4a3ca9315b744ce9f8e9374361493884,225,1,0.0044444444444444444
home_confort,520b493b57809f446cb0a233bb3e25c7,16,0,0.0
home_confort,562f8cfc51f265411f487d07e9c40e7f,2,0,0.0
home_confort,5dceca129747e92ff8ef7a997dc4f8ca,9,0,0.0
home_confort,7dc8c42cc750eeafea6c85712ffee9bf,1,0,0.0
home_confort,94e93ce877be27a515118dbfd2c2be41,7,0,0.0
home_confort,9add47bf45ce8e8c7db6b9cf670b1e09,4,0,0.0
home_confort,b2ba3715d723d245138f291a6fe42594,1,0,0.0
home_confort,d20b021d3efdf267a402c402a48ea64b,1,0,0.0
home_confort,e49c26c3edfa46d227d5121a6b6e4d37,1,0,0.0
home_confort,f35becee938e982bd615edf8ef12bcfb,3,0,0.0
home_confort,f80edd2c5aaa505cc4b0a3b219abf4b8,5,0,0.0
home_construction,01fd077212124329bac32490e8ef80d9,1,0,0.0
home_construction,02ecc2a19303f05e59ce133fd923fff7,8,0,0.0
home_construction,06532f10282704ef4c69168b914b77be,1,0,0.0
home_construction,09f952a5f58d2285b0372551ae8f9b01,14,0,0.0
home_construction,0bae85eb84b9fb3bd773911e89288d54,1,0,0.0
home_construction,1025f0e2d44d7041d6cf58b6550e0bfa,59,0,0.0
home_construction,157c3e4b42f81ac4a44e8b1ca2fe9876,1,0,0.0
home_construction,165b1235e9e9942cb5fae67103576fb0,3,0,0.0
home_construction,18a349e75d307f4b4cc646a691ed4216,2,0,0.0
home_construction,213b25e6f54661939f11710a6fddb871,139,0,0.0
home_construction,270297ead4c65a6cd2593960d2af6b21,4,0,0.0
home_construction,2d22fc3089eb907b29ebff50581fb472,3,0,0.0
home_construction,31eec405c9bb71dec8e2629a92e764fa,1,0,0.0
home_construction,373ee4a3a775a733770ca3f790b8b9ac,1,0,0.0
home_construction,37dd29b36c458d82f74a953c40c43645,7,0,0.0
home_construction,392353362d22cc2c236e1ee81ff19890,1,0,0.0
home_construction,3cfa1358a6caa965278721344c8d76f2,3,0,0.0
home_construction,411f3b52d857390502ee4e4d5ceabc2d,2,0,0.0
home_construction,412a4720f3e9431b4afa1476a1acddbe,1,0,0.0
home_construction,48162d548f5b1b11b9d29d1e01f75a61,19,0,0.0
home_construction,4978a02ea9c8be7a9b5480680f40334e,4,0,0.0
home_construction,4a3ccda38b2129705f3fb522db62ca31,10,0,0.0
home_construction,52d76513f0c4d97f3b99570e2c94ee31,3,0,0.0
home_construction,5733d806668f8712c24b9abaefbfa642,1,0,0.0
home_construction,575df70bde3f9f2b30bf8d2e9910d725,1,0,0.0
home_construction,62c50c1af4dfdc4149d25c5222043d39,3,0,0.0
home_construction,6bb62a4912377c7bfe7cb17b406bc7e6,1,0,0.0
home_construction,7178f9f4dd81dcef02f62acdf8151e01,1,0,0.0
home_construction,762ed976527cddf02787edba70fffa2a,2,0,0.0
home_construction,7681ef142fd2c19048da7430856b5588,2,0,0.0
home_construction,76d5af76d0271110f9af36c92573f765,11,0,0.0
home_construction,7b98de631987e26dd6d803490c43a13c,2,0,0.0
home_construction,7e3f87d16fb353f408d467e74fbd8014,1,0,0.0
home_construction,7ecef8194babfec876ca720714327841,1,0,0.0
home_construction,821fb029fc6e495ca4f08a35d51e53a5,1,1,1.0
home_construction,8378eb36b6b70c5734e83ad7b8cdc3b7,6,0,0.0
home_construction,8648b1e89e9b349e32d3741b30ec737e,10,0,0.0
home_construction,8a130737016f838139d31878787a39c9,50,0,0.0
home_construction,8ca1551acf9832a4cf467bbbac15851f,1,0,0.0
home_construction,8d956fec2e4337affcb520f56fd8cbfd,2,0,0.0
home_construction,8f119a0aee85c0c8fc534629734e94fd,1,0,0.0
home_construction,95e03ca3d4146e4011985981aeb959b9,16,0,0.0
home_construction,964ff64dc05b13811c6d0f41e0aa5f6b,1,0,0.0
home_construction,9d5604a1f112324ad6b2aa552122e0fb,13,0,0.0
home_construction,a23266650e7c84bb93fbbba502137478,3,0,0.0
home_construction,a369d693961cb93b61ca2cc518872a85,7,0,0.0
home_construction,a420f60ff1aa9acc80d0e42959f2b313,2,0,0.0
home_construction,a478c7961d6a992065b24e63b366f90b,7,0,0.0
home_construction,a99504ac23ed125aaf5302af6cc30af9,1,0,0.0
home_construction,b44dbfbf62e52125f3c15d230569ea91,3,0,0.0
home_construction,b566ab0ef88016e00422755e305103c6,2,0,0.0
home_construction,c026ef0d72e9132d9fa112308090c8dc,1,0,0.0
home_construction,c64a2aec32cc408a8a4c6d7c46017f91,9,0,0.0
home_construction,cb41bfbcbda0aea354a834ab222f9a59,12,0,0.0
home_construction,cb6c9f5888a7a090c75beaf615925792,1,0,0.0
home_construction,d6b1ce66b035a475f00c017792ff9769,1,0,0.0
home_construction,d9cd369bffa979d1634f8e1318bf2f1b,3,0,0.0
home_construction,da4d149c0ddbac90557103ac0a0ec356,1,0,0.0
home_construction,dd55f1bb788714a40e7954c3be6df745,1,0,0.0
home_construction,e0a366315b1b726b6c7832d664c0f530,1,0,0.0
home_construction,e3d3b3efac954a60d61be70b7e05b49b,3,0,0.0
home_construction,e433f5fd4050e3352b5d83522b7fe24b,1,0,0.0
home_construction,e62b2d6ac10570a035a30bafcf01d263,1,0,0.0
home_construction,f125f3a310c2e5f822d116147de1e474,3,0,0.0
home_construction,f7720c4fa8e3aba4546301ab80ea1f1b,9,0,0.0
home_construction,fbc14c0cf93505ef89f64665ffa4a7b5,2,0,0.0
home_construction,fd386aa7bed2af3c7035c65506c9b4a3,1,0,0.0
home_construction,fedf2c1386e137f296b3bbf3b635e69d,1,0,0.0
housewares,00720abe85ba0859807595bbf045a33b,12,1,0.08333333333333333
housewares,01cf7e3d21494c41fb86034f2e714fa1,15,0,0.0
housewares,038b75b729c8a9a04b0d07cba7eabe86,2,0,0.0
housewares,0432ead42b6c8a0bdf68154add917fdf,1,0,0.0
housewares,04e38a233f726ef161074ab1c9b0399a,8,0,0.0
housewares,0509040ea3fe50071181bbc359eb7738,7,0,0.0
housewares,054694fa03fe82cec4b7551487331d74,1,0,0.0
housewares,05d2173d43ea568aa0540eba70d2ca76,4,0,0.0
housewares,05feb94f19d094d4b0f9281f0b1d4c99,2,0,0.0
housewares,06579cb253ecd5a3a12a9e6eb6bf8f47,57,2,0.03508771929824561
housewares,066a6914e1ebf3ea95a216c73a986b91,1,0,0.0
housewares,0725b8c0f3f906e58f70cbe76b7c748c,9,1,0.1111111111111111
housewares,077c5fae4bea9500e3737b16f71b9d3a,4,0,0.0
housewares,0791d9fc1e30678ecf03d3e55fa108d3,5,0,0.0
housewares,082e0bf4cb865a6533b1e8e498cc0255,1,0,0.0
housewares,085f6f7e049c996695fb2074fe38d45e,2,0,0.0
housewares,099095b050cfe8eb1ddff5317587e96e,6,0,0.0
housewares,0adac9fbd9a2b63cccaac4f8756c1ca8,86,0,0.0
housewares,0bae85eb84b9fb3bd773911e89288d54,76,0,0.0
housewares,0bb27263628258b8111a0262769fa9db,1,0,0.0
housewares,0be8ff43f22e456b4e0371b2245e4d01,22,0,0.0
housewares,0bfd0b434243adc5c2e1aa6baf19c6aa,2,0,0.0
housewares,0dd184061fb0eaa7ca37932c68ab91c5,53,0,0.0
housewares,0dfbed20065e425d2eaefb101f9816c0,1,0,0.0
housewares,0ed6ce5d87fd9c69eaacaeb778d67235,14,0,0.0
housewares,10ff823eda2b032e2c93d17a7d294736,6,0,0.0
housewares,11305281b50fff20ae8bb473f8e11876,3,0,0.0
housewares,117cfc326c6d50da67ca858ff5c0c852,4,0,0.0
housewares,1336efc61c316ddf92c899eb817f7cae,2,0,0.0
housewares,138dbe45fc62f1e244378131a6801526,17,0,0.0
housewares,14f2b3587172b9db894c9bad8dab520b,2,0,0.0
housewares,152ee17e4c8aaf53dac99f3462e4999b,4,0,0.0
housewares,1554a68530182680ad5c8b042c3ab563,14,0,0.0
housewares,15aac934c58d886785ac1b17953ea898,2,0,0.0
housewares,165b1235e9e9942cb5fae67103576fb0,1,0,0.0
housewares,17ca9b9e9b9ef8fdb529001b49ebb50f,24,0,0.0
housewares,186cdd1b2df32caa72cfb410bba768d3,6,0,0.0
housewares,1976a05ecf2996d6ffb7b5430e635fe7,2,0,0.0
housewares,19e0f40a907ec568c34bfac15de4f4a1,4,0,0.0
housewares,1b45169b635ef59425637e9a33eb5fb3,4,0,0.0
housewares,1b4c3a6f53068f0b6944d2d005c9fc89,58,0,0.0
housewares,1c40343cc5d18c2d8248ac2f3366de34,3,0,0.0
housewares,1cbd32d00d01bb8087a5eb088612fd9c,1,0,0.0
housewares,1d503743d2526f03f0c2c89540ee008c,1,0,0.0
housewares,1da3aeb70d7989d1e6d9b0e887f97c23,7,0,0.0
housewares,1e483cc5c76fef08d3ca05f9a8af7d01,2,0,0.0
housewares,1e8c6a4c538f286aee9573239740a4b4,1,0,0.0
housewares,1f7fd2a6fcd5a6fa5d8a4dabc72aaae0,3,0,0.0
housewares,1f867308a0ce13133a4e639ff4de0c02,7,0,0.0
housewares,1fa2d3def6adfa70e58c276bb64fe5bb,1,0,0.0
housewares,1fbe10c70e30765ed1de86d9f7e98409,2,0,0.0
housewares,2039c5e51785b5dde7cf93ccb3b7be2c,1,0,0.0
housewares,20a8b0dc55da94fe74d112082427c84f,1,0,0.0
housewares,2156f2671501a81034d7d07f217609d0,1,0,0.0
housewares,218f991754f360af9c2daa5e0b8e990c,14,0,0.0
housewares,2199e7fe213c16213bf5d6a7eadc9a5d,6,0,0.0
housewares,228e4c1a0be164f613d41c24345f9d2c,5,0,0.0
housewares,23a0ffca143a15b9b5bbdb7d552f626a,1,0,0.0
housewares,23d7c96d4a1160db1c726b248601b25a,1,0,0.0
housewares,240b9776d844d37535668549a396af32,8,0,0.0
housewares,253c025bab43881055aeecde5e2d8b77,2,0,0.0
housewares,25e6ffe976bd75618accfe16cefcbd0d,1,0,0.0
housewares,276677b5d08786d5dce7c2149dcce48b,17,1,0.058823529411764705
housewares,282f23a9769b2690c5dda22e316f9941,10,0,0.0
housewares,28872dc528e978a639754bc8c2ce5a4c,1,0,0.0
housewares,297d5eccd19fa9a83b2630071ff105e4,8,0,0.0
housewares,2a7dc43cecabf23403078e2188437d1d,10,0,0.0
housewares,2a84855fd20af891be03bc5924d2b453,13,0,0.0
housewares,2aa3443d7bf9d9bb11133f420d75e083,2,0,0.0
housewares,2bf28e311bba65237358230cabac3f15,1,0,0.0
housewares,2d20f1cd18725c91147da0791d498022,1,0,0.0
housewares,2dcf93836ae3ce0d7c93e2f10876467a,7,0,0.0
housewares,2ea0861cc19e94cad86438c984c52da4,2,0,0.0
housewares,2ec6e37d992a95eaddb3369dcbcc76d9,2,0,0.0
housewares,2f74af7a0ee5636f12c2336f9fffed47,1,0,0.0
housewares,2f9b7ce230a057a98a9f5df5893ee36c,2,0,0.0
housewares,2ff97219cb8622eaf3cd89b7d9c09824,36,0,0.0
housewares,3078096983cf766a32a06257648502d1,10,0,0.0
housewares,3092c0b297aacfb4bb6e056ebe13b9b8,7,0,0.0
housewares,31561f325664a8a7aba4c8d0c3a9b3db,2,0,0.0
housewares,31be790e64fc99f8ff48ec2bd18a3104,6,0,0.0
housewares,32b8764b4ef628b53608fc34011fcc13,36,0,0.0
housewares,32f1bb9dfa65bc7df5c0d9d95a616be4,3,0,0.0
housewares,3361277dc30b7cccdb0c286b24219756,4,0,0.0
housewares,33a17d60c64393351ebf1ef860f4e0f2,43,0,0.0
housewares,33cbda8716511e27e556dff9d8418bf2,1,0,0.0
housewares,33d677f27a69b84051204ee4ae76eaca,2,0,0.0
housewares,33dd941c27854f7625b968cc6195a552,5,0,0.0
housewares,3504c0cb71d7fa48d967e0e4c94d59d9,7,0,0.0
housewares,35281d148dcf7134bae913c57db4e6da,1,0,0.0
housewares,3785b653b1b82de85ab47dd139938091,20,1,0.05
housewares,38102b031c2a15e54623d711bfc753d3,3,0,0.0
housewares,382229d1e840115ffe3dbf5ff460e417,12,0,0.0
housewares,38e679b9e0064cd94c6f035707344dae,11,0,0.0
housewares,3903c788ded8dc03b5ebab37a2f3e9a1,2,0,0.0
housewares,3968920b9aa752ab98f7d5888c9252f2,5,0,0.0
housewares,3969863bb8af7f72580b3b1ffd3a17b3,3,0,0.0
housewares,397c4d0c005b6f41f90098ac724e28cb,1,0,0.0
housewares,3ab971ce71839580d2ae5b4e40fe8044,29,0,0.0
housewares,3be5841cdcc46de4ed3f9116f104b2c5,1,0,0.0
housewares,3be634553519fb6536a03e1358e9fdc7,56,0,0.0
housewares,3c3017960b2dbd72711a61f0400aab8f,1,0,0.0
housewares,3d0cd21d41671c46f82cd11176bf7277,1,0,0.0
housewares,3d4824f20035949c710eaf111f869d39,1,0,0.0
housewares,3d5d0dc7073a299e31fa718ce1bc00b6,4,0,0.0
housewares,3d8fa2f5b647373c8620330c4e077a9f,9,0,0.0
housewares,3db66a856d18a9cba7c9241fc5221c50,2,0,0.0
housewares,3dfd3dc96f7f8598eca74e9ac8a2fa31,3,0,0.0
housewares,404e1ba01358af4cd63f679b2c4d1fa1,3,0,0.0
housewares,40ec8ab6cdafbcc4f544da38c67da39a,2,0,0.0
housewares,411f3b52d857390502ee4e4d5ceabc2d,1,0,0.0
housewares,4125d9385a25e82d2f72d3a0fd55bc3f,1,0,0.0
housewares,412a4720f3e9431b4afa1476a1acddbe,6,0,0.0
housewares,417a1e6c7321084d2a0ae0d023cfad93,1,0,0.0
housewares,42fa4ee7240e9b8eb4576358ec142ba7,6,0,0.0
housewares,430315b7bb4b6e4b3c978f9dfa9b0558,5,0,0.0
housewares,432c37c9dfba871172ec162e20118b8c,15,0,0.0
housewares,43b2c864251aa0ce4030c746984e088a,1,0,0.0
housewares,440dd6ab244315c632130ecfb63827b1,3,0,0.0
housewares,45ba18c210d42734ec52c0c1c574e9ee,1,0,0.0
housewares,45c20d94d9171b0bcfab3c955e47d67b,2,0,0.0
housewares,46ef1a25845fc051c2998d878354810c,4,0,0.0
housewares,4736e9d642ef4257cd7622516931eb51,3,0,0.0
housewares,4830e40640734fc1c52cd21127c341d4,115,0,0.0
housewares,4992e76a42cb3aad7a7047e0d3d7e729,52,0,0.0
housewares,49e7217cfe4e427191c378ec626d8737,12,0,0.0
housewares,4a1f694197d05fe70026b016a7316b41,2,0,0.0
housewares,4bfc7a4a1cf8d4d2121c27422d9e50b5,26,0,0.0
housewares,4c18691b6037662be2df78a765d98ab5,55,0,0.0
housewares,4e17c65a516f69d023a2ae78b84f28d6,4,0,0.0
housewares,4e8dacf3d38f281ae26c3e0321d92d88,2,0,0.0
housewares,4e922959ae960d389249c378d1c939f5,2,0,0.0
housewares,4eb61f060e7dcc1d5a80d806c35cc541,1,0,0.0
housewares,4ebdc7e6cd6102a022dadc49156d4ea8,5,0,0.0
housewares,5075aaa8404020ae6aa8bf4792099b41,1,0,0.0
housewares,508808d438fe2ff972ed13bb8f4a82e2,2,0,0.0
housewares,520b493b57809f446cb0a233bb3e25c7,26,0,0.0
housewares,528ce32f560edd11add4169f6a5b65be,1,0,0.0
housewares,530ec6109d11eaaf87999465c6afee01,8,0,0.0
housewares,534a01cc6df1e034e05c32028a291fa2,4,0,0.0
housewares,537eb890efff034a88679788b647c564,5,0,0.0
housewares,53e4c6e0f4312d4d2107a8c9cddf45cd,427,4,0.00936768149882904
housewares,5444b12c82f21c923f2639ebc722c1ea,1,0,0.0
housewares,54a1852d1b8f10312c55e906355666ee,2,0,0.0
housewares,55029529919c0123526150bd26ca8f20,1,0,0.0
housewares,556a6409838156ea299c9d1f9e2dde43,4,0,0.0
housewares,5587130f9850696ed7fafbc91c2cee44,2,0,0.0
housewares,55bb6fe5bebe5012e2d7d9928e1128ff,3,0,0.0
housewares,55d3daac7c404d59e51c2aa2f4dc5a23,1,0,0.0
housewares,5721089ba9214e80074f27d5a03fc0eb,2,0,0.0
housewares,575df70bde3f9f2b30bf8d2e9910d725,1,0,0.0
housewares,577719699805dd125d5b6fdde5943bba,6,0,0.0
housewares,57c764b4a836300be881e2ff86e449f9,22,0,0.0
housewares,57df9869a600bd6b7c405f2a862eccfb,5,0,0.0
housewares,594f9aaa48e5bf431f011ddc5669b0d5,14,0,0.0
housewares,596849622429351f47b32e6cae1055ff,1,0,0.0
housewares,59b22a78efb79a4797979612b885db36,84,0,0.0
housewares,59bbc819b99a733f02f0d6b49d1c253d,2,0,0.0
housewares,5a05a16bb50629ee31afab8a6d4c2674,14,0,0.0
housewares,5a4236931428800e9d9cc04af0987118,1,0,0.0
housewares,5b179e9e8cc7ab6fd113a46ca584da81,26,0,0.0
housewares,5b35136197710e16ac5e7b7c2bd4ea85,7,0,0.0
housewares,5c030029b5916fed0986310385ec9009,7,0,0.0
housewares,5cbbd5a299cab112b7bf23862255e43e,17,0,0.0
housewares,5d0363b33554b373851fc1622e4d5f3c,2,0,0.0
housewares,5d3bb11474a06bdc23fb9e89f1164ee0,10,0,0.0
housewares,5db42a6cd9bf1bf0d3aab9582767f168,1,0,0.0
housewares,5de1c80811ce7007f62f00d971236c09,1,0,0.0
housewares,5def4c3732941a971cba8fdee992ede1,1,0,0.0
housewares,5e105f5c9f63f5f1fd75d6cb942e55b1,8,0,0.0
housewares,5f1dc28029d2c244352a68107ec2b542,13,0,0.0
housewares,6219ba2359cfb97f2e38fd4c321eb309,6,0,0.0
housewares,626ab1cd96932367f0eeec2e47046c12,1,0,0.0
housewares,63272377184e969942f7fff221be858d,2,0,0.0
housewares,634964b17796e64304cadf1ad3050fb7,1,0,0.0
housewares,6426d21aca402a131fc0a5d0960a3c90,8,0,0.0
housewares,6481e96574816ead57975da2c0f6d80d,1,0,0.0
housewares,64c9a1db4e73e19aaafd3286dc448c96,1,0,0.0
housewares,6548c2550b6e2d8f18053216e1c7b6f3,3,0,0.0
housewares,65febd49fd28ec955651299159b1f527,35,0,0.0
housewares,668bf321538e5072858eaef6087ce027,1,0,0.0
housewares,671585f5a2af58b6e276bc01003c0d2b,27,0,0.0
housewares,674207551483fec113276b67b0d871ff,1,0,0.0
housewares,6806dad1da97bfb5a9038eac6881f706,1,0,0.0
housewares,681fce914360217db47784ae28905a96,1,0,0.0
housewares,688756f717c462a206ad854c5027a64a,75,0,0.0
housewares,68ca56ce86830f3d31b1b7ec6a54da3e,2,0,0.0
housewares,69b5eaa096c3f9d1e5c398c597f567d6,2,0,0.0
housewares,6a51fc556dab5f766ced6fbc860bc613,1,0,0.0
housewares,6c177e38df6d3f34182b1f1d427231bf,1,0,0.0
housewares,6cd68b3ed6d59aaa9fece558ad360c0a,7,0,0.0
housewares,6d988d6174a2c27441597174f8905515,15,1,0.06666666666666667
housewares,6ec1a01e866584bb679eb9b098345919,3,0,0.0
housewares,6edacfd9f9074789dad6d62ba7950b9c,54,0,0.0
housewares,6f83d9e4da896daae20b9b6b2d3ff8d2,9,0,0.0
housewares,6fa9202c10491e472dffd59a3e82b2a3,3,0,0.0
housewares,7040e82f899a04d1b434b795a43b4617,31,0,0.0
housewares,709e16e2b25c7474d980076c6bfc4806,3,0,0.0
housewares,70a12e78e608ac31179aea7f8422044b,4,0,0.0
housewares,70c0fda4c313d87115644d39e62eec60,1,0,0.0
housewares,70eea00b476a314817cefde4aad4f89a,8,0,0.0
housewares,71271995e85f5b8530be99ed54a91b89,7,0,0.0
housewares,715bbd5ba4e6b74cb0d2f29eb45058b0,4,0,0.0
housewares,717b78b0950b51ed00b1471d858b0edc,5,0,0.0
housewares,725af026f869236a8dd0ceb98564d156,5,0,0.0
housewares,7299e27ed73d2ad986de7f7c77d919fa,72,1,0.013888888888888888
housewares,729f06993dac8e860d4f02d7088ca48a,72,0,0.0
housewares,7357b52d27cbaa90f81a96cbc1279396,11,0,0.0
housewares,739c7d7be81f63812dea0d1b1451c651,2,0,0.0
housewares,73da1880b39c71de2b262bc7720c1494,2,0,0.0
housewares,741f8c587cb4248ebc5b779a0e8e0e51,2,0,0.0
housewares,74636e24f01da9268b0ed88dacd8513e,3,0,0.0
housewares,750303a20e9c56b2a6bc45cdce0b897d,3,0,0.0
housewares,75a4764c108403a7a0575140cb22287c,4,0,0.0
housewares,7681ef142fd2c19048da7430856b5588,1,0,0.0
housewares,76ea5315acb3f5f7ade3cd261faf922a,3,0,0.0
housewares,7722b1df1b0e383e000397b2c11e3e19,90,1,0.011111111111111112
housewares,784ba75dd9d20200c4caed3d7a77141a,2,0,0.0
housewares,78ba5933c21686d1c2f64669c8c459e7,1,0,0.0
housewares,7a188843479798ca813108fa7b959286,1,0,0.0
housewares,7a241947449cc45dbfda4f9d0798d9d0,26,0,0.0
housewares,7aa538dd6e114e503a2e6154ea352253,3,0,0.0
housewares,7adbd3210a7b3cc2235e225eef33574d,3,0,0.0
housewares,7ade73f1b9b4e965f9009a4c3a7e2c15,8,0,0.0
housewares,7b7ed56ae755e2880f2b69632e839c1e,5,0,0.0
housewares,7b7f91e98f8c6def45a1407923304402,8,0,0.0
housewares,7c1fea10b5b006671d608b1d7c446ec4,1,0,0.0
housewares,7c4402417d51474d4d0cda9557340e40,1,0,0.0
housewares,7d7866a99a8656a42c7ff6352a433410,1,0,0.0
housewares,7d7d2b7a51328016102d4528c411d630,4,0,0.0
housewares,7daca0837f033a41a6f3428c18657533,7,0,0.0
housewares,7dc8c42cc750eeafea6c85712ffee9bf,21,0,0.0
housewares,7e3dde9ffba72d5340f9aaf09b4424be,1,0,0.0
housewares,7ecef8194babfec876ca720714327841,2,0,0.0
housewares,7f02656561b680def9986c0795a8a080,2,0,0.0
housewares,7f7b8245c336066a1f9933c359f11d77,1,0,0.0
housewares,813348c996469b40f2e028d5429d3495,178,1,0.0056179775280898875
housewares,821fb029fc6e495ca4f08a35d51e53a5,2,0,0.0
housewares,822166ed1e47908f7cfb49946d03c726,1,0,0.0
housewares,835f0f7810c76831d6c7d24c7a646d4d,34,0,0.0
housewares,84c945f15571830c1a91a33978e94009,2,0,0.0
housewares,870d0118f7a9d85960f29ad89d5d989a,8,0,0.0
housewares,87142160b41353c4e5fca2360caf6f92,1,0,0.0
housewares,888faa8bfb0b159c37de6d898b961c31,3,0,0.0
housewares,8a2d12a90e92f012ce5226fc6592b653,17,0,0.0
housewares,8a432f4e5b471f8da497d7dc517666e2,13,0,0.0
housewares,8b28d096634035667e8263d57ba3368c,28,0,0.0
housewares,8b2d4ab22f42c5cfc338b846decfda60,1,0,0.0
housewares,8c16d1f32a54d92897cc437244442e1b,7,0,0.0
housewares,8ca5b19e0263150d2c57afdde2b3d011,1,0,0.0
housewares,8d92f3ea807b89465643c219455e7369,1,0,0.0
housewares,8e6cc767478edae941d9bd9eb778d77a,100,3,0.03
housewares,8f119a0aee85c0c8fc534629734e94fd,6,0,0.0
housewares,8f78f0903005064036736c7173a5c2ed,1,0,0.0
housewares,8ff1a9df749e454105c55cda13e79143,7,0,0.0
housewares,902c99f1ac505c0d18778b61bcd636f7,3,0,0.0
housewares,90b57083da5d803237da74daec6dcb2b,1,0,0.0
housewares,91f848e9f4be368f4318775aac733370,52,0,0.0
housewares,9261d76c62caaf0b24677c2ceb7f8f20,6,0,0.0
housewares,929f342384a6607afe143d789ade1316,2,0,0.0
housewares,92c8bc6e8f925792247656fed09aad65,1,0,0.0
housewares,9315e491484b1b0081ca166fc164108d,1,0,0.0
housewares,933446e9a59dece7ae9175103820ca8f,2,0,0.0
housewares,93b9a99027bd8bd6af682aff18dd19bf,6,0,0.0
housewares,94231344608e603693b0a8891143f65d,2,0,0.0
housewares,94e93ce877be27a515118dbfd2c2be41,8,0,0.0
housewares,9539213aa8e023c01937bef95dc006da,9,0,0.0
housewares,955fee9216a65b617aa5c0531780ce60,177,3,0.01694915254237288
housewares,9596c870880d900012f2e8e6e30d06d7,1,0,0.0
housewares,95e03ca3d4146e4011985981aeb959b9,42,0,0.0
housewares,95ec4458365c4d11f452ccf538377619,4,0,0.0
housewares,960945e1a9535cbc0cd6ddd35fbe7ae8,2,0,0.0
housewares,9674754b5a0cb32b638cec001178f799,1,0,0.0
housewares,9853a239ab7b7ebbdc3a21248d5b8e1f,5,0,0.0
housewares,98dac6635aee4995d501a3972e047414,91,0,0.0
housewares,98dddbc4601dd4443ca174359b237166,2,0,0.0
housewares,994f04b3718c2bab35c2adfa8afecd2a,44,1,0.022727272727272728
housewares,99a54764c341d5dc80b4a8fac4eba3fb,39,2,0.05128205128205128
housewares,9ac75591b69c3402684b6ce0310f22ee,1,0,0.0
housewares,9b76ad3d04236f76bc71c59470305e13,2,0,0.0
housewares,9baf5cb77970f539089d09a38bcec5c3,15,0,0.0
housewares,9c3a1c416c765687bc79a04113269929,1,0,0.0
housewares,9c54608f0996c32ae4743089d915f845,3,0,0.0
housewares,9c690ceacd5c66731bf443ea810195cb,5,0,0.0
housewares,9d7a1d34a5052409006425275ba1c2b4,1,0,0.0
housewares,9dda5bbacd45e18d6485fee649205d09,1,0,0.0
housewares,9de4643a8dbde634fe55621059d92273,69,0,0.0
housewares,9e25199f6ef7e7c347120ff175652c3b,1,0,0.0
housewares,9e94fa26a70ede4d26226e918e8706a2,1,0,0.0
housewares,9f505651f4a6abe901a56cdc21508025,25,1,0.04
housewares,a06c8ff043abea0528ee44171e2140a2,1,0,0.0
housewares,a218df5c097b0ca409cfaac1488cc7f6,2,0,0.0
housewares,a2e874074c877c5a05abae80ad6e488f,37,0,0.0
housewares,a414555ce331b8c8aea4a9cb8395194d,1,0,0.0
housewares,a420f60ff1aa9acc80d0e42959f2b313,3,0,0.0
housewares,a425f92c199eb576938df686728acd20,1,0,0.0
housewares,a49928bcdf77c55c6d6e05e09a9b4ca5,3,0,0.0
housewares,a5ff20ff766e7f50bd5066f33da14413,1,0,0.0
housewares,a61cc04793308395a840807104365121,1,0,0.0
housewares,a673821011d0cec28146ea42f5ab767f,2,0,0.0
housewares,aac29b1b99776be73c3049939652091d,11,0,0.0
housewares,ab3e0c171fe84a7ba7de130f19cfb485,2,0,0.0
housewares,aba1721a889e04decc910aa13b768ef4,1,0,0.0
housewares,ac6417315ae5da8f9a38ee11de6f7780,2,0,0.0
housewares,aced59e9b31ef866a94f9e7f29d8d418,51,1,0.0196078431372549
housewares,acf974e4d5950ad143a247471b831eb9,2,0,0.0
housewares,ad273c9eb54ecb4532de4bf75bae9e4e,9,0,0.0
housewares,adcf50477d6a1f5d91bb9d54c4903cb5,2,0,0.0
housewares,ae8bfdbf1c2a2a2dee92d799db0a31c6,3,0,0.0
housewares,b19f3ca2ea475913750f25a5c37c8d8f,19,0,0.0
housewares,b2c97074649f92197d9387d9033dda5f,3,0,0.0
housewares,b32be1695eb7ec5f10f72d9610a12527,10,0,0.0
housewares,b335c59ab742f751a85db9c411a86739,13,0,0.0
housewares,b33aaadd1a8891d2dfef0c4c3bdf0371,16,0,0.0
housewares,b347677812ea483b0f528eaf8cbc09b7,20,0,0.0
housewares,b3f19518fcec265b2e97af287725f981,8,0,0.0
housewares,b410bdd36d5db7a65dcd42b7ead933b8,44,0,0.0
housewares,b452cb0ae35044c4a53179c39f49fb06,1,0,0.0
housewares,b499c00f28f4b7069ff6550af8c1348a,13,1,0.07692307692307693
housewares,b586cd24c010a13916af621b0325fbba,1,0,0.0
housewares,b64d51f0435e884e8de603b1655155ae,12,0,0.0
housewares,b6d44737c043328708f6749c2dbe50bd,59,2,0.03389830508474576
housewares,b74d1c09cb380e1d03a6f859c6f4224b,9,0,0.0
housewares,b76a1f8356322f12529c37b67d5c96c2,1,0,0.0
housewares,b7ed9fb14c8eadb37adb9c45d67ab0fb,2,0,0.0
housewares,b8114f2f589a6804810f04f99b36b498,8,0,0.0
housewares,b81e3a6c866a764974fe849821abeebd,6,0,0.0
housewares,b8bc237ba3788b23da09c0f1f3a3288c,45,0,0.0
housewares,b92e3c8f9738272ff7c59e111e108d7c,2,0,0.0
housewares,bb135baca94c82fcb731335ad5b04a03,1,0,0.0
housewares,bb7a14e229b1c95156719c3d9552eeee,1,0,0.0
housewares,bba74270a87732727b5a3b4fd9ac1c39,1,0,0.0
housewares,bbad7e518d7af88a0897397ffdca1979,2,0,0.0
housewares,bc30de0d71bd6260b936a026b5cf7200,3,0,0.0
housewares,bd4ff04377f974574f7f0bf9d6ce7dde,1,0,0.0
housewares,be3b4b0f050a6aa1b2d901c4b77e979f,1,0,0.0
housewares,bf00385a5f7fc1ef39a13c2e9ee50a5f,6,0,0.0
housewares,bfd938b22bc99bce1ae60dc602889f52,2,0,0.0
housewares,c157bdeedcbc9a8e3c8bf0d87ff24428,2,0,0.0
housewares,c1849d4d32d7a6cecd5aa471809d3135,1,0,0.0
housewares,c1f12f926d0ba950578b4fa41115cbb6,1,0,0.0
housewares,c273175f7c6c80fb02f051e2fc6d0d72,1,0,0.0
housewares,c2d70ce2c5d0a2eb75e78668236e6dc8,13,0,0.0
housewares,c4fb51fb1c5b7c07bc5e67be6e7e8f6e,10,0,0.0
housewares,c6381d2d013342748761e906d45aff76,12,0,0.0
housewares,c679fb69a36e1d8349e8c50a217b4d58,13,0,0.0
housewares,c68fb906c8f4b4b946d8386bfa6e5467,30,0,0.0
housewares,c6a7539d424a8402232c2228d7a03c5e,10,0,0.0
housewares,c731d18cea9bf687ffee82a241c25b11,9,0,0.0
housewares,c7b7db6c8f3c64a7cc1afa634db21d50,1,0,0.0
housewares,c840d3fdbba0790404fdae73d253b253,1,0,0.0
housewares,c8417879a15366a17c30af34c798c332,8,0,0.0
housewares,c85d7b477a709c85a1e8b8f25aa1b270,1,0,0.0
housewares,ca3bd7cd9f149df75950150d010fe4a2,67,1,0.014925373134328358
housewares,cac4c8e7b1ca6252d8f20b2fc1a2e4af,3,0,0.0
housewares,cac4e0bc1a3269fa2b6ea5e763f6115b,2,0,0.0
housewares,cac876b37d3abcd6bd76caca30277996,17,0,0.0
housewares,cbf09e831b0c11f6f23ffb51004db972,8,0,0.0
housewares,cc5a78bbad32776dc4e3af205218368c,27,0,0.0
housewares,cc63f0dd2acba93ffed4fe9f8e0321fa,53,1,0.018867924528301886
housewares,cca3071e3e9bb7d12640c9fbe2301306,16,0,0.0
housewares,ccf8813e5a7d6c84d865cd38bfc2b130,1,0,0.0
housewares,cd06602b43d8800bd0afad514919d35c,40,0,0.0
housewares,cd6efc47efaabf134f8bdb654e10b4f1,1,0,0.0
housewares,ce248b21cb2adc36282ede306b7660e5,4,0,0.0
housewares,ce7d1888639e6fb06b2749cbfdac1ff7,70,0,0.0
housewares,ceaec5548eefc6e23e6607c5435102e7,8,0,0.0
housewares,cfd7ddab722b902f7ac5b5f3ba6d723d,6,0,0.0
housewares,d12c926d74ceff0a90a21184466ce161,1,0,0.0
housewares,d17f467e4bf608a510c20d82f4ba3b6b,4,0,0.0
housewares,d1e2fe627180431ffda076abb303c56f,1,0,0.0
housewares,d25aa0aaacb370e912f8cf6efeba38b3,15,0,0.0
housewares,d32e3909cfb714fb2a6cb092c85b9c5f,6,0,0.0
housewares,d379f449f2a3b271bc01c0782020f705,11,0,0.0
housewares,d4ffeb15b67e81ff9af2b4252d99fb7e,1,0,0.0
housewares,d50d79cb34e38265a8649c383dcffd48,14,0,0.0
housewares,d5c530f4884a75ae0dba9c148718d278,2,0,0.0
housewares,d66c305afaec317ebee552073a674429,1,0,0.0
housewares,d7d517afce974cd491b8d52bb5b5b1fc,1,0,0.0
housewares,d921b68bf747894be13a97ae52b0f386,5,0,0.0
housewares,d9442042130b7fe579d1295f9f4a248f,9,0,0.0
housewares,d94a40fd42351c259927028d163af842,97,1,0.010309278350515464
housewares,d94ba08b99bedd6a5f6c875ecc4a6fac,9,0,0.0
housewares,d9a84e1403de8da0c3aa531d6d108ba6,2,0,0.0
housewares,daeb5653dd96c1b11860f72209795012,10,0,0.0
housewares,dbb9b48c841a0e39e21f98e1a6b2ec3e,40,0,0.0
housewares,dc4a0fc896dc34b0d5bfec8438291c80,9,0,0.0
housewares,dd2bdf855a9172734fbc3744021ae9b9,8,0,0.0
housewares,dd5450b022b2d00a2145a66331e1aef6,1,0,0.0
housewares,dd9661d3cda1e6feb237f0c4d8b26f2e,1,0,0.0
housewares,ddd51ae8cda92f3995a51fc0f0f3eec7,8,0,0.0
housewares,de23c3b98a88888289c6f5cc1209054a,2,0,0.0
housewares,dee656f0f566ed1aa85bd137c943f08f,8,0,0.0
housewares,df47da4ae86fa4db890d05aaf24e21d8,3,1,0.3333333333333333
housewares,df91910b6a03bb2e3358fa6a35e32f6f,14,0,0.0
housewares,dfa0c4c6229ab200a4a1336b4d7128ff,36,0,0.0
housewares,dfc475d54e1b6dbeeb7d7d9bdaa63827,18,0,0.0
housewares,e06f09ec0a4aca210779cf1cfc63cf19,6,0,0.0
housewares,e1643dff33666ca629e3644c02738179,1,0,0.0
housewares,e256a62e0ac58c0edfba09966142d561,11,0,0.0
housewares,e26901d5ab434ce92fd9b5c256820a4e,48,0,0.0
housewares,e333046ce6517bd8bb510291d44f0130,48,0,0.0
housewares,e3b4998c7a498169dc7bce44e6bb6277,1,0,0.0
housewares,e3e15e2c0b9700561efac21c6be48066,1,0,0.0
housewares,e45edf75f568ed2f93f78d060e246e25,6,0,0.0
housewares,e504a4e2efaa45cbff7e268a2c58c956,11,0,0.0
housewares,e5a38146df062edaf55c38afa99e42dc,44,0,0.0
housewares,e5c84227854980f1db19a58958c551d9,3,0,0.0
housewares,e5d4b2b0c3bca22085f7a19a28de0c42,2,0,0.0
housewares,e62b2d6ac10570a035a30bafcf01d263,1,0,0.0
housewares,e63e8bfa530fb16910dd6956e592bb81,39,0,0.0
housewares,e6a69c4a27dfdd98ffe5aa757ad744bc,11,0,0.0
housewares,e73bf2cea7fe4b0b4d287a7568ed1099,1,0,0.0
housewares,e82de6494d91d3c4c54450f59b227a94,1,0,0.0
housewares,e883aa812c37a7413226856f4579fe91,1,0,0.0
housewares,e8a85b5f3df47be0984c55fd4064dbb4,3,0,0.0
housewares,e9779976487b77c6d4ac45f75ec7afe9,3,0,0.0
housewares,e99e927c81e3f51739c94fcdfca9f10f,1,0,0.0
housewares,e9b6c33b71b67737693b4cfa68341c8d,1,0,0.0
housewares,ea1776927851da2532aa70d6a32c095a,1,0,0.0
housewares,ea65d8b58316a6f2362f2a9e4b3e86ad,1,0,0.0
housewares,ea6b12bf9ffe2bac34602ec631d97a47,1,0,0.0
housewares,eb5b6204dde3a6e03b5f1bb8479f055b,11,0,0.0
housewares,eb72802c83dc7547529c9546d1a9b8ef,1,0,0.0
housewares,ec21206b7894c503788a684a7bc822a6,1,0,0.0
housewares,ec80e49e69745ab6c14f984bf2149423,12,0,0.0
housewares,ed4311e67debd72b8610a5347a743087,25,0,0.0
housewares,ed859002ad59dbf8cf3602696a6c3000,1,0,0.0
housewares,ed8cb7b190ceb6067227478e48cf8dde,4,0,0.0
housewares,edc518ba25576a0188a0e8f2c3af186f,3,0,0.0
housewares,edd066cd02126d7800f9b66e980e9931,6,0,0.0
housewares,ef2fbc2b607d8492bcffe657a4645434,1,0,0.0
housewares,f0837c8d71434931d9e38e7b79234797,22,0,0.0
housewares,f0b47fbbc6dee9aafe415a6e33051b3f,23,0,0.0
housewares,f0ec78809fe0bc3edb11c9fe5b97b059,2,0,0.0
housewares,f181738b150df1f37cb0bd72e705b193,12,0,0.0
housewares,f1b93673502375d491780bb49d615dbc,2,0,0.0
housewares,f214d28e8d8e3ef068748498ccc2f813,1,0,0.0
housewares,f356c348fbc8df6a882823e21f5ce8b7,2,0,0.0
housewares,f3da5b2ff499efb8d4a6d371d175d7dd,19,0,0.0
housewares,f43827dd686be3a4a80e00aa299990fb,1,0,0.0
housewares,f45122a9ab94eb4f3f8953578bc0c560,4,0,0.0
housewares,f4ce8ca9fa7157e3b33f536ac9a4487d,2,0,0.0
housewares,f52c2422904463fdd7741f99045fecb6,7,0,0.0
housewares,f5f46307a4d15880ca14fab4ad9dfc9b,2,0,0.0
housewares,f61c63d13f7cd800549d5acdd390ae72,17,0,0.0
housewares,f7496d659ca9fdaf323c0aae84176632,7,0,0.0
housewares,f76a3b1349b6df1ee875d1f3fa4340f0,24,0,0.0
housewares,f8db351d8c4c4c22c6835c19a46f01b0,170,1,0.0058823529411764705
housewares,f8f35af4634605e6693c17cc3ffff5a8,1,0,0.0
housewares,f9903dd0f812c7e771fcad47b6fff231,2,0,0.0
housewares,f9ec7093df3a7b346b7bcf7864069ca3,3,0,0.0
housewares,fa7ad8ae9bcb2c4493fdf38e96b1d74f,1,0,0.0
housewares,fadb07c842a2aef5d5a676b85f220e71,2,0,0.0
housewares,fc4751cfe3b279c419615b9b00c1abb4,1,0,0.0
housewares,fd386aa7bed2af3c7035c65506c9b4a3,11,0,0.0
housewares,fdaaf5bfda82b7b80535610c831b8d09,1,0,0.0
housewares,fe87f472055fbcf1d7e691c00b1560dc,6,0,0.0
housewares,febab0275244b9a49a623f0bd613ca2f,102,1,0.00980392156862745
housewares,ffc470761de7d0232558ba5e786e57b7,10,0,0.0
housewares,ffdd9f82b9a447f6f8d4b91554cc7dd3,15,0,0.0
housewares,fffd5413c0700ac820c7069d66d98c89,46,0,0.0
housewares,ffff564a4f9085cd26170f4732393726,1,0,0.0
industry_commerce_and_business,0bb738e4d789e63e2267697c42d35a2d,17,0,0.0
industry_commerce_and_business,0dd184061fb0eaa7ca37932c68ab91c5,91,1,0.01098901098901099
industry_commerce_and_business,23c38debaffe4a25a30fdbd9b586a13f,3,0,0.0
industry_commerce_and_business,282f23a9769b2690c5dda22e316f9941,6,0,0.0
industry_commerce_and_business,2a6fbeaa7ab9e5d59a35841a8da71ce4,1,0,0.0
industry_commerce_and_business,2ff6b7bff164ef05590a52734e1296da,2,0,0.0
industry_commerce_and_business,31ae0774c17fabd06ff707cc5bde005f,1,0,0.0
industry_commerce_and_business,4b39558c138930b9e5489c93b6df5fe3,1,0,0.0
industry_commerce_and_business,52d76513f0c4d97f3b99570e2c94ee31,7,0,0.0
industry_commerce_and_business,5d3bb11474a06bdc23fb9e89f1164ee0,1,0,0.0
industry_commerce_and_business,73a63f72308aa20a46f4b1632018f196,2,0,0.0
industry_commerce_and_business,744dac408745240a2c2528fb1b6028f3,2,0,0.0
industry_commerce_and_business,761681a821d8275bc79f552116d06869,1,0,0.0
industry_commerce_and_business,7681ef142fd2c19048da7430856b5588,22,1,0.045454545454545456
industry_commerce_and_business,76833248bbc0e65a0293ec62023e4396,2,0,0.0
industry_commerce_and_business,76d64c4aca3a7baf218bf93ef7fa768d,19,0,0.0
industry_commerce_and_business,94e93ce877be27a515118dbfd2c2be41,1,0,0.0
industry_commerce_and_business,955fee9216a65b617aa5c0531780ce60,31,0,0.0
industry_commerce_and_business,9596c870880d900012f2e8e6e30d06d7,2,0,0.0
industry_commerce_and_business,9b1ab052f5fca308ba743ac789ebb2e1,1,0,0.0
industry_commerce_and_business,9df5750209b83567ec144eb299d7d634,1,0,0.0
industry_commerce_and_business,c4fb51fb1c5b7c07bc5e67be6e7e8f6e,1,0,0.0
industry_commerce_and_business,d101c6da914ae3d53f7bee42283f2fe2,3,0,0.0
industry_commerce_and_business,dd2bdf855a9172734fbc3744021ae9b9,1,0,0.0
industry_commerce_and_business,e1b12447a7563944843191754aeb5562,1,0,0.0
industry_commerce_and_business,eeb6de78f79159600292e314a77cbd18,9,0,0.0
industry_commerce_and_business,f08a5b9dd6767129688d001acafc21e5,1,0,0.0
industry_commerce_and_business,fac35d150712afb921ec59ac5f39bb11,2,0,0.0
industry_commerce_and_business,ff063b022a9a0aab91bad2c9088760b7,2,0,0.0
kitchen_dining_laundry_garden_furniture,010da0602d7774602cd1b3f5fb7b709e,1,0,0.0
kitchen_dining_laundry_garden_furniture,014c0679dd340a0e338872e7ec85666a,10,0,0.0
kitchen_dining_laundry_garden_furniture,07bf9669d84d1f11be443a9dd938f698,16,0,0.0
kitchen_dining_laundry_garden_furniture,099095b050cfe8eb1ddff5317587e96e,1,0,0.0
kitchen_dining_laundry_garden_furniture,119d1aef1b4144adba89163f6cd9f5d4,2,0,0.0
kitchen_dining_laundry_garden_furniture,13074f016982ff2bd6c58ced8682f000,11,0,0.0
kitchen_dining_laundry_garden_furniture,1b1ae47a313a825a7ccceb8e2e30fa9d,1,0,0.0
kitchen_dining_laundry_garden_furniture,1b938a7ec6ac5061a66a3766e0e75f90,6,0,0.0
kitchen_dining_laundry_garden_furniture,2528513dd95219a6013d4d05176e391a,4,0,0.0
kitchen_dining_laundry_garden_furniture,25be943a321c8938947bdaabca979a90,4,1,0.25
kitchen_dining_laundry_garden_furniture,2a84855fd20af891be03bc5924d2b453,1,0,0.0
kitchen_dining_laundry_garden_furniture,2bf28e311bba65237358230cabac3f15,1,0,0.0
kitchen_dining_laundry_garden_furniture,43402bdf22aa2310e8f99e2f94f78628,2,0,0.0
kitchen_dining_laundry_garden_furniture,4917cee8d902e13428c3ec4b1ca6f315,4,0,0.0
kitchen_dining_laundry_garden_furniture,4e42581f08e8cfc7c090f930bac4552a,1,0,0.0
kitchen_dining_laundry_garden_furniture,5058e8c1e82653974541e83690655b4a,1,0,0.0
kitchen_dining_laundry_garden_furniture,5b179e9e8cc7ab6fd113a46ca584da81,4,0,0.0
kitchen_dining_laundry_garden_furniture,67bf6941ba2f1fa1d02c375766bc3e53,2,0,0.0
kitchen_dining_laundry_garden_furniture,6c7d50c24b3ccd2fd83b44d8bb34e073,18,0,0.0
kitchen_dining_laundry_garden_furniture,70eea00b476a314817cefde4aad4f89a,5,0,0.0
kitchen_dining_laundry_garden_furniture,715bbd5ba4e6b74cb0d2f29eb45058b0,6,0,0.0
kitchen_dining_laundry_garden_furniture,731ef20c231d9a7103a425e83fd91271,2,0,0.0
kitchen_dining_laundry_garden_furniture,7402d13c03a7e91366337cd1de471144,3,0,0.0
kitchen_dining_laundry_garden_furniture,78a4d36f65a019172c6154468831a69f,7,0,0.0
kitchen_dining_laundry_garden_furniture,7dea6f73af847b42cc3985bd620f994d,2,0,0.0
kitchen_dining_laundry_garden_furniture,830379336fad8c6f3b15a4a3ddb5c66e,2,0,0.0
kitchen_dining_laundry_garden_furniture,8603f0038fe0e52fedd3382d266723de,1,0,0.0
kitchen_dining_laundry_garden_furniture,866558b3bccef2dbc6d29a2b5995016f,1,0,0.0
kitchen_dining_laundry_garden_furniture,86ff3eaef0267069cc891a2ed9d10a17,1,0,0.0
kitchen_dining_laundry_garden_furniture,8b9d6eec4a7eb7d0f9d579ce0b38324d,1,0,0.0
kitchen_dining_laundry_garden_furniture,8f78f0903005064036736c7173a5c2ed,1,0,0.0
kitchen_dining_laundry_garden_furniture,955fee9216a65b617aa5c0531780ce60,8,0,0.0
kitchen_dining_laundry_garden_furniture,99a54764c341d5dc80b4a8fac4eba3fb,1,0,0.0
kitchen_dining_laundry_garden_furniture,a673821011d0cec28146ea42f5ab767f,1,0,0.0
kitchen_dining_laundry_garden_furniture,a9415cf907dfa12f9ed18693244f5329,1,0,0.0
kitchen_dining_laundry_garden_furniture,aac29b1b99776be73c3049939652091d,1,0,0.0
kitchen_dining_laundry_garden_furniture,ae8bfdbf1c2a2a2dee92d799db0a31c6,3,0,0.0
kitchen_dining_laundry_garden_furniture,b32be1695eb7ec5f10f72d9610a12527,20,0,0.0
kitchen_dining_laundry_garden_furniture,b92e3c8f9738272ff7c59e111e108d7c,3,0,0.0
kitchen_dining_laundry_garden_furniture,c3ee2331a724e6fc02c4b698b57a73f3,2,0,0.0
kitchen_dining_laundry_garden_furniture,cb5df0dcb9e280b1780e9d589889f2c7,1,0,0.0
kitchen_dining_laundry_garden_furniture,cbf09e831b0c11f6f23ffb51004db972,2,0,0.0
kitchen_dining_laundry_garden_furniture,ccada0ef508e698917a6eab263375905,1,0,0.0
kitchen_dining_laundry_garden_furniture,cd843d4cf8ef32827de0396605163ba3,5,0,0.0
kitchen_dining_laundry_garden_furniture,ce7d1888639e6fb06b2749cbfdac1ff7,3,0,0.0
kitchen_dining_laundry_garden_furniture,cfd7ddab722b902f7ac5b5f3ba6d723d,2,0,0.0
kitchen_dining_laundry_garden_furniture,d3e7d37c0df9aef383f3f2a15b0dddfb,1,0,0.0
kitchen_dining_laundry_garden_furniture,f1198c871e0171278b63f40d112caeec,2,0,0.0
kitchen_dining_laundry_garden_furniture,f80edd2c5aaa505cc4b0a3b219abf4b8,58,0,0.0
kitchen_dining_laundry_garden_furniture,f8db351d8c4c4c22c6835c19a46f01b0,6,0,0.0
kitchen_dining_laundry_garden_furniture,febab0275244b9a49a623f0bd613ca2f,2,0,0.0
la_cuisine,3078096983cf766a32a06257648502d1,1,0,0.0
la_cuisine,c731d18cea9bf687ffee82a241c25b11,12,0,0.0
luggage_accessories,02f5837340d7eb4f653d676c7256523a,30,0,0.0
luggage_accessories,058cb5aeb36d7c0fcae20fc85d5e0a59,11,1,0.09090909090909091
luggage_accessories,0be8ff43f22e456b4e0371b2245e4d01,31,0,0.0
luggage_accessories,0bfd0b434243adc5c2e1aa6baf19c6aa,1,0,0.0
luggage_accessories,12a8eb0f8d1cd3270695bf2a99f55966,2,0,0.0
luggage_accessories,173d56ffbd4c56cb80fc3615487d712b,2,0,0.0
luggage_accessories,17998cf586426bf0f2c3726cb0a4b211,1,0,0.0
luggage_accessories,1da3aeb70d7989d1e6d9b0e887f97c23,3,0,0.0
luggage_accessories,269c5fc9fcadee614364c3620c30a1f9,3,0,0.0
luggage_accessories,2a84855fd20af891be03bc5924d2b453,25,0,0.0
luggage_accessories,31e60bf8d103ce47932a85f5562deb16,1,0,0.0
luggage_accessories,3d871de0142ce09b7081e2b9d1733cb1,1,0,0.0
luggage_accessories,3f3486b61f45078d4f31ee5e43d8c5bb,29,0,0.0
luggage_accessories,41ab63a91b8b264e8c8780368bf1dd5b,1,0,0.0
luggage_accessories,43b2c864251aa0ce4030c746984e088a,1,0,0.0
luggage_accessories,4830e40640734fc1c52cd21127c341d4,17,0,0.0
luggage_accessories,4dc2e811a1760953cb7c6a590b498943,1,0,0.0
luggage_accessories,54a1852d1b8f10312c55e906355666ee,4,0,0.0
luggage_accessories,594f9aaa48e5bf431f011ddc5669b0d5,4,0,0.0
luggage_accessories,5cbbd5a299cab112b7bf23862255e43e,8,0,0.0
luggage_accessories,5dceca129747e92ff8ef7a997dc4f8ca,182,2,0.01098901098901099
luggage_accessories,5e9f5bd34e0830569f05c9d4f56e04a8,2,0,0.0
luggage_accessories,5f2684dab12e59f83bef73ae57724e45,1,0,0.0
luggage_accessories,5f5b43b2bffa8656e4bc6efeb13cc649,1,0,0.0
luggage_accessories,6179a28a13a726c29b3bf54c070dccab,2,0,0.0
luggage_accessories,655220df33262c7e0c4949a147366f94,10,0,0.0
luggage_accessories,6650fcccd8cd2f7e55ffa524f30c4c59,3,0,0.0
luggage_accessories,6989574bd97d9773f10d232b6c07da59,6,0,0.0
luggage_accessories,6cd68b3ed6d59aaa9fece558ad360c0a,96,0,0.0
luggage_accessories,6edacfd9f9074789dad6d62ba7950b9c,2,0,0.0
luggage_accessories,7354220fb240bde543b3c40c060d41e7,1,0,0.0
luggage_accessories,79b93a308a97792cf53ac75f46da00b5,1,0,0.0
luggage_accessories,7ddcbb64b5bc1ef36ca8c151f6ec77df,36,0,0.0
luggage_accessories,800214c63934acd05d47e84214db8ba8,3,0,0.0
luggage_accessories,85d9eb9ddc5d00ca9336a2219c97bb13,1,0,0.0
luggage_accessories,980640c45d7a4635885491d077167e4d,1,0,0.0
luggage_accessories,9ac4f14370b1e24ddc58be041b7f99df,1,0,0.0
luggage_accessories,9d4db00d65d7760644ac0c14edb5fd86,3,0,0.0
luggage_accessories,9d5a9018aee56acb367ba9c3f05d1d6a,19,0,0.0
luggage_accessories,9fe7c6641c79970ab48185498f547c09,1,0,0.0
luggage_accessories,a3a38f4affed601eb87a97788c949667,3,0,0.0
luggage_accessories,a3f0b55de503387383c7b1de3ad7f678,10,0,0.0
luggage_accessories,aba1721a889e04decc910aa13b768ef4,2,0,0.0
luggage_accessories,acce39e832338debb07b02385cde5967,17,0,0.0
luggage_accessories,b1a81260566c1bac3114a6d124413f27,30,2,0.06666666666666667
luggage_accessories,b2ba3715d723d245138f291a6fe42594,3,0,0.0
luggage_accessories,b499c00f28f4b7069ff6550af8c1348a,9,0,0.0
luggage_accessories,bfd27a966d91cfaafdb25d076585f0da,22,0,0.0
luggage_accessories,c500367424994318b9e779ff1ae9a330,1,0,0.0
luggage_accessories,c6bda72e4dbf5c5866b13cb1810c6d03,1,0,0.0
luggage_accessories,cd6efc47efaabf134f8bdb654e10b4f1,2,0,0.0
luggage_accessories,d1b65fc7debc3361ea86b5f14c68d2e2,27,0,0.0
luggage_accessories,d4ffeb15b67e81ff9af2b4252d99fb7e,5,0,0.0
luggage_accessories,d57e18d5f73c7ccb7f7339b61166898d,2,0,0.0
luggage_accessories,d91fb3b7d041e83b64a00a3edfb37e4f,1,0,0.0
luggage_accessories,daeb5653dd96c1b11860f72209795012,1,0,0.0
luggage_accessories,db6a4d4b5f1f5f98820ce6ce2619e2de,1,0,0.0
luggage_accessories,dbc22125167c298ef99da25668e1011f,258,0,0.0
luggage_accessories,dda37071807e404c5bb2a1590c66326f,1,0,0.0
luggage_accessories,dfa0c4c6229ab200a4a1336b4d7128ff,9,0,0.0
luggage_accessories,e06f09ec0a4aca210779cf1cfc63cf19,1,0,0.0
luggage_accessories,e58a5b390e28abc0b216cfb0e07d27d7,2,0,0.0
luggage_accessories,e8dba4d70f7f2b20e775d09cae01142d,2,0,0.0
luggage_accessories,f1fd5ab1181f827ffad998c1a5de7d74,14,0,0.0
luggage_accessories,f25e239052084705e17a982bc600ab2a,2,0,0.0
luggage_accessories,f262cbc1c910c83959f849465454ddd3,34,0,0.0
luggage_accessories,f3da5b2ff499efb8d4a6d371d175d7dd,7,0,0.0
luggage_accessories,f45122a9ab94eb4f3f8953578bc0c560,1,0,0.0
luggage_accessories,f4db9b37944bcb8873e6b456ee190bbf,3,0,0.0
luggage_accessories,f7315bb81aea4ddca2d39e249a801c98,2,0,0.0
luggage_accessories,f7ccf836d21b2fb1de37564105216cc1,2,0,0.0
luggage_accessories,fd386aa7bed2af3c7035c65506c9b4a3,1,0,0.0
luggage_accessories,fe49ee029e61e789a1f3a5525f57ba8d,2,0,0.0
market_place,024b564ae893ce8e9bfa02c10a401ece,1,0,0.0
market_place,062ce95fa2ad4dfaedfc79260130565f,13,0,0.0
market_place,066a6914e1ebf3ea95a216c73a986b91,1,0,0.0
market_place,085f6f7e049c996695fb2074fe38d45e,1,0,0.0
market_place,0adac9fbd9a2b63cccaac4f8756c1ca8,4,0,0.0
market_place,0ea22c1cfbdc755f86b9b54b39c16043,2,0,0.0
market_place,128639473a139ac0f3e5f5ade55873a5,1,0,0.0
market_place,1554a68530182680ad5c8b042c3ab563,2,0,0.0
market_place,1996942dc085d7773ba77a529b163cd0,1,0,0.0
market_place,1bb2bdb95f4841f1bba2c0d2cd83d3c9,21,0,0.0
market_place,2199e7fe213c16213bf5d6a7eadc9a5d,1,0,0.0
market_place,27a56ff04b34c2ba34ce6ba4d3b9d616,6,0,0.0
market_place,2a6fbeaa7ab9e5d59a35841a8da71ce4,7,0,0.0
market_place,41b39e28db005d9731d9d485a83b4c38,2,0,0.0
market_place,45213867cefbf2cd4c6177e10216a951,6,0,0.0
market_place,46dc3b2cc0980fb8ec44634e21d2718e,3,0,0.0
market_place,4d600e08ecbe08258c79e536c5a42fee,1,0,0.0
market_place,4da0e408c99d2fdc2126dc9fce518060,5,0,0.0
market_place,4e7c18b98d84e05cbae3ff0ff03846c2,4,0,0.0
market_place,54a1852d1b8f10312c55e906355666ee,5,0,0.0
market_place,56642bcb79900e777d68e91915cb4267,1,0,0.0
market_place,6039e27294dc75811c0d8a39069f52c0,23,0,0.0
market_place,624f4ece8da4aafb77699233d480f8ef,1,0,0.0
market_place,6d66611d7c44cc30ce351abc49a68421,4,0,0.0
market_place,6edacfd9f9074789dad6d62ba7950b9c,4,0,0.0
market_place,710e3548e02bc1d2831dfc4f1b5b14d4,2,0,0.0
market_place,7722b1df1b0e383e000397b2c11e3e19,1,0,0.0
market_place,77dcbb67ccb3659bd58eaf5661560a30,1,0,0.0
market_place,7b1222c3624aa89b9558b50a2594188c,4,0,0.0
market_place,7d13fca15225358621be4086e1eb0964,2,0,0.0
market_place,7d456afc660226829370f3173d14520c,23,0,0.0
market_place,827f8f69dfa529c561901c4f2e0f332f,1,0,0.0
market_place,82bd0703a4aefd6b599e5bfdaed378fb,1,0,0.0
market_place,85d9eb9ddc5d00ca9336a2219c97bb13,1,0,0.0
market_place,87142160b41353c4e5fca2360caf6f92,1,0,0.0
market_place,888faa8bfb0b159c37de6d898b961c31,1,0,0.0
market_place,891071be6ba827b591264c90c2ae8a63,7,0,0.0
market_place,8ae520247981aa06bc94abddf5f46d34,1,0,0.0
market_place,8c16d1f32a54d92897cc437244442e1b,1,0,0.0
market_place,8fdca8e349553f99bc738833a62c8802,1,0,0.0
market_place,916748bc99315c2d202898ae58b1617e,1,0,0.0
market_place,9add47bf45ce8e8c7db6b9cf670b1e09,1,0,0.0
market_place,9baf5cb77970f539089d09a38bcec5c3,3,0,0.0
market_place,aae3bfea055532c57fb453ed3ec80b30,48,0,0.0
market_place,aafe36600ce604f205b86b5084d3d767,20,0,0.0
market_place,b2ba3715d723d245138f291a6fe42594,6,1,0.16666666666666666
market_place,b7cc6c5e001441ae8cdd5c69a480cbe4,1,0,0.0
market_place,c9a06ece156bb057372c68718ec8909b,1,0,0.0
market_place,cac4c8e7b1ca6252d8f20b2fc1a2e4af,4,0,0.0
market_place,d12c926d74ceff0a90a21184466ce161,9,0,0.0
market_place,dd8a29ce82d5c705ba932d81494600a5,2,0,0.0
market_place,debe6615cd90cc0c2eac2b8988e1f628,2,0,0.0
market_place,e3b4998c7a498169dc7bce44e6bb6277,1,0,0.0
market_place,ef506c96320abeedfb894c34db06f478,2,0,0.0
market_place,f41ce2e25237f9092cd8e6e7516c7a2f,3,0,0.0
market_place,f5a590cf36251cf1162ea35bef76fe84,2,0,0.0
market_place,fa40cc5b934574b62717c68f3d678b6d,2,0,0.0
market_place,fce62094ffe6a4009188ec44e681dfdd,1,0,0.0
market_place,ffff564a4f9085cd26170f4732393726,1,0,0.0
music,039b29ff3b3473435d0cd59040575de9,5,0,0.0
music,0ea22c1cfbdc755f86b9b54b39c16043,2,0,0.0
music,17e34d8224d27a541263c4c64b11a56b,1,0,0.0
music,1bb2bdb95f4841f1bba2c0d2cd83d3c9,3,0,0.0
music,1c83418358f249c9d6affa52d579db0e,1,0,0.0
music,2138ccb85b11a4ec1e37afbd1c8eda1f,1,0,0.0
music,289cdb325fb7e7f891c38608bf9e0962,1,0,0.0
music,2d34636518ba88f5349b732fcf8ba2e4,1,0,0.0
music,3d4824f20035949c710eaf111f869d39,3,0,0.0
music,48efc9d94a9834137efd9ea76b065a38,2,0,0.0
music,522620dcb18a6b31cd7bdf73665113a9,4,0,0.0
music,7681ef142fd2c19048da7430856b5588,5,0,0.0
music,89f69225956f951295ca4c7fb1266553,2,0,0.0
music,9ac4f14370b1e24ddc58be041b7f99df,1,0,0.0
music,ba90964cff9b9e0e6f32b23b82465f7b,2,0,0.0
music,ca5832c6960267b71041f74bb39e8b12,1,0,0.0
music,ce248b21cb2adc36282ede306b7660e5,1,0,0.0
music,d3dcf0604eabf0224fbd5948b5e02f69,1,0,0.0
music,fd386aa7bed2af3c7035c65506c9b4a3,1,0,0.0
musical_instruments,024b564ae893ce8e9bfa02c10a401ece,1,0,0.0
musical_instruments,06e5eefc71ec47ae763c5c6f8db7064f,3,0,0.0
musical_instruments,0b18d63d0cd1d723567903fd34a07df2,4,0,0.0
musical_instruments,0e982cff76cc0579f632cea8a0e38c9d,7,0,0.0
musical_instruments,0ea22c1cfbdc755f86b9b54b39c16043,1,0,0.0
musical_instruments,128639473a139ac0f3e5f5ade55873a5,3,0,0.0
musical_instruments,14a08204d03bb6b6bde8029f801ae0eb,1,0,0.0
musical_instruments,15aac934c58d886785ac1b17953ea898,3,0,0.0
musical_instruments,18a349e75d307f4b4cc646a691ed4216,2,0,0.0
musical_instruments,1b938a7ec6ac5061a66a3766e0e75f90,3,0,0.0
musical_instruments,1dd33b8119b3cb1056ed5dc88cd0aaf4,8,0,0.0
musical_instruments,244b04680fdbded0acf5aebd9c92b44a,3,0,0.0
musical_instruments,276677b5d08786d5dce7c2149dcce48b,1,0,0.0
musical_instruments,2ff6b7bff164ef05590a52734e1296da,1,0,0.0
musical_instruments,34f563c82a85b99ae9e6d60db5fc2e28,5,0,0.0
musical_instruments,35ef5aa32949680f627efec3c23e705c,4,0,0.0
musical_instruments,36a968b544695394e4e9d7572688598f,5,0,0.0
musical_instruments,3d4b1ae7539303b5704493798893e82c,4,0,0.0
musical_instruments,45213867cefbf2cd4c6177e10216a951,8,0,0.0
musical_instruments,455c5640e8c5bd1b2ee85c0158f85727,5,0,0.0
musical_instruments,4e922959ae960d389249c378d1c939f5,2,0,0.0
musical_instruments,512d298ac2a96d1931b6bd30aa21f61d,9,0,0.0
musical_instruments,522620dcb18a6b31cd7bdf73665113a9,3,0,0.0
musical_instruments,527801b552d0077ffd170872eb49683b,1,0,0.0
musical_instruments,52bb00821bcdd358a5a5a27e1f6be5a1,2,0,0.0
musical_instruments,54065e9aef7e9e9c2dc23b7594db021a,1,0,0.0
musical_instruments,54219883e72aad869adfb2a54b7bfa0f,2,0,0.0
musical_instruments,553a440137d6e0cf776aee0bb83ac9f5,1,0,0.0
musical_instruments,5b97c06a046398e7005b2b7c0d707a92,4,0,0.0
musical_instruments,63191ead8d3b2f937cd1996fdcbbad20,1,0,0.0
musical_instruments,685b870da5b52a710782c9c0fefbeb5b,2,0,0.0
musical_instruments,6d66611d7c44cc30ce351abc49a68421,96,0,0.0
musical_instruments,70849ca4f400aaabb62cb7462a6f1428,5,1,0.2
musical_instruments,70f84699be677ec988d1fa824aef7d90,5,0,0.0
musical_instruments,7178f9f4dd81dcef02f62acdf8151e01,19,0,0.0
musical_instruments,734def04b237117a09321dd6d8f3f2a2,1,0,0.0
musical_instruments,7b0df942f46435babab05d49b744b2c4,31,0,0.0
musical_instruments,83deb69e889cf80f82be1dc6d5f2d486,40,0,0.0
musical_instruments,83e197e95a1bbabc8c75e883ed016c47,2,0,0.0
musical_instruments,850f4f8af5ea87287ac68de36e29107f,2,0,0.0
musical_instruments,8b321bb669392f5163d04c59e235e066,16,0,0.0
musical_instruments,8fe8786ee000001ab51d030dfd4a7bf1,5,0,0.0
musical_instruments,955fee9216a65b617aa5c0531780ce60,23,0,0.0
musical_instruments,95e03ca3d4146e4011985981aeb959b9,1,0,0.0
musical_instruments,9b1050e85becf3ae99c1cf4934c9bc5d,1,0,0.0
musical_instruments,9f505651f4a6abe901a56cdc21508025,13,0,0.0
musical_instruments,a13aaf2d2886ab9fb30fb9a920160b8f,4,0,0.0
musical_instruments,a353b1083c9863d756d9404695016d64,1,0,0.0
musical_instruments,b2eecf5ea250510da76590ca79d60e5d,9,0,0.0
musical_instruments,b499c00f28f4b7069ff6550af8c1348a,14,0,0.0
musical_instruments,b7cc6c5e001441ae8cdd5c69a480cbe4,4,0,0.0
musical_instruments,b8630e1121437d41cb08e3c749c2c2e2,9,0,0.0
musical_instruments,c847e075301870dd144a116762eaff9a,5,0,0.0
musical_instruments,cac876b37d3abcd6bd76caca30277996,1,0,0.0
musical_instruments,ce248b21cb2adc36282ede306b7660e5,41,0,0.0
musical_instruments,ce27a3cc3c8cc1ea79d11e561e9bebb6,1,0,0.0
musical_instruments,d23019c84ffae2d5ef2270367b8605fc,39,0,0.0
musical_instruments,d3dcf0604eabf0224fbd5948b5e02f69,3,0,0.0
musical_instruments,d558ebe531605a1285ab2b1bc3256dfb,3,0,0.0
musical_instruments,e7f3bf1ecd8526eb7f3b18059e6716e5,1,0,0.0
musical_instruments,f021c962aaba8ef6eb527a9c2c8394d1,5,0,0.0
musical_instruments,f45122a9ab94eb4f3f8953578bc0c560,3,0,0.0
musical_instruments,f5a590cf36251cf1162ea35bef76fe84,98,0,0.0
musical_instruments,f805b96fa705ba7995a221f1749dc141,7,0,0.0
musical_instruments,fa3a0b5aabb344b9a92e3524b0202123,7,0,0.0
musical_instruments,fcf16b7a8697e559f0123190bb30177d,3,0,0.0
musical_instruments,febab0275244b9a49a623f0bd613ca2f,4,0,0.0
musical_instruments,ff1e15b778c700abdd4d239b81ac466d,1,0,0.0
office_furniture,0c7f30ae9b147eca07affbef92832a6a,1,0,0.0
office_furniture,17a053fcb14bd219540cbde0df490be0,120,1,0.008333333333333333
office_furniture,17adeba047385fb0c67d8e90b4296d21,1,0,0.0
office_furniture,1ca4bdb0cd7fc48e949bac066188ed26,3,0,0.0
office_furniture,1da366cade6d8276e7d8beea7af5d4bf,2,0,0.0
office_furniture,3586b8580d9c917874e053a1bb37b5ff,3,0,0.0
office_furniture,38874e327ce94d11390b96eb42d61928,6,0,0.0
office_furniture,3f3486b61f45078d4f31ee5e43d8c5bb,1,0,0.0
office_furniture,4e42581f08e8cfc7c090f930bac4552a,1,0,0.0
office_furniture,5058e8c1e82653974541e83690655b4a,46,0,0.0
office_furniture,52ac6f920b7280e4c6d30dd94de6259b,5,0,0.0
office_furniture,656591be56071d4c9ef4e5fee78a578a,7,0,0.0
office_furniture,67bf6941ba2f1fa1d02c375766bc3e53,13,0,0.0
office_furniture,6861de0f40cacb0602e473c51639f980,5,0,0.0
office_furniture,6879c4d287a8dd06b11f54ea8f78e4da,1,0,0.0
office_furniture,701938c450705b8ae65fc923b70f35c7,5,0,0.0
office_furniture,7402d13c03a7e91366337cd1de471144,1,0,0.0
office_furniture,77dcbb67ccb3659bd58eaf5661560a30,1,0,0.0
office_furniture,7c67e1448b00f6e969d365cea6b010ab,883,8,0.009060022650056626
office_furniture,7fc87cc3e89b3d1d5cabdca32f8485aa,10,0,0.0
office_furniture,8a87611c08849ffeeccab52aa798b6c7,1,0,0.0
office_furniture,8bd0f31cf0a614c658f6763bd02dea69,3,0,0.0
office_furniture,8c16d1f32a54d92897cc437244442e1b,8,0,0.0
office_furniture,955fee9216a65b617aa5c0531780ce60,6,0,0.0
office_furniture,9da15f4a4ea758d9eeb49000dbe57e22,1,0,0.0
office_furniture,a1474fd46fd3430168f7ec202da39408,1,0,0.0
office_furniture,a7f13822ceb966b076af67121f87b063,69,0,0.0
office_furniture,b12cfd255810394b60caef18ae163547,2,0,0.0
office_furniture,b8555308bfdb4ca1ed54325a58da9a97,26,0,0.0
office_furniture,c26a2be5b53b7db6b276280da212a779,13,0,0.0
office_furniture,c360e4787614ed31ac7a2f95d3b22dc6,1,0,0.0
office_furniture,cb5df0dcb9e280b1780e9d589889f2c7,1,0,0.0
office_furniture,e601b04acf48b4576e73ddca9481f0dc,1,0,0.0
office_furniture,f8db351d8c4c4c22c6835c19a46f01b0,17,0,0.0
party_supplies,0a85ebe4e328db81ac9109781205e2f7,1,0,0.0
party_supplies,2c9e548be18521d1c43cde1c582c6de8,1,0,0.0
party_supplies,446cc09cdbb130904da114e807dbec40,3,0,0.0
party_supplies,508808d438fe2ff972ed13bb8f4a82e2,1,0,0.0
party_supplies,537eb890efff034a88679788b647c564,5,0,0.0
party_supplies,6bbcb8924baf70b7fe2fe2097e8cd407,8,0,0.0
party_supplies,7d7866a99a8656a42c7ff6352a433410,3,0,0.0
party_supplies,891071be6ba827b591264c90c2ae8a63,1,0,0.0
party_supplies,c3aad7dc65449ae90a5e9c3c6c1e78e0,6,0,0.0
party_supplies,dbb9b48c841a0e39e21f98e1a6b2ec3e,7,0,0.0
party_supplies,e4f121bf6ef8b9a1d4d3e65dd0473fab,1,0,0.0
party_supplies,f88adb15807168d3c43d71021090ce4a,2,0,0.0
pc_gamer,1961c3e1272bfeceb05d0b78b5bbfdaf,2,0,0.0
pc_gamer,2138ccb85b11a4ec1e37afbd1c8eda1f,5,0,0.0
perfumery,0307f7565ff85b299b6e5ef162b1b1a9,1,0,0.0
perfumery,0570350b23eda5444f8d1d9544932058,2,0,0.0
perfumery,058fd0aa2bfdb2274e05e1ae971dabb6,59,1,0.01694915254237288
perfumery,0747d5bb69f0586cc869d8af4c50f93e,13,0,0.0
perfumery,094ced053e257ae8cae57205592d6712,8,0,0.0
perfumery,0951a6e282947e09cd47969f4ed0b47f,6,0,0.0
perfumery,0c7533c71df861ec58ad7ff999ed0e8d,61,0,0.0
perfumery,0daf5180aa44356f60f8effa533b55a2,2,0,0.0
perfumery,0df3984f9dfb3d49ac6366acbd3bbb85,6,0,0.0
perfumery,0f80a40c312b2472dca482cf50f5186f,1,0,0.0
perfumery,11bfa66332777660bd0640ee84d47006,31,0,0.0
perfumery,1336efc61c316ddf92c899eb817f7cae,4,0,0.0
perfumery,138dbe45fc62f1e244378131a6801526,5,0,0.0
perfumery,13c2ed7698b3ca92dad49e849219da59,8,0,0.0
perfumery,1464afc72f696af775557a821c2e253f,24,0,0.0
perfumery,17e34d8224d27a541263c4c64b11a56b,133,1,0.007518796992481203
perfumery,19484c79cef6c062cb177aa4ef2fcc3c,1,0,0.0
perfumery,1b4c3a6f53068f0b6944d2d005c9fc89,1,0,0.0
perfumery,1c40343cc5d18c2d8248ac2f3366de34,11,0,0.0
perfumery,1c56ffe0e9dea2657fc6e95b53f40b13,3,0,0.0
perfumery,1cbcd2ee0afb3fc09963b87eb65e7e4f,1,0,0.0
perfumery,1d0646a72178a6fb37ee8082140e06ec,1,0,0.0
perfumery,1d1bbb8ac1581824986f582583fff01d,1,0,0.0
perfumery,1d29dfba02015238dfbe2449a5eaa361,12,0,0.0
perfumery,1da3aeb70d7989d1e6d9b0e887f97c23,2,0,0.0
perfumery,2089a6d640999f9b9141ac719b2af596,13,0,0.0
perfumery,2305ab43e846518f58dd9d59f3f54e96,3,0,0.0
perfumery,2379bdc3888025689a9deb7b141507d5,7,0,0.0
perfumery,25debeafbce801fdd479539350185eee,3,0,0.0
perfumery,26d8a1c7c75d513045798992ead43aa2,32,0,0.0
perfumery,2709af9587499e95e803a6498a5a56e9,9,0,0.0
perfumery,289cdb325fb7e7f891c38608bf9e0962,103,1,0.009708737864077669
perfumery,2a1348e9addc1af5aaa619b1a3679d6b,1,0,0.0
perfumery,2a84855fd20af891be03bc5924d2b453,1,0,0.0
perfumery,2c2c9832d1bb38c5b0034a3b47d313ee,1,0,0.0
perfumery,2dee2ce60de9709b1a24083217181a1f,54,0,0.0
perfumery,2e1a7d075abe038c1b2743005fe42ff1,3,1,0.3333333333333333
perfumery,2eeb6531ee027a48d401e72bebdd87d3,3,0,0.0
perfumery,2f4b0d3b9634b647d4edee577d7ebb7e,10,0,0.0
perfumery,2fa13c8bd5705d279f7ed5cc9ec61c68,1,0,0.0
perfumery,2ff97219cb8622eaf3cd89b7d9c09824,3,0,0.0
perfumery,325f3178fb58e2a9778334621eecdbf9,15,0,0.0
perfumery,33c51922b6e3c16b24a8f28e5833c99d,14,0,0.0
perfumery,37be5a7c751166fbc5f8ccba4119e043,4,0,0.0
perfumery,382229d1e840115ffe3dbf5ff460e417,2,0,0.0
perfumery,3968920b9aa752ab98f7d5888c9252f2,1,0,0.0
perfumery,3986c0b54f6b748b75e7bd4e092aa3e5,1,0,0.0
perfumery,3c7c4a49ec3c6550809089c6a2ca9370,140,1,0.007142857142857143
perfumery,3d5d0dc7073a299e31fa718ce1bc00b6,1,0,0.0
perfumery,42b6488f5b8246d9141712abd4b1b693,1,0,0.0
perfumery,42b729f859728f5079499127a9c2ef37,4,0,0.0
perfumery,431050a06a317f2b38168dec3dcd2b46,1,0,0.0
perfumery,4a82168aaef173cbb6e46ae88728f919,1,0,0.0
perfumery,4c498c7345e89aebad651544829beca0,19,1,0.05263157894736842
perfumery,4cc43a222a0f94910728b62b97a8c5f8,1,0,0.0
perfumery,4d6d651bd7684af3fffabd5f08d12e5a,1,0,0.0
perfumery,4d9fea3499bdc22aa4da4e339365f215,2,0,0.0
perfumery,4dc646b9b9e8e411ef48ba000ea3ac6f,4,0,0.0
perfumery,4de6e4ba574aa9dfdc824bc44dc47fdd,5,0,0.0
perfumery,4e06067cc08b3f41d837768d392c3ee3,31,0,0.0
perfumery,4e17c65a516f69d023a2ae78b84f28d6,29,0,0.0
perfumery,4ea2f12dbe91deeacd2c1e74f069a6e6,4,0,0.0
perfumery,516e7738bd8f735ac19a010ee5450d8d,8,0,0.0
perfumery,52956b80ae65fda598f06f6b9943e7a9,3,0,0.0
perfumery,52b53f7061969fe471d119b6195da864,1,0,0.0
perfumery,542917da124346b47ea1ac79a93ce454,7,0,0.0
perfumery,5566627eab3fe93fd6ee08798226101a,5,0,0.0
perfumery,5659d77e8d90378e39b960ad5956f64e,1,0,0.0
perfumery,5670f4db5b62c43d542e1b2d56b0cf7c,22,0,0.0
perfumery,5741dc2bf5044c34d0698681c5081bed,3,0,0.0
perfumery,57e632711dec9ec14ca7546769483e7e,7,0,0.0
perfumery,5d76d80a2f5f39c891b996a1bf4c9853,2,0,0.0
perfumery,5f1dc28029d2c244352a68107ec2b542,6,0,0.0
perfumery,612170e34b97004b3ba37eae81836b4c,1,0,0.0
perfumery,620c87c171fb2a6dd6e8bb4dec959fc6,362,2,0.0055248618784530384
perfumery,643214e62b870443ccbe55ab29a4dccf,1,0,0.0
perfumery,6560211a19b47992c3666cc44a7e94c0,11,0,0.0
perfumery,65b081a070633e057c462abdd6fb9dd8,19,0,0.0
perfumery,65c255b299faf2d12050937cc219c46c,2,0,0.0
perfumery,6601ee6383e7f452be71929f8de48bbb,2,0,0.0
perfumery,681fce914360217db47784ae28905a96,19,1,0.05263157894736842
perfumery,6bd503a8230299c9316fb0f726933927,2,0,0.0
perfumery,6c17baf138731a4aaacc3210adf2037b,4,0,0.0
perfumery,6d22a1fcebb6dd08c9cd90b92a93e8d0,4,0,0.0
perfumery,6e1862e15f33d9994bc25922a85e1efc,3,0,0.0
perfumery,6edacfd9f9074789dad6d62ba7950b9c,2,0,0.0
perfumery,7040e82f899a04d1b434b795a43b4617,19,0,0.0
perfumery,709e16e2b25c7474d980076c6bfc4806,5,0,0.0
perfumery,70a12e78e608ac31179aea7f8422044b,2,0,0.0
perfumery,7178f9f4dd81dcef02f62acdf8151e01,53,0,0.0
perfumery,7210cd29727d674c00741e5e387b3ccd,3,0,0.0
perfumery,74c7dec0a384d8a05950e629bd23bde9,3,0,0.0
perfumery,7722b1df1b0e383e000397b2c11e3e19,1,0,0.0
perfumery,777a0c55737f34ffeb78010f7542ab41,2,0,0.0
perfumery,77fccaae319668a8ab6cd0fd16aec48c,5,0,0.0
perfumery,7a425d299613df3e613bcf9d2eaf5c49,18,0,0.0
perfumery,7d13fca15225358621be4086e1eb0964,2,0,0.0
perfumery,7d456afc660226829370f3173d14520c,2,1,0.5
perfumery,7f35f9daf223da737b78738fbae4d977,2,0,0.0
perfumery,808d4348b916efa08e766ebad39f61eb,21,0,0.0
perfumery,81f89e42267213cb94da7ddc301651da,24,0,0.0
perfumery,82bd0703a4aefd6b599e5bfdaed378fb,6,0,0.0
perfumery,83645b1645cdee8953ee54c29ceed564,1,0,0.0
perfumery,8444e55c1f13cd5c179851e5ca5ebd00,26,1,0.038461538461538464
perfumery,8629c241b3622ac12cd4118afdc8d394,7,0,0.0
perfumery,88ae906ea2acf6971f26c3e8b7cb4357,3,0,0.0
perfumery,8931a84a914b3fe9b1ddaa4d704947ca,28,1,0.03571428571428571
perfumery,89a51f50b8095ea78d5768f34c13a76f,10,0,0.0
perfumery,8d46553a36e68f95350a200c12f8f2e2,12,0,0.0
perfumery,94144541854e298c2d976cb893b81343,4,0,0.0
perfumery,95e03ca3d4146e4011985981aeb959b9,15,0,0.0
perfumery,96f7c797de9ca20efbe14545bed63eec,1,0,0.0
perfumery,9b013e03b2ab786505a1d3b5c0756754,3,0,0.0
perfumery,9d7a1d34a5052409006425275ba1c2b4,2,0,0.0
perfumery,9dd59e43f0c9f0553244e8f9c2fb247e,10,0,0.0
perfumery,a13580f0e8f782b7a543885a0ef99f08,6,0,0.0
perfumery,a21c11ec5c3f03e7cc9f9203bff9e1c6,2,0,0.0
perfumery,a3fa18b3f688ec0fca3eb8bfcbd2d5b3,1,0,0.0
perfumery,a435b009cd956ea60748b5cfbddf2e24,2,0,0.0
perfumery,a7c88262832dfc683781d6a421edefae,5,0,0.0
perfumery,a806a4bb063ea7ca6d374eafa50a6058,5,0,0.0
perfumery,a888faf2d1baececa6baf9c3d603ee1f,54,0,0.0
perfumery,aadfe0417e61315688b6bd7043361e25,1,0,0.0
perfumery,aded58c8142dedc5494a81f948431fab,3,0,0.0
perfumery,afe0067131b73e40875c9b6c10bd2e21,45,0,0.0
perfumery,b2ba3715d723d245138f291a6fe42594,2,0,0.0
perfumery,b566ab0ef88016e00422755e305103c6,1,0,0.0
perfumery,b83cedfb587e7911540e3f576d6917ce,1,0,0.0
perfumery,ba6b4a237f92479743cf0ca06b67a9ac,1,0,0.0
perfumery,ba8e85df286308fe68a2ce83a8f8b2d6,1,0,0.0
perfumery,bbad7e518d7af88a0897397ffdca1979,1,0,0.0
perfumery,bd65d163ded559eb90a10cd09fec178f,1,0,0.0
perfumery,beadbee30901a7f61d031b6b686095ad,7,0,0.0
perfumery,bf84056e679dbe9c69929847a40e338f,1,0,0.0
perfumery,c161d1327ebc3a156c09582ab2f59f6c,1,0,0.0
perfumery,c33a5c3c983090c8b78a28e65052a20d,8,0,0.0
perfumery,c35672b10ad50968f567ea3f4b91e877,1,0,0.0
perfumery,c3f5668699a1b04c0fa61ecea1e2bff6,2,0,0.0
perfumery,c42fd8e4d47dfb18ce5222f2dd7752f9,1,0,0.0
perfumery,c54679b132454625907c773d273d4126,7,0,0.0
perfumery,c6381b1321d7d97717a5bb4ed5b77882,1,0,0.0
perfumery,cc419e0650a3c5ba77189a1882b7556a,623,7,0.011235955056179775
perfumery,cd68562d3f44870c08922d380acae552,9,0,0.0
perfumery,d12c926d74ceff0a90a21184466ce161,11,0,0.0
perfumery,d3674f271c91f824f82d24d92011f669,19,0,0.0
perfumery,d3f39f05462b79a4562d35893a28f159,17,0,0.0
perfumery,d4ffeb15b67e81ff9af2b4252d99fb7e,5,0,0.0
perfumery,d57e18d5f73c7ccb7f7339b61166898d,17,0,0.0
perfumery,d9bd94811c3338dceb4181f3dbc0c73e,20,0,0.0
perfumery,de23c3b98a88888289c6f5cc1209054a,7,0,0.0
perfumery,dee656f0f566ed1aa85bd137c943f08f,5,1,0.2
perfumery,e06f09ec0a4aca210779cf1cfc63cf19,4,0,0.0
perfumery,e0a366315b1b726b6c7832d664c0f530,2,0,0.0
perfumery,e333046ce6517bd8bb510291d44f0130,7,0,0.0
perfumery,e546117ed9cafbc40239c0c78635c584,2,0,0.0
perfumery,e8a85b5f3df47be0984c55fd4064dbb4,2,0,0.0
perfumery,e8b3a3a38279a82f0e5d006d5e5b7d2c,1,0,0.0
perfumery,e8f6dc8e6a1dcde89d20e3995c8d90b3,1,0,0.0
perfumery,e9779976487b77c6d4ac45f75ec7afe9,10,0,0.0
perfumery,e9e446d01bd10a97a8ffcfc4a3a20cb2,4,0,0.0
perfumery,ea566164622c6b439516ab18062c42cd,5,0,0.0
perfumery,ea846a0e7ad98a741783e886d89dfa44,2,0,0.0
perfumery,ec5c1d94df153d473b37f880977ae58e,1,0,0.0
perfumery,ef0ace09169ac090589d85746e3e036f,110,0,0.0
perfumery,f1ed6bd0a9b11b581f16c851c6a5a527,2,0,0.0
perfumery,f35becee938e982bd615edf8ef12bcfb,3,0,0.0
perfumery,f3862c2188522d89860c38a3ea8b550d,1,0,0.0
perfumery,f4a04f7be452aa3bb31760bf00055dd0,18,0,0.0
perfumery,f84fa566034f5e8e880a07ec624c56af,7,0,0.0
perfumery,f8db351d8c4c4c22c6835c19a46f01b0,43,0,0.0
perfumery,fa74b2f3287d296e9fbd2cc80f2d1cf1,11,0,0.0
perfumery,fc38b5dceee1a730fad8853453437fbd,3,0,0.0
perfumery,fe1b067411b8c5066e962aa146ccee03,7,0,0.0
perfumery,fe2032dab1a61af8794248c8196565c9,290,1,0.0034482758620689655
pet_shop,070d165398b553f3b4b851c216b8a358,31,1,0.03225806451612903
pet_shop,08ad4ac1388e4420ca531c3edfc46198,6,0,0.0
pet_shop,0af977692321d895349eded183341d28,2,0,0.0
pet_shop,0ea22c1cfbdc755f86b9b54b39c16043,6,0,0.0
pet_shop,10cdd491d1dbea8fb4ead97b19c334ce,3,0,0.0
pet_shop,1336efc61c316ddf92c899eb817f7cae,36,0,0.0
pet_shop,15ac3c501e2599e4917316fde5c5669a,1,0,0.0
pet_shop,17998cf586426bf0f2c3726cb0a4b211,1,0,0.0
pet_shop,1900267e848ceeba8fa32d80c1a5f5a8,3,1,0.3333333333333333
pet_shop,1987cd4be10fe09ee50454f9c354d1c6,14,0,0.0
pet_shop,1b938a7ec6ac5061a66a3766e0e75f90,1,0,0.0
pet_shop,1c5e4e49b9079480255b49d50aac1aa9,1,0,0.0
pet_shop,1da3aeb70d7989d1e6d9b0e887f97c23,2,0,0.0
pet_shop,226b05fe067266c59c15dae208213d06,1,0,0.0
pet_shop,232a6014e7b10cba61c6c2b2ea6bb4b0,33,0,0.0
pet_shop,238fac594e170b59c6d228f5a4f4f1d9,29,0,0.0
pet_shop,247587846358bb1d2e4c6522020b36fe,1,0,0.0
pet_shop,249f0e9905a6e06ad6c6bea7547ab9f6,1,0,0.0
pet_shop,26b482dccfa29bd2e40703ba45523702,2,0,0.0
pet_shop,282f23a9769b2690c5dda22e316f9941,3,0,0.0
pet_shop,289cdb325fb7e7f891c38608bf9e0962,1,0,0.0
pet_shop,2ba91c7ad80ff88b23b7db823b43c233,5,0,0.0
pet_shop,2c43fb513632d29b3b58df74816f1b06,2,0,0.0
pet_shop,2c4c47cb51acd5ea5db5e0ae0e26542a,11,1,0.09090909090909091
pet_shop,2e90cb1677d35cfe24eef47d441b7c87,13,1,0.07692307692307693
pet_shop,2ff97219cb8622eaf3cd89b7d9c09824,6,0,0.0
pet_shop,3092c0b297aacfb4bb6e056ebe13b9b8,3,0,0.0
pet_shop,30a81d8cf85fb2ada1b1b094c9583a95,17,0,0.0
pet_shop,3361277dc30b7cccdb0c286b24219756,21,1,0.047619047619047616
pet_shop,340636a908b13bbe0f4fb63fbe1d0c03,4,0,0.0
pet_shop,35fb511489d9ee3ee27a76debce9df06,7,0,0.0
pet_shop,382229d1e840115ffe3dbf5ff460e417,10,0,0.0
pet_shop,3a3c180dd702a725bd0ba4117689239e,1,0,0.0
pet_shop,3c010235b7345c92f125d14ee232a76b,15,0,0.0
pet_shop,3c88ed2e76a2247933a15daa7161eb1c,1,0,0.0
pet_shop,3d700782d7818f2c1e0d7a9e9d75fc00,3,0,0.0
pet_shop,3f0e48d209018b466fcd3bb4ccfeb520,9,0,0.0
pet_shop,3f9be91358837bff69df67edfa3e42e8,7,0,0.0
pet_shop,404e1ba01358af4cd63f679b2c4d1fa1,4,0,0.0
pet_shop,4677a5437afda5fa7140b927b07be1cc,1,0,0.0
pet_shop,478bfe564db21eeb44386606aa30b650,3,0,0.0
pet_shop,48efc9d94a9834137efd9ea76b065a38,4,1,0.25
pet_shop,4965a7002cca77301c82d3f91b82e1a9,1,0,0.0
pet_shop,4992e76a42cb3aad7a7047e0d3d7e729,5,0,0.0
pet_shop,49f8d2ea7b718d0ce587d34207caf2b4,1,0,0.0
pet_shop,4c4d546adf3c3868fe19c9ec6e9ffda9,2,0,0.0
pet_shop,4e922959ae960d389249c378d1c939f5,21,0,0.0
pet_shop,52454f90d4c30c016768db02f88c1a74,3,0,0.0
pet_shop,54a1852d1b8f10312c55e906355666ee,10,0,0.0
pet_shop,57a834594e1e9e9219603bfec184eadc,1,0,0.0
pet_shop,58c851d1a3c7cd3da329eb59453fed44,2,0,0.0
pet_shop,59cd88080b93f3c18508673122d26169,5,0,0.0
pet_shop,5b85809efd0d0e4dea1a9544e1280ed9,1,0,0.0
pet_shop,5cf13accae3222c70a9cac40818ae839,148,0,0.0
pet_shop,5ee7fd217d08dfe5d3e2f51f96a12c9a,2,0,0.0
pet_shop,6061155addc1e54b4cfb51c1c2a32ad8,23,1,0.043478260869565216
pet_shop,609e1a9a6c2539919b8205cf7c4e6ff0,1,0,0.0
pet_shop,61b18775be84fb700a6b2d0ba097bf66,4,0,0.0
pet_shop,655220df33262c7e0c4949a147366f94,3,0,0.0
pet_shop,661ad5fcc28cdfb8bcadb12bb2272475,4,0,0.0
pet_shop,66922902710d126a0e7d26b0e3805106,151,0,0.0
pet_shop,6c6cc59a5c00cacc5054ca06d65cc282,1,0,0.0
pet_shop,6c9875b2f94ba781186f0c1aed8d1687,2,0,0.0
pet_shop,6d66611d7c44cc30ce351abc49a68421,16,0,0.0
pet_shop,700f03c207639c22d933381ff60b35c2,4,0,0.0
pet_shop,70c27847eca8195c983ed7e798c56743,77,0,0.0
pet_shop,710e3548e02bc1d2831dfc4f1b5b14d4,10,1,0.1
pet_shop,718539d38d07dd351c76db862760e2e2,34,0,0.0
pet_shop,729f06993dac8e860d4f02d7088ca48a,24,0,0.0
pet_shop,741f8c587cb4248ebc5b779a0e8e0e51,1,0,0.0
pet_shop,76d5af76d0271110f9af36c92573f765,19,0,0.0
pet_shop,7a2d2949aea47fab95fd98d6c9f618b1,8,1,0.125
pet_shop,7ade73f1b9b4e965f9009a4c3a7e2c15,1,0,0.0
pet_shop,7dc9a3355bae96dd82008b313d3a456c,1,0,0.0
pet_shop,8160255418d5aaa7dbdc9f4c64ebda44,3,0,0.0
pet_shop,834f8533b2ecb6598dd004ff3de7203a,21,0,0.0
pet_shop,85e7c62c1d6ea078c3897424f867a7c8,2,0,0.0
pet_shop,86bf77bdb52e615674772d5817c6212f,1,0,0.0
pet_shop,8e29d051f810eb22959ede205b462b9f,2,0,0.0
pet_shop,9140ef75cc8211c4035935e80e567204,1,0,0.0
pet_shop,929f342384a6607afe143d789ade1316,1,0,0.0
pet_shop,99cd94252748d2bdde08e17858233602,2,0,0.0
pet_shop,9c57bc60cfad5ee62d35d3f1ce4593a1,1,0,0.0
pet_shop,a254c682cc01e119f83530446f1df9a9,6,0,0.0
pet_shop,a420f60ff1aa9acc80d0e42959f2b313,2,0,0.0
pet_shop,a5cba26a62b8b4d0145b68b841e62e7f,12,0,0.0
pet_shop,a673821011d0cec28146ea42f5ab767f,3,0,0.0
pet_shop,a72c2f59332659e361d647515c698798,3,0,0.0
pet_shop,af3ef48d0e13835e529c29ac573c63e5,20,0,0.0
pet_shop,afa6714acee029b2dfdf357e5579cc03,2,0,0.0
pet_shop,b2ba3715d723d245138f291a6fe42594,2,0,0.0
pet_shop,b494891378bd8f4560abe576c52deacd,1,0,0.0
pet_shop,b55638ad525e906c698fa2ce742c1742,11,0,0.0
pet_shop,b56906f7fd1696e043f1bcce164c487b,4,0,0.0
pet_shop,b5abf4f36adc043117b4fca82c22984c,1,0,0.0
pet_shop,baeda7047354773262ba2405f97038ba,1,0,0.0
pet_shop,bbf4a892cac7b82422baa711dffb8997,1,0,0.0
pet_shop,c013e57c075a06e5b5c48ee03c525719,41,1,0.024390243902439025
pet_shop,c3e1abd72a42fe690fcd89cf5720fe29,13,0,0.0
pet_shop,c5f7e746b7e6d07def6c0dae9903279b,10,0,0.0
pet_shop,c8660dcf9ba70575f45d80fe28c27713,3,0,0.0
pet_shop,c8c1bea22194a4eefa2dc9a9fa89f536,7,0,0.0
pet_shop,c8cc60ffd415254af5d9b9f34f32c369,8,0,0.0
pet_shop,c97aa4ee7420f937da13b7f9e2228b99,1,0,0.0
pet_shop,cc5a78bbad32776dc4e3af205218368c,1,0,0.0
pet_shop,ce20a2ec1514c25e16f2b5b39bc818f0,3,1,0.3333333333333333
pet_shop,d2e753bb80b7d4faa77483ed00edc8ca,1,0,0.0
pet_shop,d2f3e277560ed4c6361284429b00f037,5,0,0.0
pet_shop,d4910f1cdcfdabd48d6b316e395d4a23,11,0,0.0
pet_shop,d921b68bf747894be13a97ae52b0f386,1,0,0.0
pet_shop,d9bd94811c3338dceb4181f3dbc0c73e,2,0,0.0
pet_shop,db46ca7bce82b11f7e247539271fc390,16,0,0.0
pet_shop,dd7ddc04e1b6c2c614352b383efe2d36,104,0,0.0
pet_shop,de0c78824586e9a5f5f04fd84e25df39,14,0,0.0
pet_shop,dfa0c4c6229ab200a4a1336b4d7128ff,2,0,0.0
pet_shop,e067ad2c1c0b48758eb1b5228bcf7a68,54,0,0.0
pet_shop,e24fc9fcd865784fb25705606fe3dfe7,13,0,0.0
pet_shop,e5a38146df062edaf55c38afa99e42dc,2,0,0.0
pet_shop,e88f7a2995ba184710d339c5c4bf2e30,2,0,0.0
pet_shop,e9779976487b77c6d4ac45f75ec7afe9,1,0,0.0
pet_shop,e9c6969d40e6a3d2d0f90013165c2b98,10,0,0.0
pet_shop,edc518ba25576a0188a0e8f2c3af186f,1,0,0.0
pet_shop,f1b854361f4e15d5851b494df66f22b2,2,0,0.0
pet_shop,f25e239052084705e17a982bc600ab2a,3,0,0.0
pet_shop,f27e33c6d29b5138fa9967bcd445b6d5,22,0,0.0
pet_shop,f3055483058c84d75ca2a3314fb4deef,1,0,0.0
pet_shop,f3da5b2ff499efb8d4a6d371d175d7dd,1,0,0.0
pet_shop,f45122a9ab94eb4f3f8953578bc0c560,129,1,0.007751937984496124
pet_shop,f5f1f2c5f923f36ad79ea1d07185ddc9,12,0,0.0
pet_shop,f664f98bfda2eaf266a23ff144e7a872,1,0,0.0
pet_shop,f67efa3f0b6761102a7f8c6b7b571f5d,17,0,0.0
pet_shop,f789d2c4f2c2eb38fc4373e7a4b35264,42,1,0.023809523809523808
pet_shop,f8db351d8c4c4c22c6835c19a46f01b0,80,0,0.0
pet_shop,f97e2b0650c2068227e1d366140eb62f,13,0,0.0
pet_shop,fa1a9dec3a9940c072684a46728bf1fc,55,0,0.0
portateis_cozinha_e_preparadores_de_alimentos,3296662b1331dea51e744505065ae889,1,0,0.0
portateis_cozinha_e_preparadores_de_alimentos,7aa538dd6e114e503a2e6154ea352253,2,0,0.0
portateis_cozinha_e_preparadores_de_alimentos,ba90964cff9b9e0e6f32b23b82465f7b,3,0,0.0
portateis_cozinha_e_preparadores_de_alimentos,ea1776927851da2532aa70d6a32c095a,1,0,0.0
portateis_cozinha_e_preparadores_de_alimentos,ed8cb7b190ceb6067227478e48cf8dde,6,0,0.0
security_and_services,48162d548f5b1b11b9d29d1e01f75a61,1,0,0.0
security_and_services,4e922959ae960d389249c378d1c939f5,1,0,0.0
signaling_and_security,014c0679dd340a0e338872e7ec85666a,3,0,0.0
signaling_and_security,02c988090b766852e088c69d7fb3b551,9,0,0.0
signaling_and_security,0725b8c0f3f906e58f70cbe76b7c748c,2,0,0.0
signaling_and_security,1025f0e2d44d7041d6cf58b6550e0bfa,5,0,0.0
signaling_and_security,1c40343cc5d18c2d8248ac2f3366de34,2,0,0.0
signaling_and_security,1f50f920176fa81dab994f9023523100,3,0,0.0
signaling_and_security,213b25e6f54661939f11710a6fddb871,9,0,0.0
signaling_and_security,2199e7fe213c16213bf5d6a7eadc9a5d,1,0,0.0
signaling_and_security,23c38debaffe4a25a30fdbd9b586a13f,1,0,0.0
signaling_and_security,2646baaf662d4d92ac48f047e35db92d,5,0,0.0
signaling_and_security,2c9e548be18521d1c43cde1c582c6de8,3,0,0.0
signaling_and_security,3db66a856d18a9cba7c9241fc5221c50,1,0,0.0
signaling_and_security,3f8247d0f772ffa58560e5c682521ad5,1,0,0.0
signaling_and_security,404e1ba01358af4cd63f679b2c4d1fa1,1,0,0.0
signaling_and_security,430315b7bb4b6e4b3c978f9dfa9b0558,1,0,0.0
signaling_and_security,48b6c3f4c6a93171da04b75313f2130f,2,0,0.0
signaling_and_security,4deebb3199eeafb282ae33229144f94b,4,0,0.0
signaling_and_security,4e85b538b0dad58852641540686d0e14,1,0,0.0
signaling_and_security,4e922959ae960d389249c378d1c939f5,2,0,0.0
signaling_and_security,52d76513f0c4d97f3b99570e2c94ee31,1,0,0.0
signaling_and_security,53e4c6e0f4312d4d2107a8c9cddf45cd,3,0,0.0
signaling_and_security,55d3daac7c404d59e51c2aa2f4dc5a23,18,0,0.0
signaling_and_security,56e361f411e38dcef17cdc2a3d99628b,1,0,0.0
signaling_and_security,612170e34b97004b3ba37eae81836b4c,6,0,0.0
signaling_and_security,6481e96574816ead57975da2c0f6d80d,14,1,0.07142857142857142
signaling_and_security,6e1862e15f33d9994bc25922a85e1efc,5,0,0.0
signaling_and_security,70a12e78e608ac31179aea7f8422044b,1,0,0.0
signaling_and_security,72146da5774cabf2632faedcae097a76,3,0,0.0
signaling_and_security,85cc55e048b6bcc90c75afe7f0e72f72,1,0,0.0
signaling_and_security,8c16d1f32a54d92897cc437244442e1b,1,0,0.0
signaling_and_security,8c9348f33ae3dada25c99c99ade2af78,1,0,0.0
signaling_and_security,8ea394aed8138685abe1eb9f25e1021d,2,0,0.0
signaling_and_security,8f119a0aee85c0c8fc534629734e94fd,1,0,0.0
signaling_and_security,99a54764c341d5dc80b4a8fac4eba3fb,1,0,0.0
signaling_and_security,a4bd6e9adf39b63f43dc545d3ca1f53d,1,0,0.0
signaling_and_security,b64d51f0435e884e8de603b1655155ae,1,0,0.0
signaling_and_security,b67d6c666e8dce1d078c882825e12704,1,0,0.0
signaling_and_security,cd68562d3f44870c08922d380acae552,11,0,0.0
signaling_and_security,d6ab728cf30867cf3f1a2e216ae2f9b7,1,0,0.0
signaling_and_security,db1f0f7c7e5e87f40b62226f020bb297,3,0,0.0
signaling_and_security,dcb7367a92f5ffb89f1e2152ed260285,1,0,0.0
signaling_and_security,e1b12447a7563944843191754aeb5562,1,0,0.0
signaling_and_security,e81e1f9c3e762e620f3fb60a51499e16,1,0,0.0
signaling_and_security,efff9341f3f8f5237b44ff67ed36a7bf,1,0,0.0
signaling_and_security,f8db351d8c4c4c22c6835c19a46f01b0,2,0,0.0
signaling_and_security,ffc470761de7d0232558ba5e786e57b7,1,0,0.0
small_appliances,0015a82c2db000af6aaaf3ae2ecb0532,3,0,0.0
small_appliances,01cf7e3d21494c41fb86034f2e714fa1,2,0,0.0
small_appliances,0307f7565ff85b299b6e5ef162b1b1a9,1,0,0.0
small_appliances,042573af89b6d931f672efaf789d8358,2,0,0.0
small_appliances,052577151711aec5c744fe12e66db3e1,4,0,0.0
small_appliances,054694fa03fe82cec4b7551487331d74,8,0,0.0
small_appliances,05ff92fedb5be47920fea08e501238b9,17,0,0.0
small_appliances,07d75e33f2750d97d467fb57e4dfdd8a,1,0,0.0
small_appliances,160e4f13fd3a64b1b86807be88b5ffb0,3,0,0.0
small_appliances,198c7ea11960a9844b544d9bcdca860c,13,0,0.0
small_appliances,23d7c96d4a1160db1c726b248601b25a,12,0,0.0
small_appliances,240b9776d844d37535668549a396af32,1,0,0.0
small_appliances,2a6fbeaa7ab9e5d59a35841a8da71ce4,15,0,0.0
small_appliances,2bd05d410a8fd26dc4184a15f4f2f588,2,0,0.0
small_appliances,2d2c62bef4c8ba0dd74e0e228e808539,7,0,0.0
small_appliances,2d42ebcda99fd55f6f4bc2f1ca035d50,8,0,0.0
small_appliances,2f4b9d112bfa44a214bc6cef085d17c8,2,0,0.0
small_appliances,2fb25ab44bdbeae6a4d816e0d0c9d500,4,0,0.0
small_appliances,3078096983cf766a32a06257648502d1,1,0,0.0
small_appliances,30c7f28fd3a5897b2c82d152bb760c17,2,0,0.0
small_appliances,31da954dc0855f2495c6310f70a2f931,11,0,0.0
small_appliances,32e5635e63cb374eb63afdd242fb6134,1,0,0.0
small_appliances,33cbbec1e7e1044aaf11d152172c776f,15,0,0.0
small_appliances,397c4d0c005b6f41f90098ac724e28cb,2,0,0.0
small_appliances,3d4824f20035949c710eaf111f869d39,1,0,0.0
small_appliances,3d5d0dc7073a299e31fa718ce1bc00b6,2,0,0.0
small_appliances,41958cbd3335433c8740300e8cd600d5,1,0,0.0
small_appliances,41ab63a91b8b264e8c8780368bf1dd5b,5,0,0.0
small_appliances,430315b7bb4b6e4b3c978f9dfa9b0558,3,0,0.0
small_appliances,44073f8b7e41514de3b7815dd0237f4f,1,0,0.0
small_appliances,4830e40640734fc1c52cd21127c341d4,12,0,0.0
small_appliances,4be6b962d83299498bae2190f95d6566,10,0,0.0
small_appliances,4c18691b6037662be2df78a765d98ab5,1,0,0.0
small_appliances,4e7c18b98d84e05cbae3ff0ff03846c2,70,0,0.0
small_appliances,52f9db5cfb423382a2fa5c9e39303202,7,0,0.0
small_appliances,59417c56835dd8e2e72f91f809cd4092,17,1,0.058823529411764705
small_appliances,59fb871bf6f4522a87ba567b42dafecf,8,0,0.0
small_appliances,5bf397d04035b5f45cc41e82ec106803,3,0,0.0
small_appliances,5cf13accae3222c70a9cac40818ae839,1,0,0.0
small_appliances,5d0363b33554b373851fc1622e4d5f3c,1,0,0.0
small_appliances,62c50c1af4dfdc4149d25c5222043d39,1,0,0.0
small_appliances,6a8a889bde935bafa76d7848782dfaf9,20,0,0.0
small_appliances,6b333a05bf188ef3e1f1662a86bd9855,3,0,0.0
small_appliances,6e4a902d1054e4e17aa6eab87fac1c75,1,0,0.0
small_appliances,7299e27ed73d2ad986de7f7c77d919fa,8,0,0.0
small_appliances,740205fedfe4e90ca6857bc77db0f2b4,1,0,0.0
small_appliances,750303a20e9c56b2a6bc45cdce0b897d,1,0,0.0
small_appliances,7722b1df1b0e383e000397b2c11e3e19,1,0,0.0
small_appliances,7a241947449cc45dbfda4f9d0798d9d0,2,0,0.0
small_appliances,7cf4ea70955b00d6b3c22542598e2715,1,0,0.0
small_appliances,820cc752a266cdc6c1a1e61dd4583330,12,0,0.0
small_appliances,82cb9f452fe8334df74b22d37824b431,11,0,0.0
small_appliances,85044848b1b767db2a4a58526adef4b4,1,0,0.0
small_appliances,8b28d096634035667e8263d57ba3368c,3,0,0.0
small_appliances,8ed8ea9a57c862f2c18c2fe41f601d56,1,0,0.0
small_appliances,8f119a0aee85c0c8fc534629734e94fd,9,0,0.0
small_appliances,955fee9216a65b617aa5c0531780ce60,1,0,0.0
small_appliances,95e03ca3d4146e4011985981aeb959b9,8,0,0.0
small_appliances,9674754b5a0cb32b638cec001178f799,56,0,0.0
small_appliances,9da1ca0bef29ee170e541927a5aeabdc,3,0,0.0
small_appliances,9e9b539eb2806acee3f5c28085c1db9f,2,0,0.0
small_appliances,a20d8058c866dbaeca014d2cd20ac62e,2,0,0.0
small_appliances,a2e874074c877c5a05abae80ad6e488f,2,0,0.0
small_appliances,ad97a199236354e53fcd91a5a913e9a2,8,0,0.0
small_appliances,b2a6d334e2833acea353624840e25a0e,17,0,0.0
small_appliances,b2ba3715d723d245138f291a6fe42594,1,0,0.0
small_appliances,b32be1695eb7ec5f10f72d9610a12527,13,0,0.0
small_appliances,b43d8b707f887a30f4675391098354a0,3,0,0.0
small_appliances,b839e41795b7f3ad94cc2014a52f6796,12,0,0.0
small_appliances,ba90964cff9b9e0e6f32b23b82465f7b,15,0,0.0
small_appliances,bb7a14e229b1c95156719c3d9552eeee,7,0,0.0
small_appliances,bc39d8938f90a3a2b98193723ed59774,2,0,0.0
small_appliances,be9a160a9011f627c3e121d076c1ec7b,1,0,0.0
small_appliances,c68fb906c8f4b4b946d8386bfa6e5467,3,0,0.0
small_appliances,c731d18cea9bf687ffee82a241c25b11,1,0,0.0
small_appliances,c9e5ad1f6647f5dbd1172adf6ae3cada,1,0,0.0
small_appliances,cc3d14116804f7209f3884f6367f1152,25,0,0.0
small_appliances,ceaec5548eefc6e23e6607c5435102e7,2,0,0.0
small_appliances,cfd7ddab722b902f7ac5b5f3ba6d723d,1,0,0.0
small_appliances,d1ef48b38baca7e831711c4a0aeb398f,7,0,0.0
small_appliances,d50d79cb34e38265a8649c383dcffd48,2,1,0.5
small_appliances,d66c305afaec317ebee552073a674429,7,0,0.0
small_appliances,d91fb3b7d041e83b64a00a3edfb37e4f,3,0,0.0
small_appliances,dc317f341ab0e22f39acbd9dbf9b4a1f,2,0,0.0
small_appliances,dc50afafdfa325eadc890c7fa42a8f4e,1,0,0.0
small_appliances,dd2bdf855a9172734fbc3744021ae9b9,1,0,0.0
small_appliances,e1c76f339ebd5460999f25a2aa8c92c5,1,0,0.0
small_appliances,e333046ce6517bd8bb510291d44f0130,2,0,0.0
small_appliances,e5a38146df062edaf55c38afa99e42dc,1,0,0.0
small_appliances,e6a69c4a27dfdd98ffe5aa757ad744bc,4,0,0.0
small_appliances,e882b2a25a10b9c057cc49695f222c19,1,0,0.0
small_appliances,e883aa812c37a7413226856f4579fe91,13,0,0.0
small_appliances,eaaa46e98c9e61f6764dd1d7a2ab8b3e,1,0,0.0
small_appliances,eb5b6204dde3a6e03b5f1bb8479f055b,2,0,0.0
small_appliances,eb72802c83dc7547529c9546d1a9b8ef,1,0,0.0
small_appliances,edb65fe661681b1c0de8bd47c8655855,1,0,0.0
small_appliances,f0b47fbbc6dee9aafe415a6e33051b3f,1,0,0.0
small_appliances,f45122a9ab94eb4f3f8953578bc0c560,3,0,0.0
small_appliances,f61c63d13f7cd800549d5acdd390ae72,1,0,0.0
small_appliances,f9244d45189d3a3605499abddeade7d5,15,0,0.0
small_appliances,ff4ea69c2a729e83e63c7579e4ef8170,8,0,0.0
small_appliances_home_oven_and_coffee,099095b050cfe8eb1ddff5317587e96e,2,0,0.0
small_appliances_home_oven_and_coffee,23d7c96d4a1160db1c726b248601b25a,1,0,0.0
small_appliances_home_oven_and_coffee,2d2c62bef4c8ba0dd74e0e228e808539,3,0,0.0
small_appliances_home_oven_and_coffee,5194c22ed1f616ec0c0f33c571542879,1,0,0.0
small_appliances_home_oven_and_coffee,88cf19ec1fc2c58f161aee259d57142c,8,0,0.0
small_appliances_home_oven_and_coffee,89c127985a8b130cfa45c1d36764017a,2,0,0.0
small_appliances_home_oven_and_coffee,8b28d096634035667e8263d57ba3368c,2,0,0.0
small_appliances_home_oven_and_coffee,a2e874074c877c5a05abae80ad6e488f,1,0,0.0
small_appliances_home_oven_and_coffee,ba90964cff9b9e0e6f32b23b82465f7b,17,0,0.0
small_appliances_home_oven_and_coffee,c9c7905cffc4ef9ff9f113554423e671,1,0,0.0
small_appliances_home_oven_and_coffee,ceaec5548eefc6e23e6607c5435102e7,6,0,0.0
small_appliances_home_oven_and_coffee,d1ef48b38baca7e831711c4a0aeb398f,2,0,0.0
small_appliances_home_oven_and_coffee,d91fb3b7d041e83b64a00a3edfb37e4f,6,0,0.0
small_appliances_home_oven_and_coffee,dc7192adf8ba09569261f4a8d576afe0,4,0,0.0
small_appliances_home_oven_and_coffee,f62d7bb4a613ec758a03342d46b580b2,19,0,0.0
sports_leisure,01fd077212124329bac32490e8ef80d9,2,0,0.0
sports_leisure,0249d282d911d23cb8b869ab49c99f53,11,0,0.0
sports_leisure,02f623a8eb246f3c5f7c2f96462654e6,41,0,0.0
sports_leisure,042573af89b6d931f672efaf789d8358,1,0,0.0
sports_leisure,04aa0a1c5ce6b222003403a3e11c3cc0,1,0,0.0
sports_leisure,04e38a233f726ef161074ab1c9b0399a,10,0,0.0
sports_leisure,0509040ea3fe50071181bbc359eb7738,80,1,0.0125
sports_leisure,062ce95fa2ad4dfaedfc79260130565f,1,0,0.0
sports_leisure,066a6914e1ebf3ea95a216c73a986b91,42,0,0.0
sports_leisure,0691148aee60ca47977c187804f935ae,35,0,0.0
sports_leisure,06df0c10d34e459d9672bc77388742eb,26,0,0.0
sports_leisure,0725b8c0f3f906e58f70cbe76b7c748c,1,0,0.0
sports_leisure,0761743cbffb25d7148189e9f1a5f03a,1,0,0.0
sports_leisure,085f6f7e049c996695fb2074fe38d45e,1,0,0.0
sports_leisure,08633c14ef2db992c11f840f04fad4cd,56,2,0.03571428571428571
sports_leisure,099095b050cfe8eb1ddff5317587e96e,2,0,0.0
sports_leisure,0aa124728afc1131dff5655f4c6f487b,1,0,0.0
sports_leisure,0bae85eb84b9fb3bd773911e89288d54,4,0,0.0
sports_leisure,0be8ff43f22e456b4e0371b2245e4d01,59,0,0.0
sports_leisure,0c7f30ae9b147eca07affbef92832a6a,1,0,0.0
sports_leisure,0cab2da43793a6f3c5ed8514c5f54627,1,0,0.0
sports_leisure,0cbcee27c791afa0cdcb08587a2013a8,9,0,0.0
sports_leisure,0dd184061fb0eaa7ca37932c68ab91c5,16,0,0.0
sports_leisure,0ef83d7d83ed97cd2a0049ac8be5f88a,21,0,0.0
sports_leisure,0f0c984a4a955310903b6b6008660bad,3,0,0.0
sports_leisure,0ff83046c3fa22efee8ecf291888b191,10,0,0.0
sports_leisure,101a3a003516bc11253298b2fad3cb65,1,0,0.0
sports_leisure,117cfc326c6d50da67ca858ff5c0c852,1,0,0.0
sports_leisure,1336efc61c316ddf92c899eb817f7cae,4,0,0.0
sports_leisure,138dbe45fc62f1e244378131a6801526,9,0,0.0
sports_leisure,1430239a858e7682bbc43b20758af153,4,0,0.0
sports_leisure,14d7985702e72162bbf13b6beb74ab2b,37,0,0.0
sports_leisure,15aac934c58d886785ac1b17953ea898,3,0,0.0
sports_leisure,165fc07beebdcb6190fba8a06db2a449,3,0,0.0
sports_leisure,1782ce2db72c3dda627d5e7c898104e1,4,0,0.0
sports_leisure,17e34d8224d27a541263c4c64b11a56b,10,0,0.0
sports_leisure,18a349e75d307f4b4cc646a691ed4216,1,0,0.0
sports_leisure,1b1ae47a313a825a7ccceb8e2e30fa9d,5,0,0.0
sports_leisure,1b4c3a6f53068f0b6944d2d005c9fc89,1,0,0.0
sports_leisure,1b8356dabde1d35e17cef975c3f82730,29,0,0.0
sports_leisure,1bb3812d5f0747a3ab7348f199001a10,8,1,0.125
sports_leisure,1c40343cc5d18c2d8248ac2f3366de34,1,0,0.0
sports_leisure,1c742ac33582852aaf3bcfbf5893abcf,1,0,0.0
sports_leisure,1d139e3a3b14025640d8df1b230aace0,2,0,0.0
sports_leisure,1da3aeb70d7989d1e6d9b0e887f97c23,59,2,0.03389830508474576
sports_leisure,1de62b6f2fd96227629786db492433db,2,0,0.0
sports_leisure,1e47defeeadeca0e9a18fa5a9311e735,2,0,0.0
sports_leisure,2089a6d640999f9b9141ac719b2af596,24,2,0.08333333333333333
sports_leisure,20a7efa9721046319bdde5d60b6b5365,1,0,0.0
sports_leisure,218d46b86c1881d022bce9c68a7d4b15,364,9,0.024725274725274724
sports_leisure,22c32ec35d0116ef02c281798a25bf8b,2,0,0.0
sports_leisure,23ff42c4bf1f8f16cddb19d8b972974a,2,0,0.0
sports_leisure,24c1de8d9551c0b4fbc53317d53efda8,1,0,0.0
sports_leisure,25debeafbce801fdd479539350185eee,2,0,0.0
sports_leisure,262237171f48e85819065498cac80d7b,3,1,0.3333333333333333
sports_leisure,26f6b7ab07be3e9e69ce82a6552efc19,1,0,0.0
sports_leisure,2745f798279e0ed033addcc1474776d7,31,1,0.03225806451612903
sports_leisure,27a56ff04b34c2ba34ce6ba4d3b9d616,2,0,0.0
sports_leisure,28d162ab86bb49d719c32f0ee6186eaa,1,0,0.0
sports_leisure,28f10b1c5e5abb9d4857745bede6147c,11,0,0.0
sports_leisure,2a7dc43cecabf23403078e2188437d1d,10,0,0.0
sports_leisure,2aa3443d7bf9d9bb11133f420d75e083,7,0,0.0
sports_leisure,2b03ac196f5ed62ac483960fe0fa3b65,3,0,0.0
sports_leisure,2c54051840f19eca309a5423cf22df36,2,0,0.0
sports_leisure,2d518637f53161b973e01f56ea4bb88e,13,0,0.0
sports_leisure,2dd1fb6f0e42a2243b8a01e40cd41216,4,0,0.0
sports_leisure,2e13c71026e1a39ba5cc1b86dcb679aa,24,0,0.0
sports_leisure,2e1c9f22be269ef4643f826c9e650a52,65,0,0.0
sports_leisure,2ea0861cc19e94cad86438c984c52da4,1,0,0.0
sports_leisure,2eb70248d66e0e3ef83659f71b244378,1,0,0.0
sports_leisure,2f09f7d37a97956d11cc1a7cadd5262b,5,0,0.0
sports_leisure,2f74af7a0ee5636f12c2336f9fffed47,11,0,0.0
sports_leisure,2ff6b7bff164ef05590a52734e1296da,2,0,0.0
sports_leisure,2ff97219cb8622eaf3cd89b7d9c09824,10,0,0.0
sports_leisure,3078096983cf766a32a06257648502d1,1,0,0.0
sports_leisure,318f287a62ab7ac10b703ac37435a231,29,0,0.0
sports_leisure,3289d8c3eef4873f91ce0b1343c0dd58,1,0,0.0
sports_leisure,33ac3e28642ab8bda860a2f693000e78,32,0,0.0
sports_leisure,3442f8959a84dea7ee197c632cb2df15,3,0,0.0
sports_leisure,3504c0cb71d7fa48d967e0e4c94d59d9,4,0,0.0
sports_leisure,35b96509602ec4b7da831b5cd73ff2c2,2,0,0.0
sports_leisure,365e4bce19bda0082c3d15d83fdb8bcd,5,0,0.0
sports_leisure,373ee4a3a775a733770ca3f790b8b9ac,7,0,0.0
sports_leisure,376a891762bbdecbc02b4b6adec3fdda,51,0,0.0
sports_leisure,382229d1e840115ffe3dbf5ff460e417,6,0,0.0
sports_leisure,385799a1cddbd26dfeb9157356a42282,4,0,0.0
sports_leisure,38e679b9e0064cd94c6f035707344dae,16,0,0.0
sports_leisure,391bbd13b6452244774beff1824006ed,2,0,0.0
sports_leisure,3969863bb8af7f72580b3b1ffd3a17b3,6,0,0.0
sports_leisure,39c763cca83e654764b7a4a650fb9b7c,9,1,0.1111111111111111
sports_leisure,3a52d63a8f9daf5a28f3626d7eb9bd28,1,0,0.0
sports_leisure,3ab971ce71839580d2ae5b4e40fe8044,7,0,0.0
sports_leisure,3bb32fedaa74e4ad20f4ce067733bd31,2,0,0.0
sports_leisure,3be634553519fb6536a03e1358e9fdc7,14,0,0.0
sports_leisure,3c03b12bab54d8b37d79d914bfdb1aa0,34,0,0.0
sports_leisure,3d39fbf22a665714baf62fae36029e23,6,0,0.0
sports_leisure,3d5d0dc7073a299e31fa718ce1bc00b6,1,0,0.0
sports_leisure,3d8fa2f5b647373c8620330c4e077a9f,4,0,0.0
sports_leisure,3db66a856d18a9cba7c9241fc5221c50,45,1,0.022222222222222223
sports_leisure,3f3486b61f45078d4f31ee5e43d8c5bb,10,0,0.0
sports_leisure,3f9c56764fabca627406093dcb3ef0b4,7,0,0.0
sports_leisure,3fd1e727ba94cfe122d165e176ce7967,36,0,0.0
sports_leisure,402916f742e5c740cc751493d9cf5053,2,0,0.0
sports_leisure,403aa86912527d730337ffcb0fb096ab,1,0,0.0
sports_leisure,4049512728d969bec69f84088b012416,5,0,0.0
sports_leisure,40d54b51e962dbe09cabbcfd33298dee,1,0,0.0
sports_leisure,412a4720f3e9431b4afa1476a1acddbe,13,1,0.07692307692307693
sports_leisure,41b86b552e54e3a7009596125aa8b167,10,0,0.0
sports_leisure,41da412d33e8da4f22baf55cb1bde82c,14,1,0.07142857142857142
sports_leisure,4305fe92735c8a43d154ff6dd2b8d927,17,0,0.0
sports_leisure,432c37c9dfba871172ec162e20118b8c,3,0,0.0
sports_leisure,4371b634e0efc0e22b09b52907d9d469,57,1,0.017543859649122806
sports_leisure,44073f8b7e41514de3b7815dd0237f4f,1,0,0.0
sports_leisure,440dd6ab244315c632130ecfb63827b1,90,0,0.0
sports_leisure,44ed138eca6214d572ce1d813fb0049b,1,0,0.0
sports_leisure,44f091b5abab8018f682fce8124b85e5,4,0,0.0
sports_leisure,45ba18c210d42734ec52c0c1c574e9ee,1,0,0.0
sports_leisure,45d33f715e24d15a6ccf5c17b3a23e3c,10,0,0.0
sports_leisure,46dc3b2cc0980fb8ec44634e21d2718e,56,0,0.0
sports_leisure,4736e9d642ef4257cd7622516931eb51,5,0,0.0
sports_leisure,4830e40640734fc1c52cd21127c341d4,19,0,0.0
sports_leisure,4869f7a5dfa277a7dca6462dcf3b52b2,1,0,0.0
sports_leisure,4aba391bc3b88717ce08eb11e44937b2,27,0,0.0
sports_leisure,4be9ae93c4fc0f41713d71a4194ee1b3,1,0,0.0
sports_leisure,4c2b230173bb36f9b240f2b8ac11786e,255,4,0.01568627450980392
sports_leisure,4d6d651bd7684af3fffabd5f08d12e5a,348,11,0.031609195402298854
sports_leisure,4da0e408c99d2fdc2126dc9fce518060,38,1,0.02631578947368421
sports_leisure,4e6015589b781adaa5ce7f1892d06bb1,3,0,0.0
sports_leisure,4e922959ae960d389249c378d1c939f5,6,0,0.0
sports_leisure,4ebdc7e6cd6102a022dadc49156d4ea8,1,0,0.0
sports_leisure,4ef4c39cf3c24f326434cf0b2e48046a,8,0,0.0
sports_leisure,4fe2f67634d00c021aa01f96b6f2d68e,1,0,0.0
sports_leisure,50c9975695009e5e6473912e83a6d1da,50,0,0.0
sports_leisure,52092ddbd3a58c450a4459bf051b2287,6,0,0.0
sports_leisure,522620dcb18a6b31cd7bdf73665113a9,4,0,0.0
sports_leisure,5236605f4d4b0b3e4df85b850393fca0,5,0,0.0
sports_leisure,52562a9f449c3dc3d53f5f5b9ed74903,8,0,0.0
sports_leisure,52831e5990d0771cb4951d6f12928167,1,0,0.0
sports_leisure,52f0fe436a347ddad7ed5f9aa4e27eaa,4,0,0.0
sports_leisure,52f976b17ea7f2f087f56dcc419328f6,6,0,0.0
sports_leisure,530ec6109d11eaaf87999465c6afee01,83,1,0.012048192771084338
sports_leisure,537eb890efff034a88679788b647c564,7,0,0.0
sports_leisure,54065e9aef7e9e9c2dc23b7594db021a,1,0,0.0
sports_leisure,54a1852d1b8f10312c55e906355666ee,170,3,0.01764705882352941
sports_leisure,54c04bdb5ec46762f8f08c7e8f86ed4a,18,0,0.0
sports_leisure,55029529919c0123526150bd26ca8f20,5,0,0.0
sports_leisure,55a5b51f93f2b70ea513f5a047b0262a,39,0,0.0
sports_leisure,55bb6fe5bebe5012e2d7d9928e1128ff,1,0,0.0
sports_leisure,5656537e588803a555b8eb41f07a944b,1,0,0.0
sports_leisure,56f413900b5166ab4d730e9ac0b12cb0,2,0,0.0
sports_leisure,57d2ba47f7a3209aa347532ae75c1165,2,0,0.0
sports_leisure,5b67882648febfb6e1225e6ad7164f6b,25,0,0.0
sports_leisure,5b925e1d006e9476d738aa200751b73b,58,5,0.08620689655172414
sports_leisure,5bc55dbe2f12b6af6d83ed46023e0dc8,15,0,0.0
sports_leisure,5cbbd5a299cab112b7bf23862255e43e,1,0,0.0
sports_leisure,5d043cd5512d4bd2f88e5ccdd5736c38,1,0,0.0
sports_leisure,5d505d2298ad549e4e4e835562fa0c1e,2,0,0.0
sports_leisure,5d9dc90a686a8fddacffab6bab5653a3,12,0,0.0
sports_leisure,5e25c632f9db6cfb8bc100421c2737b6,1,0,0.0
sports_leisure,5e49e3a44bdeb5aab2684258bbd4f525,3,0,0.0
sports_leisure,5eeb9c756d9780b96283e5a2ac6da334,9,0,0.0
sports_leisure,5f1dc28029d2c244352a68107ec2b542,3,0,0.0
sports_leisure,5f5b43b2bffa8656e4bc6efeb13cc649,1,0,0.0
sports_leisure,612170e34b97004b3ba37eae81836b4c,1,0,0.0
sports_leisure,612a743d294c27884fb7b80d2b19ba35,1,0,0.0
sports_leisure,615005a3ef192c00c6f0e977cee3d2bc,10,0,0.0
sports_leisure,61f159ef6da2d441951d2c0efa719362,1,0,0.0
sports_leisure,634964b17796e64304cadf1ad3050fb7,5,0,0.0
sports_leisure,638cba8be1fb599bbb76fd6948351eb3,13,0,0.0
sports_leisure,63ffcb71394dd8ea3872ed9ffda17c74,3,0,0.0
sports_leisure,6426d21aca402a131fc0a5d0960a3c90,1,0,0.0
sports_leisure,6560211a19b47992c3666cc44a7e94c0,7,0,0.0
sports_leisure,6561d6bf844e464b4019442692b40e02,1,0,0.0
sports_leisure,657969cca82e884d272385ec0ef06edd,3,0,0.0
sports_leisure,669ae81880e08f269a64487cfb287169,106,0,0.0
sports_leisure,66dc1b1632bd6a3e508510c5b3492107,11,0,0.0
sports_leisure,670c26e0f1bf8d0576271d5cfaec6d2b,71,2,0.028169014084507043
sports_leisure,67225bff54a172ff67579aaf583efd78,7,1,0.14285714285714285
sports_leisure,6750d71153f00fc58829af2a8ef1bcf1,6,0,0.0
sports_leisure,67883baaae6134ee81b271a542613728,1,0,0.0
sports_leisure,6806dad1da97bfb5a9038eac6881f706,2,0,0.0
sports_leisure,6824a69c9ea0313eba299dd4a2dba09a,1,0,0.0
sports_leisure,68ca56ce86830f3d31b1b7ec6a54da3e,1,0,0.0
sports_leisure,6a0cbc8af2e8abd1bdfb777943d174c6,31,0,0.0
sports_leisure,6a3139c7bf09ece22a4713d956acbe5e,1,0,0.0
sports_leisure,6b243f80ed07b10f0e8aa0f21a205f3c,76,3,0.039473684210526314
sports_leisure,6b3bd31ad8fcda4b2635ec9f3ff2ecdf,35,0,0.0
sports_leisure,6b536a23086fba0d58c08d68814397f6,16,0,0.0
sports_leisure,6b90f847357d8981edd79a1eb1bf0acb,5,0,0.0
sports_leisure,6b9b80d53ba3676eafe60268a810b5a1,10,0,0.0
sports_leisure,6c12e40690c335dbc2f68a4134d30dc1,6,0,0.0
sports_leisure,6cd68b3ed6d59aaa9fece558ad360c0a,3,0,0.0
sports_leisure,6d04126aba80df143fd038e711b8fd96,1,0,0.0
sports_leisure,6d66611d7c44cc30ce351abc49a68421,30,1,0.03333333333333333
sports_leisure,6d803cb79cc31c41c4c789a75933b3c7,56,2,0.03571428571428571
sports_leisure,6edacfd9f9074789dad6d62ba7950b9c,4,0,0.0
sports_leisure,6f229cc508fc6915ed5c499efd93baa4,13,0,0.0
sports_leisure,7008613ea464bad5cb9b83456e1e6a8f,126,1,0.007936507936507936
sports_leisure,70125af26c2d6d4ef401a1d02ae7701f,5,0,0.0
sports_leisure,709e16e2b25c7474d980076c6bfc4806,5,0,0.0
sports_leisure,70a12e78e608ac31179aea7f8422044b,6,0,0.0
sports_leisure,70eea00b476a314817cefde4aad4f89a,88,1,0.011363636363636364
sports_leisure,71039d19d4303bf9054d69e9a9236699,7,0,0.0
sports_leisure,710e3548e02bc1d2831dfc4f1b5b14d4,4,0,0.0
sports_leisure,7299e27ed73d2ad986de7f7c77d919fa,11,0,0.0
sports_leisure,729b2d09b2a0bdab221076327f13d050,19,0,0.0
sports_leisure,730937bf88cb151eb2eb849f642fc213,21,1,0.047619047619047616
sports_leisure,74636e24f01da9268b0ed88dacd8513e,1,0,0.0
sports_leisure,74871d19219c7d518d0090283e03c137,4,0,0.0
sports_leisure,750303a20e9c56b2a6bc45cdce0b897d,30,0,0.0
sports_leisure,751bdc4d83a466c7206cd42e8f426b03,39,0,0.0
sports_leisure,7586919161935337bf6b6d7ff5779648,10,0,0.0
sports_leisure,7681ef142fd2c19048da7430856b5588,1,0,0.0
sports_leisure,76d336555bb25f3165d2f0d6da719c40,1,0,0.0
sports_leisure,76d5af76d0271110f9af36c92573f765,86,4,0.046511627906976744
sports_leisure,77fccaae319668a8ab6cd0fd16aec48c,5,0,0.0
sports_leisure,78c99c6dff4eeae5be99bf635ed21e3f,31,0,0.0
sports_leisure,7963e546f34e098b578f9ad102494601,1,0,0.0
sports_leisure,7a2d2949aea47fab95fd98d6c9f618b1,2,0,0.0
sports_leisure,7ad41305e96a6cab8294cd65891e9a86,2,0,0.0
sports_leisure,7b07b3c7487f0ea825fc6df75abd658b,88,0,0.0
sports_leisure,7b3447b497e55af8c15fc7bd89d7b81a,1,0,0.0
sports_leisure,7bac63f6603d382cc8d0832eb6c100a8,8,0,0.0
sports_leisure,7bcd7c5f8631701474db233ccf1c094b,2,0,0.0
sports_leisure,7c4618c82226628831613e95e9c22f44,13,0,0.0
sports_leisure,7c67e1448b00f6e969d365cea6b010ab,14,0,0.0
sports_leisure,7d13fca15225358621be4086e1eb0964,2,0,0.0
sports_leisure,7ddcbb64b5bc1ef36ca8c151f6ec77df,14,0,0.0
sports_leisure,7e1fb0a3ebfb01ffb3a7dae98bf3238d,20,1,0.05
sports_leisure,7e93a43ef30c4f03f38b393420bc753a,7,0,0.0
sports_leisure,7f152321c60a266edc53af1925ef96c1,20,0,0.0
sports_leisure,7f2617c58d5d06806987308b45654351,22,0,0.0
sports_leisure,800214c63934acd05d47e84214db8ba8,1,0,0.0
sports_leisure,8060d731897e33b5c5ae575ce1e209e1,5,0,0.0
sports_leisure,8090490573c6c0aa343a7231ebcb8c86,4,0,0.0
sports_leisure,80e6699fe29150b372a0c8a1ebf7dcc8,87,0,0.0
sports_leisure,80f2cf9abf6b5a0e5c612b5eea6646e6,1,0,0.0
sports_leisure,8132b9bd16876e1b0f8808d43825dd48,1,0,0.0
sports_leisure,81336a0f57a33776419727a300249e90,14,0,0.0
sports_leisure,821fb029fc6e495ca4f08a35d51e53a5,22,0,0.0
sports_leisure,83353a83fd769dfafa4f21a72b15e3e5,5,0,0.0
sports_leisure,834f8533b2ecb6598dd004ff3de7203a,2,0,0.0
sports_leisure,8648b1e89e9b349e32d3741b30ec737e,3,1,0.3333333333333333
sports_leisure,86ccac0b835037332a596a33b6949ee1,3,0,0.0
sports_leisure,86ff3eaef0267069cc891a2ed9d10a17,6,0,0.0
sports_leisure,87142160b41353c4e5fca2360caf6f92,18,0,0.0
sports_leisure,87b740daf17b5d1be335a64164ec6842,12,0,0.0
sports_leisure,883dd81e82754ac2c65e9790a7db8c9a,4,0,0.0
sports_leisure,888faa8bfb0b159c37de6d898b961c31,7,0,0.0
sports_leisure,891071be6ba827b591264c90c2ae8a63,1,0,0.0
sports_leisure,8a40ae794fa3f9892cee24bd5af0488b,1,0,0.0
sports_leisure,8ae520247981aa06bc94abddf5f46d34,10,0,0.0
sports_leisure,8b28d096634035667e8263d57ba3368c,3,0,0.0
sports_leisure,8b2d4ab22f42c5cfc338b846decfda60,5,0,0.0
sports_leisure,8b321bb669392f5163d04c59e235e066,1,0,0.0
sports_leisure,8c0de775f52fe41590b376a3b7c50f68,9,0,0.0
sports_leisure,8cb7c5ddf41f4d506eba76e9a4702a25,2,0,0.0
sports_leisure,8cbac7e12637ed9cffa18c7875207478,5,0,0.0
sports_leisure,8d956fec2e4337affcb520f56fd8cbfd,79,0,0.0
sports_leisure,8dd386be0767c330276ea6a3f96532d3,1,0,0.0
sports_leisure,8e2b3afb420011ef0c88c9d5f11ea526,10,0,0.0
sports_leisure,8f2ce03f928b567e3d56181ae20ae952,151,2,0.013245033112582781
sports_leisure,902c99f1ac505c0d18778b61bcd636f7,1,0,0.0
sports_leisure,90b57083da5d803237da74daec6dcb2b,1,0,0.0
sports_leisure,910a922b426b7ff95eaee129ad6c0e1f,2,0,0.0
sports_leisure,9140bd1d9de28b197dce077bdd687438,6,0,0.0
sports_leisure,916748bc99315c2d202898ae58b1617e,22,0,0.0
sports_leisure,918717417d88a9f9ae9735567e6c7682,1,0,0.0
sports_leisure,9198786624eaeb375793215cad26cfa6,4,0,0.0
sports_leisure,91f5779a8731baca4809fdeade81803f,4,0,0.0
sports_leisure,921323538c9f1c4e816f2720eac02bea,11,0,0.0
sports_leisure,93bef6edaa84956e8e575016449b6351,1,0,0.0
sports_leisure,93dc87703c046b603023e75222018b45,2,0,0.0
sports_leisure,94d76e96eedd976258cd3278ce56d5f2,1,0,0.0
sports_leisure,94e93ce877be27a515118dbfd2c2be41,2,0,0.0
sports_leisure,955fee9216a65b617aa5c0531780ce60,121,0,0.0
sports_leisure,9599519be538b98748162a2b48248960,1,0,0.0
sports_leisure,95cca791657aabeff15a07eb152d7841,1,0,0.0
sports_leisure,95e03ca3d4146e4011985981aeb959b9,16,0,0.0
sports_leisure,9616352088dcf83a7c06637f4ebf1c80,92,0,0.0
sports_leisure,96804ea39d96eb908e7c3afdb671bb9e,24,0,0.0
sports_leisure,96e5dc09087bad639b4ee193104ec2e5,1,0,0.0
sports_leisure,973f21788dfab357250f69a8dcb7ddee,9,0,0.0
sports_leisure,989becdce12ebc39863c2bceab6f3ca1,12,0,0.0
sports_leisure,98f52e1020fe788c10c0418de4393fec,1,0,0.0
sports_leisure,9906e7aa42a3c067b7c9a564d01c4320,12,0,0.0
sports_leisure,9a84ba99f5367fdbd4598363496f1ea2,15,0,0.0
sports_leisure,9ac4f14370b1e24ddc58be041b7f99df,3,0,0.0
sports_leisure,9b00cad94ef3078faf6fba2e792c158f,1,0,0.0
sports_leisure,9b00ed88b7fdb95d6ff76e27c1b52d16,45,0,0.0
sports_leisure,9b013e03b2ab786505a1d3b5c0756754,49,0,0.0
sports_leisure,9bcdfa7b615b3abb9461d9e3ad9886ae,14,0,0.0
sports_leisure,9c3c24eca51c52b91c1de727d2a2ae06,5,0,0.0
sports_leisure,9d4db00d65d7760644ac0c14edb5fd86,1,0,0.0
sports_leisure,9d681c7e12db302cb261e721040dde65,13,0,0.0
sports_leisure,9e17b9d64683aebcbb9ee362d06463b4,1,0,0.0
sports_leisure,9ed65337433adfbedefd23dd76eaa494,6,0,0.0
sports_leisure,a17f621c590ea0fab3d5d883e1630ec6,61,1,0.01639344262295082
sports_leisure,a1bea7061f61f6fdd9a85a6325ba1033,1,0,0.0
sports_leisure,a2b911e9ad40dc7d61c142a4683e2d85,1,0,0.0
sports_leisure,a2e85714b56b1cb6bb24a9a6e6cad36f,2,0,0.0
sports_leisure,a2e874074c877c5a05abae80ad6e488f,2,0,0.0
sports_leisure,a35ef466c6fd6d052f5d241240d3c5e2,3,0,0.0
sports_leisure,a36b125ac6d5fdbc7f50de85c9157bdc,15,0,0.0
sports_leisure,a3a38f4affed601eb87a97788c949667,57,2,0.03508771929824561
sports_leisure,a420f60ff1aa9acc80d0e42959f2b313,7,0,0.0
sports_leisure,a44fb5a447105f8469bdf16bf9159f25,19,0,0.0
sports_leisure,a45314082d50d578a4721c9787ce09ab,1,0,0.0
sports_leisure,a5a1bfcf728ab0e19182959cf0771ee4,4,0,0.0
sports_leisure,a5dd1946fb63ada8bcaa0c9cd8f11e22,3,0,0.0
sports_leisure,a67780aba9dd436e7ac0aa1f889e73ec,5,0,0.0
sports_leisure,a7ecf689b40a44361e259b28939023e4,1,0,0.0
sports_leisure,a7f13822ceb966b076af67121f87b063,1,0,0.0
sports_leisure,aa17b35ce4de7b565be3249ba838944f,2,0,0.0
sports_leisure,aac51c486b672a9850d59f3e84b1cf88,3,0,0.0
sports_leisure,aaed1309374718fdd995ee4c58c9dfcd,58,0,0.0
sports_leisure,aba1721a889e04decc910aa13b768ef4,3,0,0.0
sports_leisure,acb6c2ca5c82411c1fdb88d5fd5eb95e,6,0,0.0
sports_leisure,adcf50477d6a1f5d91bb9d54c4903cb5,15,0,0.0
sports_leisure,ae45ad30c2d2e5913094769690a239d2,1,0,0.0
sports_leisure,b00af24704019bd2e1b335e70ad11f7c,1,0,0.0
sports_leisure,b1204cfda1d4948679db3cfc0d3cb95c,4,0,0.0
sports_leisure,b16d3dadc47d4eb18be3d88bad0775ce,7,0,0.0
sports_leisure,b1ac6ea7895bc3dd6f0f6f4abbdd2821,40,0,0.0
sports_leisure,b248792ac0b60ec3f93d80af1b4fae47,6,0,0.0
sports_leisure,b26741d31a563d769b4af0465ab20c56,1,0,0.0
sports_leisure,b2ba3715d723d245138f291a6fe42594,9,0,0.0
sports_leisure,b32be1695eb7ec5f10f72d9610a12527,2,0,0.0
sports_leisure,b33e7c55446eabf8fe1a42d037ac7d6d,2,0,0.0
sports_leisure,b43d8b707f887a30f4675391098354a0,1,0,0.0
sports_leisure,b499c00f28f4b7069ff6550af8c1348a,5,0,0.0
sports_leisure,b4b447d715f9ab302a188fb43d3e96b3,5,0,0.0
sports_leisure,b5dd7151a92ccaaa282cbe9681a05f44,1,0,0.0
sports_leisure,b5e3e38609125694d2ea2417522a60b7,14,0,0.0
sports_leisure,b67d6c666e8dce1d078c882825e12704,6,0,0.0
sports_leisure,b6c6854d4d92a5f6f46be8869da3fa1a,1,0,0.0
sports_leisure,b6dc74ed30f124f95227bed4e43a3bed,10,1,0.1
sports_leisure,b7e1750c1157341d2abd0251e07c186b,2,0,0.0
sports_leisure,b81e3a6c866a764974fe849821abeebd,2,0,0.0
sports_leisure,b8578d2d823bd8e251f6fdd02b40902d,9,0,0.0
sports_leisure,b906dd0e57f282c7089171b6ed07982e,2,0,0.0
sports_leisure,b90e891671cffd9557f33a97dc523645,10,0,0.0
sports_leisure,b9ca8e8baa5d4aa038394a700f63e69f,3,0,0.0
sports_leisure,ba6b68b55fe8704377a7d43c8e5c0185,2,0,0.0
sports_leisure,ba6ce6de456f6c11d08c17701ba5c26f,6,0,0.0
sports_leisure,baa49d93c8c8841e27400a300f5d74b2,5,1,0.2
sports_leisure,bb2afe2061d53c6968aa0cffa233a8ec,5,0,0.0
sports_leisure,bba74270a87732727b5a3b4fd9ac1c39,17,0,0.0
sports_leisure,bc47d5d1490df2b36add65d733eafaba,22,0,0.0
sports_leisure,bd15ee794d5e640d9dd71b665b2ab15b,11,0,0.0
sports_leisure,be8e909810184b9b19e886129149d8e5,1,0,0.0
sports_leisure,bf00385a5f7fc1ef39a13c2e9ee50a5f,1,0,0.0
sports_leisure,c0e6839516f5398edc34adf5f1d53d1a,3,0,0.0
sports_leisure,c0f3eea2e14555b6faeea3dd58c1b1c3,1,0,0.0
sports_leisure,c1f12f926d0ba950578b4fa41115cbb6,1,0,0.0
sports_leisure,c200c73f9d7e5a08ca439d6a0803da7c,1,0,0.0
sports_leisure,c24173065483e421f9e5e7f599de101d,5,0,0.0
sports_leisure,c32fc744b9160ac853450488e3cfea93,3,0,0.0
sports_leisure,c3867b4666c7d76867627c2f7fb22e21,238,2,0.008403361344537815
sports_leisure,c398bc00a606d33758afd91f4e64fd15,2,0,0.0
sports_leisure,c3cfdc648177fdbbbb35635a37472c53,264,11,0.041666666666666664
sports_leisure,c447f8dd3ed213f291d65ef074a268eb,5,0,0.0
sports_leisure,c68fb906c8f4b4b946d8386bfa6e5467,2,0,0.0
sports_leisure,c714262700f93defc16bf17a51a4cb23,1,0,0.0
sports_leisure,c76d418370990614e89e956c7a7567d9,2,0,0.0
sports_leisure,c8025364abeecb115431bf95c11a747f,2,0,0.0
sports_leisure,c826c40d7b19f62a09e2d7c5e7295ee2,1,0,0.0
sports_leisure,c864036feaab8c1659f65ea4faebe1da,58,0,0.0
sports_leisure,c878515173c84a492ebe50d6b493230b,5,0,0.0
sports_leisure,c88f62b4c386a59281014d677864d016,1,0,0.0
sports_leisure,c9c7905cffc4ef9ff9f113554423e671,26,0,0.0
sports_leisure,ca77545ca4d2dfd1431bf61334e2fa3c,5,0,0.0
sports_leisure,cb3dd9ce66268c7a3ca7241ac70ab58c,45,3,0.06666666666666667
sports_leisure,cb5ff1b9715e99589f3e0c7a6afab9e3,4,0,0.0
sports_leisure,cb6c9f5888a7a090c75beaf615925792,1,0,0.0
sports_leisure,cbd996ad3c1b7dc71fd0e5f5df9087e2,7,0,0.0
sports_leisure,ccb83a794700270fde70898fe9ff368b,12,0,0.0
sports_leisure,ccc4bbb5f32a6ab2b7066a4130f114e3,5,0,0.0
sports_leisure,cd233f8bfa30ebfd651f47ee7d054951,1,0,0.0
sports_leisure,cd68562d3f44870c08922d380acae552,42,0,0.0
sports_leisure,cda598c48d7c614bc1cad7d8ff6f0010,2,0,0.0
sports_leisure,ce27a3cc3c8cc1ea79d11e561e9bebb6,2,0,0.0
sports_leisure,ce33c6211beaa8fef4cae8b52db39862,1,0,0.0
sports_leisure,cea729054f157f5870bdd321a958d994,22,0,0.0
sports_leisure,cee48807215b30a12ca2ca10ffb5f250,2,0,0.0
sports_leisure,cf8ab1616079e2793aa29d524df01bb1,9,0,0.0
sports_leisure,d05ae8f7a5bd1d2a690a44cd079e4e27,74,3,0.04054054054054054
sports_leisure,d12c926d74ceff0a90a21184466ce161,25,0,0.0
sports_leisure,d13e50eaa47b4cbe9eb81465865d8cfc,11,0,0.0
sports_leisure,d354c38a7182125a748cb10474fe963b,17,0,0.0
sports_leisure,d4f91e8be86b38da2ee35bc489645a9d,1,0,0.0
sports_leisure,d566c37fa119d5e66c4e9052e83ee4ea,55,0,0.0
sports_leisure,d650b663c3b5f6fb392b6326366efa9a,3,0,0.0
sports_leisure,d6ab728cf30867cf3f1a2e216ae2f9b7,11,0,0.0
sports_leisure,d7485b33791774c36108f8c69602d48d,10,0,0.0
sports_leisure,d8c7ba53e7e38711eaef8c2849d6d2e1,5,0,0.0
sports_leisure,d921b68bf747894be13a97ae52b0f386,1,0,0.0
sports_leisure,d93b8458c6fe139d85cfa5eadbf55bd2,1,0,0.0
sports_leisure,d9a84e1403de8da0c3aa531d6d108ba6,4,0,0.0
sports_leisure,da20530872245d6cd9d2f5725613c430,2,0,0.0
sports_leisure,db4350fd57ae30082dec7acbaacc17f9,2,1,0.5
sports_leisure,db7ed69a53aa9fb1c01930ba54a88bbe,1,0,0.0
sports_leisure,dbbcfe2c8d026742134ac3e28ccde274,4,0,0.0
sports_leisure,dbc22125167c298ef99da25668e1011f,45,1,0.022222222222222223
sports_leisure,dc7192adf8ba09569261f4a8d576afe0,2,0,0.0
sports_leisure,dd2bdf855a9172734fbc3744021ae9b9,2,0,0.0
sports_leisure,dee656f0f566ed1aa85bd137c943f08f,33,0,0.0
sports_leisure,df56d7b40d437f88407c5f78b63bc328,22,0,0.0
sports_leisure,dfa0c4c6229ab200a4a1336b4d7128ff,1,0,0.0
sports_leisure,e06f09ec0a4aca210779cf1cfc63cf19,1,0,0.0
sports_leisure,e116c7455dd26a4d8c3e92532583905f,1,0,0.0
sports_leisure,e1a210d482714ce337763a19aef94ba4,1,0,0.0
sports_leisure,e1b12447a7563944843191754aeb5562,4,0,0.0
sports_leisure,e2aee0892199b1d92530e371abd825bf,26,0,0.0
sports_leisure,e3e290b38963293022cdcd6db8328103,2,0,0.0
sports_leisure,e4f121bf6ef8b9a1d4d3e65dd0473fab,1,0,0.0
sports_leisure,e5475dcab1e07b63d7f6e902d8f5eda8,10,0,0.0
sports_leisure,e58a5b390e28abc0b216cfb0e07d27d7,5,0,0.0
sports_leisure,e601b04acf48b4576e73ddca9481f0dc,1,0,0.0
sports_leisure,e627629ba868740e287800f1a9be81c2,1,0,0.0
sports_leisure,e62b2d6ac10570a035a30bafcf01d263,3,0,0.0
sports_leisure,e644cbadf7eeb30d0d29f335ce7d52ec,4,0,0.0
sports_leisure,e7df4cd29ab5abab70fb0783ddb53987,10,0,0.0
sports_leisure,e81e1f9c3e762e620f3fb60a51499e16,12,0,0.0
sports_leisure,e88165a185134e13fdfc85d4fa654db8,2,0,0.0
sports_leisure,e882b2a25a10b9c057cc49695f222c19,3,0,0.0
sports_leisure,e89c4adbe7b1d0819dbb636e16461cf1,24,0,0.0
sports_leisure,e8a85b5f3df47be0984c55fd4064dbb4,1,0,0.0
sports_leisure,e8dba4d70f7f2b20e775d09cae01142d,7,0,0.0
sports_leisure,e8f6dc8e6a1dcde89d20e3995c8d90b3,3,0,0.0
sports_leisure,e9779976487b77c6d4ac45f75ec7afe9,270,5,0.018518518518518517
sports_leisure,ea566164622c6b439516ab18062c42cd,3,0,0.0
sports_leisure,ea65d8b58316a6f2362f2a9e4b3e86ad,1,0,0.0
sports_leisure,eb1bf309f4f6af9a97e9ddac3fdbeabe,1,0,0.0
sports_leisure,eb9267cccc90f1b49c8d2f9887c7dd97,1,0,0.0
sports_leisure,ebef8d8c92b4fd3226e5d407bbff21ac,2,0,0.0
sports_leisure,ed49da7cadefc454d6a67de249eab240,1,0,0.0
sports_leisure,edf96ef93ed595084bbcbd9224bd2894,1,0,0.0
sports_leisure,ee2fbacc2fc3794e656cc4d933d59ce7,2,0,0.0
sports_leisure,ef990a83bbea832f36ebe81376335aa8,39,0,0.0
sports_leisure,f00e21b1e91a79653163b7fd8f293ff1,1,0,0.0
sports_leisure,f08c008c8a8d31417763738a1788a2a8,22,0,0.0
sports_leisure,f09b760d23495ac9a7e00d29b769007c,1,0,0.0
sports_leisure,f0e103c63864d5405b958d984b6e94c9,1,0,0.0
sports_leisure,f114dca2828bf718548db175ebe2cfcd,1,0,0.0
sports_leisure,f1fdf2d13186575751aa25876536d85c,1,0,0.0
sports_leisure,f326006815956455b2859abd58fe7e39,4,0,0.0
sports_leisure,f35b3c613c4f7b2275f4185d0a3c59ec,8,0,0.0
sports_leisure,f4aba7c0bca51484c30ab7bdc34bcdd1,1,0,0.0
sports_leisure,f52c2422904463fdd7741f99045fecb6,3,0,0.0
sports_leisure,f5f2ab9bdb6b30c14c61be68c5ed37da,1,0,0.0
sports_leisure,f5f46307a4d15880ca14fab4ad9dfc9b,4,0,0.0
sports_leisure,f67efa3f0b6761102a7f8c6b7b571f5d,10,0,0.0
sports_leisure,f789d2c4f2c2eb38fc4373e7a4b35264,1,0,0.0
sports_leisure,f7ba60f8c3f99e7ee4042fdef03b70c4,27,0,0.0
sports_leisure,f7df46c1e0ec44eed5c6726478da4a17,2,0,0.0
sports_leisure,f80edd2c5aaa505cc4b0a3b219abf4b8,6,0,0.0
sports_leisure,f8db351d8c4c4c22c6835c19a46f01b0,76,1,0.013157894736842105
sports_leisure,f92d8c817434bd2d84d4e9c61322b7fa,5,0,0.0
sports_leisure,f9bbdd976532d50b7816d285a22bd01e,2,0,0.0
sports_leisure,f9ec7093df3a7b346b7bcf7864069ca3,2,0,0.0
sports_leisure,f9f68daa2af419d38f745478bcb3da1a,2,0,0.0
sports_leisure,fa1c13f2614d7b5c4749cbc52fecda94,2,1,0.5
sports_leisure,fac1a9017ade7bdc94058fc1c969f355,1,0,0.0
sports_leisure,fadb07c842a2aef5d5a676b85f220e71,5,0,0.0
sports_leisure,fb8904a8ea99f8831b64ce27db2c1765,1,0,0.0
sports_leisure,fc906263ca5083d09dce42fe02247800,1,0,0.0
sports_leisure,fcb5ace8bcc92f75707dc0f01a27d269,10,0,0.0
sports_leisure,fce62094ffe6a4009188ec44e681dfdd,1,0,0.0
sports_leisure,fd386aa7bed2af3c7035c65506c9b4a3,3,0,0.0
sports_leisure,fdaaf5bfda82b7b80535610c831b8d09,9,0,0.0
sports_leisure,fe1bbc5feda5c8979a8a1b3b2512d5a6,8,0,0.0
sports_leisure,fe9d9cf8631285d5982c6e2cf27fb114,1,0,0.0
sports_leisure,ff1e15b778c700abdd4d239b81ac466d,6,0,0.0
sports_leisure,ff1fb4c404b2efe68b03350a8dc24122,1,0,0.0
sports_leisure,ffa6adafb71b807dc13159e26431354c,3,0,0.0
sports_leisure,ffc470761de7d0232558ba5e786e57b7,1,0,0.0
stationery,013900e863eace745d3ec7614cab5b1a,1,0,0.0
stationery,014d9a685fd57276679edd00e07089e5,8,0,0.0
stationery,02dcd3e8e25bee036e32512bcf175493,12,2,0.16666666666666666
stationery,05e107217c7266362fd44b75b2cd4cc4,5,0,0.0
stationery,062c325cd6a2b87845fab56b4ec2eeae,1,0,0.0
stationery,0691148aee60ca47977c187804f935ae,2,0,0.0
stationery,0725b8c0f3f906e58f70cbe76b7c748c,3,0,0.0
stationery,08d2d642cf72b622b14dde1d2f5eb2f5,5,0,0.0
stationery,0aa2205ca24f113f4658a5c536667426,4,0,0.0
stationery,0adac9fbd9a2b63cccaac4f8756c1ca8,1,0,0.0
stationery,0bae85eb84b9fb3bd773911e89288d54,7,0,0.0
stationery,0be8ff43f22e456b4e0371b2245e4d01,11,0,0.0
stationery,0cab2da43793a6f3c5ed8514c5f54627,2,0,0.0
stationery,0d85bbda9889ce1f7e63778d24f346eb,31,0,0.0
stationery,0ddefe3c7a032b91f4e25b9c3a08fca1,3,0,0.0
stationery,0e44d110fa6a54e121cb2c095a77762f,6,0,0.0
stationery,0ea22c1cfbdc755f86b9b54b39c16043,2,0,0.0
stationery,1336efc61c316ddf92c899eb817f7cae,1,0,0.0
stationery,17ca9b9e9b9ef8fdb529001b49ebb50f,9,0,0.0
stationery,189ca3538ce9f920cacf0f982cbe223b,4,0,0.0
stationery,1b4c3a6f53068f0b6944d2d005c9fc89,7,0,0.0
stationery,1caf283236cd69af44cbc09a0a1e7d32,6,0,0.0
stationery,1cbd32d00d01bb8087a5eb088612fd9c,2,0,0.0
stationery,1da3aeb70d7989d1e6d9b0e887f97c23,26,0,0.0
stationery,1e483cc5c76fef08d3ca05f9a8af7d01,1,0,0.0
stationery,2009a095de2a2a41626f6c6d7722678d,3,0,0.0
stationery,23d7c96d4a1160db1c726b248601b25a,2,0,0.0
stationery,26d6bbee02420494d471c9f6436929c0,1,0,0.0
stationery,26f6b7ab07be3e9e69ce82a6552efc19,1,0,0.0
stationery,293dee954235e4e4e43f129313625ebe,4,0,0.0
stationery,2a84855fd20af891be03bc5924d2b453,63,0,0.0
stationery,2aafae69bf4c41fbd94053d9413e87ee,2,0,0.0
stationery,2b5ed0c9139dae8883a200dfcb272ece,4,0,0.0
stationery,2c9e548be18521d1c43cde1c582c6de8,96,1,0.010416666666666666
stationery,2cb6eb1b7185064167657fa09f541105,2,0,0.0
stationery,2ff6b7bff164ef05590a52734e1296da,2,0,0.0
stationery,2ff97219cb8622eaf3cd89b7d9c09824,2,0,0.0
stationery,3076499bbc033a927bf4a8a41bcf7fd4,1,0,0.0
stationery,3092c0b297aacfb4bb6e056ebe13b9b8,1,0,0.0
stationery,323ce52b5b81df2cd804b017b7f09aa7,28,0,0.0
stationery,32fdd5d44ecb43dfd6a24b9369eca144,5,0,0.0
stationery,3586b8580d9c917874e053a1bb37b5ff,33,0,0.0
stationery,38e6dada03429a47197d5d584d793b41,3,0,0.0
stationery,3968920b9aa752ab98f7d5888c9252f2,1,0,0.0
stationery,3d871de0142ce09b7081e2b9d1733cb1,784,4,0.00510204081632653
stationery,3dbbce181edfaa4a597ec858c382d2ec,3,0,0.0
stationery,41ab63a91b8b264e8c8780368bf1dd5b,1,0,0.0
stationery,41c9d3997dd3c072c31139dc5bb5761f,3,0,0.0
stationery,42ef3192a9ff87a22d1867b74b3ee205,2,0,0.0
stationery,42fa4ee7240e9b8eb4576358ec142ba7,3,0,0.0
stationery,447d377bdb757058acb569025ee18a93,1,0,0.0
stationery,45ba18c210d42734ec52c0c1c574e9ee,1,0,0.0
stationery,46dc3b2cc0980fb8ec44634e21d2718e,2,0,0.0
stationery,4830e40640734fc1c52cd21127c341d4,19,0,0.0
stationery,48efc9d94a9834137efd9ea76b065a38,1,0,0.0
stationery,497709c2976a8fa308730a2dec5b0726,1,0,0.0
stationery,4c1c7281388a33dd06daac44f9fadbd1,1,0,0.0
stationery,5275ca25d0358ca73864e0ae41be1320,4,0,0.0
stationery,527801b552d0077ffd170872eb49683b,3,0,0.0
stationery,537eb890efff034a88679788b647c564,5,0,0.0
stationery,544863df86ed3b78a04e0820d41430ee,1,0,0.0
stationery,55bb6fe5bebe5012e2d7d9928e1128ff,7,0,0.0
stationery,55c26bcb609f480eb7868594245febb5,4,0,0.0
stationery,594f9aaa48e5bf431f011ddc5669b0d5,16,0,0.0
stationery,5962468f885ea01a1b6a97a218797b0a,8,0,0.0
stationery,59cea8e446d3834393058e7e0666b6fb,1,0,0.0
stationery,59fb871bf6f4522a87ba567b42dafecf,5,0,0.0
stationery,5a8e7d5003a1f221f9e1d6e411de7c23,1,0,0.0
stationery,5cbbd5a299cab112b7bf23862255e43e,9,0,0.0
stationery,5def4c3732941a971cba8fdee992ede1,1,0,0.0
stationery,5f5b43b2bffa8656e4bc6efeb13cc649,24,0,0.0
stationery,612170e34b97004b3ba37eae81836b4c,2,0,0.0
stationery,634964b17796e64304cadf1ad3050fb7,2,0,0.0
stationery,670a9dda115b5a88b18cfadee8de2332,1,0,0.0
stationery,6879c4d287a8dd06b11f54ea8f78e4da,2,0,0.0
stationery,688756f717c462a206ad854c5027a64a,2,0,0.0
stationery,68ca56ce86830f3d31b1b7ec6a54da3e,2,0,0.0
stationery,6bbcb8924baf70b7fe2fe2097e8cd407,2,0,0.0
stationery,6cd68b3ed6d59aaa9fece558ad360c0a,33,0,0.0
stationery,6ddc28b61be28373b4503a1f61cf98a9,1,0,0.0
stationery,6eb94e1466490d327a09abf8f3552a50,5,0,0.0
stationery,6edacfd9f9074789dad6d62ba7950b9c,5,0,0.0
stationery,6f892e20a171e98efe17fdb971ff319b,2,0,0.0
stationery,715bbd5ba4e6b74cb0d2f29eb45058b0,2,0,0.0
stationery,7178f9f4dd81dcef02f62acdf8151e01,1,0,0.0
stationery,741f8c587cb4248ebc5b779a0e8e0e51,1,0,0.0
stationery,76de363de16dacc923eec8daf91df504,1,0,0.0
stationery,77a515caa36327151d1cc6c32a9f00e1,26,0,0.0
stationery,77e4abfd739aed9c46480f90f81c0eb4,8,0,0.0
stationery,784ba75dd9d20200c4caed3d7a77141a,9,0,0.0
stationery,788e857f317e53de488d393e65a80f45,11,0,0.0
stationery,7e3f87d16fb353f408d467e74fbd8014,1,0,0.0
stationery,7e93a43ef30c4f03f38b393420bc753a,1,0,0.0
stationery,7ecd59e5e20407131822c1a68ac59c1f,24,0,0.0
stationery,7fc87cc3e89b3d1d5cabdca32f8485aa,2,0,0.0
stationery,80cfd480be3eb6d6267139f5cb793555,1,0,0.0
stationery,8185694b58b2ba6de20fd41ae608bbea,2,0,0.0
stationery,8444e55c1f13cd5c179851e5ca5ebd00,1,0,0.0
stationery,891071be6ba827b591264c90c2ae8a63,8,0,0.0
stationery,89757206b887aed36f3e18d858460fea,2,0,0.0
stationery,8ae520247981aa06bc94abddf5f46d34,2,0,0.0
stationery,8b321bb669392f5163d04c59e235e066,14,0,0.0
stationery,8b655f0855926bcb49f5835d38dfddf6,5,0,0.0
stationery,8cc6a0e5738e61a87b03c78b2ba9db4b,8,0,0.0
stationery,8d956fec2e4337affcb520f56fd8cbfd,3,0,0.0
stationery,91f5779a8731baca4809fdeade81803f,2,0,0.0
stationery,93dc87703c046b603023e75222018b45,2,0,0.0
stationery,955fee9216a65b617aa5c0531780ce60,46,0,0.0
stationery,9596c870880d900012f2e8e6e30d06d7,8,0,0.0
stationery,95e03ca3d4146e4011985981aeb959b9,2,0,0.0
stationery,95ec4458365c4d11f452ccf538377619,12,0,0.0
stationery,968268a686aa05d1f529fb07dff08130,11,0,0.0
stationery,97e995629983723d11830a829bc2b246,2,0,0.0
stationery,9803a40e82e45418ab7fb84091af5231,1,0,0.0
stationery,980640c45d7a4635885491d077167e4d,4,0,0.0
stationery,9cea4682e16655f7da87f406902e989e,2,0,0.0
stationery,9cf787a239c1aa29dbd76f153dc13f9a,4,0,0.0
stationery,9d4db00d65d7760644ac0c14edb5fd86,1,0,0.0
stationery,9d7a1d34a5052409006425275ba1c2b4,8,0,0.0
stationery,a3a38f4affed601eb87a97788c949667,2,0,0.0
stationery,ab75b89cc49c9ab3160d0c91565a442a,2,0,0.0
stationery,aba1721a889e04decc910aa13b768ef4,75,2,0.02666666666666667
stationery,abc015ebac1d283a323ca9db35ede4b9,1,0,0.0
stationery,ac3508719a1d8f5b7614b798f70af136,16,0,0.0
stationery,acb6c2ca5c82411c1fdb88d5fd5eb95e,1,0,0.0
stationery,acce39e832338debb07b02385cde5967,27,0,0.0
stationery,ae8bfdbf1c2a2a2dee92d799db0a31c6,1,0,0.0
stationery,b19f3ca2ea475913750f25a5c37c8d8f,4,0,0.0
stationery,b1a81260566c1bac3114a6d124413f27,11,0,0.0
stationery,b2ba3715d723d245138f291a6fe42594,87,0,0.0
stationery,b561927807645834b59ef0d16ba55a24,72,0,0.0
stationery,b7ed9fb14c8eadb37adb9c45d67ab0fb,5,0,0.0
stationery,b9ec22de23f18567de0e09d776ca0309,2,0,0.0
stationery,bafc5aa11e413978be29040f51342e70,9,0,0.0
stationery,bdb3edbaee43a761e2d4f258dc08f348,4,0,0.0
stationery,bf0045791395e66460eb04749c68672a,2,0,0.0
stationery,bf3c6d2a28b2b5501e6c15448982dcc9,1,0,0.0
stationery,bfd27a966d91cfaafdb25d076585f0da,22,0,0.0
stationery,c0aff2da32c17759d30b22fb0af6649d,3,0,0.0
stationery,c8417879a15366a17c30af34c798c332,2,0,0.0
stationery,c9c7905cffc4ef9ff9f113554423e671,7,0,0.0
stationery,cc5a78bbad32776dc4e3af205218368c,2,0,0.0
stationery,cd6efc47efaabf134f8bdb654e10b4f1,20,0,0.0
stationery,d12c926d74ceff0a90a21184466ce161,8,1,0.125
stationery,d197aa8fbc64087f61984deef05f6227,4,0,0.0
stationery,d1b65fc7debc3361ea86b5f14c68d2e2,11,0,0.0
stationery,d52cbce9845184537284a23c3bc3da0e,2,0,0.0
stationery,d85efbc8eff2b7adf524e2820569adc8,1,0,0.0
stationery,dbb9b48c841a0e39e21f98e1a6b2ec3e,6,0,0.0
stationery,dbc22125167c298ef99da25668e1011f,86,0,0.0
stationery,dd4d95ba2d15c071e6c695e2ef6ce169,4,0,0.0
stationery,de23c3b98a88888289c6f5cc1209054a,66,1,0.015151515151515152
stationery,dfa0c4c6229ab200a4a1336b4d7128ff,3,0,0.0
stationery,e06f09ec0a4aca210779cf1cfc63cf19,3,0,0.0
stationery,e0878efa0e0b7e5313ac0b43bc04c081,11,0,0.0
stationery,e601b04acf48b4576e73ddca9481f0dc,1,0,0.0
stationery,e819bcfade7b5d88a27325eb6cfd62c5,1,0,0.0
stationery,e8b3a3a38279a82f0e5d006d5e5b7d2c,6,0,0.0
stationery,eba88037e1dca898cd02881f67ced679,6,0,0.0
stationery,edc518ba25576a0188a0e8f2c3af186f,1,0,0.0
stationery,ef30892870c278497523264be1be2241,9,0,0.0
stationery,f00e21b1e91a79653163b7fd8f293ff1,1,0,0.0
stationery,f0b47fbbc6dee9aafe415a6e33051b3f,1,0,0.0
stationery,f12d3c2a14729ae461b920c11fe20fdc,4,0,0.0
stationery,f1ed6bd0a9b11b581f16c851c6a5a527,7,0,0.0
stationery,f1fd5ab1181f827ffad998c1a5de7d74,1,0,0.0
stationery,f262cbc1c910c83959f849465454ddd3,6,0,0.0
stationery,f3da5b2ff499efb8d4a6d371d175d7dd,6,0,0.0
stationery,f8db351d8c4c4c22c6835c19a46f01b0,7,0,0.0
stationery,fcb5ace8bcc92f75707dc0f01a27d269,12,0,0.0
stationery,fcdd820084f17e9982427971e4e9d47f,1,0,0.0
stationery,fd386aa7bed2af3c7035c65506c9b4a3,21,0,0.0
stationery,fe49ee029e61e789a1f3a5525f57ba8d,2,0,0.0
tablets_printing_image,0db783cfcd3b73998abc6e10e59a102f,50,0,0.0
tablets_printing_image,36a968b544695394e4e9d7572688598f,3,0,0.0
tablets_printing_image,403aa86912527d730337ffcb0fb096ab,1,0,0.0
tablets_printing_image,ce27a3cc3c8cc1ea79d11e561e9bebb6,3,0,0.0
tablets_printing_image,e62b2d6ac10570a035a30bafcf01d263,19,0,0.0
tablets_printing_image,e9d99831abad74458942f21e16f33f92,3,0,0.0
telephony,02a2272692e13558373c66db98f05e2e,1,0,0.0
telephony,06e5eefc71ec47ae763c5c6f8db7064f,1,0,0.0
telephony,07017df32dc5f2f1d2801e579548d620,5,0,0.0
telephony,0873d9f8f36123f8d910f4760e788cfb,5,0,0.0
telephony,0887a9f087bcd5d9f6642b52f897fc6c,7,0,0.0
telephony,08d2d642cf72b622b14dde1d2f5eb2f5,1,0,0.0
telephony,0afccdb8a34ee5c79f7c06faf2b4d56e,25,0,0.0
telephony,0db783cfcd3b73998abc6e10e59a102f,57,0,0.0
telephony,15aac934c58d886785ac1b17953ea898,1,0,0.0
telephony,17e34d8224d27a541263c4c64b11a56b,7,0,0.0
telephony,1838dd9b8977065acf51d95e0053ea7a,2,0,0.0
telephony,18a349e75d307f4b4cc646a691ed4216,28,0,0.0
telephony,1b4c3a6f53068f0b6944d2d005c9fc89,32,0,0.0
telephony,1ca7077d890b907f89be8c954a02686a,23,0,0.0
telephony,1cbd50a8c52e6cf8e315c5709fab386f,3,0,0.0
telephony,1d503743d2526f03f0c2c89540ee008c,1,0,0.0
telephony,1da3aeb70d7989d1e6d9b0e887f97c23,2,0,0.0
telephony,2138ccb85b11a4ec1e37afbd1c8eda1f,335,3,0.008955223880597015
telephony,240b9776d844d37535668549a396af32,24,0,0.0
telephony,28f10b1c5e5abb9d4857745bede6147c,1,0,0.0
telephony,29fe9f200d3fa0c668d2aa1ec7e08dfb,5,0,0.0
telephony,2a1348e9addc1af5aaa619b1a3679d6b,3,0,0.0
telephony,2eb70248d66e0e3ef83659f71b244378,3,0,0.0
telephony,327b89b872c14d1c0be7235ef4871685,3,0,0.0
telephony,33c51922b6e3c16b24a8f28e5833c99d,2,0,0.0
telephony,3442033154be05bac582e173ef54fd12,1,0,0.0
telephony,36a968b544695394e4e9d7572688598f,7,0,0.0
telephony,3a4127e1ba7208ea37044c5092aae170,5,0,0.0
telephony,3a734b715d333a2588a3d54a0c9b8746,10,0,0.0
telephony,400f221ab83037c0ea78f1267da9624d,1,0,0.0
telephony,403aa86912527d730337ffcb0fb096ab,6,0,0.0
telephony,41ab63a91b8b264e8c8780368bf1dd5b,1,0,0.0
telephony,42bde9fef835393bb8a8849cb6b7f245,12,1,0.08333333333333333
telephony,430315b7bb4b6e4b3c978f9dfa9b0558,3,0,0.0
telephony,45d33f715e24d15a6ccf5c17b3a23e3c,1,0,0.0
telephony,4869f7a5dfa277a7dca6462dcf3b52b2,3,0,0.0
telephony,4e922959ae960d389249c378d1c939f5,44,0,0.0
telephony,4eeb99008a0f59d2c7759c59f9a346eb,2,0,0.0
telephony,52f0fe436a347ddad7ed5f9aa4e27eaa,5,0,0.0
telephony,53243585a1d6dc2643021fd1853d8905,205,5,0.024390243902439025
telephony,54065e9aef7e9e9c2dc23b7594db021a,1,0,0.0
telephony,562fc2f2c2863ab7e79a9e4388a58a14,256,1,0.00390625
telephony,5656537e588803a555b8eb41f07a944b,25,0,0.0
telephony,582d4f8675b945722eda7c0cb61ba4c7,1,0,0.0
telephony,5882f40daf39bc2a465e0cb453ddc222,1,0,0.0
telephony,596849622429351f47b32e6cae1055ff,9,0,0.0
telephony,59b22a78efb79a4797979612b885db36,1,0,0.0
telephony,59fb871bf6f4522a87ba567b42dafecf,3,0,0.0
telephony,5dc203c7b84a0e71e878a179de05fb9a,1,0,0.0
telephony,612170e34b97004b3ba37eae81836b4c,9,0,0.0
telephony,634964b17796e64304cadf1ad3050fb7,10,0,0.0
telephony,66dc1b1632bd6a3e508510c5b3492107,8,0,0.0
telephony,6902157ee16728322d61a1321fa79e58,2,0,0.0
telephony,6a53b90c3ad9e0b56d9fe5c69165fff5,1,0,0.0
telephony,6c177e38df6d3f34182b1f1d427231bf,46,0,0.0
telephony,6edacfd9f9074789dad6d62ba7950b9c,2,0,0.0
telephony,6f892e20a171e98efe17fdb971ff319b,41,0,0.0
telephony,7040e82f899a04d1b434b795a43b4617,41,0,0.0
telephony,70a12e78e608ac31179aea7f8422044b,67,0,0.0
telephony,7178f9f4dd81dcef02f62acdf8151e01,2,0,0.0
telephony,7202e2ba20579a9bd1acb29e61fe71f6,46,0,0.0
telephony,75d34ebb1bd0bd7dde40dd507b8169c3,56,0,0.0
telephony,7813ea3ebd9411dc600b4dd01f7a97b9,8,0,0.0
telephony,7c1fea10b5b006671d608b1d7c446ec4,11,0,0.0
telephony,7d76b645482be4a332374e8223836592,173,0,0.0
telephony,818d28f936e791926d33bcb6ee94ef79,4,0,0.0
telephony,822bad9bc42b51213ba522fe87b7ab5d,14,0,0.0
telephony,82921991ff5b557b045605b8bbf08d49,1,0,0.0
telephony,8444e55c1f13cd5c179851e5ca5ebd00,1,0,0.0
telephony,8476243f92442881ddd5b578975cf115,4,0,0.0
telephony,85044848b1b767db2a4a58526adef4b4,2,0,0.0
telephony,850913d59ce317156b00f3705f1c3edb,22,0,0.0
telephony,87e24fc7052259b1f7f607d61c10d8be,5,0,0.0
telephony,89bc797e2e29667aa035d4368f9b7f92,17,0,0.0
telephony,8a40ae794fa3f9892cee24bd5af0488b,3,1,0.3333333333333333
telephony,8a43128d7f9a3db592b866e6861a6cce,1,0,0.0
telephony,8b28d096634035667e8263d57ba3368c,9,0,0.0
telephony,8b321bb669392f5163d04c59e235e066,4,0,0.0
telephony,8d956fec2e4337affcb520f56fd8cbfd,47,0,0.0
telephony,92eb0f42c21942b6552362b9b114707d,321,2,0.006230529595015576
telephony,955fee9216a65b617aa5c0531780ce60,1,0,0.0
telephony,95b293867b5862941c9cd74f756a3c68,6,0,0.0
telephony,9674754b5a0cb32b638cec001178f799,2,0,0.0
telephony,99eaacc9e6046db1c82b163c5f84869f,43,0,0.0
telephony,9baf5cb77970f539089d09a38bcec5c3,4,0,0.0
telephony,9c7fd21e0aa159b20da593371f08ff7c,3,0,0.0
telephony,9d39404483343dd55c7ae254494d8388,10,0,0.0
telephony,9f50216bfd01913736a55a11b55ea842,2,0,0.0
telephony,a066df7361163e7ddc5d7452dd17448b,15,0,0.0
telephony,a13580f0e8f782b7a543885a0ef99f08,4,0,0.0
telephony,a1bea7061f61f6fdd9a85a6325ba1033,2,0,0.0
telephony,a36b125ac6d5fdbc7f50de85c9157bdc,7,0,0.0
telephony,a90a5da8b09e44264a177c0374a5ac87,3,0,0.0
telephony,ade45994b717ccee333492330fbf037b,10,0,0.0
telephony,b2a6d334e2833acea353624840e25a0e,2,0,0.0
telephony,b2ba3715d723d245138f291a6fe42594,3,0,0.0
telephony,b37c4c02bda3161a7546a4e6d222d5b2,1,0,0.0
telephony,b76dba6c951ab00dc4edf0a1aa88037e,115,0,0.0
telephony,ba6b4a237f92479743cf0ca06b67a9ac,1,0,0.0
telephony,bc302730ea8cf49b5c74f579febb5bbf,7,0,0.0
telephony,bd0389da23d89b726abf911cccc54596,2,0,0.0
telephony,bd0a1b0aadca9a83d9304f7e8ff5fbd5,4,0,0.0
telephony,bf00385a5f7fc1ef39a13c2e9ee50a5f,6,0,0.0
telephony,bff9deb0ec77d437f3305a79cf25529e,5,0,0.0
telephony,c12b92bf1c350f3e6bf88d3596219c86,1,0,0.0
telephony,c13fb473e7cb8b83ccd543c094df0608,1,0,0.0
telephony,c18309219e789960add0b2255ca4b091,1,0,0.0
telephony,c4d51195486dc781531876a7d00453d8,16,0,0.0
telephony,c4f7fee5b0db50e87766f5a4d1b1b758,1,0,0.0
telephony,c522be04e020c1e7b79f3acff36513d5,2,0,0.0
telephony,c72de06d72748d1a0dfb2125be43ba63,3,0,0.0
telephony,c990d6cf976a5718aaedc539f383ab88,5,0,0.0
telephony,c9c7905cffc4ef9ff9f113554423e671,42,0,0.0
telephony,cc419e0650a3c5ba77189a1882b7556a,17,0,0.0
telephony,cd68562d3f44870c08922d380acae552,21,0,0.0
telephony,ce69a8021d18961dd2a40269b7c2c293,1,0,0.0
telephony,d3891911c2feae53c52fea2bd14054e5,2,0,0.0
telephony,d4e4b5192cba4e0e66eb12a9d347239d,12,0,0.0
telephony,d594982fd877af63ace38ea1fca27c76,1,0,0.0
telephony,d71d863e5ef30d94e440c11be17dcd8f,11,0,0.0
telephony,d79e8478eed9999493990b44955fb22e,1,0,0.0
telephony,db4350fd57ae30082dec7acbaacc17f9,119,1,0.008403361344537815
telephony,dd55f1bb788714a40e7954c3be6df745,6,0,0.0
telephony,dee656f0f566ed1aa85bd137c943f08f,1,0,0.0
telephony,e0487761face83d64fcada2408959a36,1,0,0.0
telephony,e1b12447a7563944843191754aeb5562,3,0,0.0
telephony,e49c26c3edfa46d227d5121a6b6e4d37,1,0,0.0
telephony,e595809a6c31ec4314fd06ef198c244d,1,0,0.0
telephony,e62b2d6ac10570a035a30bafcf01d263,9,0,0.0
telephony,e644cbadf7eeb30d0d29f335ce7d52ec,1,0,0.0
telephony,e70053bf73d1b5863932e53a9fa47496,5,0,0.0
telephony,e7d5b006eb624f13074497221eb37807,10,1,0.1
telephony,e8b3a3a38279a82f0e5d006d5e5b7d2c,2,0,0.0
telephony,e8f6dc8e6a1dcde89d20e3995c8d90b3,7,0,0.0
telephony,e9d99831abad74458942f21e16f33f92,1,0,0.0
telephony,ea566164622c6b439516ab18062c42cd,9,0,0.0
telephony,ea8482cd71df3c1969d7b9473ff13abc,1110,12,0.010810810810810811
telephony,ed4acab38528488b65a9a9c603ff024a,2,0,0.0
telephony,eebb3372362aa9a46975164bed19a7e7,6,0,0.0
telephony,ef506c96320abeedfb894c34db06f478,299,0,0.0
telephony,f262cbc1c910c83959f849465454ddd3,11,0,0.0
telephony,f27e33c6d29b5138fa9967bcd445b6d5,10,0,0.0
telephony,f61c63d13f7cd800549d5acdd390ae72,2,0,0.0
telephony,fa14641f57b655e933124a9ea49cd7a5,3,0,0.0
telephony,fcb5ace8bcc92f75707dc0f01a27d269,1,0,0.0
telephony,fe4cd9461203cee790d36792420b310f,3,0,0.0
toys,01fd077212124329bac32490e8ef80d9,7,0,0.0
toys,034b9387752bfa309f350a70cd45ffa3,8,0,0.0
toys,0432ead42b6c8a0bdf68154add917fdf,79,0,0.0
toys,05f51e13da97139648b8125c31e5f51b,1,0,0.0
toys,0691148aee60ca47977c187804f935ae,1,0,0.0
toys,07a9bc7f61396b658ddf3ac534efe44c,1,0,0.0
toys,080102cd0a76b09e0dcf55fcacc60e05,1,0,0.0
toys,099095b050cfe8eb1ddff5317587e96e,3,0,0.0
toys,0ad80de75c811326389cfb1daba7d45e,6,0,0.0
toys,0bae85eb84b9fb3bd773911e89288d54,29,2,0.06896551724137931
toys,0be8ff43f22e456b4e0371b2245e4d01,8,0,0.0
toys,0d33a55da925bbf1ff02af5f6059fc7f,3,0,0.0
toys,0e72c1a751b496722a6cb1f10653b62a,2,0,0.0
toys,0ea22c1cfbdc755f86b9b54b39c16043,1,0,0.0
toys,0eaa7e33d73809f1f925f7d07c506cbd,14,0,0.0
toys,11eac105f3f90a9b87b19c89d91e24f3,1,0,0.0
toys,138dbe45fc62f1e244378131a6801526,1,0,0.0
toys,1554a68530182680ad5c8b042c3ab563,20,1,0.05
toys,1b1ae47a313a825a7ccceb8e2e30fa9d,4,0,0.0
toys,1b45169b635ef59425637e9a33eb5fb3,1,0,0.0
toys,1b938a7ec6ac5061a66a3766e0e75f90,4,0,0.0
toys,1ca7077d890b907f89be8c954a02686a,19,0,0.0
toys,1caf283236cd69af44cbc09a0a1e7d32,23,1,0.043478260869565216
toys,1da3aeb70d7989d1e6d9b0e887f97c23,41,0,0.0
toys,23d7c96d4a1160db1c726b248601b25a,9,0,0.0
toys,25e6ffe976bd75618accfe16cefcbd0d,81,0,0.0
toys,276677b5d08786d5dce7c2149dcce48b,3,0,0.0
toys,2a7dc43cecabf23403078e2188437d1d,6,0,0.0
toys,2b2fed75b8e5ea3a052fc4c0825da485,3,0,0.0
toys,2b402d5dc42554061f8ea98d1916f148,1,0,0.0
toys,2be17df1c49978426251562096c3cc09,1,0,0.0
toys,2c9e548be18521d1c43cde1c582c6de8,24,0,0.0
toys,2f09f7d37a97956d11cc1a7cadd5262b,2,0,0.0
toys,2ff97219cb8622eaf3cd89b7d9c09824,11,0,0.0
toys,3078096983cf766a32a06257648502d1,22,0,0.0
toys,30c7f28fd3a5897b2c82d152bb760c17,3,0,0.0
toys,312ba1d77e9c332ef21f9598b7f64cd7,6,0,0.0
toys,3492e68f37fd1df87f4f2f2ea247f445,1,0,0.0
toys,3504c0cb71d7fa48d967e0e4c94d59d9,2,0,0.0
toys,36890be00bbfc1cdb9a4a38a6af05a69,4,0,0.0
toys,37303482a42fb700d8d127e70a9cd6c8,2,0,0.0
toys,373ee4a3a775a733770ca3f790b8b9ac,1,0,0.0
toys,382229d1e840115ffe3dbf5ff460e417,2,0,0.0
toys,3c4e0452bff7a2a788179488d3d77032,30,0,0.0
toys,3ca08eeb8d5595949fed424bd3677742,14,0,0.0
toys,3d4824f20035949c710eaf111f869d39,1,0,0.0
toys,3d871de0142ce09b7081e2b9d1733cb1,228,2,0.008771929824561403
toys,3dfd3dc96f7f8598eca74e9ac8a2fa31,1,0,0.0
toys,406822777a0b9eb5c50e442dd4cd3ec5,44,0,0.0
toys,41ab63a91b8b264e8c8780368bf1dd5b,2,0,0.0
toys,42bde9fef835393bb8a8849cb6b7f245,20,0,0.0
toys,42ef3192a9ff87a22d1867b74b3ee205,17,0,0.0
toys,44073f8b7e41514de3b7815dd0237f4f,8,0,0.0
toys,455c5640e8c5bd1b2ee85c0158f85727,1,0,0.0
toys,45a3d05fb00435e52a28859dd03703b3,1,0,0.0
toys,45c20d94d9171b0bcfab3c955e47d67b,1,0,0.0
toys,45d33f715e24d15a6ccf5c17b3a23e3c,3,0,0.0
toys,4677a5437afda5fa7140b927b07be1cc,2,0,0.0
toys,46dc3b2cc0980fb8ec44634e21d2718e,357,0,0.0
toys,48436dade18ac8b2bce089ec2a041202,24,0,0.0
toys,48efc9d94a9834137efd9ea76b065a38,1,0,0.0
toys,4a3ca9315b744ce9f8e9374361493884,47,2,0.0425531914893617
toys,4bde6149c15cf7e177b36fa060dd6de8,1,0,0.0
toys,4c03b9dd4c11ee2cb35c96c49efc9420,48,0,0.0
toys,4c1c7281388a33dd06daac44f9fadbd1,3,0,0.0
toys,4c8545742faaf58fafd5fd14d25d75cf,2,0,0.0
toys,4c8b8048e33af2bf94f2eb547746a916,1,0,0.0
toys,4f1f1c8666cdb6442f775c4e8caed465,2,0,0.0
toys,4f40d2ed38d1cc945364a7cd202a82c7,1,0,0.0
toys,512d298ac2a96d1931b6bd30aa21f61d,1,0,0.0
toys,5160d23075764e18e07c1f4a87fad743,32,1,0.03125
toys,522620dcb18a6b31cd7bdf73665113a9,3,0,0.0
toys,54219883e72aad869adfb2a54b7bfa0f,3,0,0.0
toys,553a440137d6e0cf776aee0bb83ac9f5,1,0,0.0
toys,58f1a6197ed863543e0136bdedb3fce2,13,0,0.0
toys,594f9aaa48e5bf431f011ddc5669b0d5,2,0,0.0
toys,596849622429351f47b32e6cae1055ff,1,0,0.0
toys,59b22a78efb79a4797979612b885db36,1,0,0.0
toys,59fb871bf6f4522a87ba567b42dafecf,3,0,0.0
toys,5a425cc503b39b262a847fd6212bf53b,15,0,0.0
toys,5b581417df4480f632484ba681e53944,9,0,0.0
toys,5bc55dbe2f12b6af6d83ed46023e0dc8,2,0,0.0
toys,5ef131ac72773e5b3f6c0d63cf424657,10,0,0.0
toys,5f1dc28029d2c244352a68107ec2b542,9,0,0.0
toys,5f2684dab12e59f83bef73ae57724e45,62,0,0.0
toys,6288c69c4ce638e59925e59193f98b16,10,0,0.0
toys,634964b17796e64304cadf1ad3050fb7,1,0,0.0
toys,63a79f5a7eb5cb48a7e5787b141c7993,10,0,0.0
toys,6426d21aca402a131fc0a5d0960a3c90,2,0,0.0
toys,66dc1b1632bd6a3e508510c5b3492107,1,0,0.0
toys,68ca56ce86830f3d31b1b7ec6a54da3e,1,0,0.0
toys,6b90f847357d8981edd79a1eb1bf0acb,2,0,0.0
toys,6ba4733aa33f6386e9fb0c0fd3993b38,1,0,0.0
toys,6c99c983ce3b6ba0ab813e6790e81691,8,0,0.0
toys,6d1b9c9579132c87d2703ec38c30f2c5,2,0,0.0
toys,6ddc28b61be28373b4503a1f61cf98a9,10,0,0.0
toys,6edacfd9f9074789dad6d62ba7950b9c,1,0,0.0
toys,70126eecc6aa1274392a1743866e9678,2,0,0.0
toys,7040e82f899a04d1b434b795a43b4617,8,0,0.0
toys,70849ca4f400aaabb62cb7462a6f1428,1,0,0.0
toys,71039d19d4303bf9054d69e9a9236699,21,1,0.047619047619047616
toys,725c32fa80c2faacc4fc88450d27314e,85,1,0.011764705882352941
toys,7299e27ed73d2ad986de7f7c77d919fa,80,0,0.0
toys,734def04b237117a09321dd6d8f3f2a2,1,0,0.0
toys,73b8eb4a9a729d4019b24ed1be748cbf,2,0,0.0
toys,74a9b9bddf14ece02beb81f52c41a88d,1,0,0.0
toys,75745ef7bc7d4f3ea3380f6f5303f514,2,0,0.0
toys,762fafdaa57a532ee0119731697579dd,3,0,0.0
toys,768a86e36ad6aae3d03ee3c6433d61df,10,0,0.0
toys,76d64c4aca3a7baf218bf93ef7fa768d,31,1,0.03225806451612903
toys,76ea5315acb3f5f7ade3cd261faf922a,2,0,0.0
toys,7a9c12e235c36247c3c81f50d6ea9cea,5,0,0.0
toys,7aa4334be125fcdd2ba64b3180029f14,170,2,0.011764705882352941
toys,7b0df942f46435babab05d49b744b2c4,1,0,0.0
toys,7b1222c3624aa89b9558b50a2594188c,17,0,0.0
toys,7d484ca289afaac6bf5fc6a1e96d2226,2,0,0.0
toys,7ddcbb64b5bc1ef36ca8c151f6ec77df,4,0,0.0
toys,7e79d65b5c6f1f544b7daea036acf720,4,0,0.0
toys,7ea5bfa6c340f58f8e71fc1f0412b0d6,1,0,0.0
toys,7f40d06aa0b5f1aa4f41af8c0480e2ef,5,0,0.0
toys,7f7b8245c336066a1f9933c359f11d77,3,0,0.0
toys,804287717b9156fb7a787acd9af4fac1,1,0,0.0
toys,8090490573c6c0aa343a7231ebcb8c86,2,0,0.0
toys,81783131d2a97c8d44d406a4be81b5d9,7,0,0.0
toys,817f85dbb65aa3e70831d90fe75cdf89,8,0,0.0
toys,827f8f69dfa529c561901c4f2e0f332f,2,0,0.0
toys,834f8533b2ecb6598dd004ff3de7203a,3,0,0.0
toys,83d458c0d6d4f94295d63f091460bd60,1,0,0.0
toys,8444e55c1f13cd5c179851e5ca5ebd00,8,0,0.0
toys,850f4f8af5ea87287ac68de36e29107f,114,0,0.0
toys,85cc55e048b6bcc90c75afe7f0e72f72,2,0,0.0
toys,86bb7c4b535e49a541baf3266b1c95b1,16,0,0.0
toys,87d30a6a0cbf89356e49324971ab1d24,17,0,0.0
toys,87d3c3aeb3ead335511b3ce315eb341e,11,0,0.0
toys,87e24fc7052259b1f7f607d61c10d8be,1,0,0.0
toys,888faa8bfb0b159c37de6d898b961c31,1,0,0.0
toys,89c127985a8b130cfa45c1d36764017a,1,0,0.0
toys,89f69225956f951295ca4c7fb1266553,6,0,0.0
toys,8b87cd0d43d49b9bdf40f56229364d59,2,0,0.0
toys,8bd0f31cf0a614c658f6763bd02dea69,6,0,0.0
toys,8bdd8e3fd58bafa48af76b2c5fd71974,10,0,0.0
toys,8cbac7e12637ed9cffa18c7875207478,12,0,0.0
toys,8cc6a0e5738e61a87b03c78b2ba9db4b,6,0,0.0
toys,8f119a0aee85c0c8fc534629734e94fd,47,0,0.0
toys,8fec2e460530482132c436cfb5439925,3,0,0.0
toys,94c49f20a123aeb9360dbf80ff912bf6,2,0,0.0
toys,955fee9216a65b617aa5c0531780ce60,4,0,0.0
toys,95e03ca3d4146e4011985981aeb959b9,15,0,0.0
toys,97e50a621f8e801f4baf69e08687c192,1,0,0.0
toys,9803a40e82e45418ab7fb84091af5231,1,0,0.0
toys,99a54764c341d5dc80b4a8fac4eba3fb,1,0,0.0
toys,9c4d31c7e46ab03a43fc06e3142afd4e,2,0,0.0
toys,9d4db00d65d7760644ac0c14edb5fd86,66,0,0.0
toys,9e6967d3cf386d284251784b18ccb485,3,0,0.0
toys,9e7c5f4d7770eab65738cca38f9efccf,2,0,0.0
toys,9f50216bfd01913736a55a11b55ea842,1,0,0.0
toys,a080fc8a850289b27500f6b49cca2553,1,0,0.0
toys,a247197e2e9c19a6a53a6888cb8b660f,2,0,0.0
toys,a2b5b6105ea5942300631d2e76f4ffe0,14,0,0.0
toys,a3a38f4affed601eb87a97788c949667,107,0,0.0
toys,a420f60ff1aa9acc80d0e42959f2b313,2,0,0.0
toys,a45314082d50d578a4721c9787ce09ab,1,0,0.0
toys,a49928bcdf77c55c6d6e05e09a9b4ca5,83,0,0.0
toys,a673821011d0cec28146ea42f5ab767f,23,0,0.0
toys,ac3508719a1d8f5b7614b798f70af136,83,0,0.0
toys,ad420dd0c4f92f8af951ac24b86d0cf5,1,0,0.0
toys,adbc26658d6c7b4b6219f9d934598091,32,0,0.0
toys,af3ef48d0e13835e529c29ac573c63e5,1,0,0.0
toys,af7cdac9d9897cddead9c6b08976c642,6,0,0.0
toys,afa6714acee029b2dfdf357e5579cc03,12,0,0.0
toys,b26741d31a563d769b4af0465ab20c56,1,0,0.0
toys,b274baf5bbd142410eb2958cf685d684,5,0,0.0
toys,b2ba3715d723d245138f291a6fe42594,57,0,0.0
toys,b74d1c09cb380e1d03a6f859c6f4224b,8,0,0.0
toys,b76f4d90e85657a240495c876313adc5,1,0,0.0
toys,b8630e1121437d41cb08e3c749c2c2e2,3,0,0.0
toys,b94cc9f10ddc85e4ba73a6f7974e7101,23,0,0.0
toys,ba5daa4041e1f15cdf34b76e3e18a450,15,0,0.0
toys,bab0a8cd684e41ba6e2637dca0979d3b,1,0,0.0
toys,bacb1f0ed56ad24198f5810d2b3fe9a5,28,0,0.0
toys,bbad7e518d7af88a0897397ffdca1979,1,0,0.0
toys,bdb3edbaee43a761e2d4f258dc08f348,1,0,0.0
toys,bfd27a966d91cfaafdb25d076585f0da,36,0,0.0
toys,c092292535a57dacd95a8765f5518f87,1,0,0.0
toys,c12b92bf1c350f3e6bf88d3596219c86,3,0,0.0
toys,c542f5a8c64d973f30e9df8d06f70b4a,1,0,0.0
toys,c68fb906c8f4b4b946d8386bfa6e5467,4,0,0.0
toys,c6bda72e4dbf5c5866b13cb1810c6d03,2,0,0.0
toys,c8771b1a10bb99bb34d3c459c5cffb53,1,0,0.0
toys,c89cf7c468a48af70aada384e722f9e2,14,0,0.0
toys,c8b3445d737de6befde0c88ede534a5e,25,0,0.0
toys,caa9bc43a9fe8cf9c564ddd8a03cc4a6,9,0,0.0
toys,cac4c8e7b1ca6252d8f20b2fc1a2e4af,6,0,0.0
toys,cac63f48c38cd7d002a7e846dcd99a23,8,1,0.125
toys,cac876b37d3abcd6bd76caca30277996,2,0,0.0
toys,cc5a78bbad32776dc4e3af205218368c,2,0,0.0
toys,cd68562d3f44870c08922d380acae552,3,0,0.0
toys,cd6efc47efaabf134f8bdb654e10b4f1,4,0,0.0
toys,cecd97bc34ed8330bd4cd15713eda670,1,0,0.0
toys,cf1313c6e2c01c2f4b014f97db4bcd2b,3,0,0.0
toys,cfa5ab0e4d3fc212fd0b3410e7081c62,4,0,0.0
toys,d149de2f383552baea37a7198c2296ce,3,0,0.0
toys,d1582f4043306e6b91afa6a8a884f898,9,0,0.0
toys,d3dcf0604eabf0224fbd5948b5e02f69,4,0,0.0
toys,d98eec89afa3380e14463da2aabaea72,47,1,0.02127659574468085
toys,d9a84e1403de8da0c3aa531d6d108ba6,26,0,0.0
toys,daeb5653dd96c1b11860f72209795012,18,0,0.0
toys,dbb9b48c841a0e39e21f98e1a6b2ec3e,8,0,0.0
toys,dd39ad39b5d3df33037e141c72497ba6,1,0,0.0
toys,dd533b429f380718b70ad9922c294bae,35,0,0.0
toys,de23c3b98a88888289c6f5cc1209054a,82,3,0.036585365853658534
toys,dee656f0f566ed1aa85bd137c943f08f,10,0,0.0
toys,dfa0c4c6229ab200a4a1336b4d7128ff,5,0,0.0
toys,e06f09ec0a4aca210779cf1cfc63cf19,4,0,0.0
toys,e0878efa0e0b7e5313ac0b43bc04c081,16,0,0.0
toys,e1dc0754bada9ee4cfe9713f22f61292,1,0,0.0
toys,e48b04bf1aa1ef711caebeb7aede6180,11,0,0.0
toys,e49c26c3edfa46d227d5121a6b6e4d37,2,0,0.0
toys,e53d5b9b29d1218281f4a907ada18626,4,0,0.0
toys,e5545d4d4473876ea78c5bcebca365c3,1,0,0.0
toys,e7f3bf1ecd8526eb7f3b18059e6716e5,11,0,0.0
toys,e883aa812c37a7413226856f4579fe91,1,0,0.0
toys,e88c9b79e592e370d6bd852eeefbf057,7,0,0.0
toys,e9c2dc0dd4ac38448289be644ac94f42,2,0,0.0
toys,ea6b12bf9ffe2bac34602ec631d97a47,1,0,0.0
toys,eb72802c83dc7547529c9546d1a9b8ef,1,0,0.0
toys,ececbfcff9804a2d6b40f589df8eef2b,1,0,0.0
toys,f00e21b1e91a79653163b7fd8f293ff1,26,0,0.0
toys,f1b854361f4e15d5851b494df66f22b2,1,0,0.0
toys,f214d28e8d8e3ef068748498ccc2f813,14,0,0.0
toys,f3975e8a41157005d4bcbb358678cd9b,1,0,0.0
toys,f3da5b2ff499efb8d4a6d371d175d7dd,6,0,0.0
toys,f41ce2e25237f9092cd8e6e7516c7a2f,4,0,0.0
toys,f45122a9ab94eb4f3f8953578bc0c560,1,0,0.0
toys,f593898ec748b7a8cb81fc04edafd98a,8,0,0.0
toys,f5f2ab9bdb6b30c14c61be68c5ed37da,16,0,0.0
toys,f615fe7efbef0f4f08fd3086bc7a3e60,16,0,0.0
toys,f61c63d13f7cd800549d5acdd390ae72,6,0,0.0
toys,f67efa3f0b6761102a7f8c6b7b571f5d,1,0,0.0
toys,f783a638e9c6af4a7d0dbfde811e7a81,4,0,0.0
toys,f8db351d8c4c4c22c6835c19a46f01b0,51,0,0.0
toys,f9d010e39375d9c91dce3f40b73a2f84,4,0,0.0
toys,f9ec7093df3a7b346b7bcf7864069ca3,1,0,0.0
toys,fa40cc5b934574b62717c68f3d678b6d,271,3,0.01107011070110701
toys,fd386aa7bed2af3c7035c65506c9b4a3,7,0,0.0
toys,fde0cc9ea29c8ccfc0a2c22256a58c71,26,1,0.038461538461538464
toys,fe49ee029e61e789a1f3a5525f57ba8d,9,0,0.0
toys,fec8cd45395b3cb0c2b173d7739706a1,4,0,0.0
toys,ff1fb4c404b2efe68b03350a8dc24122,30,1,0.03333333333333333
unknown,003554e2dce176b5555353e4f3555ac8,1,0,0.0
unknown,004c9cd9d87a3c30c522c48c4fc07416,12,0,0.0
unknown,01cf7e3d21494c41fb86034f2e714fa1,2,0,0.0
unknown,028872bfa080090a9d0abd4f1af168f8,1,0,0.0
unknown,05ff92fedb5be47920fea08e501238b9,1,0,0.0
unknown,07017df32dc5f2f1d2801e579548d620,3,0,0.0
unknown,07e8e8fc5222bb358e6f259da3197074,2,0,0.0
unknown,085f6f7e049c996695fb2074fe38d45e,1,0,0.0
unknown,08d2d642cf72b622b14dde1d2f5eb2f5,2,0,0.0
unknown,09883d9ab71c8fe8a9bfc7fc3075b07e,1,0,0.0
unknown,0b3f27369a4d8df98f7eb91077e438ac,1,0,0.0
unknown,0bfd0b434243adc5c2e1aa6baf19c6aa,1,0,0.0
unknown,0c7f30ae9b147eca07affbef92832a6a,1,0,0.0
unknown,0c8380b62e38e8a1e6adbeba7eb9688c,27,0,0.0
unknown,0d83f8e03188682112cc0d93523705cc,1,0,0.0
unknown,0ea22c1cfbdc755f86b9b54b39c16043,6,0,0.0
unknown,11305281b50fff20ae8bb473f8e11876,2,0,0.0
unknown,116ccb1a1604bc88e4d234a8c23f33de,1,0,0.0
unknown,1352e06ae67b410cdae0b2a22361167b,2,0,0.0
unknown,14ee35374a7876217954b5fa08e50463,5,0,0.0
unknown,15aac934c58d886785ac1b17953ea898,2,0,0.0
unknown,15cd6eefe58588619aaed41dfa6621b1,16,0,0.0
unknown,166e8f1381e09651983c38b1f6f91c11,2,0,0.0
unknown,17306570e772e7718c92a562d33f5f1d,7,0,0.0
unknown,1782ce2db72c3dda627d5e7c898104e1,1,0,0.0
unknown,17a053fcb14bd219540cbde0df490be0,4,0,0.0
unknown,1a6245add4353f18ed55138808906979,1,0,0.0
unknown,1a8e2d9c38b84a9702ac7922924b0573,1,0,0.0
unknown,1b8356dabde1d35e17cef975c3f82730,6,0,0.0
unknown,1b8b75e227c9a9c100d0c210fb6176ce,4,0,0.0
unknown,1ca7077d890b907f89be8c954a02686a,71,2,0.028169014084507043
unknown,1dfe5347016252a7884b694d4f10f5c4,1,0,0.0
unknown,1f1bb1f0859883505541bdd6606193e5,1,0,0.0
unknown,2059c39f76271d4ca3f15b5ffaccc8b8,1,0,0.0
unknown,20a7efa9721046319bdde5d60b6b5365,2,0,0.0
unknown,2138ccb85b11a4ec1e37afbd1c8eda1f,1,0,0.0
unknown,226b05fe067266c59c15dae208213d06,9,0,0.0
unknown,22c32ec35d0116ef02c281798a25bf8b,2,0,0.0
unknown,23613d49c3ac2bd302259e55c06c050c,5,0,0.0
unknown,25c5c91f63607446a97b143d2d535d31,4,0,0.0
unknown,25e47381a6c510ddeb36084e33b89f0c,4,0,0.0
unknown,293dee954235e4e4e43f129313625ebe,4,0,0.0
unknown,2a7dc43cecabf23403078e2188437d1d,8,0,0.0
unknown,2bd05d410a8fd26dc4184a15f4f2f588,1,0,0.0
unknown,2c3d56f92f360fb89d849b84e8f50eae,1,0,0.0
unknown,2e2f44824ab87a0cb961f68bf4073e7f,1,0,0.0
unknown,2eb70248d66e0e3ef83659f71b244378,1,0,0.0
unknown,2f09f7d37a97956d11cc1a7cadd5262b,3,0,0.0
unknown,2f3d8b4c9e2ee165075331fea3f3095a,1,0,0.0
unknown,2f4b0d3b9634b647d4edee577d7ebb7e,1,0,0.0
unknown,3078096983cf766a32a06257648502d1,3,0,0.0
unknown,323ce52b5b81df2cd804b017b7f09aa7,2,0,0.0
unknown,325f3178fb58e2a9778334621eecdbf9,11,0,0.0
unknown,32fdd5d44ecb43dfd6a24b9369eca144,3,0,0.0
unknown,3481aa57cd91f9f9d3fa1fa12d9a3bf7,8,1,0.125
unknown,365e445f796710c3431557e85caa25db,3,0,0.0
unknown,3771c85bac139d2344864ede5d9341e3,18,0,0.0
unknown,38e6dada03429a47197d5d584d793b41,5,1,0.2
unknown,38f276ca6e7cc95a6d1bb55ac9e5550f,1,0,0.0
unknown,391fc6631aebcf3004804e51b40bcf1e,1,0,0.0
unknown,3a734b715d333a2588a3d54a0c9b8746,2,0,0.0
unknown,3a79f35a2344ede41af21267f61d5ec6,1,0,0.0
unknown,3bfad056cf05c00dabe2f895925d83b1,1,0,0.0
unknown,3c3017960b2dbd72711a61f0400aab8f,2,0,0.0
unknown,3db66a856d18a9cba7c9241fc5221c50,1,0,0.0
unknown,3dbbce181edfaa4a597ec858c382d2ec,1,0,0.0
unknown,3f8034bfc6b8b4135534975d49f04c63,4,0,0.0
unknown,3faf68a3b0af94b10bac70d86077be49,7,0,0.0
unknown,4200ddf1967c5e41e48db62bc6d4b5ac,1,0,0.0
unknown,42fa4ee7240e9b8eb4576358ec142ba7,13,0,0.0
unknown,432c37c9dfba871172ec162e20118b8c,2,0,0.0
unknown,432c67955c0acd1fd6b0b5d678766a71,1,0,0.0
unknown,44073f8b7e41514de3b7815dd0237f4f,3,0,0.0
unknown,46dc3b2cc0980fb8ec44634e21d2718e,40,0,0.0
unknown,4736e9d642ef4257cd7622516931eb51,1,0,0.0
unknown,47f55702f598c7c6cc8458b0fbc1c49a,2,0,0.0
unknown,485452467ff670447e84a8370c3fc898,2,0,0.0
unknown,49067458c68f7701fd334ce326accbe0,5,0,0.0
unknown,4a82c4af97ffc0fb2dc26bfdc03b1842,2,0,0.0
unknown,4b98b0428fc1932cc2514ef9ce2505e6,2,0,0.0
unknown,4bf658053d453036c70976bccb2c31b2,1,0,0.0
unknown,4e8dacf3d38f281ae26c3e0321d92d88,7,0,0.0
unknown,4e922959ae960d389249c378d1c939f5,15,0,0.0
unknown,4ebdc7e6cd6102a022dadc49156d4ea8,6,0,0.0
unknown,5011f0d93373a4c5753adf58ca77af8d,1,0,0.0
unknown,5075aaa8404020ae6aa8bf4792099b41,2,0,0.0
unknown,51702dc2a3e106c76dbff722b5bf0726,1,0,0.0
unknown,520b493b57809f446cb0a233bb3e25c7,19,0,0.0
unknown,528ce32f560edd11add4169f6a5b65be,1,0,0.0
unknown,52ac6f920b7280e4c6d30dd94de6259b,1,0,0.0
unknown,52f0fe436a347ddad7ed5f9aa4e27eaa,2,0,0.0
unknown,5305693ffae2d3463377b1f6fe67b15a,1,0,0.0
unknown,53e4c6e0f4312d4d2107a8c9cddf45cd,2,0,0.0
unknown,54065e9aef7e9e9c2dc23b7594db021a,2,0,0.0
unknown,5563732abe64c3036cb97ad924128dd1,1,0,0.0
unknown,578460d8319c51dab351cd9db95eadfe,1,0,0.0
unknown,57fe6232e67823593374a2281d7a8af8,2,0,0.0
unknown,59cd88080b93f3c18508673122d26169,6,0,0.0
unknown,5acd070dd3fe441bbb2ec1f1ede515ee,4,0,0.0
unknown,5c853bb56f70f4d14218944bae111d7a,10,0,0.0
unknown,5cf1ec37aea089f45110c70653a166ab,3,0,0.0
unknown,5d378b73ab7dd6f0418d743e5dcb0bd1,7,0,0.0
unknown,5de1c80811ce7007f62f00d971236c09,1,0,0.0
unknown,5f7300535881cef3b625fd683cf7d145,9,0,0.0
unknown,60da8bfa7eebe230b7d66ac4082d79b3,1,0,0.0
unknown,623ad9d0c1e14bb5464a8c72bff7b4af,1,0,0.0
unknown,62d977e2b2aee830de3e039a28490d12,2,0,0.0
unknown,63ffcb71394dd8ea3872ed9ffda17c74,14,0,0.0
unknown,66fd84ee7528c0c0de85d0f44a73d5ab,2,0,0.0
unknown,695051e2981c8b19e77cafe450d5bdf3,1,0,0.0
unknown,698624c6632eeba1774924dbea24c700,1,0,0.0
unknown,6b89abe95848c850399130d149a39b63,8,0,0.0
unknown,6ba4733aa33f6386e9fb0c0fd3993b38,2,0,0.0
unknown,6bb66d9870c2e01c05655c7ed0e7ee13,3,0,0.0
unknown,6cd68b3ed6d59aaa9fece558ad360c0a,11,0,0.0
unknown,6da1992f915d77be95d7fa48b36904af,7,0,0.0
unknown,6df688df543f90e9b38f4319e75a9d88,4,0,0.0
unknown,6e0908ef4d4efadbc3cc2b74ea477cb0,4,0,0.0
unknown,6f83d9e4da896daae20b9b6b2d3ff8d2,2,0,0.0
unknown,702835e4b785b67a084280efca355756,1,0,0.0
unknown,7315baebc0572ff220d226283dc66728,1,0,0.0
unknown,749e7cdabbaf72f16677859e27874ba5,1,0,0.0
unknown,75fdd0a732287f9497b179f6bd445d32,1,0,0.0
unknown,7722b1df1b0e383e000397b2c11e3e19,2,0,0.0
unknown,784ba75dd9d20200c4caed3d7a77141a,3,0,0.0
unknown,79565f7d5603b24ddf07ade262547f2f,5,0,0.0
unknown,7994b065a7ffb14e71c6312cf87b9de2,1,0,0.0
unknown,7b3f6ce5c6c22e9b96e7581ebf0df6e1,1,0,0.0
unknown,7bb8fac2913a6064ec412e583c6d8b4d,1,0,0.0
unknown,7bcd7c5f8631701474db233ccf1c094b,7,0,0.0
unknown,7c1fea10b5b006671d608b1d7c446ec4,1,0,0.0
unknown,7e26c750b4cb9f6766f58265ff9ebe95,20,0,0.0
unknown,80e6699fe29150b372a0c8a1ebf7dcc8,5,0,0.0
unknown,82e0a475a88cc9595229d8029273f045,1,0,0.0
unknown,834f8533b2ecb6598dd004ff3de7203a,3,0,0.0
unknown,83a75eea11694e36e56dd0cb2240229a,3,0,0.0
unknown,8603f0038fe0e52fedd3382d266723de,1,0,0.0
unknown,8648b1e89e9b349e32d3741b30ec737e,6,0,0.0
unknown,876182d1918783bbe15233febfbd4926,1,0,0.0
unknown,897060da8b9a21f655304d50fd935913,9,0,0.0
unknown,89d9a386b0b6e5fc8403071b03f7206a,2,0,0.0
unknown,8ca5b19e0263150d2c57afdde2b3d011,2,0,0.0
unknown,8cc6a0e5738e61a87b03c78b2ba9db4b,2,0,0.0
unknown,8d92f3ea807b89465643c219455e7369,2,0,0.0
unknown,916748bc99315c2d202898ae58b1617e,2,0,0.0
unknown,91f848e9f4be368f4318775aac733370,11,0,0.0
unknown,92c8bc6e8f925792247656fed09aad65,1,0,0.0
unknown,934ed5cd1b9c1c7382d0a94a94b9e639,1,0,0.0
unknown,93b9a99027bd8bd6af682aff18dd19bf,3,0,0.0
unknown,94231344608e603693b0a8891143f65d,1,0,0.0
unknown,94e93ce877be27a515118dbfd2c2be41,1,0,0.0
unknown,954e95f20808d7e5d11f0de292d078e0,3,0,0.0
unknown,9646c3513289980f17226a2fc4720dbd,1,0,0.0
unknown,98115075dd26cb8835946fc6086f5d30,1,0,0.0
unknown,99eaacc9e6046db1c82b163c5f84869f,13,0,0.0
unknown,9baf5cb77970f539089d09a38bcec5c3,1,0,0.0
unknown,9cea4682e16655f7da87f406902e989e,2,0,0.0
unknown,9e6967d3cf386d284251784b18ccb485,3,0,0.0
unknown,9ef932e837d8b7f392c0bfee9d359dc2,1,0,0.0
unknown,a154d7316f158bb42e6fa18bbe3afd3a,2,0,0.0
unknown,a37c340b91cb0169e8b029db6440fba2,5,0,0.0
unknown,abe021b01ba992245271b9aa422032df,2,0,0.0
unknown,ac137bac82ffa8548e62bd9d01d2a14f,1,0,0.0
unknown,ac51cac5e20d69ff485a54746488ef48,2,0,0.0
unknown,acf974e4d5950ad143a247471b831eb9,3,0,0.0
unknown,af4a0e4cfe1d9c26b6712b1be25a72e5,1,0,0.0
unknown,b0f2a6122a90a93eb03e68653dd960e3,2,1,0.5
unknown,b274baf5bbd142410eb2958cf685d684,1,0,0.0
unknown,b29d3380981c51df13fc6fbe87e1763d,1,0,0.0
unknown,b335c59ab742f751a85db9c411a86739,8,0,0.0
unknown,b347677812ea483b0f528eaf8cbc09b7,1,0,0.0
unknown,b3e2faf2c1004d674f16a3aa3197f0e1,1,0,0.0
unknown,b3f19518fcec265b2e97af287725f981,1,0,0.0
unknown,b416191c9813d821a295cfabafff4161,2,0,0.0
unknown,b45d7ebfb7378630f1bcd74b6ff86ff7,3,0,0.0
unknown,b57e8460909fa137df7951b4a3b5ea84,1,0,0.0
unknown,b5e3e38609125694d2ea2417522a60b7,2,0,0.0
unknown,b64d51f0435e884e8de603b1655155ae,4,0,0.0
unknown,b6e1504972665f739dec4facb9943775,5,0,0.0
unknown,b74d1c09cb380e1d03a6f859c6f4224b,10,0,0.0
unknown,b76a1f8356322f12529c37b67d5c96c2,1,0,0.0
unknown,b86a47b3366e3b5424a7b225781f4908,1,0,0.0
unknown,b8d890108a7a80e4f5d59eea9f362438,1,0,0.0
unknown,b92e3c8f9738272ff7c59e111e108d7c,1,0,0.0
unknown,ba6b68b55fe8704377a7d43c8e5c0185,2,0,0.0
unknown,bba74270a87732727b5a3b4fd9ac1c39,1,0,0.0
unknown,bcc9dd23e2a8bd8267cf92b19304a1b9,1,0,0.0
unknown,be1e9e378700cecaa4ebf71433d7915c,2,0,0.0
unknown,bfd938b22bc99bce1ae60dc602889f52,1,0,0.0
unknown,c04d70d515d15a7e3db3a73320598566,2,0,0.0
unknown,c0f783394e37cd9c9d7f5f81141450fa,6,0,0.0
unknown,c113b8df1fc375bc3d73d29c1b1144d1,3,0,0.0
unknown,c157bdeedcbc9a8e3c8bf0d87ff24428,5,0,0.0
unknown,c1d1ebb4745cc43cb6f05e9c8a705c9a,1,0,0.0
unknown,c24173065483e421f9e5e7f599de101d,4,0,0.0
unknown,c26ba52cf8d2f34915f2f6b7ffa0a3f3,4,0,0.0
unknown,c42fd8e4d47dfb18ce5222f2dd7752f9,1,0,0.0
unknown,c4b911d06343b21dd906651f8101cb49,1,0,0.0
unknown,c7c7b2682c648339a0e9846bb1023a39,2,0,0.0
unknown,c826c40d7b19f62a09e2d7c5e7295ee2,353,0,0.0
unknown,c8417879a15366a17c30af34c798c332,1,0,0.0
unknown,caa9bc43a9fe8cf9c564ddd8a03cc4a6,4,0,0.0
unknown,cac4e0bc1a3269fa2b6ea5e763f6115b,1,0,0.0
unknown,cb9fb4ca75d7ba8437480e8dde64fe98,10,0,0.0
unknown,ccada0ef508e698917a6eab263375905,2,0,0.0
unknown,d180e07dc1e58c31c3f0cd599dc4d945,1,0,0.0
unknown,d29ba1220fb8634fa3a107e54497b8a4,8,0,0.0
unknown,d2f3e277560ed4c6361284429b00f037,2,0,0.0
unknown,d32e3909cfb714fb2a6cb092c85b9c5f,3,0,0.0
unknown,d354c38a7182125a748cb10474fe963b,1,0,0.0
unknown,d4a5e99e0dd915df64ba55a7fbd583fd,1,0,0.0
unknown,d4ffeb15b67e81ff9af2b4252d99fb7e,1,0,0.0
unknown,d5c530f4884a75ae0dba9c148718d278,4,0,0.0
unknown,d66c305afaec317ebee552073a674429,16,0,0.0
unknown,d7ab82074b5f1dfba46db123df101bff,2,0,0.0
unknown,d9442042130b7fe579d1295f9f4a248f,1,0,0.0
unknown,d9cb0052a666de5308b32f32ad5f1b1c,1,0,0.0
unknown,dc8798cbf453b7e0f98745e396cc5616,6,0,0.0
unknown,dd7ddc04e1b6c2c614352b383efe2d36,19,0,0.0
unknown,e1643dff33666ca629e3644c02738179,2,0,0.0
unknown,e21a1e8be4715b0fcfd5385643bc49c4,2,0,0.0
unknown,e26901d5ab434ce92fd9b5c256820a4e,14,0,0.0
unknown,e3e290b38963293022cdcd6db8328103,1,0,0.0
unknown,e48b04bf1aa1ef711caebeb7aede6180,4,0,0.0
unknown,e4ebd3f87bf70440014f07ddda7fbe03,1,0,0.0
unknown,e5a3438891c0bfdb9394643f95273d8e,84,0,0.0
unknown,e5bd51692380fd8cabb19b756b95e714,2,0,0.0
unknown,e5d4b2b0c3bca22085f7a19a28de0c42,1,0,0.0
unknown,e603cf3fec55f8697c9059638d6c8eb5,7,0,0.0
unknown,e627629ba868740e287800f1a9be81c2,2,0,0.0
unknown,e7f3bf1ecd8526eb7f3b18059e6716e5,4,0,0.0
unknown,e88c9b79e592e370d6bd852eeefbf057,1,0,0.0
unknown,ea6b12bf9ffe2bac34602ec631d97a47,6,0,0.0
unknown,eae9af4811c294c56795d70e715b7337,1,0,0.0
unknown,eb4df17aed01d918c65f0f8d650900c0,1,0,0.0
unknown,eddd1991bd6d9309995a480c39b95137,2,0,0.0
unknown,f0e103c63864d5405b958d984b6e94c9,6,0,0.0
unknown,f18112da765e0971ca5d510dec322bdd,2,0,0.0
unknown,f3295428338a40977a03f555246a70f4,3,0,0.0
unknown,f3da5b2ff499efb8d4a6d371d175d7dd,6,0,0.0
unknown,f419677537694f0462a91990df6ca44f,5,1,0.2
unknown,f4aba7c0bca51484c30ab7bdc34bcdd1,4,0,0.0
unknown,f4c4daa86e30c7e5a553a8d518ac03a5,2,0,0.0
unknown,f593898ec748b7a8cb81fc04edafd98a,3,0,0.0
unknown,f5a590cf36251cf1162ea35bef76fe84,3,0,0.0
unknown,f664f98bfda2eaf266a23ff144e7a872,1,0,0.0
unknown,f7496d659ca9fdaf323c0aae84176632,5,0,0.0
unknown,f7c31656c19db6275a8acadca289f426,1,0,0.0
unknown,f8db351d8c4c4c22c6835c19a46f01b0,2,0,0.0
unknown,f8e2c1b59cd4225a3e4fd0d013a76b93,1,0,0.0
unknown,fb8904a8ea99f8831b64ce27db2c1765,1,0,0.0
unknown,fc906263ca5083d09dce42fe02247800,29,0,0.0
unknown,fe1bbc5feda5c8979a8a1b3b2512d5a6,1,0,0.0
unknown,fe26f3ecb51a15e6d8335cd92da42562,1,0,0.0
unknown,ff314fa6033cc68ec451c47aee2d6ba4,2,0,0.0
unknown,ffff564a4f9085cd26170f4732393726,1,0,0.0
watches_gifts,01ed254b9ff8407dfb9d99ba1e17d923,5,0,0.0
watches_gifts,056b4ada5bbc2c50cc7842547dda6b51,60,0,0.0
watches_gifts,08d2d642cf72b622b14dde1d2f5eb2f5,5,0,0.0
watches_gifts,0ac4201fda2c68ebc0e47cb9423cf3c9,1,0,0.0
watches_gifts,0aea4c6ae1505b3228ddf3dd7822ee5b,8,0,0.0
watches_gifts,0bae85eb84b9fb3bd773911e89288d54,2,0,0.0
watches_gifts,0be8ff43f22e456b4e0371b2245e4d01,3,0,0.0
watches_gifts,0bfd0b434243adc5c2e1aa6baf19c6aa,1,0,0.0
watches_gifts,1284de4ae8aa26997e748c851557cf0e,3,0,0.0
watches_gifts,1710c3aaa9c6b44ec3883ee0fe300e21,1,0,0.0
watches_gifts,1782ce2db72c3dda627d5e7c898104e1,4,0,0.0
watches_gifts,1996942dc085d7773ba77a529b163cd0,8,0,0.0
watches_gifts,1d503743d2526f03f0c2c89540ee008c,3,0,0.0
watches_gifts,1da3aeb70d7989d1e6d9b0e887f97c23,1,0,0.0
watches_gifts,1f1bb1f0859883505541bdd6606193e5,1,0,0.0
watches_gifts,26d8a1c7c75d513045798992ead43aa2,1,0,0.0
watches_gifts,2bf6a2c1e71bbd29a4ad64e6d3c3629f,29,0,0.0
watches_gifts,2eb70248d66e0e3ef83659f71b244378,115,1,0.008695652173913044
watches_gifts,2ff97219cb8622eaf3cd89b7d9c09824,1,0,0.0
watches_gifts,381c83fdca332ea6afd896da20bf6e4a,43,0,0.0
watches_gifts,3a734b715d333a2588a3d54a0c9b8746,1,0,0.0
watches_gifts,3d871de0142ce09b7081e2b9d1733cb1,54,0,0.0
watches_gifts,432c37c9dfba871172ec162e20118b8c,1,0,0.0
watches_gifts,4342d4b2ba6b161468c63a7e7cfce593,20,0,0.0
watches_gifts,4830e40640734fc1c52cd21127c341d4,5,0,0.0
watches_gifts,4869f7a5dfa277a7dca6462dcf3b52b2,973,8,0.008221993833504625
watches_gifts,4bf658053d453036c70976bccb2c31b2,1,0,0.0
watches_gifts,4d600e08ecbe08258c79e536c5a42fee,7,0,0.0
watches_gifts,4e0d109ccfba9a1151c103049880c857,2,0,0.0
watches_gifts,4e922959ae960d389249c378d1c939f5,1,0,0.0
watches_gifts,4fb41dff7c50136976d1a5cf004a42e2,3,0,0.0
watches_gifts,522620dcb18a6b31cd7bdf73665113a9,21,0,0.0
watches_gifts,54583ab379489add547fe47b628db589,1,1,1.0
watches_gifts,58f1a6197ed863543e0136bdedb3fce2,30,0,0.0
watches_gifts,5d76d80a2f5f39c891b996a1bf4c9853,2,0,0.0
watches_gifts,606ce7768feac12c5e8bd58db8b08f0f,5,0,0.0
watches_gifts,612170e34b97004b3ba37eae81836b4c,25,0,0.0
watches_gifts,61c36f0fc4a47f9532e5512b66668e62,1,0,0.0
watches_gifts,634964b17796e64304cadf1ad3050fb7,215,5,0.023255813953488372
watches_gifts,6560211a19b47992c3666cc44a7e94c0,1437,22,0.015309672929714684
watches_gifts,66dc1b1632bd6a3e508510c5b3492107,3,0,0.0
watches_gifts,67883baaae6134ee81b271a542613728,18,0,0.0
watches_gifts,6b536a23086fba0d58c08d68814397f6,3,0,0.0
watches_gifts,710e3548e02bc1d2831dfc4f1b5b14d4,3,0,0.0
watches_gifts,715bbd5ba4e6b74cb0d2f29eb45058b0,26,0,0.0
watches_gifts,7299e27ed73d2ad986de7f7c77d919fa,1,0,0.0
watches_gifts,744dac408745240a2c2528fb1b6028f3,72,0,0.0
watches_gifts,747e73c01a4593d4cf60dcf970fd2689,3,0,0.0
watches_gifts,75d34ebb1bd0bd7dde40dd507b8169c3,1,0,0.0
watches_gifts,7722b1df1b0e383e000397b2c11e3e19,2,0,0.0
watches_gifts,7d13fca15225358621be4086e1eb0964,495,1,0.00202020202020202
watches_gifts,7e93a43ef30c4f03f38b393420bc753a,307,0,0.0
watches_gifts,7e959205cebc10adefcb331f934238a4,2,0,0.0
watches_gifts,8444e55c1f13cd5c179851e5ca5ebd00,8,0,0.0
watches_gifts,850f4f8af5ea87287ac68de36e29107f,15,0,0.0
watches_gifts,86ccac0b835037332a596a33b6949ee1,174,1,0.005747126436781609
watches_gifts,891071be6ba827b591264c90c2ae8a63,1,0,0.0
watches_gifts,89f69225956f951295ca4c7fb1266553,1,0,0.0
watches_gifts,8ae520247981aa06bc94abddf5f46d34,52,0,0.0
watches_gifts,921323538c9f1c4e816f2720eac02bea,2,0,0.0
watches_gifts,93dc87703c046b603023e75222018b45,31,0,0.0
watches_gifts,95e03ca3d4146e4011985981aeb959b9,17,0,0.0
watches_gifts,966cb4760537b1404caedd472cc610a5,74,1,0.013513513513513514
watches_gifts,994f04b3718c2bab35c2adfa8afecd2a,1,0,0.0
watches_gifts,9f505651f4a6abe901a56cdc21508025,3,0,0.0
watches_gifts,a0415d9b25ede3c4b1e477e9916ffc03,7,0,0.0
watches_gifts,a1bea7061f61f6fdd9a85a6325ba1033,1,0,0.0
watches_gifts,a425f92c199eb576938df686728acd20,1,0,0.0
watches_gifts,a673821011d0cec28146ea42f5ab767f,3,0,0.0
watches_gifts,a6bd7d1ccdac48c6b33b28596b7eb122,16,0,0.0
watches_gifts,b19c48688808720822399ffa9f2dbe2f,1,0,0.0
watches_gifts,b1fc4f64df5a0e8b6913ab38803c57a9,107,0,0.0
watches_gifts,b2ba3715d723d245138f291a6fe42594,4,0,0.0
watches_gifts,b33e7c55446eabf8fe1a42d037ac7d6d,130,0,0.0
watches_gifts,bce6a5ecf98e99fd2a8868b15c51f04b,14,0,0.0
watches_gifts,beadbee30901a7f61d031b6b686095ad,2,0,0.0
watches_gifts,bec568278124768c474ee90971ca94d1,1,0,0.0
watches_gifts,c3acdfac4e3e97ff87529454fbc03642,12,0,0.0
watches_gifts,c60b801f2d52c7f7f91de00870882a75,31,0,0.0
watches_gifts,c66dccfb3f109511246da627dd5a2498,44,0,0.0
watches_gifts,c68fb906c8f4b4b946d8386bfa6e5467,1,0,0.0
watches_gifts,d624126b9206f595fb3fbb6ba03b28a8,1,0,0.0
watches_gifts,d650b663c3b5f6fb392b6326366efa9a,56,1,0.017857142857142856
watches_gifts,d921b68bf747894be13a97ae52b0f386,67,0,0.0
watches_gifts,d9a84e1403de8da0c3aa531d6d108ba6,7,0,0.0
watches_gifts,dee656f0f566ed1aa85bd137c943f08f,10,0,0.0
watches_gifts,e5def42655b7490edac5a56fe8e9e603,1,0,0.0
watches_gifts,e7df4cd29ab5abab70fb0783ddb53987,1,0,0.0
watches_gifts,e82de6494d91d3c4c54450f59b227a94,2,0,0.0
watches_gifts,e8b3a3a38279a82f0e5d006d5e5b7d2c,1,0,0.0
watches_gifts,ececbfcff9804a2d6b40f589df8eef2b,32,0,0.0
watches_gifts,f4c4daa86e30c7e5a553a8d518ac03a5,14,0,0.0
watches_gifts,f8db351d8c4c4c22c6835c19a46f01b0,25,0,0.0
watches_gifts,f9eda05b67bef472deaddbba84aca289,1,0,0.0
watches_gifts,f9eedec3129e8cc6b6429c42d0808c5b,2,0,0.0
watches_gifts,fa1c13f2614d7b5c4749cbc52fecda94,576,2,0.003472222222222222
watches_gifts,fcba71d4d5db057f43249145e4eb1e27,3,0,0.0
watches_gifts,ffc470761de7d0232558ba5e786e57b7,5,0,0.0
