customer_unique_id,customer_lat,customer_lng,customer_state,n_orders,avg_order_product_value,avg_order_payment,total_spend,avg_item_price,items_per_order,n_categories,n_sellers,freight_ratio,avg_distance_km,avg_installments,avg_review_score,avg_delivery_days,late_rate,orders_per_year,recency_days,credit_card_share,boleto_share,voucher_share,cat_share_health_beauty,cat_share_watches_gifts,cat_share_bed_bath_table,cat_share_sports_leisure,cat_share_computers_accessories,cat_share_furniture_decor,cat_share_housewares,cat_share_cool_stuff,cat_share_auto,cat_share_garden_tools,cat_share_toys,cat_share_baby,cat_share_other,purchase_days,mean_gap_days,median_gap_days,tenure_days,repeat_category_share,repeat_seller_share,spend_trend,spend_cv
004288347e5e88a27ded2bb23747066c,-22.757977933225167,-43.441367450905766,RJ,2,158.945,177.185,354.37,158.945,1.0,2,2,0.1147566768378999,327.0087888912474,2.0,5.0,6.851105324074074,0.0,1.8171641791044773,232,1.0,0.0,0.0,0.0,0.0,0.0,0.0,0.0,0.0,0.0,0.7234892572902577,0.0,0.0,0.0,0.0,0.2765107427097424,2,171.0,171.0,171.0,0.0,0.0,0.41132661595443865,0.5898775479142342
004b45ec5c64187465168251cd1c9c2f,-9.657131698431188,-35.70676917223658,AL,2,43.45,73.86,147.72,43.45,1.0,2,2,0.6998849252013809,1924.6212061290837,1.0,3.0,23.89068287037037,0.0,1.9959016393442623,99,0.0,1.0,0.0,0.0,0.0,0.0,0.0,0.0,0.3107019562715765,0.0,0.0,0.0,0.6892980437284234,0.0,0.0,0.0,2,267.0,267.0,267.0,0.0,0.0,0.5093491366097885,0.459724717473301
00a39521eb40f7012db50455bf083460,,,DF,2,40.725,61.625,123.25,40.725,1.0,2,2,0.5131982811540822,,1.0,4.0,17.63160300925926,0.0,2.0,91,1.0,0.0,0.0,0.0,0.0,0.0,0.858195211786372,0.0,0.0,0.0,0.0,0.0,0.0,0.0,0.0,0.141804788213628,2,11.0,11.0,11.0,0.0,0.0,0.2775992536539857,0.7996474090205354
011575986092c30523ecb71ff10cb473,-19.985444039297665,-44.02366605329675,MG,2,91.45,107.45,214.9,91.45,1.0,2,2,0.1749589939857845,407.90268877661725,1.5,3.5,13.44355902777778,0.0,2.0,137,1.0,0.0,0.0,0.0,0.0,0.0,0.0,0.0,0.0,0.0,0.0,0.0,0.0,0.6506287588846363,0.0,0.3493712411153635,2,60.0,60.0,60.0,0.0,0.0,0.5968197354733243,0.35707411770295094
011b4adcd54683b480c4d841250a987f,-12.550955410024526,-38.70658835489125,BA,2,91.715,118.15,236.3,61.14333333333334,1.5,2,2,0.2882298424467099,1477.8393742609696,8.0,4.5,12.827980324074074,0.0,1.94281914893617,199,1.0,0.0,0.0,0.0,0.0,0.0,0.3788366134220138,0.0,0.0,0.0,0.0,0.0,0.0,0.0,0.0,0.6211633865779861,2,177.0,177.0,177.0,0.0,0.0,1.7343207590835454,0.37979683736012104
012452d40dafae4df401bced74cdb490,-23.604640419801488,-46.52931302068226,SP,2,213.95,247.665,495.33,213.95,1.0,2,2,0.1575835475578406,233.4475331330468,7.5,4.5,9.740416666666668,0.0,1.6564625850340138,111,0.9141986150647043,0.0,0.0858013849352956,0.7712082262210798,0.0,0.0,0.0,0.0,0.0,0.0,0.0,0.0,0.0,0.0,0.0,0.2287917737789203,2,330.0,330.0,330.0,0.0,0.0,2.1903259049336596,0.5276498666791264
012a218df8995d3ec3bb221828360c86,-23.404053814612357,-46.99519585610397,SP,2,714.9000000000001,755.19,1510.38,714.9000000000001,1.0,1,2,0.056357532522031,401.0378585029949,5.5,3.5,5.356134259259259,0.0,2.0,76,0.9788794872813464,0.0,0.0211205127186535,0.0,0.0,0.0,0.0,0.0,0.0,0.0,0.0,1.0,0.0,0.0,0.0,0.0,2,42.0,42.0,42.0,1.0,0.0,19.298078215293646,1.2748689852783481
013ef03e0f3f408dd9bf555e4edcdc0a,-22.895406538132388,-47.03605315800054,SP,2,113.17,122.685,245.37,113.17,1.0,2,2,0.0840770522223204,81.90962706876155,2.0,5.0,3.5885011574074075,0.0,2.0,45,1.0,0.0,0.0,0.0,0.0,0.0,0.0,0.0,0.0,0.0,0.0,0.0,0.0,0.7353538923743042,0.0,0.2646461076256958,2,29.0,29.0,29.0,0.0,0.0,0.3917753828701077,0.6180304042599626
013f4353d26bb05dc6652f1269458d8d,-12.234794698454486,-38.93823012022408,BA,2,138.45,178.195,356.39,92.3,1.5,1,2,0.2870711448176237,1519.171203747205,3.0,5.0,10.013015046296296,0.0,2.0,278,1.0,0.0,0.0,0.0,0.0,0.0,1.0,0.0,0.0,0.0,0.0,0.0,0.0,0.0,0.0,0.0,2,4.0,4.0,4.0,1.0,0.0,0.8528203795165064,0.11233869062202173
015557c9912277312b9073947804a7ba,-21.97307896400453,-46.79448017159956,SP,2,144.95,157.56,315.12,144.95,1.0,2,2,0.0869955156950672,174.69867919340322,2.0,5.0,12.92029513888889,0.0,1.383522727272727,489,0.2313404417364813,0.7686595582635186,0.0,0.0,0.0,0.7933770265608832,0.0,0.0,0.0,0.2066229734391169,0.0,0.0,0.0,0.0,0.0,0.0,2,39.0,39.0,39.0,0.0,0.0,0.30096606390884323,0.7598839819148656
0178b244a5c281fb2ade54038dd4b161,-21.46979859023029,-49.22220561413068,SP,2,104.44,129.945,259.89,52.22,2.0,1,3,0.244207200306396,136.81917977863782,8.5,3.5,8.319675925925926,0.0,1.521875,36,1.0,0.0,0.0,0.0,0.0,1.0,0.0,0.0,0.0,0.0,0.0,0.0,0.0,0.0,0.0,0.0,2,444.0,444.0,444.0,1.0,0.0,1.5471920023522494,0.30380369843891614
01886ef98f995e4f2dd75a1d04c97397,-23.54359936019768,-46.65904916801368,SP,2,20.630000000000003,37.655,75.31,20.630000000000003,1.0,1,2,0.8252544837615122,193.66013690740812,2.0,3.0,5.377835648148148,0.0,2.0,177,1.0,0.0,0.0,1.0,0.0,0.0,0.0,0.0,0.0,0.0,0.0,0.0,0.0,0.0,0.0,0.0,2,102.0,102.0,102.0,1.0,0.0,0.9133638211382115,0.06403489905314366
018b5a7502c30eb5f230f1b4eb23a156,-16.762387036164824,-49.29359056814226,GO,2,39.99,55.09,110.18,39.99,1.0,1,1,0.3775943985996499,505.5253916634822,1.0,4.0,11.01226851851852,0.0,1.5443974630021142,378,0.0,0.5,0.5,0.0,0.0,0.0,0.0,0.0,0.0,0.0,0.0,0.0,0.0,0.0,0.0,1.0,2,94.0,94.0,94.0,1.0,1.0,1.0,0.0
01c289bb06354cdc7e6549570f20ada4,-7.147264757015351,-34.83981196762813,PB,2,69.99000000000001,121.25,242.5,46.66,1.5,1,1,0.7323903414773539,2289.8219639785348,2.0,4.0,15.037118055555556,0.0,1.6019736842105263,250,0.3472989690721649,0.0,0.652701030927835,0.0,0.0,0.0,0.0,0.0,0.0,0.0,0.0,0.0,0.0,0.0,0.0,1.0,2,206.0,206.0,206.0,1.0,1.0,2.270838953331535,0.5494729973063631
01f2285f85a1c603eb7ef755ad311769,-19.4690489600068,-42.564138135186575,MG,2,214.0,231.52,463.04,214.0,1.0,1,2,0.0818691588785046,486.3878758860104,6.5,4.5,8.654016203703703,0.0,1.4877800407331976,94,1.0,0.0,0.0,0.0,0.0,0.0,1.0,0.0,0.0,0.0,0.0,0.0,0.0,0.0,0.0,0.0,2,397.0,397.0,397.0,1.0,0.0,1.419226750261233,0.24506845249830927
02168ea18740a0fdaaa15f11bebba5db,-29.692802797048127,-53.81281893052473,RS,2,99.8,132.02,264.04,49.9,2.0,1,1,0.3228456913827655,1096.8271822436714,1.0,3.0,22.377841435185186,0.5,1.9325396825396823,328,1.0,0.0,0.0,0.0,0.0,0.0,0.0,0.0,1.0,0.0,0.0,0.0,0.0,0.0,0.0,0.0,2,50.0,50.0,50.0,1.0,1.0,1.0,0.0
0241fa2e9adf0576cb0f845377d05c03,-12.961480820322857,-39.24869603480143,BA,2,66.155,99.515,199.03,44.10333333333333,1.5,2,2,0.5042702743556798,1070.2209596981284,7.0,4.0,17.24689236111111,0.0,2.0,40,1.0,0.0,0.0,0.0,0.0,0.0,0.0,0.1686947320686267,0.0,0.0,0.0,0.0,0.0,0.0,0.0,0.8313052679313733,2,34.0,34.0,34.0,0.0,0.0,0.28722028198163235,0.783100420585534
029b457bd01199c39136f89e0eddcd3a,-4.254330518906787,-43.01466358951072,MA,2,139.0,173.775,347.55,139.0,1.0,2,2,0.2501798561151079,2106.066019344816,1.0,5.0,21.19928819444445,0.0,1.5314465408805031,241,0.0,1.0,0.0,0.6474820143884892,0.0,0.0,0.0,0.0,0.0,0.0,0.0,0.0,0.0,0.0,0.3525179856115107,0.0,2,235.0,235.0,235.0,0.0,0.0,1.6232168465544567,0.3359850779604271
02e4c56fefa30628768ffe326d332e2f,-30.001172127177743,-51.09688764050553,RS,2,31.99,48.315,96.63,31.99,1.0,2,2,0.510315723663645,868.611972521424,4.5,4.0,19.47958912037037,0.0,1.3994252873563218,234,1.0,0.0,0.0,0.0,0.0,0.0,0.0,0.0,0.0,0.3749609252891528,0.0,0.0,0.0,0.0,0.0,0.6250390747108472,2,288.0,288.0,288.0,0.0,0.0,0.724304068522484,0.22611610823413342
02e9109b7e0a985108b43e573b6afb23,-23.671384107825496,-46.73261155141721,SP,3,177.6233333333333,200.91,602.73,106.574,1.6666666666666667,2,3,0.1311013943363297,307.5908812643353,1.0,4.333333333333333,7.284340277777777,0.0,3.0,111,0.0,1.0,0.0,0.656632949875204,0.0,0.3433670501247959,0.0,0.0,0.0,0.0,0.0,0.0,0.0,0.0,0.0,0.0,3,86.0,86.0,172.0,0.5,0.0,0.14050461204557785,0.7924905456625555
02e9827c15167f699df7bf90d326ffdb,-23.702690744058454,-46.57039271920236,SP,2,22.99,34.43,68.86,22.99,1.0,1,1,0.4976076555023924,112.00669466406612,1.0,4.5,9.6609375,0.0,2.0,148,0.4957885564914319,0.5042114435085681,0.0,0.0,0.0,0.0,0.0,0.0,0.0,1.0,0.0,0.0,0.0,0.0,0.0,0.0,2,34.0,34.0,34.0,1.0,1.0,0.9832949308755761,0.011911761053970269
031ea691b99fc101dcad357d1a83573f,-23.67659654975671,-46.77923815047713,SP,2,28.495,36.52,73.04,28.495,1.0,2,2,0.2816283558519039,52.053920280265466,2.0,4.0,7.261944444444444,0.0,1.5411392405063291,419,1.0,0.0,0.0,0.0,0.0,0.0,0.0,0.0,0.0,0.0,0.0,0.0,0.0,0.0,0.0,1.0,2,55.0,55.0,55.0,0.0,0.0,0.5451660672731119,0.41628685091760054
032b3a42598667caf2e099999b9dc1b9,-29.9191781607444,-51.14516373810683,RS,2,193.85,247.98,495.96,129.23333333333332,1.5,2,2,0.2792365230848594,1088.7717151419167,1.0,5.0,14.311192129629628,0.0,2.0,40,0.0,1.0,0.0,0.0,0.0,0.0,0.0,0.0,0.6703636832602528,0.3296363167397472,0.0,0.0,0.0,0.0,0.0,0.0,2,1.0,1.0,1.0,0.0,0.0,1.8625187579360498,0.42612322518153745
0333b2fc6ba7014702e08ef613850270,-23.010752060382657,-43.30938857291247,RJ,2,25.35,46.5,93.0,16.9,1.5,1,1,0.834319526627219,339.7737736191614,1.5,5.0,14.324045138888888,0.0,1.9532085561497328,301,1.0,0.0,0.0,0.0,0.0,1.0,0.0,0.0,0.0,0.0,0.0,0.0,0.0,0.0,0.0,0.0,2,74.0,74.0,74.0,1.0,1.0,2.0,0.4714045207910317
0341bbd5c969923a0f801b9e2d10a7b8,-22.49556415226866,-43.15736988168332,RJ,2,914.22,999.84,1999.68,304.74,3.0,2,2,0.0936536063529566,608.6777383086709,10.0,5.0,8.199189814814815,0.0,2.0,95,1.0,0.0,0.0,0.0,0.0,0.0,0.0,0.0,0.0,0.459408019951434,0.0,0.0,0.0,0.0,0.0,0.540591980048566,2,2.0,2.0,2.0,0.0,0.0,1.1638748214517594,0.10710138716483711
0361e980b28826f4d286ac144d9b319a,-23.39370548478192,-51.424410974802846,PR,2,154.5,228.46,456.92,77.25,2.0,1,2,0.478705501618123,477.5703389186324,4.5,4.5,10.00333912037037,0.0,2.0,63,1.0,0.0,0.0,0.0,0.0,0.0,0.0,0.0,1.0,0.0,0.0,0.0,0.0,0.0,0.0,0.0,2,1.0,1.0,1.0,1.0,0.0,3.6468015864944574,0.8055309939228349
038301b43811478e1a8dc0e476eaf52e,-23.54712692986425,-46.75270492034257,SP,2,303.5,322.765,645.53,303.5,1.0,2,2,0.0634761120263591,232.45727271348605,1.0,4.5,11.215086805555556,0.0,2.0,143,0.0,1.0,0.0,0.0,0.0,0.0,0.5074135090609555,0.0,0.0,0.0,0.0,0.0,0.0,0.0,0.0,0.4925864909390445,2,150.0,150.0,150.0,0.0,0.0,1.087135051246403,0.05904149382051167
03d4953a455f8489e712ea80699de878,-23.741832440198323,-46.55449502789028,SP,2,27.485,36.325,72.65,27.485,1.0,2,2,0.3216299799890849,70.16891061817348,1.5,5.0,4.0277314814814815,0.0,2.0,43,1.0,0.0,0.0,0.0,0.0,0.0,0.0,0.0,0.0,0.5453883936692742,0.0,0.0,0.0,0.0,0.0,0.4546116063307258,2,310.0,310.0,310.0,0.0,0.0,0.8476602238046795,0.11660205421355598
03dabd77cb0ed7a26fafe19e36b67742,-6.210125881009092,-40.696594270291335,CE,2,24.49,49.725,99.45,24.49,1.0,1,1,1.0304205798285015,2022.5849017250016,1.0,5.0,19.479861111111116,0.0,1.4351669941060905,475,0.0,1.0,0.0,0.0,0.0,0.0,0.0,0.0,0.0,0.0,0.0,0.0,0.0,0.0,0.0,1.0,2,34.0,34.0,34.0,1.0,1.0,0.8137880722232355,0.14518974833413076
03ef7f03905227e15c7b6c860554b3cb,-27.44356408288096,-48.401723685482914,SC,2,95.995,119.275,238.55,95.995,1.0,2,2,0.2425126308661909,1640.093070254329,1.0,5.0,15.471579861111111,0.5,2.0,46,0.641794173129323,0.358205826870677,0.0,0.6406062815771654,0.0,0.0,0.0,0.0,0.0,0.0,0.0,0.0,0.0,0.0,0.0,0.3593937184228345,2,78.0,78.0,78.0,0.0,0.0,1.791691047396138,0.40105448540993444
041caba6a63ace5818387698ea85cdb2,-23.46265930222048,-46.552283696894456,SP,3,40.63,51.15333333333333,153.45999999999998,40.63,1.0,3,3,0.2590040200180491,35.70408621926537,1.6666666666666667,4.666666666666667,8.192750771604938,0.0,2.044309701492537,101,1.0,0.0,0.0,0.0,0.0,0.0,0.0,0.0,0.0,0.0,0.0,0.5160390516039052,0.0,0.0,0.0,0.4839609483960948,3,217.5,217.5,435.0,0.0,0.0,2.396661101836394,0.4089853038768247
043aee247e71edff7045664609f4d806,-20.253224455985617,-50.5498881494832,SP,2,179.825,202.705,405.41,119.88333333333333,1.5,1,2,0.1272348116224106,244.65661490018044,3.0,4.5,9.513275462962962,0.0,1.380907372400756,412,1.0,0.0,0.0,0.0,0.0,1.0,0.0,0.0,0.0,0.0,0.0,0.0,0.0,0.0,0.0,0.0,2,117.0,117.0,117.0,1.0,0.0,0.3891515899122807,0.6218688531714848
0451ef5a31cea3e14ce02d768d7c9943,-12.936748419813298,-38.3627516985595,BA,2,172.74,193.695,387.39,172.74,1.0,1,1,0.1213094824591872,1350.687380350494,5.0,4.5,21.471493055555555,0.0,1.4436758893280632,441,1.0,0.0,0.0,0.0,0.0,0.0,0.0,0.0,0.0,0.0,0.0,0.0,0.0,0.0,0.0,1.0,2,65.0,65.0,65.0,1.0,1.0,0.7747388675096207,0.17950097024157843
0488328f0b499963e32a37fa42a20ca0,-23.055764998393467,-46.3597870104436,SP,2,174.45,192.085,384.17,174.45,1.0,2,2,0.1010891372886213,252.0015390038174,10.0,5.0,9.002251157407407,0.0,1.990463215258856,360,1.0,0.0,0.0,0.0,0.0,0.4582975064488392,0.0,0.0,0.0,0.0,0.0,0.0,0.0,0.5417024935511608,0.0,0.0,2,6.0,6.0,6.0,0.0,0.0,0.8956380144083687,0.07785776308454843
048dbdf8f9bbd1be87b25868d1408311,-18.57181425634857,-46.51652014839111,MG,2,72.45,89.475,178.95,72.45,1.0,1,2,0.2349896480331262,487.4488908759764,1.0,4.0,11.891938657407408,0.0,2.0,301,0.0,1.0,0.0,0.0,0.0,1.0,0.0,0.0,0.0,0.0,0.0,0.0,0.0,0.0,0.0,0.0,2,20.0,20.0,20.0,1.0,0.0,0.5302719343252951,0.4341031069078185
04be500031efe43d2defff8c41810543,-23.53830373565341,-46.600489910060695,SP,2,109.45,127.895,255.79,109.45,1.0,2,2,0.1685244403837368,37.18591954964185,4.0,4.0,7.409357638888888,0.0,2.0,214,1.0,0.0,0.0,0.0,0.0,0.0,0.0,0.0,0.0,0.0,0.0,0.0,0.0,0.3650068524440384,0.0,0.6349931475559616,2,25.0,25.0,25.0,0.0,0.0,0.5360917607494595,0.4271003467427249
04d3c2795b83634312bf3f86f41f7901,-19.54060312870348,-40.62609900039916,ES,2,278.995,298.195,596.39,278.995,1.0,1,2,0.0688184376064087,757.1115399597663,2.0,3.0,20.998946759259265,0.5,1.6233333333333333,390,1.0,0.0,0.0,1.0,0.0,0.0,0.0,0.0,0.0,0.0,0.0,0.0,0.0,0.0,0.0,0.0,2,60.0,60.0,60.0,1.0,0.0,0.14747758494631932,1.0506948261236686
04e495a3f45df8b41be2e934bbc16961,-29.94099482343822,-51.03509507820846,RS,2,80.445,99.88,199.76,80.445,1.0,2,2,0.2415936354030704,982.6898066788508,3.0,3.5,11.382418981481482,0.0,1.5187110187110189,222,1.0,0.0,0.0,0.0,0.0,0.6898502082167941,0.0,0.0,0.0,0.0,0.0,0.0,0.3101497917832059,0.0,0.0,0.0,2,259.0,259.0,259.0,0.0,0.0,0.5103583849992439,0.45847251851863047
0509ab034845adb0b4c91b6f0e7b7260,-23.62526352693046,-46.72130547901149,SP,2,158.0,169.73,339.46,158.0,1.0,1,1,0.0742405063291139,17.253478545276888,1.0,5.0,3.203200231481482,0.0,2.0,121,1.0,0.0,0.0,0.0,0.0,0.0,0.0,0.0,0.0,1.0,0.0,0.0,0.0,0.0,0.0,0.0,2,2.0,2.0,2.0,1.0,1.0,1.0,0.0
053b7090271ed4dacbfe0afd6382bbab,-23.557955807337724,-46.77128364785592,SP,2,34.93,57.745,115.49,13.972,2.5,2,2,0.6531634697967362,26.060266500996853,3.0,4.5,2.1605844907407405,0.0,1.835427135678392,339,1.0,0.0,0.0,0.0,0.0,0.0,0.0,0.0,0.743773260807329,0.256226739192671,0.0,0.0,0.0,0.0,0.0,0.0,2,59.0,59.0,59.0,0.0,0.0,0.29299149126735335,0.7732928085882842
05669445931c028d97b7c0637b5a2359,-22.836510432282385,-43.3153256025498,RJ,2,90.0,105.39,210.78,90.0,1.0,1,1,0.171,335.7938571054858,2.0,5.0,10.258506944444443,0.0,1.9637096774193548,330,1.0,0.0,0.0,0.0,0.0,0.0,0.0,0.0,0.0,0.0,0.0,0.0,0.0,0.0,0.0,1.0,2,42.0,42.0,42.0,1.0,1.0,1.0,0.0
059d1f5650f05d9fed9a6d941593f9b4,-22.9278366928803,-42.91347206083754,RJ,2,49.985,65.97,131.94,49.985,1.0,2,2,0.3197959387816345,406.07700598549593,4.0,2.5,25.148327546296297,0.5,2.0,168,1.0,0.0,0.0,0.0,0.0,0.0,0.0,0.0,0.0,0.299889966990097,0.0,0.0,0.0,0.0,0.7001100330099029,0.0,2,74.0,74.0,74.0,0.0,0.0,1.832546157148991,0.41566774252560734
05e52c1f96f8b83dd66dcdce679ff58d,-23.75186984375963,-46.702820096482654,SP,2,105.0,119.58,239.16,105.0,1.0,2,2,0.1388571428571428,302.1921173294079,8.5,4.0,16.836163194444445,1.0,1.5314465408805031,405,1.0,0.0,0.0,0.0,0.0,0.0,0.0,0.0,0.2619047619047619,0.0,0.0,0.0,0.0,0.0,0.0,0.7380952380952381,2,72.0,72.0,72.0,0.0,0.0,2.1939102564102564,0.5286448088148299
05edb10f73fe7d03959ff26540913b3a,-27.589226287056125,-48.52283750224415,SC,2,100.2,115.745,231.49,100.2,1.0,2,2,0.1551397205588822,533.3276993822285,2.5,3.5,11.453072916666668,0.0,1.8730769230769229,242,1.0,0.0,0.0,0.0,0.0,0.0,0.0,0.875748502994012,0.0,0.0,0.0,0.0,0.0,0.0,0.0,0.124251497005988,2,148.0,148.0,148.0,0.0,0.0,0.20260792768455504,0.9376976961797328
05ef855308303397f1427f29470bb6ab,-22.94531748082611,-43.18526188670563,RJ,2,21.945,43.75,87.5,21.945,1.0,2,2,0.9936204146730462,1334.188017328103,3.0,5.0,15.105243055555556,0.0,2.0,167,1.0,0.0,0.0,0.797220323536113,0.0,0.0,0.0,0.0,0.0,0.0,0.0,0.0,0.0,0.0,0.0,0.202779676463887,2,46.0,46.0,46.0,0.0,0.0,0.4493953950637734,0.5372395292946478
0621c2a5979d3e887ae519620cbe2926,-23.580917480785537,-46.673315274627605,SP,2,233.85,257.245,514.49,155.9,1.5,1,1,0.1000427624545648,539.0423967183756,1.0,1.0,9.221805555555555,0.0,1.6233333333333333,388,0.0,1.0,0.0,0.0,0.0,0.0,0.0,1.0,0.0,0.0,0.0,0.0,0.0,0.0,0.0,0.0,2,62.0,62.0,62.0,1.0,1.0,0.6912886259040105,0.258136787192088
065938485846aa5adc196cb536de42e0,-19.815030740120843,-43.98154560409719,MG,2,192.45,221.095,442.19,192.45,1.0,1,1,0.1488438555468953,483.37760718527375,6.5,5.0,12.598559027777778,0.0,1.6125827814569538,191,1.0,0.0,0.0,0.0,0.0,0.0,0.0,0.0,0.0,0.0,0.0,1.0,0.0,0.0,0.0,0.0,2,262.0,262.0,262.0,1.0,1.0,0.6219418259179107,0.32963882465409644
065dcef61d5f66b30d2ee51b5343d023,-23.609775866387107,-46.53113511015253,SP,2,82.45,94.26,188.52,82.45,1.0,2,2,0.1432383262583383,351.1257273030336,5.5,5.0,10.290688657407408,0.0,1.440828402366864,276,1.0,0.0,0.0,0.0,0.5761067313523347,0.0,0.0,0.0,0.0,0.0,0.0,0.0,0.4238932686476652,0.0,0.0,0.0,2,231.0,231.0,231.0,0.0,0.0,1.202336448598131,0.12992880808562496
0697142614905a50813d854fa08b8eaf,-23.99755929903551,-46.30324520173447,SP,2,44.0,51.565,103.13,44.0,1.0,2,2,0.1719318181818181,54.97006182472876,1.0,4.5,4.867563657407407,0.0,2.0,41,1.0,0.0,0.0,0.0,0.0,0.0,0.4431818181818182,0.0,0.0,0.0,0.0,0.0,0.0,0.0,0.0,0.5568181818181818,2,41.0,41.0,41.0,0.0,0.0,1.2164195142918548,0.13808911638802548
06d26e5230ac619719997a8cf435a69b,-22.97971998343044,-46.995216585539445,SP,2,25.75,34.405,68.81,25.75,1.0,2,2,0.3361165048543689,103.03409223883082,1.0,5.0,6.694814814814816,0.0,2.0,150,1.0,0.0,0.0,0.0,0.0,0.4951456310679611,0.0,0.0,0.0,0.0,0.0,0.0,0.0,0.0,0.0,0.5048543689320388,2,1.0,1.0,1.0,0.0,0.0,0.9415914221218962,0.042543555792941536
070acf4df1234a6257809e4e79644481,-17.857907706688582,-41.49539501340658,MG,2,436.995,505.51,1011.02,124.85571428571428,3.5,2,2,0.1567866909232371,824.2400024532684,8.0,5.0,8.417615740740741,0.0,2.0,47,1.0,0.0,0.0,0.0,0.7665877183949473,0.0,0.0,0.0,0.0,0.0,0.0,0.0,0.0,0.0,0.0,0.2334122816050526,2,265.0,265.0,265.0,0.0,0.0,0.46431261224726256,0.5173597240206059
071bb277b0146da77fac31e70657815e,-22.9653863854228,-43.17839967576386,RJ,2,49.99,65.32,130.64,49.99,1.0,2,2,0.3066613322664533,353.9903024515286,2.5,5.0,7.155520833333334,0.0,1.7351543942992875,140,1.0,0.0,0.0,0.0,0.0,0.0,0.0,0.0,0.0,0.0,0.0,0.0,0.0,0.0,0.0,1.0,2,281.0,281.0,281.0,0.0,0.0,0.31521191986308267,0.7363350161712946
071fb07419a29c8ba143831082e0320a,-23.501550313284245,-46.874137857750526,SP,2,224.925,237.555,475.11,224.925,1.0,2,2,0.0561520506835611,182.4046807503753,6.0,5.0,5.8624884259259264,0.0,1.3628731343283582,236,1.0,0.0,0.0,0.0,0.8889629876625542,0.1110370123374458,0.0,0.0,0.0,0.0,0.0,0.0,0.0,0.0,0.0,0.0,2,300.0,300.0,300.0,0.0,0.0,0.14952456993539956,1.046305506745315
07342638d0e0aad32c3cf0efc1a37ba5,-19.96194144024734,-43.410614913519495,MG,2,274.89,309.69,619.38,137.445,2.0,1,2,0.1265960929826476,959.5972370571756,1.0,4.5,13.399033564814816,0.0,1.922368421052632,341,0.0,1.0,0.0,0.0,0.0,0.0,0.0,1.0,0.0,0.0,0.0,0.0,0.0,0.0,0.0,0.0,2,40.0,40.0,40.0,1.0,0.0,0.5991428276360632,0.3545009488424662
0751ebe1c05ef7a632934adae06c6d4a,-22.980309846855462,-43.660415365092106,RJ,2,76.45,94.395,188.79,76.45,1.0,1,1,0.2347285807717462,634.1574508719111,1.0,4.5,7.546157407407408,0.0,1.598468271334792,406,1.0,0.0,0.0,0.0,0.0,0.0,1.0,0.0,0.0,0.0,0.0,0.0,0.0,0.0,0.0,0.0,2,51.0,51.0,51.0,1.0,1.0,1.0498371335504886,0.03438339028175492
078f7e669cebf2fb640d0ad0dabb3068,-23.54584185509014,-46.838687041788894,SP,2,21.45,35.785,71.57,21.45,1.0,1,2,0.6682983682983683,150.0118522619929,3.0,4.0,7.7719502314814815,0.0,2.0,117,1.0,0.0,0.0,0.0,0.0,1.0,0.0,0.0,0.0,0.0,0.0,0.0,0.0,0.0,0.0,0.0,2,77.0,77.0,77.0,1.0,0.0,1.122479240806643,0.08160824385358231
07b1b60bca2b6326fa2adb259ea4a55f,-30.06216769594094,-51.15880883777615,RS,3,63.46666666666667,83.84666666666666,251.54,47.6,1.3333333333333333,2,2,0.3211134453781512,846.2390090380372,1.3333333333333333,4.333333333333333,32.96923611111111,0.6666666666666666,3.0,116,1.0,0.0,0.0,0.0,0.0,0.0,0.0,0.0,0.6922268907563026,0.0,0.0,0.0,0.0,0.0,0.0,0.3077731092436975,3,22.0,22.0,44.0,0.5,0.5,0.9121940264989894,0.053846852648440136
07bd3d18ecba2420a8934b34a26f157a,-20.913999276323388,-46.98607145162985,MG,2,82.83500000000001,101.405,202.81,82.83500000000001,1.0,1,2,0.2241805999879278,381.7572172848125,2.5,2.0,14.988460648148148,0.0,2.0,136,1.0,0.0,0.0,0.0,1.0,0.0,0.0,0.0,0.0,0.0,0.0,0.0,0.0,0.0,0.0,0.0,2,2.0,2.0,2.0,1.0,0.0,0.9341026130078199,0.04818409208617958
07f765655f560c8624267665ce23675a,-29.71647755406779,-52.50598196276655,RS,2,234.995,265.385,530.77,156.66333333333333,1.5,1,2,0.1293219004659673,751.548038815069,5.5,4.5,10.150219907407408,0.0,2.0,138,1.0,0.0,0.0,0.0,0.0,0.0,0.0,0.0,0.0,1.0,0.0,0.0,0.0,0.0,0.0,0.0,2,192.0,192.0,192.0,1.0,0.0,1.5017439668174963,0.28363139159073797
07ff81a9676efa0286ddd3f09e7c0063,-27.58988501212751,-48.55115950994947,SC,2,160.44,242.16,484.32,26.74,6.0,1,1,0.5093492894540015,93.31750912137504,1.0,3.0,8.99958912037037,0.0,2.0,83,0.0,1.0,0.0,0.0,1.0,0.0,0.0,0.0,0.0,0.0,0.0,0.0,0.0,0.0,0.0,0.0,2,115.0,115.0,115.0,1.0,1.0,1.0518556176919167,0.035740778831034645
0802a1a217680f13264a70ddb7220823,-21.307466167806925,-50.36524765450358,SP,2,78.5,96.35,192.7,78.5,1.0,1,1,0.2273885350318471,349.308142507894,1.0,5.0,7.157899305555556,0.0,1.274869109947644,562,1.0,0.0,0.0,0.0,0.0,0.0,0.0,0.0,0.0,0.0,0.0,0.0,0.0,0.0,0.0,1.0,2,10.0,10.0,10.0,1.0,1.0,1.0,0.0
0807baeeeaa1309effbd9a9dee41ab17,-22.97261381202046,-47.12661501039717,SP,2,152.5,192.22,384.44,76.25,2.0,2,2,0.2604590163934426,87.29156514737184,5.0,5.0,9.537002314814815,0.5,2.0,118,1.0,0.0,0.0,0.0,0.0,0.0,0.0,0.0,0.3442622950819672,0.0,0.0,0.0,0.0,0.0,0.0,0.6557377049180327,2,41.0,41.0,41.0,0.0,0.0,1.9203889395320575,0.4457031401964526
083ca1aa470c280236380973a48f77c6,-7.147264757015351,-34.83981196762813,PB,4,54.72,80.065,320.26,54.72,1.0,4,4,0.4631761695906433,2069.4552446277767,5.25,5.0,9.56199074074074,0.0,3.634328358208955,20,1.0,0.0,0.0,0.0,0.0,0.0,0.0,0.0,0.2740771198830409,0.0,0.0,0.0,0.0,0.0,0.0,0.725922880116959,4,127.0,11.0,381.0,0.0,0.0,2.564920828258222,0.3538089962723956
083ce299ea3fc1eba79bd0b17f64555b,-23.5959684637098,-46.63446751833339,SP,2,44.445,56.975,113.95,44.445,1.0,2,2,0.2819214759815502,444.368367119894,1.5,4.5,9.901822916666667,0.0,2.0,10,1.0,0.0,0.0,0.0,0.0,0.0,0.0,0.0,0.0,0.4387445156935538,0.0,0.0,0.0,0.0,0.0,0.5612554843064461,2,213.0,213.0,213.0,0.0,0.0,1.4358700299273193,0.2530567313452164
084be429c23e342acf5084ac6156d22e,-23.31352132134693,-51.21266906620834,PR,2,69.2,88.91499999999999,177.82999999999998,69.2,1.0,1,1,0.2848988439306358,299.7442216323523,5.0,4.5,6.614722222222223,0.0,2.0,42,1.0,0.0,0.0,0.0,0.0,1.0,0.0,0.0,0.0,0.0,0.0,0.0,0.0,0.0,0.0,0.0,2,89.0,89.0,89.0,1.0,1.0,1.0665891923300408,0.04556848513972806
0895c61a77b305efdfad13596c749c60,-22.85977105506692,-47.03837376855871,SP,2,445.0,461.7,923.4,445.0,1.0,2,2,0.0375280898876404,237.89538770349236,8.0,4.0,9.884606481481482,0.0,2.0,144,1.0,0.0,0.0,0.0,0.8292134831460675,0.0,0.0,0.0,0.0,0.0,0.0,0.0,0.0,0.0,0.0,0.1707865168539326,2,131.0,131.0,131.0,0.0,0.0,4.726156517425276,0.920264939743064
089bc915af34d9041b3a88a1aa84292b,-23.671606346908504,-46.77611363434016,SP,2,46.575,61.735,123.47,46.575,1.0,2,2,0.3254965110037573,353.14278225935345,3.0,1.0,17.72743634259259,0.5,2.0,231,1.0,0.0,0.0,0.0,0.0,0.4185721953837896,0.0,0.0,0.0,0.5814278046162104,0.0,0.0,0.0,0.0,0.0,0.0,2,60.0,60.0,60.0,0.0,0.0,0.7198774202535171,0.23033801522088726
08b57f87bc889756ca453bf8106d48ce,-23.553061215274745,-46.63929764396129,SP,2,50.85,59.13,118.26,50.85,1.0,2,2,0.1628318584070797,47.100959956301566,1.0,3.5,3.2379745370370374,0.0,2.0,71,1.0,0.0,0.0,0.0,0.0,0.0,0.0,0.0,0.0,0.4110127826941986,0.0,0.0,0.0,0.0,0.0,0.5889872173058014,2,49.0,49.0,49.0,0.0,0.0,1.3334648776637728,0.20209884326150268
08c07c761592a71b85136aa4fe76a6f4,-11.411074224466844,-39.46263618260987,BA,3,116.0,135.01,405.03,116.0,1.0,2,1,0.1638793103448275,1322.5327222031626,2.333333333333333,5.0,12.482006172839506,0.0,2.831395348837209,149,1.0,0.0,0.0,0.5172413793103449,0.0,0.0,0.4827586206896552,0.0,0.0,0.0,0.0,0.0,0.0,0.0,0.0,0.0,3,119.0,119.0,238.0,0.5,1.0,1.7828523395909217,0.35844381574308887
08d8ad84b0088cbeae77da4ff3817479,-15.721770898566945,-48.26532090547914,GO,2,112.14,129.905,259.81,112.14,1.0,2,2,0.158418048867487,715.5735164769064,3.5,5.0,14.02413773148148,0.0,2.0,108,1.0,0.0,0.0,0.0,0.0,0.0,0.0,0.0,0.0,0.0,0.8467094703049759,0.0,0.153290529695024,0.0,0.0,0.0,2,31.0,31.0,31.0,0.0,0.0,0.2424561235713261,0.8622669274297448
08e5b38d7948d37fbb2a59fc5e175ab1,-7.12264605690434,-34.834928960600614,PB,4,216.6975,264.0825,1056.33,216.6975,1.0,1,4,0.2186688817360606,2267.1080444145136,2.0,4.0,27.14031828703704,0.0,4.0,116,0.5738642280347998,0.4261357719652003,0.0,0.0,1.0,0.0,0.0,0.0,0.0,0.0,0.0,0.0,0.0,0.0,0.0,0.0,3,34.0,34.0,68.0,1.0,0.0,0.6209918286841364,0.37018941868985317
08fb46d35bb3ab4037202c23592d1259,-23.169423079351155,-46.88676999395853,SP,2,14.49,22.36,44.72,14.49,1.0,1,2,0.5431331953071084,74.38536684766513,1.0,3.0,4.285405092592592,0.0,2.0,90,0.5,0.5,0.0,1.0,0.0,0.0,0.0,0.0,0.0,0.0,0.0,0.0,0.0,0.0,0.0,0.0,2,1.0,1.0,1.0,1.0,0.0,1.0,0.0
0937f85b7a96b6ad600405e9bf94255b,-22.817525426081733,-43.37360887488679,RJ,2,33.5,48.73,97.46,33.5,1.0,1,1,0.4546268656716418,357.8784165336074,1.0,3.0,11.063784722222222,0.0,2.0,113,0.0,1.0,0.0,0.0,1.0,0.0,0.0,0.0,0.0,0.0,0.0,0.0,0.0,0.0,0.0,0.0,2,50.0,50.0,50.0,1.0,1.0,0.8309224121735863,0.13059636837018115
0942eedfe0e865b2a80419a14672286f,-21.22221523144761,-43.755706561292726,MG,2,99.9,122.115,244.23,99.9,1.0,2,2,0.2223723723723723,1087.5197151312875,1.0,5.0,11.076313657407407,0.0,1.277097902097902,224,0.0,1.0,0.0,0.0,0.0,0.0,0.0,0.0,0.0,0.0,0.0,0.0,0.0,0.0,0.0,1.0,2,347.0,347.0,347.0,0.0,0.0,0.34207055720408835,0.6932964411535465
0981a271500799427cdf345e9121e20b,-30.33658267361152,-54.323633403043296,RS,2,64.99,81.14,162.28,64.99,1.0,1,1,0.2484997691952608,1071.0456362703983,8.0,5.0,12.61092013888889,0.0,1.4129593810444874,503,1.0,0.0,0.0,1.0,0.0,0.0,0.0,0.0,0.0,0.0,0.0,0.0,0.0,0.0,0.0,0.0,2,14.0,14.0,14.0,1.0,1.0,1.0,0.0
09831ff6ab667f42521bcd4c22dc755c,-23.430727446215297,-51.91810054786459,PR,2,133.64999999999998,158.915,317.83,89.09999999999998,1.5,1,2,0.1890385334829779,524.4200854644511,1.5,5.0,7.744849537037037,0.0,2.0,161,1.0,0.0,0.0,0.0,0.0,0.0,1.0,0.0,0.0,0.0,0.0,0.0,0.0,0.0,0.0,0.0,2,8.0,8.0,8.0,1.0,0.0,0.519699722673807,0.4469614332831306
0994750c9c22a140010ed86aad2d044b,-31.763890549168828,-52.339282072472166,RS,2,71.11,87.70500000000001,175.41000000000005,71.11,1.0,1,2,0.2333708339192799,1313.762530081101,5.5,5.0,13.423003472222224,0.0,2.0,188,1.0,0.0,0.0,0.0,0.0,0.0,0.0,0.0,0.0,0.0,0.0,0.0,0.0,0.0,0.0,1.0,2,22.0,22.0,22.0,1.0,0.0,0.7083171016751071,0.24146682739338804
099fad9e8f7dfbd0412c300bcc697e0b,-5.518612246037642,-47.46163033449599,MA,2,180.185,215.395,430.79,180.185,1.0,2,2,0.1954102727752032,1869.7902929017675,10.0,4.0,20.537060185185183,0.0,1.7560096153846152,109,1.0,0.0,0.0,0.0,0.0,0.0,0.0,0.0,0.4412131975469656,0.0,0.0,0.0,0.0,0.0,0.0,0.5587868024530344,2,307.0,307.0,307.0,0.0,0.0,0.7924936545583157,0.16371510563278222
09baec50afccbb414f24bf8e0bc7c020,-19.878369594380786,-43.99628150542416,MG,2,333.4,357.415,714.8299999999999,222.26666666666665,1.5,2,3,0.0720305938812237,295.91754710883083,1.0,5.0,14.392314814814815,0.5,2.0,110,1.0,0.0,0.0,0.0,0.0,0.0,0.0,0.0,0.0,0.1046790641871625,0.0,0.0,0.0,0.0,0.0,0.8953209358128374,2,164.0,164.0,164.0,0.0,0.0,6.5499577524292345,1.0395853568263647
09bc7afc3e8d8dccaffd0b16944a91fe,-23.599585400411616,-46.637350244704365,SP,2,269.85,304.935,609.87,179.89999999999998,1.5,1,1,0.1300166759310728,6.092597543403205,2.0,4.0,6.546626157407408,0.0,1.277097902097902,397,1.0,0.0,0.0,0.0,0.0,0.0,1.0,0.0,0.0,0.0,0.0,0.0,0.0,0.0,0.0,0.0,2,175.0,175.0,175.0,1.0,1.0,4.446240400071441,0.8948778524200257
09d74edf20acb4f9523fb1cf19a18456,-20.00514914115938,-43.85158819599168,MG,2,137.71,156.245,312.49,137.71,1.0,1,1,0.1345944375862319,907.9267133052506,1.0,5.0,20.200434027777774,0.0,2.0,181,0.4284937117987775,0.5715062882012224,0.0,0.0,0.0,0.0,0.0,1.0,0.0,0.0,0.0,0.0,0.0,0.0,0.0,0.0,2,109.0,109.0,109.0,1.0,1.0,0.7497620247494261,0.202250325138256
0a609db8d244100909a15d65eadf8539,-22.39046847518172,-43.11101177831382,RJ,3,145.96,167.05333333333334,501.16,109.47,1.3333333333333333,2,4,0.1445144788526537,408.9906011515792,4.0,2.333333333333333,10.58118827160494,0.0,2.8024296675191813,319,1.0,0.0,0.0,0.0,0.0,0.3171645199598063,0.0,0.0,0.0,0.0,0.0,0.0,0.0,0.6828354800401937,0.0,0.0,2,72.0,72.0,72.0,1.0,0.0,6.045690988331224,1.0127728620314946
0a61b571f594b6919601bcf3380da7f7,-19.84132672526568,-43.97985453595453,MG,3,145.26333333333332,172.67333333333332,518.02,145.26333333333332,1.0,1,3,0.1886918010968585,454.55292373837005,7.333333333333333,4.333333333333333,10.416859567901234,0.0,2.831395348837209,233,1.0,0.0,0.0,0.0,0.0,0.0,0.0,0.0,0.0,0.0,0.0,0.0,0.0,0.0,0.0,1.0,2,154.0,154.0,154.0,1.0,0.0,0.4897190348833865,0.48441769527717465
0aa1ab39ff2b837c05d7c9ff85b6d983,-24.01408347670501,-46.43783704375947,SP,2,79.2,105.6,211.2,52.8,1.5,2,1,0.3333333333333333,332.55207666688153,6.0,5.0,19.335271990740743,0.0,2.0,175,0.919933712121212,0.0,0.0800662878787878,0.0,0.5366161616161615,0.0,0.0,0.0,0.4633838383838384,0.0,0.0,0.0,0.0,0.0,0.0,0.0,2,65.0,65.0,65.0,0.0,1.0,1.0838677849037988,0.056916739015962635
0aadc1d26d1c8b88a52c39a533ccea93,-12.971244511851856,-38.50112348476048,BA,2,548.98,609.3499999999999,1218.6999999999998,182.9933333333333,3.0,1,2,0.1099675762322853,1566.215792944599,10.0,1.0,22.201140046296292,0.0,1.4351669941060905,278,0.9589726758020842,0.0,0.0410273241979158,0.0,0.0,0.0,1.0,0.0,0.0,0.0,0.0,0.0,0.0,0.0,0.0,0.0,2,231.0,231.0,231.0,1.0,0.0,1.6434861828120255,0.34425256044440994
0abee71cd257861a0944e2a81cea4a50,-21.761886790375662,-41.33854199343614,RJ,2,179.8,211.93,423.86,89.9,2.0,2,2,0.178698553948832,729.1896154373912,1.5,4.5,21.266197916666663,0.5,1.355287569573284,280,1.0,0.0,0.0,0.0,0.0,0.9752502780867632,0.0,0.0,0.0,0.0247497219132369,0.0,0.0,0.0,0.0,0.0,0.0,2,259.0,259.0,259.0,0.0,0.0,17.098206660973524,1.257931386037617
0ac4a9460c1baf3051ffec5c9021a499,-20.27922391896834,-40.41151357498255,ES,2,88.145,107.47,214.94,88.145,1.0,2,2,0.2192410233138578,763.5917708590769,1.0,5.0,15.148628472222224,0.0,2.0,96,0.0,1.0,0.0,0.0,0.0,0.0,0.6239151398264223,0.0,0.0,0.0,0.0,0.0,0.0,0.0,0.0,0.3760848601735776,2,22.0,22.0,22.0,0.0,0.0,1.6327780499755022,0.3399007752498097
0ad1d79346c3b98b517348ecbbadfbc6,-23.692881795235024,-46.512871817573405,SP,2,69.45,78.765,157.53,69.45,1.0,2,2,0.1341252699784017,58.07150696917356,1.0,5.0,9.023958333333333,0.0,2.0,73,1.0,0.0,0.0,0.2080633549316054,0.0,0.0,0.0,0.0,0.0,0.0,0.0,0.0,0.0,0.0,0.0,0.7919366450683945,2,51.0,51.0,51.0,0.0,0.0,0.3224479516453996,0.7245678703683902
0ad7cb4f48f2a2cf5080e3c19c7cf98c,-22.93712115027024,-45.47284279609507,SP,2,50.95,64.11,128.22,50.95,1.0,2,2,0.2582924435721295,254.15138210980385,5.5,5.0,7.5627256944444445,0.0,2.0,100,1.0,0.0,0.0,0.0,0.0,0.4710500490677134,0.0,0.0,0.0,0.5289499509322865,0.0,0.0,0.0,0.0,0.0,0.0,2,201.0,201.0,201.0,0.0,0.0,1.142355889724311,0.09397207574028056
0b18593e033697810a62a987e77f4b8c,-19.98727201693968,-45.05676195514698,MG,3,46.56666666666666,63.653333333333336,190.96,46.56666666666666,1.0,2,3,0.3669291338582677,434.964227308464,1.0,5.0,13.329922839506173,0.0,2.397702407002188,174,0.0,1.0,0.0,0.0,0.0,0.5712240515390122,0.0,0.0,0.0,0.4287759484609879,0.0,0.0,0.0,0.0,0.0,0.0,3,142.0,142.0,284.0,0.5,0.0,1.1585612038906221,0.148238752120475
0b3cf8a9362deaf8b870d49ae61f3ca1,-12.274826298180118,-38.97659401121557,BA,2,94.67,113.175,226.35,94.67,1.0,2,2,0.1954684694200908,1489.3825369824372,2.5,3.0,11.046296296296296,0.0,1.5509554140127388,378,1.0,0.0,0.0,0.0,0.0,0.0,0.6302947079328193,0.0,0.0,0.0,0.0,0.0,0.0,0.0,0.0,0.3697052920671807,2,93.0,93.0,93.0,0.0,0.0,1.6038191648452775,0.3279525950473326
0b3dc7efaafb0cf78a4796d42fa8d74c,-22.9838330172312,-43.207088132451375,RJ,2,294.45,310.03,620.06,294.45,1.0,1,2,0.0529122092035999,222.59939137620177,3.0,5.0,19.31032986111111,0.0,1.0465616045845272,401,1.0,0.0,0.0,0.0,0.0,0.0,0.0,0.0,0.0,0.0,0.0,0.0,0.0,0.0,0.0,1.0,2,297.0,297.0,297.0,1.0,0.0,1.3493350509604818,0.21028689231816172
0b402d6dd50694a118c642448e2cb086,-20.65910341479496,-40.498166252530325,ES,2,89.99000000000001,115.42,230.84,89.99000000000001,1.0,2,2,0.2825869541060117,615.5420403124897,3.5,5.0,13.381660879629631,0.0,1.472782258064516,280,1.0,0.0,0.0,0.0,0.0,0.0,0.0,0.777808645405045,0.0,0.0,0.0,0.0,0.0,0.2221913545949549,0.0,0.0,2,216.0,216.0,216.0,0.0,0.0,0.33240981240981243,0.7085771123898466
0b51518c7deffd54b13b007c9f91c3f0,-21.15706411800398,-47.82483072767025,SP,2,128.29500000000002,142.66500000000002,285.33000000000004,128.29500000000002,1.0,2,2,0.112007482754589,284.7927611368159,2.5,5.0,6.043952546296296,0.0,2.0,61,1.0,0.0,0.0,0.0,0.0,0.0,0.0,0.0,0.0,0.0,0.0,0.0,0.0,0.3818543201215947,0.0,0.6181456798784052,2,60.0,60.0,60.0,0.0,0.0,1.5469070784611265,0.30367947627869324
0bc9c245cd69735af23eefdd89d74e7e,-23.66449774026518,-46.60611408205397,SP,2,89.95,105.4,210.8,89.95,1.0,2,2,0.1717620900500278,196.02696850464724,5.5,4.0,7.88568287037037,0.0,1.726950354609929,354,1.0,0.0,0.0,0.0,0.0,0.0,0.0,0.0,0.0,0.3885491939966648,0.0,0.0,0.0,0.0,0.0,0.6114508060033351,2,69.0,69.0,69.0,0.0,0.0,1.4330563250230839,0.25171391299923396
0bf1278577a2acf8532a031d98cd517c,-22.530243166893676,-44.12030821905351,RJ,2,124.025,142.3,284.6,124.025,1.0,2,2,0.1473493247329167,612.9765992984469,5.5,4.0,18.729878472222225,0.0,2.0,262,1.0,0.0,0.0,0.0,0.0,0.0,0.0,0.0,0.0,0.0,0.0,0.0,0.2378552711146946,0.0,0.0,0.7621447288853054,2,67.0,67.0,67.0,0.0,0.0,0.3686640377031836,0.6523470009428668
0c10e674d1504f959a7f2e504148c296,-21.27730909084089,-47.85167237170555,SP,2,59.4,72.30000000000001,144.60000000000002,59.4,1.0,2,2,0.2171717171717171,200.56678553883447,1.0,5.0,8.980503472222223,0.0,2.0,130,0.0,0.7538727524204701,0.2461272475795297,0.0,0.0,0.8080808080808081,0.0,0.0,0.0,0.0,0.1919191919191919,0.0,0.0,0.0,0.0,0.0,2,180.0,180.0,180.0,0.0,0.0,0.3264838088248785,0.718060579180032
0c1201c04330536234aaa49b396745d4,-22.3494229749599,-47.40042951562731,SP,2,176.395,212.72,425.44,176.395,1.0,2,2,0.2059298732957283,181.71505743118172,2.0,3.5,5.05353587962963,0.0,2.0,29,1.0,0.0,0.0,0.0,0.0,0.0,0.0,0.0,0.0,0.0,0.0,0.0,0.0,0.0,0.0,1.0,2,193.0,193.0,193.0,0.0,0.0,0.6638247946812672,0.2857413450112618
0c32aa09e8eced3ea26c2a013b7b75e9,-15.842101112252996,-48.00794724132669,DF,2,103.795,128.05,256.1,69.19666666666667,1.5,2,2,0.2336817765788332,515.9795730361678,1.0,5.0,7.5942997685185185,0.0,2.0,80,1.0,0.0,0.0,0.0,0.0,0.0,0.2292981357483501,0.0,0.0,0.0,0.0,0.0,0.0,0.0,0.0,0.7707018642516499,2,197.0,197.0,197.0,0.0,0.0,2.378627968337731,0.5770609811323251
0c4c416f1f9844e6805b074f8f96f52c,-19.948242808630056,-43.96228573879766,MG,2,71.99,87.24,174.48,71.99,1.0,1,1,0.21183497708015,544.2500693325804,2.5,5.0,13.55296875,0.0,1.82625,386,1.0,0.0,0.0,0.0,0.0,0.0,0.0,0.0,0.0,0.0,0.0,0.0,0.0,0.0,0.0,1.0,2,14.0,14.0,14.0,1.0,1.0,1.0,0.0
0c8286526be3a0fc8f50b7267db95035,-25.07967239430884,-50.13213726939519,PR,2,137.25,172.76,345.52,68.625,2.0,2,2,0.2587249544626593,235.02927228023825,6.5,4.0,10.219189814814817,0.0,1.4817444219066938,157,1.0,0.0,0.0,0.0,0.0,0.0,0.4174863387978142,0.0,0.0,0.0,0.0,0.0,0.0,0.5825136612021858,0.0,0.0,2,336.0,336.0,336.0,0.0,0.0,0.9606196447823867,0.028405424064798786
0c8ac932c65f67489929f9164a86606d,-15.808036485130142,-48.06216031049113,DF,2,135.95,153.26999999999998,306.54,135.95,1.0,1,2,0.1273997793306363,340.84642782226376,3.0,4.0,8.047251157407407,0.0,2.0,318,1.0,0.0,0.0,0.0,0.0,0.0,1.0,0.0,0.0,0.0,0.0,0.0,0.0,0.0,0.0,0.0,2,46.0,46.0,46.0,1.0,0.0,0.382118219937779,0.6322301382775787
0c9abfaffa0ae7587cebfdf0d680e3b7,-29.460820199051614,-51.96648263209647,RS,2,25.0,40.1,80.2,25.0,1.0,1,1,0.604,881.7952884682028,1.0,4.5,14.366180555555555,0.0,2.0,208,0.5,0.0,0.0,0.0,0.0,0.0,0.0,0.0,0.0,0.0,0.0,0.0,0.0,0.0,1.0,0.0,2,144.0,144.0,144.0,1.0,1.0,1.0,0.0
0cc2ee1112a11a1094eff52fa2e87150,-5.053418065104164,-42.81449442907485,PI,3,253.26666666666665,279.87333333333333,839.62,253.26666666666665,1.0,2,2,0.1050539615688339,2283.9284248156387,3.0,5.0,16.68082175925926,0.0,2.301995798319328,334,1.0,0.0,0.0,0.9210318504869702,0.0,0.0,0.0789681495130297,0.0,0.0,0.0,0.0,0.0,0.0,0.0,0.0,0.0,2,141.0,141.0,141.0,1.0,1.0,1.2141877637130802,0.1368028697934099
0ceb502fc33a2ad327b08288c5310e2e,-20.35516349262468,-40.431232136624544,ES,2,54.935,77.17,154.34,54.935,1.0,1,2,0.4047510694457085,732.2156014703744,1.0,5.0,10.499693287037037,0.0,2.0,110,0.0,0.4792665543605027,0.0,0.0,0.0,0.0,0.0,0.0,1.0,0.0,0.0,0.0,0.0,0.0,0.0,0.0,2,26.0,26.0,26.0,1.0,0.0,1.086521562795728,0.058643040036204595
0cf46588cd3f5a23002166b5a1945820,-30.085722071964195,-51.2094683618684,RS,2,119.9,136.5,273.0,119.9,1.0,1,1,0.1384487072560467,926.6512487781548,10.0,5.0,14.909050925925923,0.0,2.0,318,1.0,0.0,0.0,0.0,0.0,0.0,0.0,0.0,0.0,0.0,0.0,0.0,1.0,0.0,0.0,0.0,2,34.0,34.0,34.0,1.0,1.0,1.0,0.0
0cfd915db480acd7d9a954409cabfb1c,-20.847194704601023,-41.15815029554319,ES,2,43.400000000000006,59.075,118.15,43.400000000000006,1.0,2,2,0.3611751152073732,804.0220789612296,4.5,5.0,8.242887731481481,0.0,1.90234375,375,0.7291578501904359,0.2708421498095641,0.0,0.0,0.0,0.0,0.8052995391705069,0.0,0.0,0.0,0.0,0.0,0.194700460829493,0.0,0.0,0.0,2,9.0,9.0,9.0,0.0,0.0,0.371445153801509,0.6481562793271528
0d153268371aa25450d4117ff070277e,-20.84435563544262,-41.15407704627224,ES,2,282.95,400.625,801.25,188.63333333333333,1.5,2,2,0.4158861989750839,991.4477649850452,7.5,3.0,7.712442129629629,0.0,2.0,65,1.0,0.0,0.0,0.0,0.2986393355716558,0.0,0.0,0.0,0.7013606644283442,0.0,0.0,0.0,0.0,0.0,0.0,0.0,2,50.0,50.0,50.0,0.0,0.0,2.873205394692319,0.6839586864963471
0d4644eff058d75937ca1eec574bf87d,-21.719207204137955,-43.065615239378594,MG,2,97.445,115.375,230.75,97.445,1.0,1,2,0.1840012314639027,595.321345516609,4.0,5.0,14.064305555555556,0.0,2.0,276,1.0,0.0,0.0,0.0,0.0,1.0,0.0,0.0,0.0,0.0,0.0,0.0,0.0,0.0,0.0,0.0,2,68.0,68.0,68.0,1.0,0.0,1.1409352384486917,0.09309600872133178
0d51e04ae0b1d341e4f49812d1f4fbe2,-20.42009621470562,-49.97134811358099,SP,2,79.945,97.545,195.09,79.945,1.0,2,2,0.2201513540559135,607.4390614335728,4.5,5.0,5.275561342592592,0.0,2.0,109,1.0,0.0,0.0,0.0,0.0,0.0,0.0,0.0,0.0,0.0,0.0,0.43717555819626,0.0,0.0,0.0,0.5628244418037401,2,210.0,210.0,210.0,0.0,0.0,0.9103995299647473,0.06632863855509677
0d57344e9e4e9d16dc699cb417e50cb0,-23.70077816944816,-46.403788645868126,SP,2,114.75,134.385,268.77,76.5,1.5,1,2,0.1711111111111111,24.09466135739216,1.0,5.0,4.091215277777778,0.0,2.0,285,0.0,1.0,0.0,0.0,0.0,0.0,0.0,0.0,1.0,0.0,0.0,0.0,0.0,0.0,0.0,0.0,2,3.0,3.0,3.0,1.0,0.0,0.5257152588555858,0.4396232583110916
0d7241c7fb49c1be6e75c9fe99e0822c,-23.010752060382657,-43.30938857291247,RJ,2,96.4,126.615,253.23,64.26666666666667,1.5,2,3,0.3134336099585063,591.1048534966402,1.0,4.5,21.215943287037035,0.0,2.0,125,0.0,1.0,0.0,0.0,0.0,0.7618775933609958,0.0,0.0,0.2381224066390041,0.0,0.0,0.0,0.0,0.0,0.0,0.0,2,104.0,104.0,104.0,1.0,0.0,1.1072647083298661,0.07198678205184691
0d997d092f93b5c58d0f9b4bd0643d16,-23.21181749524189,-46.88016256770599,SP,2,57.400000000000006,66.12,132.24,57.400000000000006,1.0,2,2,0.1519163763066202,60.24602690557138,4.5,4.5,5.981059027777778,0.0,2.0,275,1.0,0.0,0.0,0.0,0.0,0.0,0.0,0.0,0.6524390243902439,0.0,0.0,0.0,0.0,0.0,0.0,0.3475609756097561,2,6.0,6.0,6.0,0.0,0.0,1.7198683669271906,0.3743003227696486
0dc81b520ef7db9cb44bb075e129dcf8,-22.95985978785978,-43.39679308669354,RJ,2,193.455,252.475,504.9500000000001,96.7275,2.0,1,1,0.3050838696337649,309.1063408548078,1.0,2.5,43.34662615740741,0.5,2.0,76,0.0,1.0,0.0,0.0,0.0,0.0,0.0,0.0,0.0,0.0,0.0,0.0,0.0,0.0,0.0,1.0,2,143.0,143.0,143.0,1.0,1.0,0.6362075110981498,0.31443461064982153
0dd933d1e0253343083013791bf5d5e9,-8.766459680347108,-63.8937893497431,RO,2,81.45,102.45,204.9,81.45,1.0,1,2,0.2578268876611418,1803.347561625956,5.0,5.0,13.377390046296297,0.0,1.6378923766816145,282,0.5442654953635919,0.0,0.4557345046364079,1.0,0.0,0.0,0.0,0.0,0.0,0.0,0.0,0.0,0.0,0.0,0.0,0.0,2,164.0,164.0,164.0,1.0,0.0,0.8140770252324038,0.1449413607117374
0df55f5accedda71bda8f4c7f590951f,-21.483448896972757,-47.36866478744312,SP,2,207.4,250.72,501.44,138.26666666666668,1.5,2,2,0.2088717454194792,252.14262288233115,5.0,4.0,11.837604166666669,0.0,2.0,200,1.0,0.0,0.0,0.0,0.0,0.0,0.0,0.0,0.0,0.0,0.0,0.0,0.0,0.0,0.0,1.0,2,73.0,73.0,73.0,0.0,0.0,0.08550894055505044,1.1914094952315137
0e06af8004ffd01a3461e768f9f659aa,-20.55014191927792,-56.67604085992102,MS,2,214.0,247.765,495.53,214.0,1.0,2,2,0.1577803738317757,911.1714655810424,3.0,5.0,14.028113425925929,0.0,2.0,287,1.0,0.0,0.0,0.0,0.0,0.0,0.0,0.0,0.3014018691588785,0.0,0.0,0.0,0.0,0.0,0.0,0.6985981308411215,2,76.0,76.0,76.0,0.0,0.0,0.43055515459453214,0.5629399333604282
0e381ce773b382849206115413009851,-22.9653863854228,-43.17839967576386,RJ,2,75.095,103.315,206.63,50.06333333333333,1.5,2,2,0.3757906651574672,369.83777293312846,2.0,3.0,8.352777777777778,0.0,2.0,30,1.0,0.0,0.0,0.0,0.0,0.4993008855449763,0.0,0.0,0.0,0.0,0.0,0.0,0.0,0.0,0.0,0.5006991144550237,2,11.0,11.0,11.0,0.0,0.0,0.846229449606862,0.1177883918523011
0e4d012fac3d20c033e0284fb6d2ea6a,-15.392728908835409,-42.86047016393307,MG,2,180.265,266.24,532.48,72.106,2.5,3,2,0.4769367320333952,932.7361144424056,2.5,5.0,8.493136574074075,0.0,2.0,12,0.185302734375,0.814697265625,0.0,0.0,0.0,0.0,0.2189276897900313,0.0,0.0,0.0,0.0,0.0,0.4485063656283804,0.0,0.3325659445815883,0.0,2,113.0,113.0,113.0,0.0,0.0,0.2274498052142643,0.8900982821772068
0e730550dfc5d7f1cea73484bb2e0249,-22.89542015318976,-43.23034709706914,RJ,2,79.45,99.71,199.42,79.45,1.0,1,2,0.2550031466331026,730.6382196679607,2.0,2.0,36.79409722222222,1.0,2.0,181,1.0,0.0,0.0,0.0,0.0,0.0,0.0,0.0,1.0,0.0,0.0,0.0,0.0,0.0,0.0,0.0,2,12.0,12.0,12.0,1.0,0.0,1.652920047891446,0.34805737459267627
0ea353565cdde00e1d8352a08290a352,-22.98527070896865,-43.20422973204828,RJ,2,117.4,146.38,292.76,117.4,1.0,2,2,0.2468483816013628,469.4966510286744,1.0,5.0,10.513373842592593,0.0,1.3091397849462365,373,0.0,1.0,0.0,0.0,0.0,0.0,0.0,0.0,0.0,0.1486371379897785,0.0,0.0,0.0,0.0,0.0,0.8513628620102215,2,185.0,185.0,185.0,0.0,0.0,0.2010173941581884,0.9408123835489275
0ee57f62666561b72f2ceacad0230cbf,-23.621420767135955,-46.57471244982984,SP,2,165.3,193.205,386.41,82.65,2.0,2,2,0.1688142770719903,388.5241133123741,1.0,5.0,4.559369212962963,0.0,2.0,74,1.0,0.0,0.0,0.0,0.0,0.0,0.0,0.0,0.0,0.2441016333938293,0.0,0.0,0.0,0.0,0.0,0.7558983666061706,2,114.0,114.0,114.0,0.0,0.0,0.48710745073891626,0.4877519770644196
0ef7b906320b21fe4d39f99496aaa2d8,-22.781301049939643,-43.37039087211211,RJ,2,84.99,105.11,210.22,84.99,1.0,2,2,0.2367337333803977,368.5563960365522,1.5,5.0,12.984479166666668,0.5,1.5443974630021142,29,0.5562743792217677,0.4437256207782323,0.0,0.0,0.0,0.0,0.0,0.0,0.0,0.0,0.5882456759618778,0.0,0.0,0.0,0.0,0.4117543240381221,2,444.0,444.0,444.0,0.0,0.0,0.7976740208654011,0.15916798061910103
0efd5025e6544ef110881866b945d0cc,-23.50650155848552,-46.5375095427748,SP,2,35.0,43.495,86.99,35.0,1.0,2,2,0.2427142857142857,21.921514862093744,3.5,5.0,5.821059027777778,0.0,2.0,24,0.7201977238763076,0.2798022761236924,0.0,0.0,0.7857142857142857,0.0,0.0,0.0,0.0,0.0,0.0,0.0,0.0,0.0,0.0,0.2142857142857142,2,180.0,180.0,180.0,0.0,0.0,2.5739523418241577,0.6228132150191202
0f0e48a91c9c285404572b095bcb373c,-10.942368320789228,-37.07170743214287,SE,2,79.44500000000001,102.27,204.54,79.44500000000001,1.0,1,1,0.2873056831770407,1726.0335370317223,1.5,4.0,22.6547337962963,0.0,1.3994252873563218,409,1.0,0.0,0.0,0.0,0.0,0.0,1.0,0.0,0.0,0.0,0.0,0.0,0.0,0.0,0.0,0.0,2,112.0,112.0,112.0,1.0,1.0,1.5763950119662427,0.31639000984742754
0f187f58097c5431d5244e1fe1383884,-21.97689822139493,-51.65257016047013,SP,2,56.34,75.635,151.27,37.56,1.5,2,2,0.3424742634007809,374.3390512987697,2.0,3.0,8.94636574074074,0.0,2.0,238,1.0,0.0,0.0,0.0,0.0,0.0,0.0,0.1143059992900248,0.0,0.0,0.0,0.0,0.8856940007099752,0.0,0.0,0.0,2,120.0,120.0,120.0,0.0,0.0,5.116862110796603,0.9518151833490105
0f1bd80ed58b9d0f45dca1bb396d8ac9,-25.476285984296243,-49.31832259149689,PR,2,31.985,46.365,92.73,31.985,1.0,2,2,0.4495857433171799,241.11255588573704,1.0,5.0,5.625839120370371,0.0,2.0,110,0.0,1.0,0.0,0.0,0.0,0.0,0.0,0.0,0.0,0.0,0.0,0.0,0.859778020947319,0.0,0.0,0.1402219790526809,2,147.0,147.0,147.0,0.0,0.0,0.32188168210976476,0.7254840845690514
0f26a77f8de836d7c44b4694e0fa3ea4,-23.479264508026493,-46.697921219565,SP,2,36.5,47.805,95.61,36.5,1.0,2,2,0.3097260273972602,178.0336300597682,1.5,2.5,9.661145833333332,0.0,2.0,81,1.0,0.0,0.0,0.0,0.0,0.8493150684931506,0.0,0.0,0.0,0.0,0.0,0.0,0.0,0.0,0.0,0.1506849315068493,2,21.0,21.0,21.0,0.0,0.0,4.066772655007949,0.855983044185033
0f5ac8d5c31de21d2f25e24be15bbffb,-26.22975375723053,-51.085322066217095,PR,2,626.175,772.4100000000001,1544.8200000000002,69.57499999999999,9.0,1,2,0.2335369505329979,644.9933836376827,5.5,5.0,15.667766203703705,0.0,2.0,279,0.7933934050568998,0.2066065949431001,0.0,0.0,0.0,0.0,0.0,0.0,1.0,0.0,0.0,0.0,0.0,0.0,0.0,0.0,2,4.0,4.0,4.0,1.0,0.0,0.26040876269734425,0.8298418650845815
0f64cafdb3e1e4806c99ff165305e27f,-22.930008247746127,-46.52631376970096,SP,2,86.94500000000001,97.58,195.16,86.94500000000001,1.0,2,2,0.1223187072287077,181.6769002365528,5.5,3.0,9.308015046296298,0.0,2.0,153,1.0,0.0,0.0,0.1379607798033239,0.0,0.0,0.0,0.0,0.0,0.0,0.0,0.862039220196676,0.0,0.0,0.0,0.0,2,54.0,54.0,54.0,0.0,0.0,5.142902108907775,0.9537753078476469
0f9349a9da479b7e02c4cb4a0c73fb47,-23.473077718571744,-46.64742472958642,SP,2,26.08,45.7,91.4,17.386666666666667,1.5,1,2,0.7097392638036811,218.98652042138116,4.0,4.5,6.5920196759259255,0.0,1.437992125984252,203,1.0,0.0,0.0,0.0,0.0,0.0,1.0,0.0,0.0,0.0,0.0,0.0,0.0,0.0,0.0,0.0,2,305.0,305.0,305.0,1.0,0.0,0.615411806291976,0.33668804285818976
0fd39b61ec94864f92e18e5d7144bc6c,-21.22221523144761,-43.755706561292726,MG,2,137.0,171.05,342.1,91.33333333333331,1.5,3,3,0.2485401459854014,450.9585731327351,7.0,3.0,12.689322916666669,0.0,2.0,160,1.0,0.0,0.0,0.0,0.0,0.3467153284671533,0.0,0.0,0.0,0.0,0.0,0.0,0.0,0.0,0.4744525547445255,0.1788321167883211,2,139.0,139.0,139.0,0.0,0.0,4.336973478939158,0.8842451943630665
0fd475edfa0b61c59ecde6f89c21dedb,-3.850380911583161,-38.612063166549085,CE,2,109.8,167.37,334.74,54.9,2.0,1,1,0.5243169398907104,2216.654020154652,1.0,5.0,17.841626157407408,0.0,1.9073107049608355,249,0.5300830495309793,0.4699169504690207,0.0,0.0,0.0,0.0,0.0,0.0,0.0,0.0,0.0,0.0,1.0,0.0,0.0,0.0,2,134.0,134.0,134.0,1.0,1.0,0.886496844003607,0.08508771328850485
0ffc908947e1f0c9f17647058b9a58c2,-10.167426945713617,-54.92011957297365,MT,2,209.995,238.84,477.68,209.995,1.0,1,1,0.1373604133431748,1736.219125995637,1.0,4.5,14.713634259259258,0.0,1.6452702702702702,427,0.0,1.0,0.0,0.0,0.0,1.0,0.0,0.0,0.0,0.0,0.0,0.0,0.0,0.0,0.0,0.0,2,17.0,17.0,17.0,1.0,1.0,0.9587485135523024,0.029783512890372926
1015173479527a15ccb63606a74f404e,-18.705854386472467,-40.40462932422648,ES,2,165.89499999999998,185.925,371.85,165.89499999999998,1.0,1,2,0.1207390216703336,890.1904049454083,8.0,5.0,11.64316550925926,0.0,2.0,362,1.0,0.0,0.0,0.0,0.0,1.0,0.0,0.0,0.0,0.0,0.0,0.0,0.0,0.0,0.0,0.0,2,1.0,1.0,1.0,1.0,0.0,0.9721559268098647,0.019966710239232886
10351fa9e690ca750568e3c19978d69e,-22.829925835011743,-43.084579766673016,RJ,2,103.5,126.54,253.08,69.0,1.5,1,1,0.2226086956521739,363.6148206899302,2.5,4.0,13.395613425925928,0.5,2.0,87,1.0,0.0,0.0,0.0,0.0,0.0,0.0,0.0,0.0,0.0,0.0,0.0,0.0,0.0,0.0,1.0,2,20.0,20.0,20.0,1.0,1.0,0.5,0.47140452079103173
1041688b50cfd8ef6df6086a1746a30c,-22.433265502392995,-43.1422161672873,RJ,2,20.9,32.230000000000004,64.46000000000001,20.9,1.0,2,2,0.5421052631578948,216.3740530701492,1.5,4.5,10.493668981481482,0.0,2.0,5,0.4260006205398696,0.5739993794601302,0.0,0.0,0.0,0.0,0.0,0.0,0.4760765550239234,0.0,0.0,0.0,0.0,0.0,0.0,0.5239234449760766,2,230.0,230.0,230.0,0.0,0.0,0.7421621621621621,0.20930185207941862
10b442e762ba8a5ad22de5ba2207e5f1,-23.51909590864972,-46.53343150561357,SP,2,49.8,64.62,129.24,24.9,2.0,1,1,0.2975903614457831,7.536465139050442,1.0,5.0,5.381464120370371,0.0,2.0,80,0.4996904982977406,0.5003095017022593,0.0,1.0,0.0,0.0,0.0,0.0,0.0,0.0,0.0,0.0,0.0,0.0,0.0,0.0,2,74.0,74.0,74.0,1.0,1.0,1.001238773614122,0.0008754030098254811
10b58cbd6607267fd41812614367439e,-19.77262090719457,-42.13637395810504,MG,2,144.925,161.98,323.96,144.925,1.0,2,2,0.1176815594272899,684.381831932416,3.0,5.0,9.334074074074074,0.0,1.257314974182444,238,1.0,0.0,0.0,0.0,0.0,0.1723305157840262,0.0,0.0,0.0,0.0,0.0,0.0,0.0,0.0,0.0,0.8276694842159737,2,343.0,343.0,343.0,0.0,0.0,0.2561457929430012,0.8374574941525328
10bf8afdd66da75c386fbacf04c85710,-23.477739265407468,-46.54186292119741,SP,2,194.85,224.5,449.0,129.9,1.5,1,1,0.1521683346163715,244.8048296139305,1.5,4.0,6.474890046296296,0.0,2.0,163,1.0,0.0,0.0,0.0,0.0,0.0,1.0,0.0,0.0,0.0,0.0,0.0,0.0,0.0,0.0,0.0,2,53.0,53.0,53.0,1.0,1.0,2.019502353732347,0.4774939333090451
10d5890ed5e7ec78a7db23b5ac579b17,-29.7679064473366,-51.16005104655277,RS,1,27.99,43.29,43.29,27.99,1.0,1,1,0.5466237942122187,818.6968283003989,1.0,3.0,6.613020833333334,0.0,1.0,41,1.0,0.0,0.0,0.0,0.0,0.0,0.0,0.0,0.0,0.0,0.0,0.0,0.0,0.0,0.0,1.0,2,230.0,230.0,230.0,,,0.40889770473221876,0.5933325605611981
110991b379efbcebb0d35cbd20bf9698,-18.54136473736157,-53.13290502831459,MS,2,36.85,54.965,109.93,36.85,1.0,2,2,0.4915875169606513,665.9073280582438,1.0,3.0,19.77943287037037,0.5,2.0,146,0.0,0.762394250886928,0.2376057491130719,0.0,0.0,0.0,0.9077340569877884,0.0,0.0,0.0,0.0,0.0,0.0,0.0,0.0,0.0922659430122116,2,61.0,61.0,61.0,0.0,0.0,0.3116573201288629,0.7421630165860443
1118a7bb7ba893f10740e22a23aa5bd9,-25.456849731896035,-49.26437267963328,PR,2,29.605,44.21,88.42,29.605,1.0,2,2,0.4933288295895963,343.2767203750648,2.0,5.0,7.876579861111111,0.0,1.8875968992248064,229,1.0,0.0,0.0,0.0,0.0,0.7752068907279176,0.0,0.0,0.0,0.2247931092720824,0.0,0.0,0.0,0.0,0.0,0.0,2,158.0,158.0,158.0,0.0,0.0,2.2258299890550894,0.5374075514107215
115030e27b9970683ad81cb05679157c,-23.157404732730136,-46.91626595238439,SP,2,77.24000000000001,86.545,173.09,77.24000000000001,1.0,2,2,0.1204686690833764,57.061064978870206,1.0,5.0,5.042204861111111,0.0,2.0,103,0.0,1.0,0.0,0.0,0.0,0.0,0.452485758674262,0.0,0.0,0.0,0.0,0.0,0.0,0.0,0.0,0.5475142413257379,2,41.0,41.0,41.0,0.0,0.0,1.2394876439384137,0.15123399988171457
118be57d1b7de439453a0c6625ad7934,-12.993829346711038,-38.466111144478845,BA,2,27.4,43.69,87.38,27.4,1.0,2,2,0.5945255474452554,1469.7430058698346,2.5,4.0,14.26736111111111,0.0,1.8974025974025972,379,1.0,0.0,0.0,0.0,0.0,0.0,0.5456204379562044,0.0,0.0,0.0,0.0,0.0,0.0,0.0,0.0,0.4543795620437956,2,6.0,6.0,6.0,0.0,0.0,1.0959462700887503,0.06473854714456834
1197ba886110324a1519fff17dd8d1d2,-20.1807075715157,-40.24463143184372,ES,2,37.4,59.05,118.1,37.4,1.0,2,2,0.5788770053475936,1143.065500059358,3.5,4.5,16.382204861111113,0.0,1.868286445012788,377,1.0,0.0,0.0,0.0,0.0,0.0,0.0,0.0,0.0,0.0,0.0,0.8008021390374331,0.0,0.0,0.0,0.1991978609625668,2,14.0,14.0,14.0,0.0,0.0,0.522495810235916,0.4435433560567268
11b47516f8f6a42105b9807903ede333,-22.7078576148905,-43.56149283789591,RJ,2,93.815,117.65,235.3,62.54333333333333,1.5,3,3,0.2540638490646485,523.3636705982095,7.0,3.0,9.689380787037038,0.0,1.525052192066806,194,1.0,0.0,0.0,0.0,0.0,0.0,0.0,0.0,0.0,0.0,0.1332409529392954,0.0,0.0,0.0,0.0,0.8667590470607046,2,285.0,285.0,285.0,0.0,0.0,3.9287808965228317,0.8403541873820914
11e95918d6816403858e8314a3503f4c,-23.55599719037325,-46.56951990249453,SP,2,119.945,129.66,259.32,119.945,1.0,2,2,0.0809954562507816,48.550002187539576,1.0,5.0,2.941961805555556,0.0,2.0,59,1.0,0.0,0.0,0.0,0.0,0.0,0.166326232856726,0.0,0.0,0.0,0.0,0.0,0.0,0.0,0.833673767143274,0.0,2,168.0,168.0,168.0,0.0,0.0,4.266450040617384,0.8771483471081623
121b5a0ae9d09a2ca5e8090fd2a00a58,-22.46412971861001,-43.813755343884665,RJ,2,58.45,73.13499999999999,146.26999999999998,58.45,1.0,2,2,0.2512403763900769,402.6654216068996,3.5,5.0,7.480416666666667,0.0,1.328181818181818,498,1.0,0.0,0.0,0.0,0.0,0.0,0.0,0.8297690333618477,0.1702309666381522,0.0,0.0,0.0,0.0,0.0,0.0,0.0,2,51.0,51.0,51.0,0.0,0.0,3.2495642068564785,0.7486330493918695
124bc956b56b1523d2a75b29a856085d,-21.969963485802992,-46.77383720440194,SP,2,98.7,126.54,253.08,49.35,2.0,1,1,0.2820668693009119,169.71171810615095,4.5,4.5,8.969745370370369,0.0,2.0,153,1.0,0.0,0.0,0.0,0.0,1.0,0.0,0.0,0.0,0.0,0.0,0.0,0.0,0.0,0.0,0.0,2,76.0,76.0,76.0,1.0,1.0,1.2133986356480673,0.13634744318754358
124ef8d5acc80858c69d34e3e08b572d,-27.392378604767742,-52.56885432443321,RS,2,197.95,216.37,432.74,197.95,1.0,2,2,0.0930538014650164,569.8086838975443,4.0,3.5,14.44480324074074,0.0,1.9584450402144773,45,0.8913897490409946,0.1086102509590054,0.0,0.9194240969941904,0.0,0.0,0.0,0.0,0.0,0.0805759030058095,0.0,0.0,0.0,0.0,0.0,0.0,2,328.0,328.0,328.0,0.0,0.0,8.207234042553191,1.1070173825351532
125740359669fa63858476105a5d523d,-15.552901185546624,-54.29961592540717,MT,2,224.85,292.28,584.56,149.9,1.5,1,1,0.2998888147653991,2155.540804401629,1.0,5.0,23.29901041666667,0.0,1.3453038674033149,405,0.0,0.3570890926508828,0.0,0.0,0.0,0.0,0.0,0.0,0.0,0.0,0.0,0.0,0.0,0.0,0.0,1.0,2,138.0,138.0,138.0,1.0,1.0,0.5554254696397212,0.40421308676833295
1291474366a550ebc251d9187e763d62,-23.26699686689935,-45.90150870702434,SP,2,67.92500000000001,78.425,156.85,67.92500000000001,1.0,2,2,0.1545822598454177,171.30621026770433,2.0,4.0,10.819375,0.0,1.352777777777778,427,0.6371692700031878,0.3628307299968122,0.0,0.0,0.0,0.3382407066617592,0.0,0.6617592933382407,0.0,0.0,0.0,0.0,0.0,0.0,0.0,0.0,2,113.0,113.0,113.0,0.0,0.0,1.7561061324898963,0.3879732839586502
12c54f6dfd4b723a6c76c4c989494422,-0.733590389370634,-47.85347180691689,PA,2,134.9,161.245,322.49,134.9,1.0,1,2,0.19529280948851,2542.2467123573406,3.0,4.5,18.30887731481481,0.0,1.849367088607595,346,1.0,0.0,0.0,0.0,0.0,0.0,0.0,0.0,0.0,0.0,0.0,0.0,0.0,0.0,0.0,1.0,2,49.0,49.0,49.0,1.0,0.0,0.14374379344587887,1.0587416055187333
12d8b5ed661190a3a08183644dfc504d,-18.13083571336526,-40.35755428383064,ES,4,174.46,214.4875,857.95,116.30666666666666,1.5,3,5,0.2294365470594979,1075.062049496315,5.0,3.75,11.375610532407409,0.0,2.782857142857143,123,1.0,0.0,0.0,0.0,0.0,0.0,0.0,0.0,0.2267568497076693,0.0,0.0,0.0,0.0,0.0,0.5870973289006075,0.186145821391723,4,134.0,50.0,402.0,0.6666666666666666,0.0,0.9589076723016904,0.3621906171689448
130f4a32887cc549621b3c6cf36bf77e,-23.5281607635848,-46.31080561975776,SP,2,94.9,113.515,227.03,94.9,1.0,2,2,0.1961538461538461,384.5265136864069,2.0,5.0,9.703559027777777,0.0,2.0,16,1.0,0.0,0.0,0.0,0.0,0.0,0.0,0.0,0.4736564805057955,0.0,0.0,0.0,0.0,0.0,0.0,0.5263435194942044,2,292.0,292.0,292.0,0.0,0.0,1.1170272286460277,0.07817636527235325
133e20311ec257bda38f1798250d38c5,-9.36857180165382,-36.37146069359348,AL,2,329.9,391.215,782.4300000000001,329.9,1.0,1,1,0.1858593513185814,1804.3011386405085,5.5,4.5,16.009872685185186,0.0,1.4969262295081969,483,1.0,0.0,0.0,0.0,0.0,0.0,0.0,0.0,0.0,0.0,0.0,0.0,0.0,0.0,0.0,1.0,2,6.0,6.0,6.0,1.0,1.0,1.050876779114571,0.03508286395672688
13473af264dea0facd893d6516900b22,-19.9524778565454,-44.00316172093158,MG,2,52.45,67.58500000000001,135.17000000000002,52.45,1.0,2,2,0.288560533841754,658.8107066083479,1.0,5.0,12.347858796296295,0.0,2.0,114,1.0,0.0,0.0,0.0,0.0,0.0,0.0,0.0,0.7149666348903717,0.0,0.0,0.0,0.0,0.0,0.2850333651096282,0.0,2,168.0,168.0,168.0,0.0,0.0,1.958415408185599,0.4581520448051922
13607978e0686d841deb64954c023495,-1.4483198444045835,-48.47527872246464,PA,2,33.489999999999995,59.935,119.87,22.326666666666664,1.5,1,2,0.7896386981188416,2471.4810738816177,2.0,3.0,12.04167824074074,0.0,1.7392857142857143,241,1.0,0.0,0.0,0.0,0.0,0.0,0.0,0.0,0.0,0.0,0.0,0.0,0.0,0.0,0.0,1.0,2,179.0,179.0,179.0,1.0,0.0,2.4614496101645966,0.5970914189680682
1372bab98f9966bcd4a6fa3e6df6dde8,-23.57113022540428,-46.63821483181699,SP,2,109.9,122.645,245.29,109.9,1.0,2,2,0.1159690627843494,355.94984367132054,1.0,5.0,10.485260416666666,0.0,1.9376657824933683,230,1.0,0.0,0.0,0.0,0.0,0.0,0.0,0.0,0.4545040946314831,0.0,0.0,0.0,0.0,0.0,0.0,0.5454959053685168,2,147.0,147.0,147.0,0.0,0.0,0.9025052353990537,0.07247203097977828
1373e04979cfa0fb2092909abbd57f25,-13.366252889368514,-39.07029425491336,BA,3,172.26666666666665,203.04,609.12,172.26666666666665,1.0,2,2,0.1786377708978328,1120.8861563622856,8.666666666666666,5.0,14.312719907407407,0.0,3.0,122,1.0,0.0,0.0,0.0,0.0,0.0,0.0,0.0,0.0,0.0,0.0,0.0,0.0,0.0,0.0,1.0,3,46.0,46.0,92.0,0.5,0.5,0.5746154912013302,0.3587235848339262
139093b1c6e7e3108ac0469ce43bfb99,-22.896994821613426,-43.09855360383198,RJ,2,144.895,174.56,349.12,96.59666666666668,1.5,2,2,0.2047344628869181,603.772218264498,5.0,5.0,10.660150462962964,0.0,1.9743243243243245,20,1.0,0.0,0.0,0.0,0.0,0.0,0.0,0.0,0.0,0.0,0.0,0.0,0.4134028089306049,0.0,0.0,0.5865971910693951,2,351.0,351.0,351.0,0.0,0.0,1.25035451849942,0.15733287913202054
13abc50b97af7425b5066e405d7cd760,-23.4138727633655,-46.831132948615135,SP,2,47.45,74.155,148.31,47.45,1.0,1,2,0.5628029504741834,1135.2758083248457,1.5,5.0,14.134693287037036,0.0,1.4938650306748464,483,1.0,0.0,0.0,0.0,0.0,0.0,0.0,0.0,1.0,0.0,0.0,0.0,0.0,0.0,0.0,0.0,2,6.0,6.0,6.0,1.0,0.0,1.0909347243761454,0.06150412971011022
13bf0b4120921402dff563cda4383ff6,-22.89213860431669,-43.34795317798408,RJ,2,69.4,98.25,196.5,69.4,1.0,1,1,0.4157060518731988,346.5250435813337,1.0,5.0,11.2775,0.5,2.0,40,0.0,0.5563358778625954,0.0,0.0,0.0,0.0,0.0,0.0,0.0,1.0,0.0,0.0,0.0,0.0,0.0,0.0,2,245.0,245.0,245.0,1.0,1.0,0.7974753018660813,0.1593419250429532
142575266950512b56af193f3962270a,-22.912685075275142,-43.53599144159273,RJ,2,98.45,127.19,254.38,98.45,1.0,2,2,0.2919248349415947,335.31994462049886,3.5,4.5,11.771938657407407,0.0,2.0,197,1.0,0.0,0.0,0.0,0.0,0.0,0.0,0.1416962925342813,0.0,0.8583037074657186,0.0,0.0,0.0,0.0,0.0,0.0,2,162.0,162.0,162.0,0.0,0.0,0.1977587343441002,0.9472195406758704
142dc6250eac579893595d9889411834,-23.74638181060236,-46.7943052545791,SP,2,106.0,120.46,240.92,106.0,1.0,2,2,0.1364150943396226,178.27038671202422,4.5,5.0,7.015063657407407,0.0,2.0,95,0.5340777021417897,0.0,0.4659222978582102,0.4669811320754717,0.5330188679245284,0.0,0.0,0.0,0.0,0.0,0.0,0.0,0.0,0.0,0.0,0.0,2,216.0,216.0,216.0,0.0,0.0,1.1462806236080176,0.09638629708685956
1450ca0539e1e64a77c08ba841c8be94,-22.33645991579973,-47.38072226587544,SP,2,107.245,145.185,290.37,107.245,1.0,2,2,0.3537694064991374,1355.6603327888783,5.5,5.0,14.819027777777777,0.5,2.0,48,1.0,0.0,0.0,0.5734066856263694,0.0,0.0,0.4265933143736304,0.0,0.0,0.0,0.0,0.0,0.0,0.0,0.0,0.0,2,194.0,194.0,194.0,0.0,0.0,1.7847894888270834,0.3985435678926555
1477c54a1abe3610e3e9ab411801cecb,-26.921954270288715,-49.12251521542908,SC,2,114.9,129.335,258.67,114.9,1.0,2,2,0.1256309834638816,118.0687145590166,3.0,5.0,8.78505787037037,0.0,2.0,324,0.6548111493408589,0.345188850659141,0.0,0.0,0.0,0.6740644038294169,0.0,0.0,0.0,0.0,0.0,0.0,0.0,0.0,0.0,0.3259355961705831,2,22.0,22.0,22.0,0.0,0.0,1.896964945682607,0.4378720540088188
14a188558af6cd5bc222ca773d395a7f,-25.51693898975819,-48.510742273185045,PR,2,101.45,122.575,245.15,101.45,1.0,1,2,0.2082306554953178,419.3198139813627,3.5,5.0,13.06148726851852,0.0,2.0,179,1.0,0.0,0.0,0.0,0.0,1.0,0.0,0.0,0.0,0.0,0.0,0.0,0.0,0.0,0.0,0.0,2,40.0,40.0,40.0,1.0,0.0,0.9530752071383046,0.033978045614430075
1500da334da019c68fda219f942ba38a,-29.15478683454564,-51.174378686352185,RS,2,270.775,298.38,596.76,270.775,1.0,2,2,0.1019481119010248,616.6104551267169,1.0,5.0,12.380150462962964,0.0,2.0,111,1.0,0.0,0.0,0.0,0.0,0.0,0.0,0.0,0.7382513156679901,0.0,0.26174868433201,0.0,0.0,0.0,0.0,0.0,2,15.0,15.0,15.0,0.0,0.0,0.3682762415738066,0.6529327044457321
1506abf10c09a2872e24d79f33e4eb12,-22.937446735087857,-47.0311386996141,SP,2,224.495,235.45,470.9,224.495,1.0,2,2,0.0487984142185794,85.78097436001279,5.5,4.0,4.657465277777778,0.0,2.0,151,0.5470588235294118,0.4529411764705882,0.0,0.0,0.5545780529633176,0.0,0.0,0.0,0.0,0.0,0.0,0.4454219470366823,0.0,0.0,0.0,0.0,2,24.0,24.0,24.0,0.0,0.0,0.8279569892473118,0.13310245292923253
151e9edb34867eaece4d6e7ae188f261,-8.049565362961248,-34.900673584168466,PE,2,198.9,219.77,439.54,198.9,1.0,2,2,0.1049270990447461,2124.1559308922897,6.0,3.0,29.71695601851852,0.5,2.0,74,1.0,0.0,0.0,0.0,0.5751633986928105,0.0,0.0,0.0,0.0,0.0,0.0,0.0,0.0,0.0,0.0,0.4248366013071895,2,76.0,76.0,76.0,0.0,0.0,1.3105714135520161,0.1900890414183066
155af62b6c947689a67af5c16acd5c55,-17.46103016226294,-41.88355404660503,MG,2,209.9,231.86,463.72,209.9,1.0,1,1,0.1046212482134349,839.4030431114917,1.5,4.0,17.083246527777778,0.0,2.0,200,0.4782843094971102,0.5217156905028897,0.0,0.0,0.0,1.0,0.0,0.0,0.0,0.0,0.0,0.0,0.0,0.0,0.0,0.0,2,65.0,65.0,65.0,1.0,1.0,0.9167527797296738,0.06142124805096643
1581a918a58a11d99c69f86d9c0d2098,-14.205390362926416,-41.67135151255541,BA,2,81.85,117.495,234.99,54.56666666666666,1.5,1,2,0.4354917532070861,1091.8336722069034,7.5,3.0,21.85820601851852,0.0,2.0,143,1.0,0.0,0.0,0.0,0.0,0.0,0.0,0.0,0.0,0.0,0.0,1.0,0.0,0.0,0.0,0.0,2,1.0,1.0,1.0,1.0,1.0,2.1768284439637693,0.5238831039813521
1590457b4be348b165ff7030a6f94dce,-23.531309306667985,-46.51583607045396,SP,2,79.45,88.875,177.75,79.45,1.0,2,2,0.118628067967275,30.39565713149804,3.0,3.5,4.667361111111111,0.0,1.360335195530726,424,1.0,0.0,0.0,0.0,0.0,0.0,0.0,0.0,0.3769666456891126,0.0,0.0,0.0,0.0,0.0,0.0,0.6230333543108874,2,113.0,113.0,113.0,0.0,0.0,1.56456499783581,0.31132588858317417
15a38a0c1bf789e06ec42d24e485e794,-23.68921039929029,-46.61395100636436,SP,2,92.85,115.94,231.88,61.9,1.5,2,2,0.2486806677436726,885.393248343947,1.0,4.0,9.52947337962963,0.0,1.812655086848635,231,0.3498361221321373,0.6501638778678627,0.0,0.0,0.0,0.0,0.0,0.0,0.6774367259019924,0.0,0.0,0.0,0.0,0.0,0.3225632740980075,0.0,2,172.0,172.0,172.0,0.0,0.0,0.5380737596179359,0.4247275853185368
15a52a044cbf18c87283f8c460ad5ccf,-23.658976723410404,-47.21632218621683,SP,2,21.245,34.055,68.11,21.245,1.0,2,2,0.6029654036243822,53.41843827061109,3.0,5.0,6.694537037037037,0.0,2.0,20,1.0,0.0,0.0,0.0,0.0,0.0,0.0,0.0,0.0,0.0,0.5766062602965404,0.0,0.0,0.4233937397034596,0.0,0.0,2,2.0,2.0,2.0,0.0,0.0,0.8245379051701045,0.1360020383723942
15eb6c5aa4aa23cbdb42e119220d23ec,-22.22134698587432,-54.79090460678127,MS,2,195.5,218.44,436.88,195.5,1.0,2,2,0.1173401534526854,673.4925585416424,10.0,5.0,17.89052662037037,0.0,2.0,318,1.0,0.0,0.0,0.0,0.0,0.0,0.0,0.0,0.0,0.0,0.5089514066496164,0.0,0.0,0.0,0.0,0.4910485933503836,2,27.0,27.0,27.0,0.0,0.0,1.0994761881878032,0.0670074636996957
1647c6dc2941bd075dc5dd3448807bed,-29.33917516648548,-49.744406580630006,RS,2,97.0,119.81,239.62,64.66666666666667,1.5,2,2,0.2351546391752577,571.8918667266298,2.0,4.0,19.90919560185185,0.5,1.922368421052632,378,1.0,0.0,0.0,0.0,0.0,0.4948453608247423,0.0,0.0,0.5051546391752577,0.0,0.0,0.0,0.0,0.0,0.0,0.0,2,2.0,2.0,2.0,0.0,0.0,1.1506013283073055,0.09903390191394924
1650819cd492bbf4b9d189c7d4126475,-5.855539075285115,-35.20816893315993,RN,2,133.95,181.42,362.84,133.95,1.0,1,1,0.3543859649122807,1877.5712360555992,1.0,5.0,18.527141203703707,0.0,2.0,226,0.0,1.0,0.0,0.0,0.0,0.0,0.0,1.0,0.0,0.0,0.0,0.0,0.0,0.0,0.0,0.0,2,74.0,74.0,74.0,1.0,1.0,0.9994489447291564,0.0003897623091095289
165d93a9d1da194b47da42c9cf810ebd,-23.50284906931572,-46.738923457129744,SP,2,288.87,302.395,604.79,288.87,1.0,2,2,0.0468203690241285,246.90568080297635,13.5,4.5,12.191516203703705,0.0,1.6527149321266967,364,1.0,0.0,0.0,0.0,0.0,0.135441548101222,0.0,0.0,0.0,0.0,0.0,0.0,0.0,0.0,0.0,0.864558451898778,2,78.0,78.0,78.0,0.0,0.0,0.17551361542498395,0.9919066965773958
16a909e83380bb2ae4676ca69ac30886,-31.338172757962692,-54.07603704379736,RS,2,104.9,121.77,243.54,104.9,1.0,1,1,0.1608198284080076,757.6964656493994,8.0,4.5,13.309600694444445,0.0,1.8587786259541983,182,1.0,0.0,0.0,0.0,0.0,0.0,1.0,0.0,0.0,0.0,0.0,0.0,0.0,0.0,0.0,0.0,2,212.0,212.0,212.0,1.0,1.0,0.5547752808988765,0.40497353141126563
16bd767d18bf82bb09fc51520f7ea5ab,-23.468146460946205,-46.53076128243345,SP,2,56.99,65.71,131.42,56.99,1.0,1,1,0.1530092998771714,23.142676578947235,2.0,5.0,12.514988425925925,0.0,2.0,272,0.5,0.5,0.0,0.0,0.0,0.0,0.0,0.0,0.0,0.0,0.0,0.0,0.0,0.0,0.0,1.0,2,48.0,48.0,48.0,1.0,1.0,1.0,0.0
16c8e42089546fde55ed3caa46478e7a,-1.3591275192753556,-48.40203792455367,PA,2,64.0,88.065,176.13,64.0,1.0,2,2,0.3760156249999999,2460.8159883052044,7.0,5.0,21.379710648148148,0.0,2.0,156,1.0,0.0,0.0,0.0,0.2265625,0.0,0.0,0.0,0.0,0.0,0.0,0.0,0.0,0.0,0.0,0.7734375,2,139.0,139.0,139.0,0.0,0.0,0.3750487938168475,0.6427513522282761
1741b0bef7ccbc530ba7287000d5f49f,-30.013180981170404,-51.32450951616652,RS,2,147.4,168.79500000000002,337.59000000000003,147.4,1.0,1,1,0.1451492537313432,890.1480267686636,1.5,4.5,11.066886574074074,0.0,2.0,134,1.0,0.0,0.0,0.0,0.0,1.0,0.0,0.0,0.0,0.0,0.0,0.0,0.0,0.0,0.0,0.0,2,84.0,84.0,84.0,1.0,1.0,0.6741383585420282,0.27526873776929434
175b8225bdd99e95a64e07a6c06e8746,-22.717046078978772,-47.64028299007764,SP,2,197.4,212.62,425.24,197.4,1.0,1,1,0.0771023302938196,2.70028583039952,10.0,5.0,5.852725694444445,0.0,2.0,219,1.0,0.0,0.0,0.0,0.0,1.0,0.0,0.0,0.0,0.0,0.0,0.0,0.0,0.0,0.0,0.0,2,7.0,7.0,7.0,1.0,1.0,2.3310355632147894,0.5651001046901427
176df29483e4fb6ce1d6dd1c824ad72d,-23.87791955738787,-47.9948014197297,SP,2,63.995,76.85,153.7,63.995,1.0,2,2,0.200875068364716,152.42230726437143,1.0,3.0,5.852430555555555,0.0,2.0,113,0.3759921925829538,0.0,0.6240078074170462,0.0,0.0,0.0,0.0,0.6484100320337526,0.3515899679662473,0.0,0.0,0.0,0.0,0.0,0.0,0.0,2,247.0,247.0,247.0,0.0,0.0,0.6025440517151497,0.35074704617867525
1772d62f5099be6942fbb3d3e881cc7c,-23.518891084497625,-47.48515886986801,SP,2,87.4,96.07,192.14,87.4,1.0,2,2,0.0991990846681922,95.67018507839911,2.0,1.0,4.520190972222222,0.0,2.0,129,1.0,0.0,0.0,0.0,0.0,0.0,0.0,0.0,0.0,0.0,0.0,0.0,0.0,0.4565217391304347,0.0,0.5434782608695652,2,13.0,13.0,13.0,0.0,0.0,0.8576815237358599,0.10834403892022473
177c725937ae5f96171bb8b43f196dfa,-23.584576288847572,-46.63344763058731,SP,2,83.9,110.165,220.33,83.9,1.0,2,2,0.3130512514898689,1351.3710118466713,2.0,5.0,12.31325810185185,0.0,1.3731203007518795,492,1.0,0.0,0.0,0.0,0.0,0.0,0.0,0.0,0.0,0.0,0.0,0.0,0.0,0.0,0.0,1.0,2,40.0,40.0,40.0,0.0,0.0,0.17252940237347666,0.9980305306285687
178a58ded2b9be43b90300e0e0e8e66c,-12.989205043327868,-38.48723859085748,BA,2,65.45,81.925,163.85,65.45,1.0,2,2,0.2517188693659282,1458.8786599522705,1.5,5.0,14.54324074074074,0.0,2.0,296,1.0,0.0,0.0,0.0,0.0,0.3506493506493506,0.0,0.0,0.0,0.0,0.0,0.0,0.0,0.6493506493506493,0.0,0.0,2,35.0,35.0,35.0,0.0,0.0,1.6082457815982172,0.3297961563520047
17a2d93cb1aab45e3d21d5eba7daaed2,-24.11132562252249,-49.33131178812126,SP,2,173.75,190.22,380.44,173.75,1.0,1,2,0.0947913669064748,273.8018549917193,1.0,4.0,12.739965277777776,0.0,1.6909722222222223,258,0.0,1.0,0.0,0.0,0.0,0.0,0.0,1.0,0.0,0.0,0.0,0.0,0.0,0.0,0.0,0.0,2,174.0,174.0,174.0,1.0,0.0,0.7892113060245497,0.1666098513972298
17c7da60a0690728119612a54035452d,-27.592145899814724,-48.59573951447206,SC,2,99.0,122.01,244.02,99.0,1.0,1,1,0.2324242424242424,241.9464690393452,7.0,5.0,7.837210648148147,0.0,2.0,235,1.0,0.0,0.0,0.0,0.0,0.0,0.0,0.0,0.0,0.0,0.0,0.0,0.0,1.0,0.0,0.0,2,41.0,41.0,41.0,1.0,1.0,1.0,0.0
17e873c00e3fef97c9f1347c6681bd1a,-23.607591004233495,-46.7057988253767,SP,2,329.9,397.3,794.6,329.9,1.0,1,1,0.2043043346468627,329.1895044019178,1.0,5.0,8.77170138888889,0.0,2.0,344,0.5,0.5,0.0,0.0,0.0,0.0,0.0,0.0,0.0,0.0,0.0,0.0,0.0,1.0,0.0,0.0,2,6.0,6.0,6.0,1.0,1.0,1.0,0.0
18186af785c301b05127a291eac901e1,-15.7393974461058,-47.89688112789959,DF,2,42.9,63.69,127.38,42.9,1.0,2,2,0.4846153846153846,878.677986802362,4.5,5.0,14.207609953703704,0.0,2.0,80,1.0,0.0,0.0,0.0,0.0,0.4184149184149184,0.0,0.0,0.0,0.0,0.0,0.0,0.0,0.0,0.0,0.5815850815850816,2,215.0,215.0,215.0,0.0,0.0,1.4262857142857142,0.2484699287636196
182053495bc94c2f41090ce8c41be266,-19.88847719362454,-43.79727086413001,MG,3,56.56666666666666,71.63333333333334,214.9,56.56666666666666,1.0,1,1,0.2663523865645256,496.7626676381173,1.0,5.0,10.12192901234568,0.0,3.0,14,0.7019078641228478,0.2980921358771521,0.0,0.0,0.0,0.0,1.0,0.0,0.0,0.0,0.0,0.0,0.0,0.0,0.0,0.0,3,65.0,65.0,130.0,1.0,1.0,1.177333749609741,0.09155931677050927
186638bdb0f600c9bf2bd60e4b14537c,-21.789229916773785,-46.567348665687256,MG,2,58.400000000000006,82.345,164.69,38.93333333333334,1.5,1,3,0.4100171232876712,293.8111038456469,1.0,5.0,7.2220659722222225,0.0,2.0,81,1.0,0.0,0.0,0.0,0.0,0.0,0.0,0.0,0.0,1.0,0.0,0.0,0.0,0.0,0.0,0.0,2,8.0,8.0,8.0,1.0,0.0,0.664544168182737,0.2850066678921794
18753de7f8b65856d23473280e71ceb2,-23.78978384153804,-50.058605709901606,PR,2,141.9,162.05,324.1,141.9,1.0,2,2,0.1420014094432699,252.51305995595865,5.0,5.0,7.247170138888888,0.0,1.6948955916473318,151,1.0,0.0,0.0,0.0,0.0,0.4753347427766032,0.5246652572233967,0.0,0.0,0.0,0.0,0.0,0.0,0.0,0.0,0.0,2,281.0,281.0,281.0,0.0,0.0,1.0731785325913132,0.04991855338953473
18a65d67bb184e736656cc017f09f7b8,-22.96550775915713,-43.59510330080943,RJ,3,59.690000000000005,75.16666666666667,225.5,59.690000000000005,1.0,3,3,0.2592840788518456,395.18664097469673,1.0,5.0,12.521693672839506,0.0,3.0,142,0.0,0.0,1.0,0.0,0.0,0.2233204891941698,0.0,0.0,0.0,0.4980175350421623,0.0,0.0,0.0,0.0,0.0,0.2786619757636678,2,51.0,51.0,51.0,0.0,0.0,0.33780256288561933,0.7000200347320836
18bc87094128bbfe943cf88adcf72059,-23.54259969200152,-46.65445522299525,SP,2,44.945,55.77,111.54,44.945,1.0,2,2,0.2408499276893981,173.2815862217941,1.0,5.0,4.978362268518518,0.0,1.2508561643835616,69,1.0,0.0,0.0,0.3325175214150628,0.0,0.0,0.0,0.0,0.6674824785849371,0.0,0.0,0.0,0.0,0.0,0.0,0.0,2,515.0,515.0,515.0,0.0,0.0,0.5036397950930169,0.46684008756121004
18d61a27f478cd6201df948578f814f9,-23.2049026362251,-46.87212867728819,SP,2,79.9,93.15,186.3,79.9,1.0,2,2,0.1658322903629537,423.4838217511918,1.5,4.5,3.5529108796296294,0.0,1.67162471395881,131,1.0,0.0,0.0,0.0,0.0,0.0,0.0,0.0,0.0,0.0,0.0,0.0,0.0,0.0,0.0,1.0,2,306.0,306.0,306.0,0.0,0.0,2.907298657718121,0.6903305494482516
18e1192f2a6be73c4365dbc29eb7a6f7,-23.295933326736925,-46.74004584918371,SP,2,69.99,79.035,158.07,69.99,1.0,1,1,0.1292327475353622,33.15412175618893,1.0,4.0,8.918454861111112,0.0,2.0,200,0.0,1.0,0.0,0.0,0.0,0.0,0.0,0.0,0.0,0.0,0.0,0.0,0.0,1.0,0.0,0.0,2,1.0,1.0,1.0,1.0,1.0,1.300538495124436,0.184750490687698
18e3d276253780b44b5b7bf83f6785ec,-24.007974943746355,-46.2718973617372,SP,3,43.9,56.28333333333333,168.85,43.9,1.0,3,3,0.2820804859529233,289.6258485595744,1.3333333333333333,5.0,10.724043209876545,0.3333333333333333,2.25,278,0.4724903760734379,0.1693218833283979,0.358187740598164,0.2346241457858769,0.0,0.0,0.0,0.0,0.6446469248291571,0.0,0.0,0.0,0.0,0.0,0.0,0.1207289293849658,3,104.5,104.5,209.0,0.0,0.0,0.29510734929810073,0.638324872139349
18f17efd50fd7e9595cc1a40205c937c,-23.681359398326123,-46.5586436118524,SP,2,66.75,81.425,162.85,66.75,1.0,2,2,0.2198501872659176,188.62784634598884,1.0,4.0,8.63957175925926,0.0,1.726950354609929,366,0.3859379797359533,0.0,0.6140620202640467,0.0,0.2172284644194756,0.0,0.0,0.0,0.7827715355805244,0.0,0.0,0.0,0.0,0.0,0.0,0.0,2,57.0,57.0,57.0,0.0,0.0,0.29174268263663045,0.7754076081319843
1912afd96bbe171633bb73727487ef85,-24.554779706474005,-54.05891365147332,PR,2,114.5,136.84,273.68,114.5,1.0,1,2,0.1951091703056768,762.8564157755693,9.5,3.5,15.590405092592592,0.0,2.0,86,1.0,0.0,0.0,0.0,0.0,0.0,0.0,0.0,0.0,1.0,0.0,0.0,0.0,0.0,0.0,0.0,2,147.0,147.0,147.0,1.0,0.0,1.975105989781498,0.46351562607741387
191525912e1a31a97bf8b481ce852f75,-24.035781404280936,-46.530235161553335,SP,2,112.5,131.82,263.64,112.5,1.0,1,1,0.1717333333333333,338.16788640211087,1.0,5.0,8.617974537037037,0.0,2.0,74,1.0,0.0,0.0,0.0,1.0,0.0,0.0,0.0,0.0,0.0,0.0,0.0,0.0,0.0,0.0,0.0,2,14.0,14.0,14.0,1.0,1.0,1.1141940657578187,0.07638598516231553
191e0f453bea7f50ce1fcd514af38835,-28.65502028712178,-56.00476235556698,RS,2,39.095,55.465,110.93,39.095,1.0,2,2,0.4187236219465405,1098.6498104433515,1.0,2.0,10.561047453703704,0.0,1.868286445012788,294,0.549265302442982,0.0,0.4507346975570179,0.7199130323570789,0.0,0.0,0.0,0.0,0.0,0.0,0.0,0.0,0.0,0.0,0.0,0.280086967642921,2,97.0,97.0,97.0,0.0,0.0,0.5004734208034627,0.4708095813435356
194be31520cde5c527bad17720119e85,-23.658976723410404,-47.21632218621683,SP,2,117.35,138.625,277.25,78.23333333333333,1.5,2,2,0.1812952705581593,353.8503955263963,10.0,5.0,9.871371527777775,0.0,1.4239766081871346,384,1.0,0.0,0.0,0.0,0.0,0.0,0.3617383894333191,0.0,0.0,0.0,0.0,0.0,0.0,0.0,0.0,0.6382616105666808,2,129.0,129.0,129.0,0.0,0.0,0.5752840909090909,0.38128931934134846
194f1bab01e4e36f4255603e9a427b89,-22.235747175530392,-45.93410322927811,MG,2,109.95,131.28,262.56,109.95,1.0,2,2,0.1939972714870395,439.2086044339847,2.0,5.0,6.229467592592593,0.0,2.0,41,1.0,0.0,0.0,0.0,0.0,0.0,0.8140063665302409,0.0,0.0,0.0,0.0,0.0,0.0,0.0,0.0,0.1859936334697589,2,23.0,23.0,23.0,0.0,0.0,0.3164861612515042,0.7342534766251535
19506c32fa96c6fa4505b4e3ad453b7b,-23.515518634357388,-46.60411257484184,SP,2,27.4,50.39,100.78,27.4,1.0,1,1,0.8390510948905111,519.9575688038499,1.0,4.5,5.930289351851852,0.0,2.0,34,1.0,0.0,0.0,0.0,0.0,0.0,0.0,0.0,0.0,0.0,0.0,0.0,0.0,0.0,0.0,1.0,2,23.0,23.0,23.0,1.0,1.0,0.9047439047439048,0.0707247107993689
198ba72088fecd3caeaf2dca0addcfb9,-20.36873871084715,-40.30788517695972,ES,2,139.0,174.65,349.3,139.0,1.0,2,2,0.2564748201438849,655.0778917659375,10.0,4.0,17.84744212962963,0.0,2.0,205,1.0,0.0,0.0,0.356115107913669,0.0,0.0,0.0,0.0,0.0,0.0,0.0,0.0,0.6438848920863309,0.0,0.0,0.0,2,8.0,8.0,8.0,0.0,0.0,0.5179037024161307,0.44916362041131164
19be5923f7d998e76b9f3b1eb87c32af,-28.03766880166721,-49.13092082272552,SC,2,71.7,88.905,177.81,71.7,1.0,2,2,0.2399581589958158,688.8163782003447,1.0,5.0,10.231267361111112,0.0,1.7147887323943662,227,0.0,0.3173049884708396,0.6826950115291603,0.0,0.0,0.0,0.7315202231520224,0.0,0.2684797768479777,0.0,0.0,0.0,0.0,0.0,0.0,0.0,2,199.0,199.0,199.0,0.0,0.0,2.151542006380716,0.516739526164895
19bedfc18c92d4e7eb6ba318a6c2033c,-22.96702757428625,-43.18789021667232,RJ,2,504.895,528.1,1056.2,336.59666666666664,1.5,2,2,0.0459600510997336,451.2082700976227,3.5,5.0,14.181747685185186,0.0,2.0,149,0.9543457678469986,0.0456542321530013,0.0,0.0,0.0,0.0,0.0,0.0,0.0,0.97030075560265,0.0,0.0,0.0,0.0,0.0296992443973499,0.0,2,155.0,155.0,155.0,0.0,0.0,0.04783825075894363,1.2850838937920865
19cb65cc7310ae4eef4f15bb70539d01,-22.896994821613426,-43.09855360383198,RJ,2,53.0,69.13,138.26,53.0,1.0,1,1,0.3043396226415094,602.902706313446,4.0,3.0,25.11419560185185,0.5,2.0,182,1.0,0.0,0.0,0.0,0.0,1.0,0.0,0.0,0.0,0.0,0.0,0.0,0.0,0.0,0.0,0.0,2,57.0,57.0,57.0,1.0,1.0,1.0,0.0
19de4cc79e2c2986e70b155b7631f61c,-22.03196172606033,-47.8676170377887,SP,2,82.0,100.04,200.08,82.0,1.0,2,2,0.22,222.61514648389567,4.5,4.0,5.511099537037037,0.0,1.7067757009345796,129,1.0,0.0,0.0,0.0,0.0,0.0,0.0,0.0,0.0,0.0,0.0,0.0,0.0,0.298780487804878,0.0,0.7012195121951219,2,300.0,300.0,300.0,0.0,0.0,2.2433133408980384,0.5421340475510615
19f735a9a58a187253055f9d4bcc2bb6,-22.74153874620551,-45.12650121731776,SP,2,46.0,61.06,122.12,46.0,1.0,2,2,0.3273913043478261,587.9596200252324,5.0,5.0,8.837922453703705,0.0,2.0,143,1.0,0.0,0.0,0.0,0.5978260869565217,0.0,0.0,0.0,0.0,0.4021739130434782,0.0,0.0,0.0,0.0,0.0,0.0,2,171.0,171.0,171.0,0.0,0.0,0.8256839587382269,0.13502890711816484
19f8fcd23ed70e29220a6a2f13ecd911,-23.559987904798337,-46.62439051996171,SP,2,92.445,112.84,225.68,61.63,1.5,2,2,0.2206176645573043,302.286181025626,1.0,4.0,11.554976851851851,0.0,2.0,273,0.265464374335342,0.0,0.7345356256646579,0.0,0.0,0.7458488831196928,0.0,0.0,0.2541511168803072,0.0,0.0,0.0,0.0,0.0,0.0,0.0,2,31.0,31.0,31.0,1.0,1.0,1.1258477769404671,0.08371983868000953
1a13743254d9c8e6360106295947932f,-6.211356252841092,-38.49610939410464,RN,2,322.24,383.81,767.62,214.82666666666668,1.5,2,2,0.1910687686196623,2105.533654273245,9.0,5.0,15.349814814814811,0.0,2.0,63,1.0,0.0,0.0,0.0,0.9131392750744788,0.0,0.0,0.0,0.0,0.0,0.0,0.0,0.0,0.0,0.0,0.0868607249255213,2,214.0,214.0,214.0,0.0,0.0,5.17653685226907,0.9562826550707104
1a24445f0e6006e4336ecba4ba576e4b,-22.89346035137796,-43.360110788971376,RJ,2,55.85,71.02,142.04,55.85,1.0,2,2,0.2716204118173679,469.80458402285126,6.5,5.0,16.03447337962963,0.0,2.0,232,1.0,0.0,0.0,0.0,0.0,0.0,0.0,0.0,0.0,0.0,0.6257833482542525,0.0,0.0,0.3742166517457475,0.0,0.0,2,10.0,10.0,10.0,0.0,0.0,0.6683110171482264,0.281170029579106
1a27a558aac4c4bfe3642b8c9bffcf4f,-21.781583334004537,-50.791479716080566,SP,2,228.95,259.245,518.49,228.95,1.0,1,1,0.1323214675693383,181.3392107390488,1.0,3.5,6.765486111111111,0.0,2.0,31,0.0,1.0,0.0,0.0,0.0,0.0,0.0,0.0,0.0,1.0,0.0,0.0,0.0,0.0,0.0,0.0,2,9.0,9.0,9.0,1.0,1.0,1.3610655737704918,0.2162683819563785
1a281fe9f53ee457dacd2c9e8ccf861f,-22.506407903127347,-44.09021767090396,RJ,2,96.2,132.47500000000002,264.95000000000005,48.1,2.0,2,2,0.3770790020790021,649.631167457874,6.0,4.5,13.09504050925926,0.0,1.849367088607595,68,1.0,0.0,0.0,0.0,0.0,0.0,0.0,0.0,0.5847193347193347,0.0,0.0,0.0,0.0,0.0,0.0,0.4152806652806653,2,327.0,327.0,327.0,0.0,0.0,0.602843315184513,0.3504175141339637
1a2ede4e787ad199c46719ecb02d81ea,-23.49902355741781,-46.66641502061808,SP,2,104.12,126.38,252.76,104.12,1.0,2,2,0.2137917787168651,214.23926261984045,1.0,4.0,7.301134259259259,0.5,2.0,16,0.0,1.0,0.0,0.0,0.0,0.0,0.0,0.4477525931617364,0.0,0.5522474068382636,0.0,0.0,0.0,0.0,0.0,0.0,2,18.0,18.0,18.0,0.0,0.0,1.4625876851130164,0.2656546128401431
1a328a664417dc7cbff0ed7df49f5a3d,-21.99605711835316,-47.90099404836926,SP,2,105.215,126.34,252.68,70.14333333333333,1.5,2,2,0.2007793565556241,399.1281963848408,8.0,5.0,11.11574074074074,0.0,1.352777777777778,136,1.0,0.0,0.0,0.0,0.0,0.0,0.7624388157582094,0.0,0.0,0.0,0.0,0.0,0.0,0.0,0.0,0.2375611842417906,2,404.0,404.0,404.0,0.0,0.0,0.33059505002632966,0.7114723288304093
1a68c22c23a52a35f499dbd3c5a020a6,-29.78916058841561,-51.15171759393961,RS,2,99.95,125.285,250.57,66.63333333333334,1.5,1,2,0.2534767383691846,799.9196704679471,9.0,5.0,11.188726851851852,0.0,1.8730769230769229,364,1.0,0.0,0.0,0.0,0.0,0.0,0.0,0.0,1.0,0.0,0.0,0.0,0.0,0.0,0.0,0.0,2,26.0,26.0,26.0,1.0,0.0,0.7247384361233481,0.22570299860039136
1ac4011bec2c0d9ce8eceb56bb1142c7,,,DF,2,79.95,96.055,192.11,79.95,1.0,2,2,0.2014383989993746,,2.0,4.5,14.026950231481482,0.0,2.0,13,1.0,0.0,0.0,0.0,0.0,0.0,0.0,0.8255159474671669,0.0,0.0,0.0,0.0,0.0,0.0,0.0,0.174484052532833,2,191.0,191.0,191.0,0.0,0.0,3.4676744186046515,0.7811264437218736
1af3dcbc89998031651925e3994eab18,-23.55491262814725,-46.56839203519426,SP,2,45.995000000000005,59.54,119.08,45.995000000000005,1.0,2,2,0.2944885313621045,447.7995477638319,1.0,5.0,5.655543981481482,0.0,1.6831797235023045,154,1.0,0.0,0.0,0.0,0.0,0.0,0.0,0.0,0.3912381780628329,0.0,0.0,0.0,0.0,0.0,0.0,0.608761821937167,2,280.0,280.0,280.0,0.0,0.0,0.7540138459272352,0.1983319322441274
1b2db8ab2d8e7b84b5455736fc9713f2,-22.90365989654492,-43.10725580140319,RJ,2,57.345,98.24,196.48,28.6725,2.0,2,2,0.7131397680704509,349.2100691736597,6.0,5.0,13.593032407407406,0.0,1.521875,472,1.0,0.0,0.0,0.0,0.0,0.0,0.0,0.0,0.0,0.6957886476589066,0.0,0.0,0.0,0.0,0.0,0.3042113523410933,2,7.0,7.0,7.0,0.0,0.0,1.5454074361963985,0.3030251983708637
1b5720c7b0ee7183c2eafe3dba65111b,-23.675023442027783,-46.538763506655975,SP,2,24.445,33.005,66.01,24.445,1.0,2,2,0.3501738596850072,16.699142719307567,2.5,4.0,7.243721064814815,0.0,2.0,282,1.0,0.0,0.0,0.0,0.0,0.0,0.0,0.0,0.0,0.4070362037226426,0.0,0.0,0.0,0.0,0.0,0.5929637962773573,2,33.0,33.0,33.0,0.0,0.0,0.7952134892575468,0.16132446787864582
1b6c7548a2a1f9037c1fd3ddfed95f33,-18.954409341413232,-49.458532634609895,MG,7,115.60142857142856,137.00142857142856,959.01,89.91222222222223,1.2857142857142858,5,6,0.1851188195894761,598.4549235176904,1.0,5.0,13.331731150793653,0.0,7.0,200,0.1555145410371111,0.8145379088852045,0.0299475500776842,0.1890609359745925,0.0,0.0,0.0,0.0,0.322536795145883,0.154459287453195,0.0,0.0,0.0,0.0,0.0,0.3339429814263294,7,15.5,13.0,93.0,0.3333333333333333,0.16666666666666666,3.1867689357622244,0.5890726750663702
1b6e96ed99cb8d135efe220d761bbd67,-22.9441595684188,-47.296034004068005,SP,3,23.563333333333333,38.336666666666666,115.01,17.6725,1.3333333333333333,3,3,0.6269627953034376,155.02184525329713,1.0,5.0,8.794012345679013,0.0,2.067452830188679,18,0.1545083036257716,0.5336927223719676,0.0,0.0,0.0,0.5064365539680294,0.0,0.1413212618475031,0.0,0.3522421841844674,0.0,0.0,0.0,0.0,0.0,0.0,3,255.5,255.5,511.0,0.0,0.0,1.7116564417177915,0.5715216714695971
1b765716e166ca699d20c4adc8bb0f7c,-23.58943592693487,-46.68006543927254,SP,2,87.495,104.8,209.6,58.330000000000005,1.5,2,2,0.1977827304417395,352.5377220568248,2.0,5.0,5.686527777777778,0.0,1.386148007590133,518,1.0,0.0,0.0,0.0,0.0,0.0,0.0,0.0,0.6743242470998343,0.0,0.0,0.0,0.0,0.0,0.0,0.3256757529001657,2,9.0,9.0,9.0,0.0,0.0,2.0823529411764703,0.4965940753371173
1b7b7f9631cd453251d0b328c9b38a2a,-29.738758929010288,-51.141438631055664,RS,2,129.945,155.42000000000002,310.84000000000003,129.945,1.0,2,2,0.1960444803570741,877.1278731751785,5.5,5.0,15.619207175925926,0.0,1.380907372400756,47,0.6829236906447046,0.0,0.3170763093552953,0.0,0.0,0.0,0.0,0.0,0.0,0.0,0.0,0.0,0.0,0.0,0.0,1.0,2,482.0,482.0,482.0,0.0,0.0,0.46429244394196345,0.5173863283781636
1b95e3fe033836c787689ae4b9516aa3,-19.882081449276647,-44.00980929177732,MG,2,186.4,196.805,393.61,186.4,1.0,1,1,0.0558208154506437,20.935641292261668,8.0,5.0,2.629762731481481,0.0,1.421206225680934,477,1.0,0.0,0.0,1.0,0.0,0.0,0.0,0.0,0.0,0.0,0.0,0.0,0.0,0.0,0.0,0.0,2,37.0,37.0,37.0,1.0,1.0,2.74260720737853,0.6584764603951045
1b9d0a0c0fd5211ae01a554419120554,-23.404053814612357,-46.99519585610397,SP,2,33.75,44.4,88.8,33.75,1.0,1,1,0.3155555555555555,86.90384375731485,1.0,4.5,9.601770833333331,0.5,2.0,146,1.0,0.0,0.0,0.0,0.0,0.0,0.0,0.0,0.0,0.0,0.0,0.0,0.0,0.0,0.0,1.0,2,11.0,11.0,11.0,1.0,1.0,2.1556503198294243,0.5179079397339308
1bcbeccb2851888f299cf9a5dba8553d,-21.137519285186613,-48.98165307163291,SP,2,158.495,172.155,344.31,158.495,1.0,1,2,0.0861856840909807,101.05989661239718,7.5,5.0,7.351145833333334,0.0,2.0,28,1.0,0.0,0.0,0.0,1.0,0.0,0.0,0.0,0.0,0.0,0.0,0.0,0.0,0.0,0.0,0.0,2,56.0,56.0,56.0,1.0,0.0,0.7869524600373676,0.16860813434235303
1c4531b533d17f3b316de441268e513c,-23.713627721221044,-46.68751010064247,SP,2,33.1,42.855,85.71,33.1,1.0,2,2,0.2947129909365559,73.66199856088893,1.0,5.0,4.088391203703703,0.0,1.5915032679738563,342,1.0,0.0,0.0,0.0,0.0,0.0,0.0,0.0,0.0,0.904833836858006,0.0,0.0,0.0,0.0,0.0,0.0951661631419939,2,116.0,116.0,116.0,0.0,0.0,0.19656568476895156,0.9495740347050708
1c553721323d2cf153d114724b92118e,-23.32521429323376,-46.70407071970604,SP,2,85.9,97.815,195.63,85.9,1.0,2,2,0.1387077997671711,209.45637733148035,1.0,4.5,10.50476273148148,0.0,2.0,150,1.0,0.0,0.0,0.0,0.0,0.0,0.0,0.6513387660069848,0.0,0.0,0.0,0.0,0.0,0.0,0.0,0.3486612339930151,2,68.0,68.0,68.0,0.0,0.0,0.6244291289545794,0.3269686624042074
1c628081cb579ed6035b9aa8614e69f4,-21.132931182890957,-47.84624616337724,SP,3,56.3,67.52,202.56,56.3,1.0,2,3,0.1992895204262877,191.8807581721109,1.0,4.0,8.024328703703704,0.0,3.0,104,1.0,0.0,0.0,0.0,0.0,0.0,0.0,0.7454114860864417,0.0,0.0,0.0,0.0,0.0,0.0,0.0,0.2545885139135583,3,26.0,26.0,52.0,0.5,0.0,1.6651729700663203,0.32583944808886006
1c98969880c8c7c522bc4677dfce9384,-22.4742773012782,-43.8308016357343,RJ,2,80.49000000000001,115.70499999999998,231.41,53.66,1.5,3,3,0.4375077649397441,309.08887712357404,5.0,4.0,12.477100694444443,0.0,2.0,164,1.0,0.0,0.0,0.0,0.0,0.3410361535594483,0.0,0.0,0.0,0.1626288979997515,0.0,0.0,0.0,0.0,0.0,0.4963349484408,2,186.0,186.0,186.0,0.0,0.0,2.0541111257753726,0.48810871279002244
1ca845c3b11ba93c4ac5182ab9c1197e,-25.497034889435795,-49.24942578233932,PR,2,199.0,212.16,424.32,199.0,1.0,1,1,0.0661306532663316,7.524710593119266,1.0,5.0,3.9371122685185194,0.0,2.0,151,0.0,0.738899886877828,0.0,0.0,0.0,0.0,0.0,0.0,1.0,0.0,0.0,0.0,0.0,0.0,0.0,0.0,2,16.0,16.0,16.0,1.0,1.0,2.829948551313295,0.6757109201440451
1cbda36ee89944baa7a738ddbdc4679a,-22.90365989654492,-43.10725580140319,RJ,2,250.5,270.36,540.72,250.5,1.0,2,2,0.0792814371257485,615.8798669975165,3.0,3.0,7.654861111111111,0.0,2.0,116,1.0,0.0,0.0,0.0,0.4231536926147705,0.0,0.0,0.0,0.0,0.0,0.0,0.0,0.0,0.5768463073852296,0.0,0.0,2,225.0,225.0,225.0,0.0,0.0,1.3435183981276817,0.20729872568740113
1ce1097b476f97ea37d805251c5c74ba,-23.524523387036368,-46.37429282509608,SP,2,155.9,168.10500000000002,336.21000000000004,103.93333333333334,1.5,1,2,0.078287363694676,67.76198021389747,5.0,5.0,1.6402719907407408,0.0,2.0,237,1.0,0.0,0.0,0.0,1.0,0.0,0.0,0.0,0.0,0.0,0.0,0.0,0.0,0.0,0.0,0.0,2,127.0,127.0,127.0,1.0,0.0,2.376958617918843,0.5766471469192694
1ce879e096d3c38f230acdab7165332e,-23.59714816166311,-46.61244150410397,SP,2,64.775,99.69,199.38,64.775,1.0,2,2,0.5390196835198764,161.25909877072962,2.0,4.0,5.90675925925926,0.0,2.0,108,1.0,0.0,0.0,0.0,0.0,0.0,0.0,0.0,0.0,0.0,0.0,0.1509069857197993,0.8490930142802007,0.0,0.0,0.0,2,29.0,29.0,29.0,0.0,0.0,0.15622825330549758,1.0320396896643864
1d0be6ff723818bb810023b236405017,-23.020087016836275,-43.46440943108979,RJ,2,29.9,48.13,96.26,29.9,1.0,2,2,0.6096989966555184,606.3920870897418,1.0,4.5,25.68030671296296,0.0,2.0,34,0.0,1.0,0.0,0.0,0.0,0.5,0.0,0.0,0.0,0.0,0.0,0.5,0.0,0.0,0.0,0.0,2,125.0,125.0,125.0,0.0,0.0,0.9557090613571719,0.03202769131491115
1d39a7704cfb79b7cd820bc83e3de161,-16.373460704710997,-39.58675213645753,BA,2,22.99,53.99,107.98,22.99,1.0,1,1,1.3484123531970422,1078.7820407723875,1.0,3.5,19.92509259259259,0.0,2.0,55,0.0,0.0,1.0,0.0,0.0,0.0,0.0,0.0,0.0,0.0,0.0,0.0,0.0,0.0,1.0,0.0,2,20.0,20.0,20.0,1.0,1.0,1.0239925023430179,0.01676415410110727
1d72aaec15863f7532b2dbf4a5c4247d,-21.97507988364947,-47.89580195756214,SP,2,224.95,239.78,479.56,224.95,1.0,2,2,0.0659257612802845,366.7749039459642,4.0,5.0,7.496244212962964,0.0,1.4102316602316602,367,1.0,0.0,0.0,0.0,0.0,0.0,0.0,0.0,0.0,0.0,0.0,0.0,0.0,0.0,0.0,1.0,2,151.0,151.0,151.0,0.0,0.0,0.38449102142156016,0.6287228532361829
1d7e8be24bca64576da891970638bfe3,-20.07815590678413,-44.57615252137308,MG,2,99.875,127.735,255.47,99.875,1.0,2,2,0.2789486858573216,303.0086728767029,3.5,5.0,12.179699074074072,0.0,2.0,41,1.0,0.0,0.0,0.0,0.0,0.0,0.0,0.0,0.0,0.0,0.0,0.0,0.0,0.0,0.0,1.0,2,98.0,98.0,98.0,0.0,0.0,1.210139285405312,0.1344629405802735
1d95a47c2206919e1de2f8ff91065d20,-23.523812480376822,-46.64387822923279,SP,2,39.9,50.86,101.72,39.9,1.0,1,1,0.27468671679198,82.65912972219695,1.0,4.5,5.493975694444444,0.0,1.2929203539823009,555,1.0,0.0,0.0,0.0,0.0,0.0,0.0,0.0,0.0,0.0,0.0,0.0,0.0,0.0,1.0,0.0,2,10.0,10.0,10.0,1.0,1.0,1.0,0.0
1da09dd64e235e7c2f29a4faff33535c,-22.89376653494346,-43.120477609613616,RJ,3,660.0933333333334,721.4666666666667,2164.4,198.028,3.333333333333333,1,4,0.0929767507625184,717.6399298994884,1.0,3.6666666666666665,13.646651234567903,0.0,2.2828125,234,0.0,1.0,0.0,0.0,0.0,0.0,0.0,1.0,0.0,0.0,0.0,0.0,0.0,0.0,0.0,0.0,3,123.0,123.0,246.0,1.0,0.0,1.7509274873524452,0.2972380470776863
1dcb4c54d17855c39899eb445551501c,-22.75456086772712,-43.50667372390351,RJ,2,64.45,83.00999999999999,166.01999999999998,64.45,1.0,2,2,0.2879751745539178,601.8148778083983,5.0,5.0,15.005289351851852,0.0,2.0,87,1.0,0.0,0.0,0.0,0.0,0.5352986811481768,0.0,0.0,0.0,0.0,0.0,0.0,0.4647013188518231,0.0,0.0,0.0,2,252.0,252.0,252.0,0.0,0.0,1.1402604099523013,0.0926794576473876
1e0926e360000226b237bf277aec3380,-19.926480783302544,-43.96647092291285,MG,2,54.45,69.75999999999999,139.51999999999998,54.45,1.0,2,2,0.2811753902662993,486.6209122328317,2.0,4.0,7.850034722222222,0.0,2.0,58,1.0,0.0,0.0,0.0,0.0,0.0,0.0,0.0,0.0,0.0,0.0,0.0,0.5500459136822773,0.0,0.0,0.4499540863177226,2,297.0,297.0,297.0,0.0,0.0,0.8582844965370272,0.10785000217638857
1e433d2aca7584032f8f56d51643e605,-23.560168865831365,-46.403984746739496,SP,2,80.45,95.375,190.75,80.45,1.0,2,2,0.1855189558732131,986.5551191714284,1.5,3.5,15.115399305555556,0.0,2.0,270,0.8440366972477065,0.1559633027522936,0.0,0.0,0.0,0.0,0.0,0.0,0.1112492231199502,0.0,0.0,0.0,0.0,0.0,0.0,0.8887507768800497,2,34.0,34.0,34.0,0.0,0.0,0.18478260869565216,0.9730827264035057
1f2c5059dad2c277b3b338163b49ca73,-22.43160041831353,-48.16986032524441,SP,2,113.985,132.315,264.63,113.985,1.0,2,2,0.1608106329780234,351.76477607575856,4.0,4.0,8.669195601851852,0.0,1.2660311958405546,198,1.0,0.0,0.0,0.0,0.473746545598105,0.0,0.0,0.0,0.0,0.0,0.0,0.0,0.0,0.0,0.0,0.526253454401895,2,380.0,380.0,380.0,0.0,0.0,0.8887302833487972,0.08331477699957139
1f90117a847636892e3c5bf569f2ac68,-28.23243831125525,-48.68022343405555,SC,2,54.900000000000006,66.505,133.01,54.900000000000006,1.0,2,2,0.2113843351548269,289.7496911836534,6.0,5.0,14.111006944444444,0.0,1.8974025974025972,232,1.0,0.0,0.0,0.6366120218579235,0.0,0.0,0.0,0.0,0.3633879781420764,0.0,0.0,0.0,0.0,0.0,0.0,0.0,2,153.0,153.0,153.0,0.0,0.0,0.7050378156646583,0.24465118464931151
1f9756abd497b76eeccb492bfe91df35,-5.00755960894508,-42.77855224341934,PI,2,189.45,246.925,493.85,189.45,1.0,1,2,0.3033782000527844,1973.2423503676664,4.5,2.0,24.08095486111111,0.5,2.0,128,1.0,0.0,0.0,0.0,0.0,1.0,0.0,0.0,0.0,0.0,0.0,0.0,0.0,0.0,0.0,0.0,2,45.0,45.0,45.0,1.0,0.0,0.4001190746200952,0.605919707730127
1f98d2384ff7a372e6a2d3bb75cbcd54,-21.537858484969107,-43.01147595908101,MG,2,585.0,690.705,1381.41,130.0,4.5,1,1,0.1806923076923076,448.2452848702828,1.0,1.0,12.627320601851851,0.0,2.0,94,0.0,1.0,0.0,0.0,0.0,0.0,0.0,0.0,0.0,1.0,0.0,0.0,0.0,0.0,0.0,0.0,2,2.0,2.0,2.0,1.0,1.0,0.5,0.4714045207910317
1f98e3467d2b48dfb44fc12b137d3447,-23.519807849081445,-46.705542293755165,SP,2,191.25,236.985,473.97,191.25,1.0,2,2,0.2391372549019607,48.22122610971112,6.5,5.0,6.508738425925926,0.0,1.052593659942363,239,1.0,0.0,0.0,0.0,0.0,0.0,0.0,0.0,0.0,0.7806535947712419,0.0,0.0,0.0,0.0,0.2193464052287581,0.0,2,455.0,455.0,455.0,0.0,0.0,4.09809616005163,0.8594129003319251
1fbd81e4d0a0cf9125ca038b43533b7f,-21.97562883538157,-42.35543237595348,RJ,3,49.93333333333334,65.2,195.6,49.93333333333334,1.0,3,3,0.3057409879839786,322.0102306824168,5.666666666666667,4.333333333333333,15.42000385802469,0.0,2.2546296296296298,199,0.9725971370143148,0.0,0.027402862985685,0.0,0.0,0.0,0.0,0.0,0.4339118825100133,0.3991989319092122,0.0,0.0,0.0,0.0,0.0,0.1668891855807743,3,143.0,143.0,286.0,0.0,0.0,1.9765357237015555,0.3670351150481684
1fe11e8f0fa5bea7416ec09d6e8d2b4d,-23.42436095738615,-46.52506169175083,SP,2,147.4,163.12,326.24,147.4,1.0,2,2,0.1066485753052917,514.6778065165604,1.0,4.0,6.859131944444445,0.0,1.281578947368421,559,1.0,0.0,0.0,0.6441655359565808,0.0,0.0,0.0,0.0,0.0,0.0,0.0,0.0,0.0,0.0,0.0,0.3558344640434193,2,11.0,11.0,11.0,0.0,0.0,1.6997682886461436,0.3665580518460916
1fea3244d38e951f0196b2728aee3bdf,-16.69590848844777,-49.26191554107774,GO,2,96.9,115.45,230.9,96.9,1.0,1,1,0.1914344685242517,808.3769541391641,5.5,2.5,25.261990740740742,0.5,2.0,186,1.0,0.0,0.0,0.0,0.0,0.0,1.0,0.0,0.0,0.0,0.0,0.0,0.0,0.0,0.0,0.0,2,146.0,146.0,146.0,1.0,1.0,1.1623899606667916,0.1062038249092658
2004ba7732339d9be65f2236d8887ae4,-22.986384262292876,-43.23214497264009,RJ,3,83.31666666666666,88.35000000000001,265.05,83.31666666666666,1.0,2,2,0.0604120824164833,436.8990328257578,7.0,5.0,13.980081018518518,0.0,3.0,115,1.0,0.0,0.0,0.0,0.9201840368073616,0.0,0.0,0.0,0.0,0.0,0.0,0.0,0.0,0.0,0.0,0.0798159631926385,2,219.0,219.0,219.0,0.0,0.0,6.562054208273895,1.040184621711507
20282afdbe6cf22d5f5a956d8b5a3f78,-21.136997432155454,-44.20335765799738,MG,2,73.495,110.045,220.09,73.495,1.0,2,2,0.497312742363426,213.6039955995856,5.5,5.0,15.534265046296296,0.0,1.6909722222222223,215,1.0,0.0,0.0,0.0,0.0,0.0,0.6735152051159943,0.0,0.0,0.3264847948840057,0.0,0.0,0.0,0.0,0.0,0.0,2,217.0,217.0,217.0,0.0,0.0,2.4335413416536666,0.5904497444066688
2028c90d6c4523ae70a285c44010258a,-23.70898422391892,-46.54288739860903,SP,2,158.585,169.38,338.76,158.585,1.0,2,2,0.0680707507015165,55.518897598838045,1.0,4.0,8.932638888888889,0.5,2.0,41,0.0,1.0,0.0,0.0,0.0,0.0,0.0,0.0,0.0,0.0,0.0,0.0,0.401267459091339,0.0,0.0,0.5987325409086609,2,132.0,132.0,132.0,0.0,0.0,0.6782759474857567,0.271103520901254
204efc7a771f1a33fd28465082171f5b,-22.138667066043777,-47.45368608859812,SP,2,132.45,148.055,296.11,132.45,1.0,2,2,0.1178180445451113,181.31895116981892,2.0,4.0,8.249890046296297,0.0,2.0,122,1.0,0.0,0.0,0.0,0.0,0.0,0.1883729709324273,0.0,0.0,0.0,0.8116270290675728,0.0,0.0,0.0,0.0,0.0,2,24.0,24.0,24.0,0.0,0.0,0.26857167337845944,0.8154019840733461
204fa49efb5913a76287284d6e096f69,-23.725519053805584,-46.58150363078354,SP,2,44.425,57.4,114.8,44.425,1.0,1,2,0.2920652785593697,292.7248516860688,1.0,4.0,9.46953125,0.0,1.7817073170731703,383,0.0,0.0,1.0,0.0,0.0,0.0,0.0,1.0,0.0,0.0,0.0,0.0,0.0,0.0,0.0,0.0,2,27.0,27.0,27.0,1.0,0.0,1.1660377358490566,0.1084066145373104
206b04b38a5dc8404458ec16edeca606,-25.51261681909534,-49.16086261167589,PR,2,96.445,113.235,226.47,96.445,1.0,2,2,0.1740888589351443,287.6069209229012,3.0,4.0,11.569820601851852,0.0,2.0,108,1.0,0.0,0.0,0.0,0.0,0.0,0.0,0.0,0.0,0.0,0.7516719373736326,0.0,0.0,0.0,0.2483280626263673,0.0,2,105.0,105.0,105.0,0.0,0.0,0.39580893682588597,0.6121577053006337
208ed8bf578938c97d49b3429358a424,-23.498573165894797,-46.72539893859111,SP,2,82.44500000000001,91.415,182.83,82.44500000000001,1.0,2,2,0.1087998059312268,72.46818692672238,1.5,4.5,11.039363425925924,0.0,2.0,211,1.0,0.0,0.0,0.0,0.0,0.0,0.0,0.0,0.0,0.0,0.0,0.0,0.0,0.0,0.8181211716902177,0.1818788283097822,2,59.0,59.0,59.0,0.0,0.0,0.26037501723424794,0.8299019477493265
208fe9aa6033a77419f8f503b7698e03,-29.766612080042734,-51.14678717300184,RS,2,132.70499999999998,199.34,398.68,88.46999999999998,1.5,2,2,0.5021287818846314,839.12074481229,2.5,5.0,9.917239583333334,0.0,2.0,27,1.0,0.0,0.0,0.3352925662183038,0.0,0.0,0.0,0.0,0.0,0.0,0.0,0.0,0.0,0.0,0.0,0.6647074337816963,2,12.0,12.0,12.0,0.0,0.0,0.8981146448295563,0.07591093166144337
20ae758fb6688386d9d1540f63d380e0,-29.895637021188257,-50.25550148366066,RS,2,113.995,164.915,329.83,113.995,1.0,2,2,0.4466862581692179,1601.5431343568955,1.0,4.0,10.11870949074074,0.0,1.7188235294117646,80,1.0,0.0,0.0,0.539453484801965,0.0,0.0,0.0,0.4605465151980349,0.0,0.0,0.0,0.0,0.0,0.0,0.0,0.0,2,345.0,345.0,345.0,0.0,0.0,1.6988789788069718,0.3662128380143894
211aaecea827d378c879c2b2f667c89d,-23.576173107494785,-46.63851721557451,SP,2,112.475,131.33,262.66,44.99,2.5,1,1,0.1676372527228272,14.939874978186728,7.0,5.0,3.3800173611111117,0.0,2.0,53,1.0,0.0,0.0,0.0,0.0,0.0,0.0,0.0,0.0,0.0,0.0,0.0,0.0,0.0,0.0,1.0,2,63.0,63.0,63.0,1.0,1.0,4.01450935471554,0.850164933749759
213b36024bb0b8261de0ffbd652ebc34,-23.1165967197612,-47.23775015520104,SP,2,189.45,207.205,414.41,189.45,1.0,1,2,0.093718659276854,222.73485670320093,9.0,5.0,12.799814814814814,0.0,2.0,99,1.0,0.0,0.0,0.0,0.0,1.0,0.0,0.0,0.0,0.0,0.0,0.0,0.0,0.0,0.0,0.0,2,3.0,3.0,3.0,1.0,0.0,0.2889490218033654,0.7801533806957198
21421ba1bd92005a3b48e6a745e9b8bb,-23.483968687198978,-46.55120594292056,SP,2,244.47,278.725,557.45,122.235,2.0,2,2,0.1401194420583302,29.701124178776805,1.0,5.0,11.103802083333331,0.0,2.0,213,1.0,0.0,0.0,0.0,0.0,0.0,0.0,0.5092649404834949,0.4907350595165051,0.0,0.0,0.0,0.0,0.0,0.0,0.0,2,17.0,17.0,17.0,0.0,0.0,0.8912637828668363,0.08130871768599464
21559d7ff0ebff720e5e160184338fed,-23.33878565594697,-51.13612711580655,PR,2,57.45,85.715,171.43,57.45,1.0,2,2,0.4919930374238468,541.8383444480735,5.0,4.0,11.483217592592592,0.0,1.6269487750556793,45,1.0,0.0,0.0,0.0,0.0,0.0,0.0,0.0,0.0,0.0,0.0,0.0,0.4342906875543951,0.0,0.0,0.5657093124456049,2,404.0,404.0,404.0,0.0,0.0,1.1375311720698253,0.09099209935819424
21560f93adbd9ada040a40909ac8619d,-20.259043295520197,-40.267021874934905,ES,2,184.315,217.135,434.27,92.1575,2.0,2,2,0.1780647261481702,950.3404101400656,3.0,4.5,16.54589699074074,0.0,1.9376657824933683,290,1.0,0.0,0.0,0.0,0.0,0.5117597591080487,0.4882402408919513,0.0,0.0,0.0,0.0,0.0,0.0,0.0,0.0,0.0,2,87.0,87.0,87.0,0.0,0.0,1.0123725671918442,0.008694936817040427
216ab90e27f18940cfac8f9f02fb4239,-23.216957492424097,-45.9076769413174,SP,2,129.9,151.47,302.94,129.9,1.0,2,2,0.1660508083140877,235.62987111788647,2.0,5.0,6.107586805555556,0.0,2.0,42,1.0,0.0,0.0,0.0,0.0,0.3075442648190916,0.0,0.0,0.0,0.0,0.0,0.0,0.0,0.0,0.6924557351809084,0.0,2,149.0,149.0,149.0,0.0,0.0,2.2644396551724135,0.5477778418461047
217394922e43c19740ea4464e63ca8e0,-22.883748643824944,-43.41820396073159,RJ,2,88.9,110.295,220.59,88.9,1.0,1,1,0.2406636670416198,655.9994588712607,1.0,3.0,10.903715277777778,0.0,2.0,90,1.0,0.0,0.0,0.0,0.0,0.0,0.0,0.0,0.0,0.0,0.0,1.0,0.0,0.0,0.0,0.0,2,47.0,47.0,47.0,1.0,1.0,1.0332749562171628,0.023143891201626878
21a2d9dc71459dbd3dad219cb9681964,-18.944152470686745,-48.276564866550274,MG,2,269.495,304.195,608.39,269.495,1.0,2,2,0.1287593461845303,673.4378807920141,9.0,4.0,9.43988425925926,0.0,1.8587786259541983,195,1.0,0.0,0.0,0.0,0.0,0.0,0.0,0.0,0.0,0.5565780441195569,0.0,0.0,0.0,0.0,0.0,0.443421955880443,2,197.0,197.0,197.0,0.0,0.0,1.3725383145497796,0.22206121338861873
21bde4e982c4681021edabb899bcebfe,-18.575980763753936,-46.52661842347758,MG,2,580.45,652.1800000000001,1304.36,580.45,1.0,2,2,0.1235765354466362,532.2676680135763,6.5,3.5,10.50005787037037,0.0,2.0,259,1.0,0.0,0.0,0.0,0.0,0.0,0.982858127315014,0.0,0.0,0.0,0.0,0.0,0.0,0.0,0.0,0.0171418726849857,2,22.0,22.0,22.0,0.0,0.0,0.025456375100237426,1.3439994571419613
21c8aa0cb27943cbf33d75985e28da67,-22.89346035137796,-43.360110788971376,RJ,2,86.735,104.59,209.18,86.735,1.0,2,2,0.2058569205049864,620.2722871577549,1.5,4.5,13.820283564814815,0.0,2.0,308,1.0,0.0,0.0,0.0,0.0,0.654695336369401,0.0,0.0,0.0,0.0,0.0,0.0,0.3453046636305989,0.0,0.0,0.0,2,20.0,20.0,20.0,0.0,0.0,0.5893929032748271,0.36535089832030826
21d3f0a4bf0cccf65dcfe93b8325d250,-23.386617336242036,-46.32549887838675,SP,2,58.5,73.595,147.19,39.0,1.5,1,1,0.258034188034188,69.77070553737126,1.0,4.0,5.082233796296296,0.0,1.3994252873563218,468,0.0,1.0,0.0,1.0,0.0,0.0,0.0,0.0,0.0,0.0,0.0,0.0,0.0,0.0,0.0,0.0,2,54.0,54.0,54.0,1.0,1.0,0.8417167167167167,0.1215422349617478
21de770aa4f3a60388b97b416ad38343,-27.594005846982533,-48.62332611082382,SC,2,57.4,75.38,150.76,57.4,1.0,2,2,0.3132404181184669,501.5780063440957,1.0,5.0,7.162731481481481,0.0,2.0,124,1.0,0.0,0.0,0.0,0.0,0.5217770034843205,0.0,0.0,0.0,0.0,0.0,0.0,0.0,0.0,0.0,0.4782229965156794,2,4.0,4.0,4.0,0.0,0.0,1.0691737578918474,0.04727803365853283
220bcdd6ae284ed1a273d99003fa8a0e,-23.60414213533621,-46.66990486335229,SP,2,39.985,51.46000000000001,102.92000000000002,26.656666666666663,1.5,1,2,0.2869826184819307,12.378304100671077,3.0,5.0,4.013234953703703,0.0,2.0,154,1.0,0.0,0.0,0.0,0.0,0.0,0.0,0.0,0.0,0.0,0.0,0.0,0.0,0.0,0.0,1.0,2,91.0,91.0,91.0,1.0,0.0,0.5703387244430882,0.3869437807658993
221ae88140600106a982acb69a0add50,-30.04195854783873,-52.895585538936935,RS,2,209.5,244.995,489.99,209.5,1.0,1,2,0.1694272076372315,1231.0558537974468,3.5,2.0,22.045567129629628,0.0,2.0,173,1.0,0.0,0.0,0.0,0.0,0.0,1.0,0.0,0.0,0.0,0.0,0.0,0.0,0.0,0.0,0.0,2,37.0,37.0,37.0,1.0,0.0,0.8845769230769231,0.08661513297580882
221d59abddcd719f3ec72c50078b9e31,-22.52069215261595,-43.19123025931997,RJ,2,78.0,96.02,192.04,78.0,1.0,2,2,0.231025641025641,572.0333411520197,6.5,5.0,12.21288773148148,0.0,2.0,39,1.0,0.0,0.0,0.0,0.0,0.3596153846153846,0.0,0.0,0.0,0.0,0.0,0.0,0.0,0.0,0.0,0.6403846153846154,2,195.0,195.0,195.0,0.0,0.0,0.6503953248539017,0.29957408725962037
2280ecb8db2591c39d1c7d3e9caa115c,-23.50003745633768,-46.15180912578668,SP,2,42.945,53.6,107.2,42.945,1.0,2,2,0.2481080451740598,177.65649019695786,2.0,5.0,4.522748842592593,0.0,1.6988372093023254,371,1.0,0.0,0.0,0.0,0.0,0.0,0.0,0.0,0.1512399580859238,0.8487600419140762,0.0,0.0,0.0,0.0,0.0,0.0,2,59.0,59.0,59.0,0.0,0.0,4.161290322580646,0.8662058069535207
22ac8971f405f9520b3e7cf37e042ee7,-19.92412209537928,-43.99157294969074,MG,2,76.85,103.54,207.08,51.23333333333333,1.5,2,2,0.3472999349381913,543.4483630594901,1.0,4.0,13.834652777777777,0.0,2.0,20,0.0,1.0,0.0,0.0,0.0,0.0,0.0,0.0,0.0,0.0,0.0,0.3506831489915419,0.649316851008458,0.0,0.0,0.0,2,195.0,195.0,195.0,0.0,0.0,0.5339259259259259,0.42970019965479594
22f6af8201369f9eb96592db3142b9c2,-10.504290565975928,-37.05373978181586,SE,2,265.52,402.56,805.12,66.38,4.0,1,1,0.5161193130460983,1770.8892920434923,1.0,3.0,31.512922453703705,0.5,2.0,200,0.0,0.5,0.5,0.0,0.0,0.0,0.0,0.0,0.0,0.0,0.0,0.0,1.0,0.0,0.0,0.0,2,63.0,63.0,63.0,1.0,1.0,1.0,0.0
230b7f6050862e4d39911debaa3088ef,-22.93912785667412,-43.19756351397195,RJ,2,79.99,96.52,193.04,79.99,1.0,1,1,0.2066508313539192,346.921723886219,1.0,5.0,7.955572916666666,0.0,2.0,128,1.0,0.0,0.0,0.0,0.0,1.0,0.0,0.0,0.0,0.0,0.0,0.0,0.0,0.0,0.0,0.0,2,8.0,8.0,8.0,1.0,1.0,1.0,0.0
231d36f5c4b238c26f449ffd98c79180,-28.651417763795763,-49.211078657726304,SC,2,686.9449999999999,764.6300000000001,1529.2600000000002,686.9449999999999,1.0,2,2,0.1130876562170188,542.9082580608501,2.5,5.0,8.603414351851852,0.0,2.0,117,0.6033571792893294,0.0,0.3966428207106705,0.0,0.0,0.0,0.0,0.0,0.0,0.0,0.0,0.0,0.0,0.0,0.0,1.0,2,5.0,5.0,5.0,0.0,0.0,1.521159965049376,0.2923382494391946
23339103d82a054f9729b0554ce22e8c,-21.921338855590665,-50.73222682174188,SP,3,64.5,81.29666666666667,243.89,64.5,1.0,1,1,0.2604134366925064,494.32846872609576,1.0,5.0,11.261045524691356,0.0,3.0,78,1.0,0.0,0.0,0.0,0.0,0.0,0.0,0.0,0.0,0.0,0.0,0.0,0.0,0.0,0.0,1.0,2,17.0,17.0,17.0,1.0,1.0,2.3705085682697624,0.5750443190804865
233c8f191c45cef30af148a82ac70020,-22.98411256728192,-43.22594794239219,RJ,2,75.0,107.655,215.31,75.0,1.0,1,1,0.4354,282.9807713102203,4.0,5.0,13.11476851851852,0.0,1.667808219178082,437,1.0,0.0,0.0,0.0,0.0,0.0,0.0,1.0,0.0,0.0,0.0,0.0,0.0,0.0,0.0,0.0,2,2.0,2.0,2.0,1.0,1.0,0.7220667039910421,0.22824727737896544
23b2d37ef78f3c8dcb31f5eefc30190a,-20.892935312354176,-47.584724283822666,SP,2,16.0,27.85,55.7,16.0,1.0,1,1,0.740625,310.229315682453,1.0,4.5,11.689618055555556,0.0,1.9743243243243245,193,1.0,0.0,0.0,0.0,0.0,0.0,0.0,0.0,0.0,0.0,0.0,0.0,1.0,0.0,0.0,0.0,2,177.0,177.0,177.0,1.0,1.0,1.0,0.0
23dc3a062c6c097bcb3940a909e7730f,-23.756013339788577,-46.59358588161294,SP,2,32.4,46.92,93.84,32.4,1.0,1,1,0.4481481481481481,535.8604285348822,1.0,5.0,7.69755787037037,0.0,1.357806691449814,510,0.579923273657289,0.420076726342711,0.0,0.0,0.0,0.0,0.0,0.0,0.0,0.0,0.0,0.0,0.0,0.0,0.0,1.0,2,27.0,27.0,27.0,1.0,1.0,1.3805175038051751,0.22605715511078886
24072811917876a84c81166f96aed0c1,-20.170567866576192,-42.524556859006125,MG,2,191.95,209.315,418.63,191.95,1.0,1,1,0.0904662672570982,572.6525082894013,4.5,5.0,8.73495949074074,0.0,1.2195325542570952,88,1.0,0.0,0.0,0.0,1.0,0.0,0.0,0.0,0.0,0.0,0.0,0.0,0.0,0.0,0.0,0.0,2,511.0,511.0,511.0,1.0,1.0,1.9057402651488862,0.44082059994282585
240f980f7c03e873c538e86792646919,-10.686468917842134,-37.42732631674318,SE,2,257.0,276.9,553.8,257.0,1.0,1,1,0.0774319066147859,264.74200389076987,1.0,4.0,14.35796875,0.0,2.0,26,0.0,0.0,0.0,0.0,0.0,0.0,0.0,0.0,0.0,0.0,0.0,0.0,0.0,0.0,0.0,1.0,2,29.0,29.0,29.0,1.0,1.0,0.7571469365739124,0.1954566740051223
24115a0c9fc9115c586e54fd5f42e8d1,-23.554498325516363,-46.65023548212139,SP,2,77.745,109.91,219.82,77.745,1.0,2,2,0.4137243552640041,75.84059787500831,4.5,4.0,4.04370949074074,0.0,1.9959016393442623,237,1.0,0.0,0.0,0.0,0.0,0.0,0.0,0.0,0.0,0.0,0.0,0.0,0.0,0.8102771882436168,0.0,0.189722811756383,2,129.0,129.0,129.0,0.0,0.0,0.20422921003615646,0.9345312622614674
24259224caf748993c177ebf964c2e6e,-15.785799316169744,-47.91757453421891,DF,2,93.44,106.535,213.07,93.44,1.0,2,2,0.1401434075342466,442.7811440037997,3.0,5.0,11.104971064814816,0.0,2.0,230,1.0,0.0,0.0,0.0,0.0,0.6527718321917808,0.0,0.3472281678082192,0.0,0.0,0.0,0.0,0.0,0.0,0.0,0.0,2,39.0,39.0,39.0,0.0,0.0,0.5318858293191459,0.43215584101991
24391449252cf6db04ce271b2a208d83,-19.46651813416311,-45.60031301345413,MG,2,159.92000000000002,192.06,384.12,106.61333333333334,1.5,1,3,0.2009754877438719,420.8849314763902,8.0,4.5,17.87941550925926,0.0,2.0,138,1.0,0.0,0.0,0.0,0.0,1.0,0.0,0.0,0.0,0.0,0.0,0.0,0.0,0.0,0.0,0.0,2,51.0,51.0,51.0,1.0,0.0,0.7319085621533884,0.21891372076097107
243b99bd9ed8a3f460e7289d0a8df291,-23.52697305041966,-46.64038788039167,SP,2,114.77,126.875,253.75,76.51333333333334,1.5,2,2,0.1054718131916005,30.38967478873973,1.0,1.0,3.8192766203703705,0.0,2.0,77,0.0,1.0,0.0,0.0,0.0,0.0,0.5663500914873224,0.0,0.0,0.0,0.0,0.0,0.0,0.0,0.0,0.4336499085126775,2,180.0,180.0,180.0,0.0,0.0,1.2046046915725457,0.13125016509905973
247e0dcd20596bee51bd2b07f633fa04,-5.069112929596145,-42.76608455601507,PI,2,57.3,87.635,175.27,57.3,1.0,2,2,0.5294066317626528,1993.4427010834531,5.0,5.0,24.92719328703704,0.5,2.0,232,1.0,0.0,0.0,0.0,0.0,0.0,0.0,0.0,0.0,0.0,0.0,0.0,0.5226876090750436,0.0,0.0,0.4773123909249564,2,66.0,66.0,66.0,0.0,0.0,0.7908449984673547,0.16516775045231502
24d27f115e367d9129a0e7a7a5d36866,-20.03531859101332,-43.96655508853892,MG,2,359.345,377.115,754.23,359.345,1.0,2,2,0.0494510846122806,370.78939287986,4.5,5.0,10.709484953703704,0.0,2.0,291,0.4852365989154502,0.5147634010845498,0.0,0.0,0.4853135566099431,0.0,0.0,0.0,0.0,0.0,0.0,0.0,0.0,0.0,0.0,0.5146864433900569,2,17.0,17.0,17.0,0.0,0.0,0.9426400515132003,0.04175720408104796
24d9e83fe11e4390b69e1afb2b93f5ee,-21.105564046981176,-44.22859597546072,MG,2,158.885,174.745,349.49,158.885,1.0,2,2,0.0998206249803316,341.860782447091,1.0,4.0,17.55928240740741,0.0,2.0,240,1.0,0.0,0.0,0.5035088271391258,0.0,0.0,0.0,0.0,0.0,0.0,0.0,0.0,0.0,0.0,0.0,0.4964911728608743,2,88.0,88.0,88.0,0.0,0.0,0.9872064593165406,0.009104639661619686
24fb2954f8c6cdb4b900ed8db6dc88e2,-3.7417684731926366,-38.55985936274584,CE,2,81.895,111.905,223.81,54.59666666666666,1.5,2,2,0.3664448379021918,2048.835108185076,1.0,3.0,23.42821180555556,0.5,1.5915032679738563,281,0.3224610160403914,0.0,0.6775389839596085,0.0,0.0,0.0,0.0,0.0,0.0,0.0,0.0,0.0,0.0,0.0,0.0,1.0,2,177.0,177.0,177.0,0.0,0.0,0.47088590956887494,0.5087276435666765
2516f43838c4892e066fec28143efa64,-2.5185299712013376,-44.24136758763684,MA,2,377.0,407.715,815.4300000000001,377.0,1.0,2,2,0.081472148541114,2599.029983112974,1.0,5.0,21.17162037037037,0.0,2.0,203,0.0,1.0,0.0,0.4310344827586206,0.0,0.0,0.0,0.0,0.0,0.0,0.5689655172413793,0.0,0.0,0.0,0.0,0.0,2,1.0,1.0,1.0,0.0,0.0,1.3427184187088805,0.20688659462551845
251e658613a224723f8a077946183b20,-23.646955349867547,-46.66664737940053,SP,2,167.45,177.595,355.19,167.45,1.0,2,2,0.0605852493281576,37.80942141517438,1.0,4.5,6.504716435185185,0.0,2.0,287,1.0,0.0,0.0,0.0,0.0,0.0,0.0,0.0,0.0,0.0594207226037623,0.0,0.0,0.0,0.0,0.0,0.9405792773962376,2,11.0,11.0,11.0,0.0,0.0,0.08970701027764995,1.181371395849323
255ac312f5ceb97163ec60f0db2eee11,-23.52654783421126,-46.486305480355405,SP,2,151.735,172.465,344.93,151.735,1.0,2,2,0.1366197647213892,381.4706024262671,7.5,3.5,8.574021990740741,0.0,2.0,271,1.0,0.0,0.0,0.0,0.0,0.3742379806900187,0.0,0.0,0.6257620193099812,0.0,0.0,0.0,0.0,0.0,0.0,0.0,2,43.0,43.0,43.0,0.0,0.0,1.7078819280891822,0.36969714701296497
2587f2fbf466ff9e409952f2feba0005,-30.04107403650784,-51.187840133050365,RS,2,54.495000000000005,71.32499999999999,142.64999999999998,54.495000000000005,1.0,2,2,0.3088356729975226,699.245531019018,1.0,5.0,9.804913194444444,0.0,2.0,13,0.0,1.0,0.0,0.0,0.0,0.0,0.0,0.0,0.4495825305073859,0.0,0.0,0.0,0.0,0.0,0.5504174694926139,0.0,2,11.0,11.0,11.0,0.0,0.0,1.2136871508379887,0.13651399056345964
25a1ad8a564d758f233c587cc657aa4b,-21.0193615046412,-48.77459729995215,SP,2,222.945,241.26,482.52,222.945,1.0,2,2,0.0821503061293144,325.0350989795685,4.0,5.0,7.400815972222222,0.0,1.877892030848329,111,0.7380626709773689,0.2619373290226311,0.0,0.0,0.0,0.2466751889479468,0.0,0.0,0.0,0.0,0.0,0.7533248110520532,0.0,0.0,0.0,0.0,2,277.0,277.0,277.0,0.0,0.0,2.817707097080465,0.6733429159819176
25a560b9a6006157838aab1bdbd68624,-30.071006730725355,-51.17791780431014,RS,4,16.9,32.95,131.8,16.9,1.0,1,1,0.9497041420118344,953.7326391498732,1.0,4.0,13.642178819444444,0.0,2.847953216374269,512,1.0,0.0,0.0,0.0,0.0,1.0,0.0,0.0,0.0,0.0,0.0,0.0,0.0,0.0,0.0,0.0,2,1.0,1.0,1.0,1.0,1.0,0.9410898379970544,0.04291998671845516
25bd804c580bc1ee0c93d073fae09a84,-23.568979809928184,-46.653551684768914,SP,2,49.05,61.825,123.65,32.7,1.5,3,2,0.2604485219164118,59.95925412528788,1.0,3.0,4.598709490740741,0.0,2.0,256,1.0,0.0,0.0,0.0,0.0,0.0,0.0,0.0,0.0,0.4576962283384302,0.0,0.0,0.0,0.0,0.0,0.5423037716615698,2,26.0,26.0,26.0,0.0,0.0,4.775338626809901,0.9244713485371392
25f24493ded5ebebc26a69b5db344e35,-22.95330812705241,-43.18981386849616,RJ,2,89.99,105.38,210.76,89.99,1.0,1,1,0.1710190021113457,349.3522696688295,1.0,3.0,23.27367476851852,0.5,2.0,189,0.5,0.0,0.5,1.0,0.0,0.0,0.0,0.0,0.0,0.0,0.0,0.0,0.0,0.0,0.0,0.0,2,105.0,105.0,105.0,1.0,1.0,1.0,0.0
2642f11f7c5588a63213b5e67e8ad0a7,-22.99672650569866,-49.88341830909358,SP,2,127.595,145.73000000000002,291.46000000000004,127.595,1.0,1,2,0.1421293937850229,346.7649281871265,1.0,4.0,9.622905092592593,0.5,2.0,29,0.5931174089068826,0.4068825910931173,0.0,0.0,0.0,0.0,0.0,0.0,0.0,0.0,0.0,0.0,0.0,0.0,0.0,1.0,2,5.0,5.0,5.0,1.0,0.0,1.4577114427860696,0.26337580513830916
26a6e3e036636ef1d5636f98b66094cc,-20.585828938596137,-47.86355909025438,SP,3,142.9466666666667,160.17333333333332,480.52,142.9466666666667,1.0,2,2,0.1205111463482884,345.5643893110662,1.0,5.0,9.767391975308644,0.0,3.0,75,1.0,0.0,0.0,0.0,0.0,0.0,0.4659080309672605,0.0,0.0,0.0,0.0,0.5340919690327395,0.0,0.0,0.0,0.0,3,77.0,77.0,154.0,0.5,0.5,0.4537254122789589,0.49459873213016625
26d1b63e9b8478f84f87188c4877049e,-22.43903792833717,-46.821418648402336,SP,2,277.9,298.61,597.22,185.26666666666665,1.5,2,3,0.0745232097876934,199.7092263989449,9.5,5.0,7.316244212962962,0.0,1.726950354609929,390,1.0,0.0,0.0,0.0,0.0,0.0,0.6836991723641598,0.0,0.3163008276358403,0.0,0.0,0.0,0.0,0.0,0.0,0.0,2,33.0,33.0,33.0,0.0,0.0,0.461303188235582,0.5213376274941574
26e025af2347c3968f6a578f853a9da2,-4.408783492525231,-40.403499623766265,CE,2,149.5,206.56,413.12,149.5,1.0,2,2,0.3816722408026756,2479.406883668077,2.5,4.0,20.28277199074074,0.0,2.0,111,1.0,0.0,0.0,0.0,0.0,0.4013377926421405,0.0,0.5986622073578596,0.0,0.0,0.0,0.0,0.0,0.0,0.0,0.0,2,223.0,223.0,223.0,0.0,0.0,1.2420492781938566,0.15267700639484913
270c0ad2a232e4a10be51000bc69eb03,-20.25769924363229,-41.87505075442306,MG,2,26.4,43.175,86.35,26.4,1.0,2,2,0.6354166666666666,415.6899237791548,1.0,4.0,7.828831018518518,0.0,2.0,18,0.0,1.0,0.0,0.6799242424242424,0.0,0.0,0.0,0.0,0.0,0.0,0.0,0.0,0.0,0.0,0.0,0.3200757575757575,2,47.0,47.0,47.0,0.0,0.0,0.6858648965247951,0.2635170378527284
27259fad9054fce994a70f1d117bc402,-9.17960712935594,-38.253881985044494,PE,2,128.15,167.37,334.74,128.15,1.0,1,1,0.3060476004682013,1815.695227560944,1.0,5.0,19.06765625,0.0,1.3967495219885278,282,0.0,1.0,0.0,0.0,0.0,0.0,0.0,0.0,0.0,0.0,0.0,1.0,0.0,0.0,0.0,0.0,2,241.0,241.0,241.0,1.0,1.0,0.8650546021840874,0.10232494616919507
272f0ffe236b0bf765e14f5a2b577a6b,-23.710480779246726,-46.54954718507751,SP,2,148.95,159.91,319.82,148.95,1.0,2,2,0.0735817388385364,18.780679681420647,1.5,5.0,6.357048611111111,0.5,2.0,31,1.0,0.0,0.0,0.0,0.0,0.0,0.0,0.7687143336690165,0.0,0.2312856663309835,0.0,0.0,0.0,0.0,0.0,0.0,2,182.0,182.0,182.0,0.0,0.0,0.3358115445660346,0.7031712860001549
27517ed34c0406fe07b3a806e33cbc10,-22.840370396106195,-43.06820596886899,RJ,2,72.45,91.4,182.8,72.45,1.0,1,2,0.2615596963423051,1067.2049501355436,1.0,5.0,16.871568287037036,0.0,2.0,321,0.0,1.0,0.0,0.0,0.0,0.0,1.0,0.0,0.0,0.0,0.0,0.0,0.0,0.0,0.0,0.0,2,15.0,15.0,15.0,1.0,0.0,0.45217667619955515,0.5335020090877933
2767f1bba0529fe3f48378c05ea40f0f,-22.436369470816462,-46.93647640401873,SP,2,84.9,98.29,196.58,84.9,1.0,2,2,0.1577149587750294,209.14475370870755,6.0,4.5,6.805619212962963,0.0,1.6988372093023254,150,1.0,0.0,0.0,0.0,0.0,0.6472320376914016,0.0,0.0,0.3527679623085983,0.0,0.0,0.0,0.0,0.0,0.0,0.0,2,280.0,280.0,280.0,0.0,0.0,1.7371205792258426,0.38085494959828914
27d59fe7ff2ed894f826fd4a7e5466ea,-23.53540889254199,-46.64572397279657,SP,2,34.9,49.565,99.13,34.9,1.0,1,1,0.4202005730659026,516.7600250622891,1.5,5.0,13.895619212962965,0.5,2.0,178,0.5056995864016948,0.4943004135983053,0.0,0.0,0.0,0.0,0.0,0.0,0.0,0.0,0.0,0.0,0.0,0.0,0.0,1.0,2,68.0,68.0,68.0,1.0,1.0,1.0230612244897959,0.016120864778387985
27e86d2ae0db33b8d242c9251067d97e,-31.10288754652789,-50.912340788455566,RS,2,42.945,62.765,125.53,42.945,1.0,2,2,0.4615205495401094,1094.1350306361037,2.0,5.0,14.279427083333337,0.0,1.4639278557114228,415,0.8185294351947742,0.1814705648052258,0.0,0.0,0.0,0.0,0.0697403655838863,0.0,0.0,0.0,0.0,0.0,0.0,0.0,0.0,0.9302596344161136,2,84.0,84.0,84.0,0.0,0.0,0.22170316301703163,0.900937294534983
27eecff5a6338f7c36c78ad05eacc575,-23.73344359903934,-53.50599863043455,PR,2,255.5,273.87,547.74,255.5,1.0,1,2,0.0718982387475538,392.7855703522234,3.0,4.5,10.69505787037037,0.0,2.0,17,1.0,0.0,0.0,0.0,0.0,0.0,0.0,0.0,0.0,0.0,0.0,0.0,0.0,0.0,0.0,1.0,2,10.0,10.0,10.0,1.0,0.0,0.3139663196276927,0.7383736710254094
280c34dc057ff9f3cd17360673d4b87c,-29.460820199051614,-51.96648263209647,RS,2,57.85,85.6,171.2,38.56666666666667,1.5,2,2,0.4796888504753673,862.6263159500795,7.0,2.0,24.26453125,0.0,2.0,229,1.0,0.0,0.0,0.0,0.0,0.5695764909248056,0.0,0.0,0.0,0.0,0.0,0.0,0.0,0.0,0.0,0.4304235090751944,2,113.0,113.0,113.0,0.0,0.0,1.1400000000000001,0.09251864426739877
281e1e72207e518c29b249a1361a775d,-23.675023442027783,-46.538763506655975,SP,2,196.445,218.835,437.67,196.445,1.0,2,2,0.1139759220137952,206.1974057030793,6.0,5.0,7.834918981481481,0.0,1.5155601659751037,402,1.0,0.0,0.0,0.0,0.0,0.0,0.0,0.0,0.0,0.0,0.0,0.0,0.0,0.0,0.0,1.0,2,80.0,80.0,80.0,0.0,0.0,0.585990723293231,0.36916832202601524
282d49fddab8e95a8673a2a90072cf5c,-19.44600984763804,-44.22933144050092,MG,2,310.945,327.545,655.09,310.945,1.0,2,2,0.0533856469793693,507.55412563612106,5.5,4.5,11.988188657407408,0.0,1.6054945054945051,65,1.0,0.0,0.0,0.0,0.964640048883243,0.0,0.0,0.0,0.0,0.0,0.0,0.0,0.0,0.0,0.0,0.0353599511167569,2,391.0,391.0,391.0,0.0,0.0,0.060273529173747675,1.253425539161707
282dc4abbf2759fb9bb77217f5cd6c4c,-22.51193456447279,-44.00681818893026,RJ,2,124.945,155.93,311.86,124.945,1.0,2,2,0.2479891152106927,269.98977032107405,6.5,2.0,33.33820601851852,0.5,1.7817073170731703,271,1.0,0.0,0.0,0.0,0.0,0.3197406859017968,0.0,0.0,0.0,0.0,0.0,0.0,0.0,0.0,0.0,0.6802593140982032,2,139.0,139.0,139.0,0.0,0.0,2.241114113489919,0.5415423062226479
286d8f01f94a8061cef05c7c49efd8a9,-23.70091877495375,-46.63521280781646,SP,2,49.495000000000005,58.055,116.11,49.495000000000005,1.0,2,2,0.1729467622992221,71.41885302140926,4.5,3.5,3.314050925925926,0.0,2.0,225,1.0,0.0,0.0,0.0,0.0,0.0,0.5050005051015254,0.0,0.0,0.0,0.0,0.0,0.0,0.0,0.0,0.4949994948984745,2,76.0,76.0,76.0,0.0,0.0,1.0449101796407185,0.031058863009657982
2878289928927b75d078057c8d91405f,-15.83023246216912,-48.03244258024069,DF,2,149.9,174.3,348.6,149.9,1.0,2,2,0.162775183455637,1236.7275308245528,5.5,5.0,10.297858796296296,0.0,1.352777777777778,237,1.0,0.0,0.0,0.4996664442961975,0.0,0.0,0.0,0.5003335557038026,0.0,0.0,0.0,0.0,0.0,0.0,0.0,0.0,2,303.0,303.0,303.0,0.0,0.0,0.9419530945351234,0.042272247045116555
28ad66c8baf13c85d2a936d0b06e73f6,-22.7690703455886,-47.15112116173828,SP,2,62.7,77.295,154.59,62.7,1.0,2,2,0.2327751196172248,138.18727898958508,4.0,4.0,11.75787037037037,0.0,1.4129593810444874,251,1.0,0.0,0.0,0.0,0.0,0.0,0.0,0.0,0.3070175438596491,0.0,0.0,0.0,0.0,0.0,0.0,0.6929824561403509,2,266.0,266.0,266.0,0.0,0.0,1.8596004439511653,0.42511484729592935
28aea3e12549a3611bbd8d4e3310e4fa,-22.98096928436122,-43.1895393351715,RJ,2,97.0,112.56,225.12,97.0,1.0,2,1,0.1604123711340206,371.7825403148774,2.0,5.0,11.917528935185183,0.0,2.0,88,1.0,0.0,0.0,0.0,0.7474226804123711,0.0,0.0,0.0,0.0,0.0,0.0,0.0,0.0,0.0,0.0,0.2525773195876288,2,15.0,15.0,15.0,0.0,1.0,2.5049042503503034,0.6072222945050788
28da99e178f274876e3052c1740c6c87,-23.38660200037828,-48.73222509889722,SP,2,18.4,33.5,67.0,18.4,1.0,1,1,0.8206521739130436,325.1266208446527,1.0,5.0,13.175538194444444,0.0,1.8875968992248064,367,1.0,0.0,0.0,0.0,0.0,0.0,0.0,0.0,0.0,0.0,0.0,0.0,0.0,0.0,0.0,1.0,2,20.0,20.0,20.0,1.0,1.0,1.09375,0.06332299533013858
291d020953194db1b8578ff8d9959c62,-21.03348688190158,-51.2079763231552,SP,2,140.0,227.7,455.4,70.0,2.0,1,1,0.6264285714285714,396.9297651268417,3.0,5.0,10.103958333333331,0.0,2.0,91,1.0,0.0,0.0,0.0,0.0,0.0,0.0,0.0,1.0,0.0,0.0,0.0,0.0,0.0,0.0,0.0,2,48.0,48.0,48.0,1.0,1.0,1.026702269692924,0.018632589754586232
294e0922aa06792eea5094656727c0bd,-22.97358985452769,-45.54834506571985,SP,2,169.945,187.075,374.15,169.945,1.0,2,2,0.1007973167789579,247.8458115046245,1.0,5.0,14.31609375,0.0,1.5,470,0.0,1.0,0.0,0.0,0.0,0.0,0.0,0.0,0.0,0.4410250375121363,0.0,0.0,0.0,0.0,0.0,0.5589749624878638,2,17.0,17.0,17.0,0.0,0.0,0.8457402200187459,0.11819446236912119
295c05e81917928d76245e842748184d,-23.628982191903887,-46.72047003337825,SP,2,124.485,140.75,281.5,124.485,1.0,2,2,0.1306583122464554,221.38267397806487,6.5,4.0,6.790815972222222,0.0,2.0,88,1.0,0.0,0.0,0.0,0.0,0.0,0.0,0.0,0.0,0.0,0.0,0.8875768164839137,0.0,0.0,0.0,0.1124231835160862,2,91.0,91.0,91.0,0.0,0.0,6.735641659796648,1.0485778143464028
297ec5afd18366f5ba27520cc4954151,-23.59715655747632,-46.76617764128319,SP,3,464.1466666666667,483.6666666666667,1451.0,348.11,1.3333333333333333,2,3,0.0420556720576829,184.66806692265737,5.333333333333333,5.0,6.953985339506173,0.0,3.0,113,1.0,0.0,0.0,0.0,0.7181566171612421,0.0,0.0,0.0,0.0,0.0,0.0,0.2818433828387578,0.0,0.0,0.0,0.0,3,42.5,42.5,85.0,0.5,0.0,20.84531635168447,1.0134081672144628
298c3e1a698283a45f1c94df3942bb3b,-23.606930668694563,-46.51240542787471,SP,2,57.495,68.445,136.89,57.495,1.0,2,2,0.1904513435950952,161.2245471792328,1.0,5.0,12.908159722222225,0.5,2.0,158,0.0,1.0,0.0,0.0,0.0,0.739194712583703,0.0,0.260805287416297,0.0,0.0,0.0,0.0,0.0,0.0,0.0,0.0,2,25.0,25.0,25.0,0.0,0.0,0.38819592333434744,0.6232705399807789
29d72fba272ad06ed0b2ac6351da042f,-20.819947748501622,-49.37575292303071,SP,2,119.95,133.98000000000002,267.96000000000004,119.95,1.0,1,2,0.1169654022509378,118.59346065231554,1.0,3.5,11.287390046296297,0.0,2.0,103,0.0,0.6056874160322436,0.0,0.0,0.0,1.0,0.0,0.0,0.0,0.0,0.0,0.0,0.0,0.0,0.0,0.0,2,105.0,105.0,105.0,1.0,0.0,1.5360590573537765,0.2989291542499332
29f8e372b3b1d42ad2e00a0b976bfc34,-23.499398565171514,-46.79106110467674,SP,2,220.675,243.94,487.88,147.11666666666667,1.5,1,3,0.1054265322306559,399.2232856250391,2.0,5.0,7.515827546296297,0.0,1.9123036649214655,125,1.0,0.0,0.0,0.0,0.0,0.0,1.0,0.0,0.0,0.0,0.0,0.0,0.0,0.0,0.0,0.0,2,257.0,257.0,257.0,1.0,0.0,1.094444921438997,0.06377121089654851
2a17d0a71f5910d7207819f9ca9ec12b,-23.47448725603814,-46.69919287258795,SP,2,59.150000000000006,73.0,146.0,59.150000000000006,1.0,1,2,0.2341504649196956,182.17294180204368,1.5,4.5,6.274600694444445,0.0,2.0,29,0.326986301369863,0.673013698630137,0.0,0.0,0.0,0.0,0.0,0.0,1.0,0.0,0.0,0.0,0.0,0.0,0.0,0.0,2,221.0,221.0,221.0,1.0,0.0,2.058232090490155,0.48935663815814223
2a34af7c4b1b83d78b14cf6b9c32c3b9,-23.528812257219897,-46.72981070249657,SP,2,102.45,111.455,222.91,102.45,1.0,2,2,0.0878965348950707,23.05834865079305,8.0,5.0,1.889646990740741,0.0,2.0,161,1.0,0.0,0.0,0.0,0.0,0.0,0.0,0.0,0.0,0.0,0.0,0.0,0.0,0.3660322108345534,0.0,0.6339677891654466,2,137.0,137.0,137.0,0.0,0.0,1.642992648802466,0.344052763391023
2a36404701b15c414647a2ec2102baba,-13.658898446615218,-59.7848998775625,MT,2,157.0,182.315,364.63,157.0,1.0,2,2,0.1612420382165605,1893.9656245281024,1.0,5.0,21.131192129629632,0.0,2.0,55,1.0,0.0,0.0,0.0,0.0,0.0,0.3821656050955414,0.0,0.0,0.0,0.0,0.6178343949044586,0.0,0.0,0.0,0.0,2,265.0,265.0,265.0,0.0,0.0,1.4954147276211331,0.2807638421967154
2a3d4df1de5c9feee497328298916d41,-22.81501008509456,-47.24292323650134,SP,2,102.4,116.765,233.53,102.4,1.0,2,2,0.1402832031249999,230.25076879244685,2.0,3.5,15.742725694444443,0.0,2.0,248,0.7569905365477669,0.2430094634522331,0.0,0.0,0.0,0.2192382812499999,0.0,0.0,0.0,0.0,0.0,0.0,0.0,0.0,0.0,0.78076171875,2,29.0,29.0,29.0,0.0,0.0,3.115066079295154,0.7268790043747809
2a3f4536e732a04cfad59b6e50c2e925,-22.89754583917079,-49.62491824010011,SP,2,39.9,51.75,103.5,39.9,1.0,1,1,0.2969924812030075,258.9691425758108,1.0,5.0,8.286186342592593,0.0,2.0,295,0.0,1.0,0.0,0.0,0.0,0.0,0.0,0.0,0.0,0.0,0.0,0.0,0.0,0.0,0.0,1.0,2,59.0,59.0,59.0,1.0,1.0,1.0,0.0
2a7f837de6a1999e457b8e3c5619156f,-23.65414643716547,-46.45347981928935,SP,2,46.99,55.14,110.28,46.99,1.0,2,2,0.1734411576931262,23.9216241742858,4.5,2.5,10.595434027777776,0.5,2.0,32,0.8255350018135655,0.0,0.1744649981864345,0.0,0.0,0.8511385401149181,0.0,0.0,0.0,0.0,0.0,0.0,0.0,0.0,0.0,0.1488614598850819,2,127.0,127.0,127.0,0.0,0.0,0.24049493813273337,0.8658659750764544
2ac4312997e09e6770fd4c3d52adf77a,-23.60635072128308,-46.773694371814166,SP,2,57.895,78.965,157.93,38.59666666666666,1.5,3,3,0.3639347093876846,386.4008778612729,1.0,4.5,12.37933449074074,0.0,2.0,237,0.1325903881466472,0.0,0.8674096118533527,0.0,0.0,0.3368166508334053,0.0,0.0,0.0,0.4317298557733828,0.0,0.0,0.0,0.0,0.2314534933932118,0.0,2,4.0,4.0,4.0,0.0,0.0,0.33341776426882813,0.7069724608963202
2ac6f6d09c75bb721defa2eb7a4f52a1,-17.374893381956348,-40.22059862904516,BA,2,21.9,39.255,78.50999999999999,21.9,1.0,1,1,0.7924657534246576,974.5724270667404,1.0,4.0,11.353020833333334,0.0,2.0,307,0.0,1.0,0.0,0.0,0.0,0.0,0.0,1.0,0.0,0.0,0.0,0.0,0.0,0.0,0.0,0.0,2,50.0,50.0,50.0,1.0,1.0,1.3303650934995548,0.20048652336278885
2ae3c67452283d5a0d30b32e0d33296e,-15.726510487176238,-47.86750478574782,DF,2,35.0,52.625,105.25,35.0,1.0,1,2,0.5035714285714286,881.3666577859819,1.0,3.0,26.272494212962965,0.5,2.0,218,0.0,1.0,0.0,0.0,0.0,0.0,0.0,0.0,0.0,0.0,0.0,0.0,0.0,0.0,0.0,1.0,2,37.0,37.0,37.0,1.0,0.0,0.7808798646362097,0.17400537418272288
2ae6a57dcdd2f1424598fc480cbf698a,-23.69191297748972,-46.79078425058837,SP,2,192.85,210.705,421.41,192.85,1.0,2,2,0.0925849105522426,547.3036015801978,7.0,5.0,19.05126157407408,0.0,2.0,196,1.0,0.0,0.0,0.0,0.0,0.224786103189007,0.0,0.0,0.0,0.0,0.0,0.0,0.0,0.0,0.0,0.7752138968109931,2,1.0,1.0,1.0,0.0,0.0,3.030317521040551,0.7124258967660576
2b0d2a4ffe3906cd18019c2463cfeee9,-23.1165967197612,-47.23775015520104,SP,2,249.49,258.5,517.0,249.49,1.0,1,1,0.0361136718906569,66.29270445996657,1.5,5.0,2.0511747685185187,0.0,2.0,61,0.5,0.0,0.0,0.0,0.0,0.0,0.0,0.0,0.0,0.0,0.0,0.0,0.0,0.0,0.0,1.0,2,21.0,21.0,21.0,1.0,1.0,1.0,0.0
2b161eaf4956b131691842e87b3c39c7,-22.99961870153504,-47.01714027596076,SP,3,65.01333333333334,75.05666666666667,225.17,65.01333333333334,1.0,2,3,0.1544811320754716,232.5185951599012,1.0,4.666666666666667,9.210389660493826,0.3333333333333333,3.0,173,0.8339920948616601,0.1660079051383399,0.0,0.0,0.0,0.0,0.0,0.8462366694011485,0.0,0.0,0.0,0.0,0.0,0.0,0.0,0.1537633305988515,2,14.0,14.0,14.0,0.0,0.0,0.19905213270142183,0.9446723005575219
2b174670dbec666bbc68b6e2a4062740,-20.344895855883795,-40.28806851720872,ES,2,148.92000000000002,165.97000000000003,331.94000000000005,148.92000000000002,1.0,2,2,0.1144910018802041,879.1424071179036,6.5,5.0,15.950034722222222,0.0,1.5124223602484472,419,1.0,0.0,0.0,0.0,0.0,0.0,0.0,0.0,0.0,0.0,0.0,0.0,0.0,0.0,0.0,1.0,2,64.0,64.0,64.0,0.0,0.0,0.2920477988400607,0.7748905305911263
2b19910e856b2ba3e7257e63a093a3df,-22.955654071898497,-42.87930871978745,RJ,2,92.0,131.48000000000002,262.96000000000004,92.0,1.0,1,1,0.4291304347826087,41.77724878881381,10.0,4.0,2.711736111111111,0.0,2.0,341,1.0,0.0,0.0,0.0,0.0,0.0,0.0,0.0,0.0,0.0,0.0,0.0,0.0,0.0,0.0,1.0,2,1.0,1.0,1.0,1.0,1.0,1.1275080906148869,0.0847581599596897
2b4871f788b44ee004ec2c7fc7cd420b,-27.099274121521837,-52.60861176457627,SC,2,127.925,144.92000000000002,289.84000000000003,127.925,1.0,2,2,0.1328512800469024,952.036514533006,1.0,3.5,14.800833333333332,0.0,1.7773722627737223,306,0.0,1.0,0.0,0.2343169826069962,0.0,0.0,0.0,0.7656830173930037,0.0,0.0,0.0,0.0,0.0,0.0,0.0,0.0,2,105.0,105.0,105.0,0.0,0.0,0.3605595456039056,0.6646569537208908
2b4efa2bb0d9e62ee5e197cacd93c0d6,-22.611936487633034,-46.05805292605789,MG,2,177.485,198.01,396.02,177.485,1.0,2,2,0.1156435755134236,245.6897368694419,9.0,4.5,5.193883101851852,0.0,2.0,217,1.0,0.0,0.0,0.0,0.0,0.2421894808011944,0.0,0.0,0.0,0.0,0.0,0.0,0.0,0.0,0.0,0.7578105191988055,2,133.0,133.0,133.0,0.0,0.0,2.948354935194417,0.6978577202134999
2b5ffb4c42d26e466ad575ecce365aa2,-23.013945234739644,-43.46302017493874,RJ,2,57.95,74.255,148.51,57.95,1.0,2,2,0.2813632441760137,585.5476172277703,2.5,5.0,6.684722222222222,0.0,1.357806691449814,142,1.0,0.0,0.0,0.0,0.0,0.7679033649698015,0.0,0.2320966350301984,0.0,0.0,0.0,0.0,0.0,0.0,0.0,0.0,2,396.0,396.0,396.0,0.0,0.0,2.621311875152402,0.6331631523950381
2b6ce149982204423f4efac29701255a,-19.840923648075652,-43.92725723536456,MG,2,295.5,313.41,626.82,295.5,1.0,2,2,0.0606091370558375,631.6616920981235,6.5,5.0,13.017129629629627,0.0,2.0,238,0.9936026291439328,0.0,0.0063973708560671,0.0,0.8781725888324873,0.0,0.0,0.0,0.0,0.1218274111675127,0.0,0.0,0.0,0.0,0.0,0.0,2,118.0,118.0,118.0,0.0,0.0,0.16494136450647684,1.0137430807017629
2b775b75afa0be08220fb73a7e68df3b,-18.705854386472467,-40.40462932422648,ES,2,46.995000000000005,63.36,126.72,46.995000000000005,1.0,2,2,0.3482285349505266,848.8592293112242,1.5,5.0,12.955711805555556,0.0,1.67545871559633,307,1.0,0.0,0.0,0.5850622406639003,0.4149377593360995,0.0,0.0,0.0,0.0,0.0,0.0,0.0,0.0,0.0,0.0,0.0,2,129.0,129.0,129.0,0.0,0.0,0.7449738364087028,0.20668588364228002
2b952792a20f6076f6e7a9c6a27ade02,-23.27479744106395,-47.087194087137846,SP,2,48.440000000000005,65.07,130.14,32.29333333333334,1.5,2,2,0.3433113129644921,185.2003315871289,2.5,4.5,9.78878472222222,0.0,1.6090308370044053,282,0.3652989088673736,0.6347010911326264,0.0,0.0,0.0,0.6699009083402147,0.0,0.0,0.0,0.0,0.0,0.0,0.0,0.0,0.0,0.3300990916597853,2,173.0,173.0,173.0,0.0,0.0,1.7374842238115271,0.380992219892429
2b9bd15bf8e54b231c518790c55e5f92,-22.983040958833158,-43.22503798447633,RJ,2,49.9,57.88,115.76,49.9,1.0,1,1,0.1599198396793587,49.17454901169194,1.5,5.0,2.649502314814815,0.0,2.0,82,1.0,0.0,0.0,1.0,0.0,0.0,0.0,0.0,0.0,0.0,0.0,0.0,0.0,0.0,0.0,0.0,2,43.0,43.0,43.0,1.0,1.0,1.0038082049506665,0.002687689907758114
2bd9d2f3cc5d99b1b3d9ff5acd81bd5e,-21.45988664061386,-43.552488064490674,MG,2,35.95,51.555,103.11,35.95,1.0,2,2,0.4340751043115438,405.70503531945457,4.5,5.0,10.791429398148148,0.0,1.5411392405063291,300,1.0,0.0,0.0,0.541029207232267,0.0,0.0,0.4589707927677329,0.0,0.0,0.0,0.0,0.0,0.0,0.0,0.0,0.0,2,174.0,174.0,174.0,0.0,0.0,1.1436590436590437,0.09477466507611368
2be5dce8b491a7bc6a65d6e91bf49812,-21.21844743504548,-50.415921591705896,SP,2,62.24,75.305,150.61,62.24,1.0,2,2,0.2099132390745501,488.5421869076798,6.0,5.0,9.845127314814814,0.0,2.0,9,1.0,0.0,0.0,0.1927217223650385,0.0,0.0,0.8072782776349615,0.0,0.0,0.0,0.0,0.0,0.0,0.0,0.0,0.0,2,258.0,258.0,258.0,0.0,0.0,3.202287946428571,0.7411451860972603
2c14db46aee6245ff5a01f7f69544f73,-23.81765711650305,-46.07870889080958,SP,2,134.9,148.28,296.56,134.9,1.0,1,1,0.0991845811712379,351.02447658329345,6.0,4.5,7.266203703703703,0.0,2.0,153,1.0,0.0,0.0,0.0,1.0,0.0,0.0,0.0,0.0,0.0,0.0,0.0,0.0,0.0,0.0,0.0,2,1.0,1.0,1.0,1.0,1.0,1.0,0.0
2c3ed77b92cba1f5622b5ccaa1792b8b,-22.882977029911466,-43.32020593824792,RJ,2,177.45,195.9,391.8,177.45,1.0,1,2,0.1039729501267962,458.47288418591097,3.0,1.0,22.943090277777777,0.0,2.0,218,1.0,0.0,0.0,0.0,0.0,1.0,0.0,0.0,0.0,0.0,0.0,0.0,0.0,0.0,0.0,0.0,2,24.0,24.0,24.0,1.0,0.0,9.020460358056265,1.131948374579384
2c45ab66a3dae52960147e76a35740ff,-29.69204954102449,-53.82595163982686,RS,2,95.95,114.295,228.59,95.95,1.0,2,2,0.1911933298593017,930.2863206529672,5.5,5.0,12.472268518518518,0.0,2.0,31,1.0,0.0,0.0,0.0,0.0,0.0,0.0,0.0,0.0,0.0,0.0,0.0,0.0,0.8853569567483064,0.0,0.1146430432516935,2,227.0,227.0,227.0,0.0,0.0,0.21370924923011575,0.9161856881396022
2c6a91479a7dc00d8c9d650d8dee88ca,-26.89053482068349,-48.65522032752857,SC,2,184.45,199.765,399.53,184.45,1.0,2,2,0.0830306316074817,320.9850351564334,4.0,5.0,14.445827546296297,0.0,2.0,229,1.0,0.0,0.0,0.0,0.0,0.1217132014095961,0.0,0.0,0.0,0.0,0.0,0.0,0.0,0.0,0.0,0.8782867985904039,2,71.0,71.0,71.0,0.0,0.0,5.5485985903950175,0.9823002169903577
2c961ee955abb3ac9a80babd54ed4156,-23.464616087840145,-46.598316461438976,SP,2,65.45,80.22,160.44,65.45,1.0,2,2,0.2256684491978609,463.38480778917744,1.0,4.5,21.50939236111111,0.0,2.0,218,0.0,1.0,0.0,0.0,0.0,0.0,0.0,0.2436974789915966,0.0,0.0,0.0,0.0,0.0,0.0,0.0,0.7563025210084033,2,7.0,7.0,7.0,0.0,0.0,0.4019573575672842,0.6032708564498543
2ccc5d0620e07e3b54b83848c31a08fa,-20.354960243546515,-40.301778939396506,ES,2,74.0,90.175,180.35,74.0,1.0,2,2,0.218581081081081,606.5354139410907,1.0,3.0,21.046579861111116,0.5,2.0,170,1.0,0.0,0.0,0.0,0.3986486486486486,0.0,0.0,0.0,0.0,0.0,0.0,0.0,0.0,0.0,0.0,0.6013513513513513,2,22.0,22.0,22.0,0.0,0.0,0.7004525740147087,0.24912428542607828
2cf396c9e24e7627ff042cccb209b9e6,-23.05746897204589,-49.73157262073924,SP,2,189.99,214.65,429.3,189.99,1.0,2,2,0.1297963050686878,291.183672998483,4.0,3.5,10.208483796296296,0.0,1.8827319587628868,349,1.0,0.0,0.0,0.0,0.0,0.0,0.0,0.0,0.0,0.0,0.5789515237644086,0.0,0.0,0.0,0.4210484762355913,0.0,2,39.0,39.0,39.0,0.0,0.0,0.8101703491313881,0.14830629997213315
2cff422ea56f68a1e1bdce4371b88d66,-22.881744181436307,-43.350485600563744,RJ,2,39.99,55.22,110.44,39.99,1.0,1,1,0.3808452113028257,337.5321708219315,1.0,5.0,5.915868055555556,0.0,2.0,103,1.0,0.0,0.0,0.0,0.0,0.0,0.0,1.0,0.0,0.0,0.0,0.0,0.0,0.0,0.0,0.0,2,11.0,11.0,11.0,1.0,1.0,1.0,0.0
2d14556024f4bbe01f147576097c42fe,-10.39984701879621,-36.41428602158606,AL,2,114.45,160.2,320.4,114.45,1.0,2,2,0.399737876802097,1801.209414506851,3.5,5.0,19.42411458333333,0.0,2.0,28,1.0,0.0,0.0,0.436435124508519,0.0,0.0,0.0,0.0,0.0,0.0,0.0,0.0,0.0,0.0,0.0,0.5635648754914809,2,208.0,208.0,208.0,0.0,0.0,0.9134069871603464,0.06400155010739662
2d49eaf79111ff286fe657aadbed5a28,-23.65583567711373,-52.60976283809376,PR,2,56.445,75.475,150.95,56.445,1.0,2,2,0.3371423509611126,644.0305732131437,2.0,5.0,9.174890046296296,0.0,1.7948402948402948,119,1.0,0.0,0.0,0.0,0.0,0.0,0.0,0.0,0.0,0.0,0.0,0.0,0.0,0.0,0.0,1.0,2,289.0,289.0,289.0,0.0,0.0,0.4413253127088704,0.5481658531596542
2d5e5796e7901464c00407e69739c6db,-22.820290016760055,-43.42253161600775,RJ,2,88.5,108.695,217.39,88.5,1.0,2,2,0.2281920903954802,471.427013981535,2.5,5.0,12.436429398148148,0.0,1.6564625850340138,90,1.0,0.0,0.0,0.0,0.0,0.0,0.0,0.0,0.0,0.0,0.0,0.0,0.5644067796610169,0.0,0.0,0.435593220338983,2,350.0,350.0,350.0,0.0,0.0,0.8553383972006486,0.11026689305958862
2d7c6bd64b139f0f40968dd19c629532,-22.81238982956938,-42.16820651492464,RJ,2,95.695,116.38,232.76,95.695,1.0,1,2,0.2161554940174513,839.5106482100018,2.5,5.0,8.842465277777777,0.0,1.7948402948402948,397,1.0,0.0,0.0,1.0,0.0,0.0,0.0,0.0,0.0,0.0,0.0,0.0,0.0,0.0,0.0,0.0,2,9.0,9.0,9.0,1.0,0.0,1.1777694610778444,0.1154410452186321
2dc7f51f05ba1b1a92608e45e55d1fe1,-23.63878222303716,-46.71416815711011,SP,2,43.24,52.57000000000001,105.14,43.24,1.0,2,2,0.2157724329324699,38.02022381987359,2.0,4.5,5.375318287037037,0.0,1.328181818181818,255,1.0,0.0,0.0,0.0,0.0,0.0,0.0,0.0,0.0,0.0,0.0,0.0,0.0,0.0,0.0,1.0,2,295.0,295.0,295.0,0.0,0.0,1.7881198621055425,0.39975677262439024
2dcbfb99d95c7ba6eb992a98627f45b8,-23.829227975438727,-46.7228892748408,SP,2,112.94,142.615,285.23,75.29333333333334,1.5,1,3,0.2627501328138835,133.78277039308026,9.5,1.0,7.340370370370371,0.0,2.0,273,1.0,0.0,0.0,0.0,0.0,1.0,0.0,0.0,0.0,0.0,0.0,0.0,0.0,0.0,0.0,0.0,2,5.0,5.0,5.0,1.0,0.0,0.5217948033932668,0.44439912209620486
2dd7f52683f631651a5d94056935e1e1,-23.662715039850973,-46.76399857949136,SP,2,74.95,85.57,171.14,74.95,1.0,2,2,0.1416944629753168,50.15737962408959,1.0,5.0,17.29820601851852,0.0,2.0,202,0.0,0.0,1.0,0.0,0.0,0.0,0.0,0.0,0.666444296197465,0.0,0.0,0.0,0.0,0.0,0.333555703802535,0.0,2,5.0,5.0,5.0,0.0,0.0,1.8840579710144927,0.4335026497726573
2ddaeeb8948d70423c3326843412fccf,-23.5695513951548,-46.57670457972751,SP,2,64.0,71.71,143.42,64.0,1.0,1,1,0.12046875,17.290494037655147,1.0,5.0,4.699826388888889,0.0,2.0,72,0.5,0.5,0.0,0.0,0.0,0.0,0.0,0.0,0.0,0.0,0.0,0.0,0.0,0.0,0.0,1.0,2,7.0,7.0,7.0,1.0,1.0,1.0,0.0
2ddc001b620bd90d0f4378cfde1db887,-23.552381514000484,-46.79498923907829,SP,4,105.5875,120.8325,483.33,105.5875,1.0,3,4,0.1443826210488931,297.49021693042386,1.5,5.0,7.614114583333333,0.0,4.0,151,0.0744005131069869,0.9180684004717274,0.0075310864212856,0.0,0.0,0.0,0.0,0.0,0.0,0.736332425713271,0.0,0.0,0.0,0.0,0.0,0.263667574286729,4,62.0,26.0,186.0,0.3333333333333333,0.0,1.2472645099904853,0.772609238070651
2e08911037fe7ec67377711eee1fdbf3,-29.170277639866427,-51.5158655539039,RS,2,155.1,178.89,357.78000000000003,103.4,1.5,2,2,0.153384912959381,701.1844579375262,4.5,4.5,18.40859953703704,0.0,2.0,185,1.0,0.0,0.0,0.0,0.0,0.0,0.0,0.9065119277885236,0.0,0.0,0.0,0.0,0.0,0.0,0.0,0.0934880722114764,2,95.0,95.0,95.0,0.0,0.0,7.301160092807424,1.0734868334431358
2e0a2166aa23da2472c6a60c4af6f7a6,-23.55744042589853,-46.50947494231574,SP,2,136.35000000000002,149.765,299.53,136.35000000000002,1.0,2,2,0.0983865053171983,311.02903883828066,4.5,5.0,13.143234953703704,0.0,1.3021390374331552,308,0.4543785263579608,0.5456214736420393,0.0,0.0,0.0,0.4506784011734506,0.0,0.0,0.5493215988265493,0.0,0.0,0.0,0.0,0.0,0.0,0.0,2,252.0,252.0,252.0,0.0,0.0,0.8327724408003426,0.12903701352003707
2e366b0c6451864364bab2e7917ca1bb,-23.702226365419754,-46.5025074714486,SP,2,49.0,56.78,113.56,49.0,1.0,1,1,0.1587755102040816,26.41738676452832,1.0,1.0,51.40908564814815,1.0,1.581168831168831,460,0.5,0.5,0.0,0.0,0.0,0.0,0.0,0.0,0.0,0.0,0.0,0.0,0.0,0.0,0.0,1.0,2,2.0,2.0,2.0,1.0,1.0,1.0,0.0
2e49a3bbeb76297ee0ff49df39c2456c,-22.895204901190137,-43.49090332167557,RJ,2,85.95,102.535,205.07,85.95,1.0,1,2,0.1929610238510762,439.63413244619153,8.0,5.0,21.13067708333333,0.0,1.4639278557114228,14,0.8796996147656897,0.0,0.1203003852343102,0.0,0.0,1.0,0.0,0.0,0.0,0.0,0.0,0.0,0.0,0.0,0.0,0.0,2,485.0,485.0,485.0,1.0,0.0,1.3415163279287508,0.20626677549412037
2e7c511f54e9d94776c606007d672a22,-22.891405847408382,-47.08249889237933,SP,2,299.85,314.475,628.95,199.9,1.5,1,1,0.0487743871935967,82.73039852877297,10.0,5.0,2.019351851851852,0.0,2.0,145,1.0,0.0,0.0,0.0,0.0,0.0,0.0,0.0,0.0,0.0,0.0,0.0,0.0,0.0,0.0,1.0,2,1.0,1.0,1.0,1.0,1.0,0.5,0.4714045207910316
2e9399fc2fe209771a6f719e14bdb6fe,-25.385221863121696,-49.24644395174475,PR,2,63.8,95.01,190.02,31.9,2.0,2,2,0.4891849529780565,381.5430189415301,9.0,5.0,10.398275462962962,0.0,2.0,282,1.0,0.0,0.0,0.0,0.5470219435736677,0.0,0.0,0.0,0.4529780564263322,0.0,0.0,0.0,0.0,0.0,0.0,0.0,2,1.0,1.0,1.0,0.0,0.0,0.8625759654969614,0.10434309096132402
2ef9e79cf6bf3c0dac3b48c8dd46259e,-23.586623567698137,-46.64398809541936,SP,2,43.9,71.245,142.49,29.266666666666666,1.5,1,1,0.6228929384965831,711.5916192494957,1.0,5.0,8.091932870370371,0.0,2.0,124,0.0,0.3244438206189907,0.0,0.0,0.0,0.0,1.0,0.0,0.0,0.0,0.0,0.0,0.0,0.0,0.0,0.0,2,41.0,41.0,41.0,1.0,1.0,2.0821977071165914,0.49654785967805426
2f118e666b41b76a61d8cdbbc19f7735,-21.40297437768646,-50.47485386319769,SP,2,162.5,182.315,364.63,162.5,1.0,1,1,0.1219384615384615,295.70887499969274,2.5,4.5,6.146018518518519,0.0,2.0,64,1.0,0.0,0.0,0.0,0.0,0.0,1.0,0.0,0.0,0.0,0.0,0.0,0.0,0.0,0.0,0.0,2,236.0,236.0,236.0,1.0,1.0,0.9301783918267958,0.0511572741894554
2f1ae2ed6bbc4661d04c271560570c54,-23.47374607894498,-46.63184336668436,SP,2,42.445,55.645,111.29,42.445,1.0,2,2,0.3109906938390858,446.6737792136437,1.0,4.5,13.263107638888888,0.0,2.0,155,1.0,0.0,0.0,0.0,0.0,0.5877017316527271,0.0,0.4122982683472729,0.0,0.0,0.0,0.0,0.0,0.0,0.0,0.0,2,119.0,119.0,119.0,0.0,0.0,0.8789464798244134,0.09111251003877333
2f293b442348c20d12aa4537bd3d7234,-23.46492533419613,-47.50166175483162,SP,2,144.9,157.005,314.01,144.9,1.0,1,1,0.0835403726708074,85.75404049642314,1.0,5.0,3.340810185185185,0.0,2.0,103,0.4839654788064074,0.0,0.0,0.0,0.0,1.0,0.0,0.0,0.0,0.0,0.0,0.0,0.0,0.0,0.0,0.0,2,33.0,33.0,33.0,1.0,1.0,0.9378548506541595,0.045352474676274825
2f2f4b5a5700a5b108e6da7f0f5f5bb3,-22.97517107056021,-43.24357160448603,RJ,2,79.4,101.665,203.33,79.4,1.0,1,1,0.2804156171284634,888.7427236788809,1.5,3.5,12.65454861111111,0.0,2.0,87,1.0,0.0,0.0,0.0,0.0,0.0,0.0,1.0,0.0,0.0,0.0,0.0,0.0,0.0,0.0,0.0,2,41.0,41.0,41.0,1.0,1.0,0.9901145150239796,0.00702481531498959
2f679a526d3b619beccc26a3d1435de4,-22.912718874842284,-43.18854638490027,RJ,2,63.94500000000001,81.645,163.29,63.94500000000001,1.0,1,2,0.2768003753225428,594.2012680061146,2.5,3.5,15.998310185185185,0.0,2.0,274,0.6662379815052973,0.0,0.3337620184947027,0.0,0.0,1.0,0.0,0.0,0.0,0.0,0.0,0.0,0.0,0.0,0.0,0.0,2,18.0,18.0,18.0,1.0,0.0,1.1026268349214525,0.06902616260710127
2f7c8c8386941ce0ef458ca7ff304123,-7.949320075528437,-35.38532087075869,PE,2,94.9,123.965,247.93,94.9,1.0,2,2,0.3062697576396206,2143.923691747521,8.5,4.5,21.362604166666664,0.0,1.7560096153846152,379,1.0,0.0,0.0,0.0,0.0,0.0,0.0,0.0,0.0,0.0,0.0,0.0,0.0,0.0,0.6317175974710221,0.3682824025289778,2,37.0,37.0,37.0,0.0,0.0,0.6623977470832776,0.28720063270070306
2f87ccd8d2d676d667a844ee5c6a17bd,-29.17021201065379,-51.23161109742568,RS,2,181.0,202.76,405.52,181.0,1.0,1,1,0.1202209944751381,960.316603255783,1.0,4.0,13.597986111111112,0.0,2.0,228,1.0,0.0,0.0,0.0,0.0,0.0,1.0,0.0,0.0,0.0,0.0,0.0,0.0,0.0,0.0,0.0,2,117.0,117.0,117.0,1.0,1.0,1.0,0.0
2fa63db193ecb500d4058cae36026f8f,-6.767897014057251,-37.79610537007395,PB,2,139.4,223.08,446.16,139.4,1.0,1,1,0.6002869440459111,,4.0,5.0,12.911765046296296,0.0,2.0,132,1.0,0.0,0.0,0.0,0.0,0.0,0.0,0.0,0.0,0.0,1.0,0.0,0.0,0.0,0.0,0.0,2,8.0,8.0,8.0,1.0,1.0,1.0,0.0
2fb6dae4fb3a2f917940978144362cd2,-23.842319063448443,-50.19429734390044,PR,2,75.49,94.68,189.36,75.49,1.0,2,2,0.254205855080143,373.98113285423216,2.5,5.0,8.057418981481483,0.0,2.0,140,0.5298373468525559,0.470162653147444,0.0,0.0,0.0,0.0,0.0,0.0,0.0,0.0,0.4370777586435289,0.0,0.0,0.0,0.0,0.5629222413564711,2,194.0,194.0,194.0,0.0,0.0,0.8873716734775242,0.08439276116822966
2fd07dc5dbae616986e00fb72e7a779b,-23.302362454949854,-45.971899999280666,SP,2,91.9,101.37,202.74,91.9,1.0,1,1,0.1030467899891185,168.87708676475663,1.0,4.5,8.66457175925926,0.0,2.0,119,0.0,1.0,0.0,0.0,0.0,0.0,0.0,0.0,0.0,0.0,0.0,0.0,0.0,0.0,1.0,0.0,2,10.0,10.0,10.0,1.0,1.0,2.485900962861073,0.6028230051311182
2fe074ea3cc24b8fd57d29effc995f8b,-23.562903213937552,-46.65964665497069,SP,2,489.945,521.53,1043.06,489.945,1.0,2,2,0.0644664197001704,390.2553875514776,2.0,5.0,12.162523148148148,0.0,1.4465346534653465,276,1.0,0.0,0.0,0.0,0.0,0.0203084019634856,0.0,0.0,0.9796915980365144,0.0,0.0,0.0,0.0,0.0,0.0,0.0,2,230.0,230.0,230.0,0.0,0.0,0.0313949234161632,1.3281182646810241
301a6d74a3eb7cd8e3508a045b8fa2e1,-27.23018043969574,-52.04565153024272,SC,2,277.0,295.58500000000004,591.1700000000001,277.0,1.0,1,1,0.0670938628158844,181.28518945449667,5.0,5.0,4.057413194444445,0.0,1.8974025974025972,375,1.0,0.0,0.0,0.0,0.0,0.0,0.0,0.0,0.0,0.0,0.0,0.0,1.0,0.0,0.0,0.0,2,10.0,10.0,10.0,1.0,1.0,2.233971553610503,0.5396149217052608
30a81e307f19e822e7199139fe52b1b0,-17.46103016226294,-41.88355404660503,MG,3,27.626666666666665,43.77,131.31,27.626666666666665,1.0,1,2,0.5843388030888031,842.2645600983057,1.0,4.666666666666667,11.864502314814814,0.0,3.0,170,1.0,0.0,0.0,0.0,0.0,0.0,0.0,0.0,0.0,0.0,0.0,0.0,0.0,0.0,0.0,1.0,3,72.0,72.0,144.0,1.0,0.5,1.3047110698537943,0.2770004635517898
30b782a79466007756f170cb5bd6bbd8,-23.68557276214228,-46.776189928726765,SP,3,45.82,72.91666666666667,218.75000000000003,19.63714285714286,2.333333333333333,3,3,0.5913720355012366,27.79376242110294,1.3333333333333333,3.0,6.025237268518518,0.5,1.960196779964222,34,1.0,0.0,0.0,0.0,0.0,0.1745962461807071,0.0,0.0,0.6078859304524953,0.0,0.0,0.0,0.0,0.0,0.0,0.2175178233667976,3,262.5,262.5,525.0,0.0,0.0,2.454823889739663,0.664016998257959
30d2d6693d77801c2bcdfafbba202462,-22.894014714563,-42.032876188852256,RJ,2,72.105,87.46,174.92,72.105,1.0,2,2,0.2129533319464669,284.99999164475787,4.0,4.0,15.580462962962962,0.0,2.0,174,1.0,0.0,0.0,0.0,0.0,0.0,0.9007697108383608,0.0,0.0,0.0,0.0,0.0992302891616392,0.0,0.0,0.0,0.0,2,18.0,18.0,18.0,0.0,0.0,4.947636858211492,0.9386587845387396
310647380793836bfa5b7b6b3f518423,-21.191984421307,-47.76622003241742,SP,3,87.62666666666667,128.42333333333332,385.27,26.288,3.333333333333333,2,4,0.4654595252586732,280.7988147945072,1.0,5.0,12.165756172839508,0.0,2.182768924302789,319,0.0,1.0,0.0,0.0,0.0,0.8938679245283019,0.0,0.1061320754716981,0.0,0.0,0.0,0.0,0.0,0.0,0.0,0.0,3,91.5,91.5,183.0,0.5,0.0,5.284535596416784,0.7106644917055884
313febe2adc914a7cb3f6e903f8e13cf,-23.17157838502646,-46.97589459527797,SP,2,48.795,80.74000000000001,161.48000000000002,19.518,2.5,1,2,0.6546777333743212,251.6881407683624,1.0,5.0,7.069849537037037,0.0,1.5443974630021142,20,0.0,1.0,0.0,0.0,0.0,1.0,0.0,0.0,0.0,0.0,0.0,0.0,0.0,0.0,0.0,0.0,2,453.0,453.0,453.0,1.0,0.0,4.263363754889179,0.8768334274510421
314259ece6a9207c6fc02d925fc996b9,-23.53247248366827,-46.70515735092388,SP,2,83.95,98.46,196.92,55.96666666666667,1.5,2,2,0.172840976771888,146.30033188090613,1.0,3.0,8.153709490740741,0.0,2.0,166,0.0,0.6579321551899248,0.0,0.0,0.6789755807027993,0.0,0.0,0.0,0.0,0.0,0.0,0.0,0.3210244192972007,0.0,0.0,0.0,2,23.0,23.0,23.0,0.0,0.0,0.5199135535659154,0.4466995916088082
3170ebd8b32a5e2102c9d75e0a7f6d74,-23.578553463727257,-46.6683400138493,SP,2,126.35,138.24,276.48,126.35,1.0,2,2,0.0941036802532647,226.92218168407248,1.5,5.0,6.119311342592592,0.0,1.9376657824933683,373,0.248951099537037,0.7510489004629629,0.0,0.0,0.2125049465769687,0.0,0.0,0.0,0.0,0.0,0.0,0.0,0.0,0.0,0.0,0.7874950534230313,2,4.0,4.0,4.0,0.0,0.0,3.0168531163736745,0.7100735197071508
317f563ca3576550955f39a346b15be5,-22.889229278684425,-47.1085156313,SP,2,146.85000000000002,165.135,330.27,97.90000000000002,1.5,1,1,0.1245148110316649,128.71269725744045,7.0,3.0,19.00640625,0.5,2.0,194,1.0,0.0,0.0,1.0,0.0,0.0,0.0,0.0,0.0,0.0,0.0,0.0,0.0,0.0,0.0,0.0,2,28.0,28.0,28.0,1.0,1.0,2.0,0.47140452079103173
318b8659483e12e9cbe1e6550d97f9d9,-26.89085686127764,-49.07412477211832,SC,2,299.9,317.7,635.4,299.9,1.0,1,1,0.0593531177059019,765.0708837582968,1.0,5.0,14.644212962962962,0.0,1.281578947368421,550,1.0,0.0,0.0,0.0,0.0,0.0,0.0,0.0,0.0,0.0,0.0,0.0,0.0,0.0,0.0,1.0,2,20.0,20.0,20.0,1.0,1.0,0.9385544741739635,0.044825717888250106
319aed7fd576c317a96b55a991befb3e,-23.48261757233992,-47.44782483931695,SP,2,24.99,32.885000000000005,65.77000000000001,24.99,1.0,1,1,0.3159263705482193,86.66415358168602,1.5,4.0,5.980503472222222,0.0,2.0,162,1.0,0.0,0.0,0.0,0.0,0.0,0.0,0.0,0.0,0.0,0.0,0.0,0.0,0.0,0.0,1.0,2,18.0,18.0,18.0,1.0,1.0,0.9697514225816113,0.02171743497030292
31aa2034dc4b34b06487e22a53b4a07a,-5.293961047709107,-36.75967200103079,RN,2,154.0,189.64,379.28,154.0,1.0,1,2,0.2314285714285714,2253.7977040192577,1.5,5.0,22.43052662037037,0.0,2.0,338,1.0,0.0,0.0,1.0,0.0,0.0,0.0,0.0,0.0,0.0,0.0,0.0,0.0,0.0,0.0,0.0,2,15.0,15.0,15.0,1.0,0.0,1.0518258047065188,0.035720749650744225
31bfa97f1ea0663a50ebc5c811ebdf4d,-23.676508373799837,-46.60515537068292,SP,2,441.995,468.68,937.36,441.995,1.0,2,2,0.0603739861310648,170.15577895607322,1.0,2.5,16.199901620370373,0.5,2.0,304,0.0,1.0,0.0,0.0,0.7794205816807882,0.0,0.0,0.0,0.0,0.0,0.0,0.0,0.0,0.0,0.0,0.2205794183192117,2,23.0,23.0,23.0,0.0,0.0,0.32612755361892365,0.7186334002192889
31d332d20895c5c0baefe55207a0fead,-23.45349763029941,-45.093703696151486,SP,3,77.10000000000001,92.02333333333333,276.07,77.10000000000001,1.0,3,3,0.1935581495892779,377.6994629841888,6.666666666666667,4.0,7.654016203703704,0.0,2.301995798319328,48,1.0,0.0,0.0,0.0,0.2269779507133592,0.496757457846952,0.0,0.0,0.0,0.0,0.0,0.0,0.0,0.0,0.0,0.2762645914396887,3,214.5,214.5,429.0,0.0,0.0,1.9226560189293105,0.3622916974083074
31d958dffbf0b744375b5ff0393e6fb3,-21.21729958087548,-50.46859204608529,SP,2,93.95,106.87,213.74,93.95,1.0,2,2,0.1375199574241618,453.65632110551365,6.0,3.0,7.034612268518519,0.0,1.5378947368421052,348,1.0,0.0,0.0,0.0,0.0,0.0,0.3086748270356572,0.0,0.0,0.0,0.0,0.0,0.0,0.0,0.0,0.6913251729643427,2,127.0,127.0,127.0,0.0,0.0,0.48605993186400603,0.48909266646682514
31e0eb64c5eb715aab04433200ea4ed5,-23.03939698368212,-46.97788303677087,SP,2,89.99,100.03,200.06,89.99,1.0,1,1,0.111567951994666,76.22348833272555,5.0,3.0,6.547390046296296,0.0,2.0,347,1.0,0.0,0.0,0.0,0.0,0.0,0.0,0.0,0.0,0.0,0.0,0.0,0.0,0.0,0.0,1.0,2,9.0,9.0,9.0,1.0,1.0,1.0,0.0
31e2e13cc64f2a3bd9dbde22bbad06b2,-5.069099754925878,-42.78939472347803,PI,2,106.0,175.1,350.2,53.0,2.0,1,1,0.6518867924528301,1966.3765461967616,7.5,5.0,15.979762731481484,0.0,2.0,221,1.0,0.0,0.0,0.0,0.0,1.0,0.0,0.0,0.0,0.0,0.0,0.0,0.0,0.0,0.0,0.0,2,2.0,2.0,2.0,1.0,1.0,0.3314070638330229,0.7101758911448671
320e13a9e22b4e4cda8c17ed1c140ce0,-21.86739647939384,-47.4786293018137,SP,2,35.849999999999994,50.085,100.17,35.849999999999994,1.0,2,2,0.397071129707113,450.3944369649771,2.5,3.0,17.521504629629632,0.5,2.0,271,0.449236298292902,0.0,0.550763701707098,0.0,0.0,0.0,0.0,0.0,0.0,0.0,0.0,0.0,0.0,0.5829846582984659,0.0,0.4170153417015342,2,8.0,8.0,8.0,0.0,0.0,1.226,0.1435814308608803
323ff9fd6b4a3edcdf3039e1fb213eb6,-14.520789026924472,-49.1426022778324,GO,2,173.5,192.43,384.86,173.5,1.0,2,2,0.1091066282420749,865.55075075331,4.5,5.0,12.861938657407409,0.0,2.0,59,0.8267681754404198,0.1732318245595801,0.0,0.0,0.0,0.0,0.0,0.8587896253602305,0.0,0.0,0.0,0.0,0.1412103746397694,0.0,0.0,0.0,2,224.0,224.0,224.0,0.0,0.0,4.772611369431528,0.9242399709195054
325e19085f3017b73be3d9fd98a93301,-20.017960283691043,-44.06620555493703,MG,2,49.0,65.05,130.1,49.0,1.0,1,1,0.3275510204081633,809.0546880718196,1.0,5.0,8.352083333333333,0.0,1.236040609137056,579,0.0,0.5,0.0,0.0,0.0,0.0,0.0,0.0,1.0,0.0,0.0,0.0,0.0,0.0,0.0,0.0,2,12.0,12.0,12.0,1.0,1.0,1.0,0.0
326489271c23dd3128b4480220e5232a,-18.893654910658668,-48.24996955817887,MG,2,308.495,336.92,673.8399999999999,308.495,1.0,2,2,0.0921408774858587,575.5090700867232,1.0,5.0,14.442170138888889,0.5,2.0,110,0.0,0.4764929360085481,0.5235070639914521,0.0,0.0,0.0,0.5137846642571192,0.0,0.0,0.4862153357428808,0.0,0.0,0.0,0.0,0.0,0.0,2,21.0,21.0,21.0,0.0,0.0,1.098666998878784,0.06648801741656724
3279712e1ea8d52462488b4fb9dd7014,-21.79293012708139,-46.56648701605854,MG,2,86.83500000000001,102.27,204.54,57.89000000000001,1.5,1,1,0.177750906892382,186.1596648102912,1.0,3.0,19.712181712962963,0.5,2.0,107,0.3333333333333333,0.6666666666666666,0.0,0.0,0.0,0.0,0.0,0.0,0.0,0.0,0.0,0.0,0.0,0.0,0.0,1.0,2,9.0,9.0,9.0,1.0,1.0,0.5,0.4714045207910316
327a01a6885ecfda06a3d5c50fb515c3,,,RJ,2,73.75,90.39,180.78,73.75,1.0,2,2,0.2256271186440678,,1.0,5.0,12.850376157407409,0.0,1.9123036649214655,122,0.0,1.0,0.0,0.6711864406779661,0.0,0.0,0.0,0.0,0.0,0.0,0.0,0.0,0.0,0.3288135593220339,0.0,0.0,2,259.0,259.0,259.0,0.0,0.0,1.7349470499243573,0.3800337142387708
32c3312cd5a2dddfdcbd359694cd7ae8,-20.536206896215887,-49.32113589711543,SP,2,112.445,127.555,255.11,112.445,1.0,2,2,0.1343768064387033,365.0684119518544,5.5,4.5,11.206186342592591,0.0,1.8171641791044773,253,0.5045666575202853,0.4954333424797146,0.0,0.0,0.0,0.5109164480412647,0.0,0.0,0.0,0.4890835519587354,0.0,0.0,0.0,0.0,0.0,0.0,2,148.0,148.0,148.0,0.0,0.0,1.0184350027692064,0.012916457999801297
32ea3bdedab835c3aa6cb68ce66565ef,-23.58146893021045,-46.63503031850863,SP,3,34.96333333333333,45.72,137.16,34.96333333333333,1.0,2,3,0.3076556392411098,245.1062866945064,1.0,4.666666666666667,12.063530092592591,0.0,1.5675965665236051,66,0.3040244969378828,0.331437736949548,0.3645377661125693,0.0,0.7522166078749166,0.0,0.0,0.0,0.0,0.0,0.0,0.0,0.0,0.0,0.0,0.2477833921250834,3,316.5,316.5,633.0,0.5,0.0,0.7681478222613287,0.23911459008408611
32fb60e2ce6a1f62eeccbc2d33046072,-23.60838419310232,-46.68559464820463,SP,2,213.9,240.625,481.25,213.9,1.0,2,2,0.1249415614773258,689.9862471141821,14.0,5.0,10.36353587962963,0.0,2.0,27,1.0,0.0,0.0,0.0,0.0,0.0,0.0,0.0,0.0,0.0,0.0,0.0,0.0,0.0,0.0,1.0,2,16.0,16.0,16.0,0.0,0.0,0.9514618223105307,0.035175348242298156
330fdaa06f93c0c6ffb4af7d79c1ef12,-22.911486520480484,-47.0747842903293,SP,2,37.53,53.595,107.19,37.53,1.0,2,2,0.4280575539568345,375.8992741771861,1.0,1.5,6.555231481481481,0.0,1.9743243243243245,74,0.4294243866032279,0.5705756133967721,0.0,0.0,0.0,0.0,0.0,0.4196642685851319,0.0,0.5803357314148682,0.0,0.0,0.0,0.0,0.0,0.0,2,296.0,296.0,296.0,0.0,0.0,0.7526160889470243,0.1996179792770307
33176de67c05eeed870fd49f234387a0,-29.942625455356414,-51.107653696172406,RS,3,340.5,418.0033333333333,1254.01,92.86363636363636,3.6666666666666665,2,3,0.2276162506118453,833.2612012655052,1.0,2.1666666666666665,11.193738425925927,0.0,3.0,90,0.0,1.0,0.0,0.0,0.0,0.0,0.0,0.8042094958394518,0.0,0.0,0.0,0.0,0.0,0.0,0.0,0.1957905041605482,2,102.0,102.0,102.0,0.0,0.0,0.29939797113162775,0.7625076482064105
33416ee3d4fa56400ec814d7b24bde02,-22.936712671809676,-43.37795808779223,RJ,2,101.995,124.95,249.9,67.99666666666667,1.5,2,2,0.2250600519633315,351.1063182233756,8.5,4.5,11.09066550925926,0.0,2.0,116,1.0,0.0,0.0,0.0,0.5588509240649051,0.0,0.0,0.0,0.0,0.0,0.0,0.0,0.0,0.4411490759350948,0.0,0.0,2,106.0,106.0,106.0,0.0,0.0,1.3745724059293045,0.22308242748598403
334293c291f43a6aa85020f8597a171f,-21.705308223952034,-47.27498352240022,SP,2,123.82500000000002,147.69,295.38,61.91250000000001,2.0,2,2,0.1927316777710478,267.41492139936213,1.0,5.0,5.760972222222222,0.0,1.835427135678392,332,0.0,1.0,0.0,0.0,0.0,0.0,0.0,0.2016959418534221,0.0,0.0,0.0,0.0,0.0,0.0,0.0,0.7983040581465778,2,67.0,67.0,67.0,0.0,0.0,3.779611650485437,0.8224443284733235
334d0235ca6f2f09dd55804a26efe952,-25.39067303070244,-52.40371861037213,PR,2,78.9,96.37,192.74,78.9,1.0,1,2,0.2214195183776932,381.400509919232,1.5,5.0,7.541134259259259,0.0,2.0,89,0.6512400124520078,0.3487599875479921,0.0,0.0,0.0,0.0,0.0,0.0,0.0,0.0,0.0,0.0,0.0,0.0,1.0,0.0,2,55.0,55.0,55.0,1.0,0.0,0.5355321861057999,0.42777135356621054
336421b86cc4259a58106da261e0e000,-22.92915134908306,-43.181939299733735,RJ,2,196.6,281.41,562.8199999999999,98.3,2.0,1,1,0.431383519837233,364.2809375568477,1.0,5.0,12.85490162037037,0.0,1.330601092896175,481,0.0,1.0,0.0,0.0,0.0,0.0,0.0,0.0,0.0,1.0,0.0,0.0,0.0,0.0,0.0,0.0,2,68.0,68.0,68.0,1.0,1.0,1.0069177007559549,0.0048746922835076955
339c527109c4c03e8e09bd4b593dab5f,-20.2463499110259,-50.643459947363006,SP,2,179.97,201.995,403.99,179.97,1.0,2,2,0.1223815080291159,602.1653229852712,4.5,5.0,6.758084490740741,0.0,1.3914285714285717,340,0.7630634421644099,0.2369365578355899,0.0,0.0,0.0,0.0,0.0,0.0,0.0,0.777879646607768,0.222120353392232,0.0,0.0,0.0,0.0,0.0,2,184.0,184.0,184.0,0.0,0.0,3.220539072294191,0.7440557753469178
33aa371b7512b6a9fede4f231e212226,-19.94751800174861,-40.6102537638142,ES,2,128.5,151.56,303.12,85.66666666666667,1.5,1,1,0.1794552529182879,756.389843853182,6.5,2.5,9.775561342592592,0.0,1.830827067669173,351,1.0,0.0,0.0,0.0,1.0,0.0,0.0,0.0,0.0,0.0,0.0,0.0,0.0,0.0,0.0,0.0,2,48.0,48.0,48.0,1.0,1.0,4.602957486136784,0.9094038914547496
33aca86429de0f71ff7118b93bb09712,-23.559993979357763,-46.61977157814169,SP,2,89.0,96.88,193.76,89.0,1.0,1,1,0.0885393258426966,17.321954107342556,1.0,4.0,3.239965277777777,0.0,2.0,265,1.0,0.0,0.0,0.0,0.0,0.0,0.0,0.0,0.0,0.0,0.0,0.0,0.0,0.0,0.0,1.0,2,60.0,60.0,60.0,1.0,1.0,1.0,0.0
33b141e373b4f251b033f9ed33d6974d,-9.179311475008912,-40.97942536734147,BA,2,91.2,110.99,221.98,91.2,1.0,2,2,0.2169956140350877,1680.825635167058,4.5,5.0,14.255416666666669,0.0,2.0,125,1.0,0.0,0.0,0.0,0.8492324561403509,0.1507675438596491,0.0,0.0,0.0,0.0,0.0,0.0,0.0,0.0,0.0,0.0,2,201.0,201.0,201.0,0.0,0.0,0.2874376522445192,0.7827294273049754
340d924858c395848c127b3e772b6bfd,-19.83961880764979,-43.89463682076062,MG,2,106.435,130.625,261.25,70.95666666666666,1.5,2,2,0.2272748625921924,513.2118064412556,5.5,5.0,9.109363425925926,0.0,1.6988372093023254,185,0.9068325358851675,0.0,0.0931674641148325,0.0,0.0,0.0,0.0,0.0,0.0,0.0,0.0,0.0613989759007845,0.0,0.0,0.0,0.9386010240992156,2,245.0,245.0,245.0,0.0,0.0,0.10840050912176497,1.137596096201745
3442a61b2d5bfd9d605d6943701ad650,-22.859752983115943,-47.05396659673355,SP,2,544.36,607.39,1214.78,272.18,2.0,2,3,0.1157873466088617,168.91992354929653,5.0,1.0,3.7700983796296295,0.0,2.0,161,1.0,0.0,0.0,0.0,0.0,0.0,0.0,0.0,0.0,0.6174406642662944,0.0,0.0,0.0,0.0,0.0,0.3825593357337056,2,15.0,15.0,15.0,0.0,0.0,0.5820743904980203,0.3735829797704327
3443f8095ad309eebbdc8caa8b2bf936,-23.55893086538326,-46.75442482654887,SP,2,71.95,82.45,164.9,71.95,1.0,2,2,0.1459346768589298,17.060151129984863,2.0,5.0,3.867858796296297,0.0,1.6197339246119733,446,1.0,0.0,0.0,0.0,0.3405142460041696,0.0,0.0,0.0,0.0,0.0,0.0,0.0,0.0,0.0,0.6594857539958304,0.0,2,5.0,5.0,5.0,0.0,0.0,1.9041916167664672,0.4403015420996647
345759b8cb3d30586551de1ca6905df0,-10.912969068697905,-37.06181187947544,SE,2,464.9,528.06,1056.12,464.9,1.0,2,2,0.1358571735857173,2029.2149190060093,1.0,4.5,13.596412037037036,0.0,1.7860635696821514,61,0.0,0.1976479945460743,0.0,0.0,0.0,0.0,0.0,0.0,0.0,0.1612174661217466,0.0,0.0,0.0,0.0,0.0,0.8387825338782534,2,348.0,348.0,348.0,0.0,0.0,4.05949985628054,0.8551806134472915
345817899c325d8b41c9e88011a8ab43,-22.92595127073844,-43.35839201069391,RJ,2,45.4,62.83,125.66,45.4,1.0,2,2,0.383920704845815,404.0020851602653,2.5,4.0,22.596516203703704,0.5,1.7476076555023925,172,1.0,0.0,0.0,0.395374449339207,0.0,0.6046255506607929,0.0,0.0,0.0,0.0,0.0,0.0,0.0,0.0,0.0,0.0,2,246.0,246.0,246.0,0.0,0.0,0.756745421501468,0.19582457413092358
346534c8088852932d947f4b8fea3959,-12.885616170867328,-38.46864456038799,BA,2,232.445,270.41,540.8199999999999,232.445,1.0,1,2,0.1633289595388156,1230.5867441253713,6.5,2.5,21.74306712962963,0.5,1.616150442477876,403,0.8693280573943272,0.0,0.1306719426056728,0.0,0.0,0.0,0.0,0.0,0.0,0.0,0.0,0.0,0.0,0.0,0.0,1.0,2,49.0,49.0,49.0,1.0,0.0,0.23731954517376286,0.8717174534090731
34b0cd95480e55c2a701293a2b9671b3,-23.477173230038783,-46.749554288474165,SP,3,87.87666666666667,98.52333333333333,295.57,65.9075,1.3333333333333333,3,3,0.1211546485604824,48.396801905308735,5.0,4.0,2.3979166666666667,0.0,3.0,5,1.0,0.0,0.0,0.8369305465994007,0.0,0.0,0.0,0.0,0.0,0.113795850244661,0.0,0.0,0.0,0.0,0.0,0.0492736031559382,3,62.5,62.5,125.0,0.0,0.0,0.16263987792472023,1.2108343039253053
3504bea0c72ad9e945b63f889702d2d4,-22.740790054563668,-48.57185745610011,SP,2,65.95,80.095,160.19,65.95,1.0,2,2,0.2144806671721,183.4146586766904,1.0,5.0,14.16958912037037,0.0,1.5880434782608697,257,1.0,0.0,0.0,0.0,0.0,0.0,0.8718726307808946,0.0,0.0,0.0,0.0,0.0,0.1281273692191053,0.0,0.0,0.0,2,203.0,203.0,203.0,0.0,0.0,4.571826086956522,0.9065833742436676
3511aa3ff5fb9645041bf1875415142d,-23.550176304127795,-46.5165426873649,SP,2,46.85,66.655,133.31,31.23333333333333,1.5,1,2,0.4227321237993597,258.93355627442094,1.0,3.0,4.7620196759259255,0.0,2.0,36,0.4728077413547371,0.5271922586452629,0.0,0.0,0.0,0.0,0.0,0.0,0.0,0.0,0.0,0.0,0.0,0.0,0.0,1.0,2,26.0,26.0,26.0,1.0,0.0,0.8968412066021628,0.07691132193537573
354004e1432bff6f9008ce0a5afd732a,-22.235747175530392,-45.93410322927811,MG,2,113.1,128.285,256.57,113.1,1.0,1,2,0.134261715296198,456.6734971697231,2.5,3.0,19.83744212962963,0.0,2.0,357,1.0,0.0,0.0,0.0,0.0,0.0,0.0,0.0,0.0,0.0,0.0,0.0,0.0,0.0,1.0,0.0,2,4.0,4.0,4.0,1.0,0.0,0.3505105800610591,0.680125546483284
355ae139c8a163fb77c065a2d1403ed9,-22.73616751829369,-47.61913851048835,SP,2,139.9,165.275,330.55,139.9,1.0,1,1,0.1813795568263045,20.85935856111977,6.5,5.0,6.621128472222223,0.0,1.440828402366864,481,1.0,0.0,0.0,0.0,0.0,0.0,0.0,0.0,0.0,0.0,0.0,0.0,0.0,0.0,0.0,1.0,2,26.0,26.0,26.0,1.0,1.0,0.9899464210462945,0.007144869608722103
359bacb2b5c52b4287667a7bc6c7bc63,-24.05000675128887,-52.3768754870981,PR,2,265.5,290.45,580.9,177.0,1.5,1,1,0.0939736346516007,570.7071628021513,1.0,3.0,16.116302083333334,0.0,1.4522862823061629,475,0.0,1.0,0.0,0.0,0.0,0.0,0.0,1.0,0.0,0.0,0.0,0.0,0.0,0.0,0.0,0.0,2,28.0,28.0,28.0,1.0,1.0,0.5014215559576118,0.4696192049953004
35b45b906d1450b3540dc96692f58583,-22.34747705204817,-49.05981339534138,SP,2,168.92000000000002,202.07,404.14,112.61333333333334,1.5,2,2,0.1962467440208382,133.28290837386535,1.0,4.5,9.070642361111112,0.0,1.6269487750556793,66,1.0,0.0,0.0,0.0,0.0,0.0,0.3845015391901492,0.0,0.0,0.0,0.0,0.0,0.0,0.0,0.0,0.6154984608098507,2,383.0,383.0,383.0,0.0,0.0,0.566312688938842,0.39157345877554633
35c62cb24d4c38a9d121fed1a43b2237,-23.675023442027783,-46.538763506655975,SP,2,49.9,59.0,118.0,49.9,1.0,1,1,0.1823647294589178,5.028728908960841,1.0,5.0,3.6853125,0.0,2.0,9,1.0,0.0,0.0,0.0,0.0,0.0,0.0,0.0,0.0,0.0,0.0,0.0,0.0,0.0,0.0,1.0,2,25.0,25.0,25.0,1.0,1.0,1.0,0.0
35de25c73544f00e8adde226a4d1bdcc,-23.54445439452188,-46.75235201906904,SP,2,157.4,173.69,347.38,157.4,1.0,2,2,0.1034942820838627,467.6302159858942,2.5,3.0,8.867511574074074,0.0,1.5575692963752663,336,1.0,0.0,0.0,0.7620711562897078,0.0,0.0,0.0,0.0,0.0,0.0,0.2379288437102922,0.0,0.0,0.0,0.0,0.0,2,133.0,133.0,133.0,0.0,0.0,0.35056957350025275,0.6800340648822666
35e9d2caa31b87cc3d1ad10d72271140,-23.44386849320281,-46.40767291922688,SP,2,34.995000000000005,44.995,89.99,34.995000000000005,1.0,2,2,0.2857551078725532,44.732787904415,1.0,4.0,6.786209490740741,0.0,1.6988372093023254,419,0.0,1.0,0.0,0.785683669095585,0.0,0.0,0.2143163309044148,0.0,0.0,0.0,0.0,0.0,0.0,0.0,0.0,0.0,2,12.0,12.0,12.0,0.0,0.0,2.867211001289214,0.6828267505846314
35ecdf6858edc6427223b64804cf028e,-2.503391959516667,-44.29198540670844,MA,5,78.772,120.78,603.9,56.26571428571429,1.4,5,5,0.5332859391662012,2447.8191514317414,8.8,3.9,15.856532407407403,0.2,4.646946564885496,155,1.0,0.0,0.0,0.520489514040522,0.0505255674605189,0.0,0.228482201797593,0.0,0.0,0.0,0.0,0.0,0.0,0.0,0.0,0.2005027167013659,4,79.33333333333333,59.0,238.0,0.0,0.0,0.4060816363802392,0.5806169737066142
3633902a0addd1ffc74cbc13d96da288,-23.46323515510949,-46.518458476905565,SP,2,87.895,115.365,230.73,58.59666666666666,1.5,2,2,0.3125319984071904,668.3436919937989,1.0,3.5,7.5660995370370365,0.0,2.0,43,1.0,0.0,0.0,0.0,0.0,0.0,0.0,0.0,0.0,0.0,0.0,0.0,0.0,0.0,0.0,1.0,2,32.0,32.0,32.0,0.0,0.0,0.7468958207147183,0.20490252411967486
36445bb429c8bb13c3f8cd6794723647,-12.934014790336578,-38.48864054680209,BA,2,62.99,96.83,193.66,31.495,2.0,1,1,0.5372281314494365,1451.2481708920982,7.5,5.0,10.467152777777777,0.0,1.5346638655462184,474,1.0,0.0,0.0,1.0,0.0,0.0,0.0,0.0,0.0,0.0,0.0,0.0,0.0,0.0,0.0,0.0,2,2.0,2.0,2.0,1.0,1.0,1.0,0.0
3648f9e5f51f679ed24deff1f031a093,-27.65828581351847,-52.26099753147748,RS,2,97.495,114.175,228.35,97.495,1.0,2,2,0.1710856967023949,737.6081689188464,1.5,4.5,13.769947916666666,0.0,2.0,269,0.7149113203415809,0.285088679658419,0.0,0.0,0.0,0.0,0.0,0.0,0.0,0.0,0.7435765936714703,0.0,0.0,0.0,0.2564234063285296,0.0,2,26.0,26.0,26.0,0.0,0.0,0.39877488514548237,0.6078610078691451
36cfec707344b75d20e6c7ef583c3b8c,-19.983701201016697,-44.00153216464833,MG,2,51.45,68.32,136.64,51.45,1.0,1,1,0.327891156462585,564.5309037952571,3.5,5.0,18.28250578703704,0.0,2.0,105,0.5120755269320844,0.4879244730679157,0.0,0.0,0.0,0.0,0.0,0.0,0.0,0.0,0.0,0.0,1.0,0.0,0.0,0.0,2,175.0,175.0,175.0,1.0,1.0,1.0494975251237437,0.03415474792031038
3724bfc68569cc4df876284536b8add9,-20.182611722418677,-48.02816361474387,SP,2,274.9,323.535,647.0699999999999,274.9,1.0,1,1,0.1769188795925791,293.2583728914038,9.0,4.0,7.048761574074074,0.0,1.554255319148936,370,1.0,0.0,0.0,0.0,0.0,0.0,0.0,0.0,0.0,0.0,0.0,0.0,0.0,0.0,0.0,1.0,2,100.0,100.0,100.0,1.0,1.0,1.097947670460072,0.06602591948211349
3725c5b8c1cf5ee69158f66922a862c4,-15.835838552007129,-47.87547032202571,DF,2,70.745,85.435,170.87,70.745,1.0,2,2,0.2076471835465403,500.093028650299,6.5,5.0,13.363842592592592,0.0,2.0,14,1.0,0.0,0.0,0.0,0.0,0.0,0.0,0.0,0.0,0.841048837373666,0.0,0.0,0.0,0.0,0.0,0.158951162626334,2,175.0,175.0,175.0,0.0,0.0,3.6698551516807867,0.808535862984887
37266d5c6bf5cb0700372d16599a9b21,-19.50674249694519,-42.62849774464591,MG,2,127.425,155.025,310.05,127.425,1.0,2,2,0.2165979988228369,1089.398007907273,2.0,4.0,7.920196759259259,0.0,2.0,77,1.0,0.0,0.0,0.7257210123602119,0.0,0.0,0.2742789876397881,0.0,0.0,0.0,0.0,0.0,0.0,0.0,0.0,0.0,2,252.0,252.0,252.0,0.0,0.0,0.3993951976891135,0.6069646790678529
372b41e8faa2819e0b6346b16cdf402b,-21.27285476225813,-43.02826557299197,MG,2,51.39,72.22,144.44,51.39,1.0,2,2,0.4053317766102354,526.1628245520411,6.5,3.0,7.725734953703704,0.0,2.0,39,1.0,0.0,0.0,0.0,0.0,0.8746837906207434,0.0,0.1253162093792566,0.0,0.0,0.0,0.0,0.0,0.0,0.0,0.0,2,36.0,36.0,36.0,0.0,0.0,0.27450807376687547,0.8050168865848509
374fcbbfcf189ae177b2f955f9e74b3d,-23.353039020191048,-47.87263453348102,SP,2,38.945,51.315,102.63,38.945,1.0,2,2,0.3176274232892541,157.9608681640654,2.0,5.0,14.508917824074077,0.0,1.67162471395881,103,1.0,0.0,0.0,0.0,0.0,0.1784567980485299,0.0,0.0,0.0,0.0,0.0,0.0,0.0,0.0,0.82154320195147,0.0,2,334.0,334.0,334.0,0.0,0.0,2.985631067961165,0.7045575313664264
37669671d35808111ab0d229e546221f,-16.025156098208402,-48.0786422744041,DF,2,111.945,137.76,275.52,111.945,1.0,2,2,0.230604314618786,989.2583943739788,2.0,5.0,11.684265046296296,0.0,2.0,128,1.0,0.0,0.0,0.0,0.0,0.6650587341998303,0.3349412658001697,0.0,0.0,0.0,0.0,0.0,0.0,0.0,0.0,0.0,2,14.0,14.0,14.0,0.0,0.0,1.9502088017989077,0.455492565058756
377860a7242c2e503c926b76ab6e0a65,-8.748601763800176,-63.85575853936565,RO,2,23.9,51.55,103.1,23.9,1.0,1,2,1.156903765690377,2415.1426020907597,1.0,5.0,25.397540509259255,0.0,1.5675965665236051,237,0.0,1.0,0.0,0.0,0.0,0.0,0.0,0.0,0.0,0.0,0.0,0.0,0.0,0.0,0.0,1.0,2,229.0,229.0,229.0,1.0,0.0,1.1019367991845057,0.06858455685611518
3797de5ad80619a55a3c0a8a034f5ae6,-19.96025249641901,-44.17127741168597,MG,2,287.95,330.725,661.45,115.18,2.5,2,2,0.1485500955026914,629.4805590812083,4.5,3.0,25.88550925925926,0.0,2.0,223,1.0,0.0,0.0,0.0,0.0,0.0,0.069282861607918,0.0,0.0,0.930717138392082,0.0,0.0,0.0,0.0,0.0,0.0,2,17.0,17.0,17.0,0.0,0.0,0.09373966532178053,1.1718013865444434
379a5698aeca26ff55abca9bc7fcaa4f,-23.664086779200403,-46.68725948091805,SP,2,77.85,102.085,204.17,51.9,1.5,2,2,0.3113037893384714,477.12142384850375,7.0,5.0,14.485,0.0,2.0,186,1.0,0.0,0.0,0.0,0.0,0.5510597302504817,0.4489402697495184,0.0,0.0,0.0,0.0,0.0,0.0,0.0,0.0,0.0,2,96.0,96.0,96.0,0.0,0.0,1.3699361578641902,0.22075224681799738
37cc3e75e39bb11d75a1982ac0d07c17,-16.432324999791483,-39.0762041372904,BA,2,34.95,54.24,108.48,34.95,1.0,2,2,0.551931330472103,876.4955091394703,1.0,5.0,19.21115162037037,0.5,1.2682291666666663,555,0.0,0.0,1.0,0.0,0.0,0.0,0.0,0.0,0.0,0.0,0.3576537911301859,0.642346208869814,0.0,0.0,0.0,0.0,2,21.0,21.0,21.0,0.0,0.0,1.3685589519650656,0.22005830505953033
37d2d1ac62901f9a36cff32ca86c9337,-18.91291402909292,-48.27826809811736,MG,2,69.9,90.88,181.76,69.9,1.0,1,1,0.300143061516452,374.8872772097354,1.0,5.0,10.621765046296296,0.0,2.0,221,0.2261773767605633,0.0,0.7738226232394367,0.0,0.0,0.0,1.0,0.0,0.0,0.0,0.0,0.0,0.0,0.0,0.0,0.0,2,59.0,59.0,59.0,1.0,1.0,1.0,0.0
37f2527bb624e379f72a742154fdb762,-19.873046778746197,-43.93861256282003,MG,2,52.5,73.85,147.7,35.0,1.5,1,1,0.4066666666666667,494.5526939654126,6.0,4.5,6.726846064814815,0.0,2.0,97,1.0,0.0,0.0,0.0,0.0,0.0,0.0,0.0,1.0,0.0,0.0,0.0,0.0,0.0,0.0,0.0,2,17.0,17.0,17.0,1.0,1.0,2.126587637595258,0.5095764779248213
37f8e7062a53c1a0fca4f59f4c6b1429,-18.723802875634,-49.19898140803895,MG,2,67.0,82.435,164.87,67.0,1.0,2,2,0.2303731343283581,607.1676336361099,1.0,5.0,11.033518518518518,0.0,1.4021113243761998,321,0.0,1.0,0.0,0.5895522388059702,0.0,0.0,0.0,0.0,0.0,0.0,0.0,0.0,0.0,0.0,0.0,0.4104477611940298,2,200.0,200.0,200.0,0.0,0.0,1.370184013801035,0.22087704998548674
3871b0ab0166a2f441fa762f5206cacc,-23.45749566508408,-46.438240889418935,SP,2,154.89999999999998,166.57500000000002,333.15000000000003,154.89999999999998,1.0,1,2,0.0753712072304712,164.9786597831652,4.0,4.5,2.9024016203703704,0.0,1.6564625850340138,357,1.0,0.0,0.0,0.0,0.0,0.0,0.0,0.0,0.0,0.0,0.0,0.0,0.0,0.0,0.0,1.0,2,84.0,84.0,84.0,1.0,0.0,4.775832177531207,0.9245131975063376
387b38ebe598313ef56ef3df19b192af,-22.904507798606318,-47.09665272070596,SP,2,33.5,42.77,85.53999999999999,33.5,1.0,1,1,0.2767164179104477,26.61578768381848,1.0,5.0,5.28833912037037,0.0,2.0,41,0.7382511105915361,0.0,0.0,0.0,0.0,0.0,0.0,0.0,0.0,0.0,0.0,0.0,0.0,0.0,1.0,0.0,2,130.0,130.0,130.0,1.0,1.0,0.3545526524148852,0.6738759036980051
388661387449408a9ab88ea55c9f1a0f,-15.483003568217104,-44.37523758398182,MG,2,163.935,195.645,391.29,163.935,1.0,1,2,0.1934303229938695,1130.2263027273857,6.0,3.0,35.56761574074074,0.5,1.8446969696969693,181,1.0,0.0,0.0,0.0,0.0,0.0,0.0,0.0,0.0,0.0,0.0,0.0,0.0,0.0,0.0,1.0,2,215.0,215.0,215.0,1.0,0.0,0.09718756133808147,1.1636748720316528
39104edef5e46d7b8c61848cc95e6d97,-23.51139127353246,-46.29651851312973,SP,3,32.160000000000004,42.09,126.27,32.160000000000004,1.0,3,3,0.3087686567164179,40.73389486728606,2.333333333333333,4.666666666666667,4.687044753086419,0.0,2.6276978417266186,336,1.0,0.0,0.0,0.0,0.0,0.0,0.3420398009950248,0.0,0.4922263681592039,0.0,0.0,0.0,0.0,0.0,0.1657338308457711,0.0,3,40.5,40.5,81.0,0.0,0.0,0.7044917257683215,0.402661662722087
394ac4de8f3acb14253c177f0e15bc58,-23.545153425822598,-46.6431735628771,SP,5,126.632,149.082,745.41,105.52666666666666,1.2,3,5,0.1772853623096847,149.86633797533423,1.0,5.0,5.36493287037037,0.0,5.0,18,1.0,0.0,0.0,0.8674900499083961,0.0,0.0,0.0,0.0,0.0,0.0,0.0,0.0,0.0,0.0,0.0,0.132509950091604,5,59.0,64.5,236.0,0.75,0.25,1.866333962773132,0.6054605782514701
397b44d5bb99eabf54ea9c2b41ebb905,-22.861518113115217,-43.0739047885757,RJ,4,412.5,439.1325,1756.53,275.0,1.5,1,1,0.0645636363636363,683.4017868616028,2.0,5.0,11.683530092592592,0.0,4.0,77,0.4991602762264236,0.4780846327702914,0.0227550910032848,0.0,0.0,0.0,0.0,0.0,0.0,0.0,0.0,0.0,0.0,0.0,0.0,1.0,4,52.333333333333336,29.0,157.0,1.0,1.0,1.0995325146525259,0.6089903965757669
39ce02a045b8e7b0329984df3109957b,-23.56537704055728,-46.760016924977606,SP,2,49.0,56.78,113.56,49.0,1.0,1,1,0.1587755102040816,9.73593248424271,1.0,5.0,3.33166087962963,0.0,1.6602272727272729,340,0.0,1.0,0.0,0.0,0.0,0.0,0.0,0.0,0.0,0.0,0.0,0.0,0.0,0.0,0.0,1.0,2,100.0,100.0,100.0,1.0,1.0,1.0,0.0
39d28c99c5382bfc238c047203595443,-16.38570061362163,-48.98072380062669,GO,2,12.9,28.0,56.0,12.9,1.0,1,1,1.1705426356589146,597.4973379310984,1.0,5.0,11.637858796296296,0.0,2.0,286,1.0,0.0,0.0,0.0,0.0,0.0,0.0,0.0,0.0,0.0,0.0,0.0,0.0,0.0,0.0,1.0,2,34.0,34.0,34.0,1.0,1.0,1.0,0.0
39fff7cb5873a7116b02234bd1e6c6dc,-23.96984974647425,-46.37303345611102,SP,2,53.150000000000006,62.77,125.54,53.150000000000006,1.0,2,2,0.1809971777986829,73.27845612335646,5.5,4.0,5.7257291666666665,0.0,2.0,122,1.0,0.0,0.0,0.3565380997177798,0.0,0.0,0.6434619002822202,0.0,0.0,0.0,0.0,0.0,0.0,0.0,0.0,0.0,2,213.0,213.0,213.0,0.0,0.0,1.5234170854271358,0.2933417330268871
3a2681b8e4c9f2171aaade5d578f2cb7,-23.62056973508521,-46.76176205985387,SP,2,134.4,158.56,317.12,134.4,1.0,1,2,0.1797619047619047,296.51856999395227,2.5,4.0,10.949027777777776,0.0,2.0,25,1.0,0.0,0.0,0.0,0.0,0.0,0.0,0.0,0.0,0.0,0.0,0.0,0.0,0.0,1.0,0.0,2,87.0,87.0,87.0,1.0,0.0,0.1995309603964141,0.9437306826103505
3a2d236fc85fdf338f179ca0cd725433,-11.68001885877779,-51.377205385413056,MT,2,28.025,44.815,89.63,28.025,1.0,1,1,0.5991079393398752,1467.0112235069596,1.0,4.5,16.561394675925925,0.0,1.598468271334792,398,0.6519022648666741,0.0,0.3480977351333259,0.0,0.0,0.0,0.0,0.0,0.0,0.0,0.0,0.0,0.0,0.0,0.0,1.0,2,59.0,59.0,59.0,1.0,1.0,1.0873311597578015,0.059168814670301315
3a41ac64aa715256d81e129f02b451bf,-24.01408347670501,-46.43783704375947,SP,2,35.9,54.19,108.38,35.9,1.0,1,1,0.5094707520891365,804.1043874192777,1.0,5.0,8.841388888888888,0.0,2.0,51,0.4994463923233069,0.0,0.0,1.0,0.0,0.0,0.0,0.0,0.0,0.0,0.0,0.0,0.0,0.0,0.0,0.0,2,64.0,64.0,64.0,1.0,1.0,1.002216885276187,0.0015658389692264974
3a43af6775cec872d9a3c80707eb3336,-23.61343335506764,-46.59810572778194,SP,2,238.995,250.515,501.03,238.995,1.0,1,2,0.0482018452268875,163.36454804467306,8.0,5.0,5.566979166666667,0.0,2.0,118,1.0,0.0,0.0,0.0,1.0,0.0,0.0,0.0,0.0,0.0,0.0,0.0,0.0,0.0,0.0,0.0,2,95.0,95.0,95.0,1.0,0.0,0.6248743311172369,0.3264915928381453
3a4acf4c4c97cc25075d29f8d29f405b,-21.982031304274447,-48.80522694200688,SP,2,223.95,253.115,506.23,111.975,2.0,2,2,0.1302299620450993,297.1906304818468,9.0,5.0,13.549114583333331,0.5,2.0,105,1.0,0.0,0.0,0.0,0.0,0.0,0.0,0.0,0.3750837240455459,0.0,0.0,0.0,0.0,0.0,0.0,0.6249162759544541,2,11.0,11.0,11.0,0.0,0.0,0.6888970441048909,0.26050493785688544
3a73ce6fc3b392e1ca609b5548418c36,-5.821945153999444,-35.22082121161828,RN,2,104.485,151.58499999999998,303.17,69.65666666666667,1.5,2,2,0.4507824089582236,2142.255829686161,1.0,5.0,15.251267361111111,0.0,2.0,222,0.0,1.0,0.0,0.0,0.0,0.4018758673493803,0.0,0.0,0.0,0.0,0.0,0.0,0.0,0.0,0.5981241326506197,0.0,2,7.0,7.0,7.0,0.0,0.0,0.9908720777515103,0.006484008482694935
3ae522de6b23a3699ef105d4c4b3b82d,-27.49226680135224,-48.52660195518941,SC,2,26.995,41.095,82.19,26.995,1.0,2,2,0.5223189479533247,469.4713243406561,3.5,4.0,9.457158564814817,0.0,1.948,334,1.0,0.0,0.0,0.0,0.5371365067605113,0.0,0.0,0.0,0.0,0.0,0.0,0.0,0.0,0.0,0.0,0.4628634932394888,2,41.0,41.0,41.0,0.0,0.0,1.1025837810181631,0.06899861765562852
3af90f255e824d1d53b3584a4e89ad58,-19.4690489600068,-42.564138135186575,MG,2,82.5,112.34,224.68,55.0,1.5,2,2,0.3616969696969697,349.0747031330773,4.5,2.0,20.48516203703704,0.5,1.2551546391752575,115,1.0,0.0,0.0,0.0,0.0,0.0,0.6363636363636364,0.0,0.0,0.3636363636363636,0.0,0.0,0.0,0.0,0.0,0.0,2,467.0,467.0,467.0,0.0,0.0,1.8805128205128205,0.432295653657576
3b92b8617254e581d164b5d213d437a2,-21.22221523144761,-43.755706561292726,MG,2,72.845,90.03,180.06,72.845,1.0,2,2,0.2359118676642186,607.3374246436614,5.5,5.0,16.08957175925926,0.0,1.461,237,1.0,0.0,0.0,0.0,0.1831971995332555,0.0,0.0,0.0,0.0,0.0,0.0,0.0,0.0,0.0,0.0,0.8168028004667445,2,263.0,263.0,263.0,0.0,0.0,3.0490218124578368,0.7156677763158747
3b93b770a314d48d7f698a09cab03370,-23.70504263635465,-46.55682884581009,SP,2,98.93,111.55,223.1,98.93,1.0,2,2,0.1275649449105428,252.6957018840409,1.0,5.0,9.12242476851852,0.0,2.0,60,0.0,1.0,0.0,0.0,0.5957242494693217,0.0,0.4042757505306782,0.0,0.0,0.0,0.0,0.0,0.0,0.0,0.0,0.0,2,9.0,9.0,9.0,0.0,0.0,0.6674140508221225,0.282082041800102
3b97119ab53db4ae0144dff13c2ee26b,-27.03837277301553,-49.38803023762669,SC,2,558.9,585.39,1170.78,558.9,1.0,1,1,0.0473966720343531,179.43199182336463,8.0,4.5,9.867476851851851,0.0,2.0,89,1.0,0.0,0.0,0.0,0.0,0.0,0.0,0.0,0.0,0.0,0.0,0.0,0.0,0.0,0.0,1.0,2,39.0,39.0,39.0,1.0,1.0,1.0,0.0
3bab949ef05da8e9b3cfd541b6af0ffd,-19.76060333370861,-47.94660706247299,MG,3,223.3,248.76,746.28,223.3,1.0,1,2,0.1140170174652933,528.4991530104328,1.0,5.0,12.055779320987654,0.0,2.2362244897959185,448,0.4367261617623412,0.5632738382376589,0.0,0.0,0.0,0.0,1.0,0.0,0.0,0.0,0.0,0.0,0.0,0.0,0.0,0.0,2,42.0,42.0,42.0,1.0,1.0,1.2897643593519883,0.1789654403581968
3bcd0ddf751cb9542efe9f6299fad626,-15.837949805072189,-48.01378036466333,DF,2,85.66,104.46,208.92,85.66,1.0,2,2,0.2194723324772356,740.779524671623,3.0,5.0,9.955752314814816,0.0,2.0,58,1.0,0.0,0.0,0.0,0.0,0.0,0.0,0.1302825122577632,0.0,0.8697174877422368,0.0,0.0,0.0,0.0,0.0,0.0,2,9.0,9.0,9.0,0.0,0.0,4.559340074507717,0.9054432610713439
3be412c1321c061d6f85c5e41530ce2d,-30.06405280269257,-51.19157737484835,RS,2,82.85,110.295,220.59,55.23333333333333,1.5,2,2,0.3312613156306578,578.222106048404,2.5,2.5,15.636950231481482,0.0,1.6378923766816145,164,1.0,0.0,0.0,0.0,0.0,0.7229933614966808,0.0,0.0,0.2770066385033192,0.0,0.0,0.0,0.0,0.0,0.0,0.0,2,282.0,282.0,282.0,0.0,0.0,2.5573294629898404,0.6191151172690049
3bfda42ef722cb59c430e6be0b68628c,-22.338794661281305,-41.75539547036853,RJ,2,77.995,94.54,189.08,77.995,1.0,2,2,0.2121289826270914,516.0028427660963,1.0,4.0,9.27837962962963,0.0,1.722877358490566,408,0.0,1.0,0.0,0.0,0.0,0.0,0.0,0.0,0.0,0.0,0.0,0.0,0.0,0.0,0.0,1.0,2,17.0,17.0,17.0,0.0,0.0,0.6168975543013512,0.335079160113786
3c166bd80203dfb723ba32f64bedd87b,-15.06978007970893,-57.1884147249202,MT,2,140.125,164.2,328.4,140.125,1.0,2,2,0.1718108831400535,1233.3431578563404,5.0,3.0,23.690260416666668,0.0,2.0,117,1.0,0.0,0.0,0.0,0.0,0.0,0.0,0.4246208742194469,0.0,0.0,0.0,0.0,0.0,0.0,0.0,0.5753791257805531,2,20.0,20.0,20.0,0.0,0.0,1.2756565726560876,0.17130759899878722
3c25f47ab68536a1d3d6b29b9c8b7e63,-23.08584137431789,-47.21665233680304,SP,2,47.95,58.57,117.14,47.95,1.0,2,2,0.2214807090719499,119.5173190658376,1.0,5.0,9.170133101851851,0.0,2.0,278,0.0,1.0,0.0,0.0,0.0,0.0,0.0,0.0,0.0,0.0,0.0,0.0,0.0,0.0,0.0,1.0,2,69.0,69.0,69.0,0.0,0.0,0.2817594922858081,0.7924618254581693
3c3dbbf3d36a7a4587efada79a3166cd,-24.18242806106648,-46.802172256341215,SP,2,93.6,111.625,223.25,93.6,1.0,1,1,0.1925747863247863,529.0701518702687,4.0,5.0,12.823200231481485,0.0,2.0,179,1.0,0.0,0.0,0.0,0.0,0.0,1.0,0.0,0.0,0.0,0.0,0.0,0.0,0.0,0.0,0.0,2,7.0,7.0,7.0,1.0,1.0,1.0291765133612072,0.020334268914748696
3c555d15cca5369965d1759ad9530a66,-22.940648413872538,-43.19102523661572,RJ,2,249.995,276.255,552.51,249.995,1.0,1,2,0.1050421008420168,471.0639220186636,7.0,4.5,10.032158564814814,0.0,2.0,113,1.0,0.0,0.0,0.0,0.0,1.0,0.0,0.0,0.0,0.0,0.0,0.0,0.0,0.0,0.0,0.0,2,20.0,20.0,20.0,1.0,0.0,0.18750402991811205,0.9676117228356068
3c5e1130694632f44051b23fd86ad9e2,-25.458133138746227,-49.18509740532563,PR,2,264.49,286.725,573.45,176.32666666666668,1.5,2,2,0.0840674505652387,346.6731856477445,5.5,3.0,3.504224537037037,0.0,1.4817444219066938,139,1.0,0.0,0.0,0.0,0.0,0.0,0.0,0.0,0.5652387613898446,0.0,0.0,0.0,0.0,0.0,0.0,0.4347612386101553,2,354.0,354.0,354.0,0.0,0.0,1.2062557710064634,0.13221028699768342
3c884190b71bbb36aab161465ff1d2c7,-29.394899678787905,-51.94532688144621,RS,2,46.75,62.39,124.78,46.75,1.0,2,2,0.3345454545454545,837.7711014091117,1.0,4.0,14.305104166666666,0.0,2.0,198,1.0,0.0,0.0,0.0,0.0,0.0,0.0,0.0,0.6417112299465241,0.0,0.0,0.0,0.0,0.0,0.0,0.3582887700534759,2,6.0,6.0,6.0,0.0,0.0,1.5674897119341564,0.31258222511820777
3cd4207d6ce944798257ac5953640a40,-22.90365989654492,-43.10725580140319,RJ,2,69.995,87.09,174.18,69.995,1.0,2,2,0.2442317308379169,437.8264104761504,3.0,4.0,17.037378472222223,0.5,2.0,160,1.0,0.0,0.0,0.0,0.0,0.0,0.6071862275876848,0.0,0.0,0.0,0.0,0.0,0.0,0.0,0.0,0.3928137724123151,2,160.0,160.0,160.0,0.0,0.0,0.6936989498249708,0.25575684472816906
3d4f12dece1264e5d6321f1b7f003336,-23.58656724927001,-46.73505693292205,SP,2,20.86,29.195,58.39,20.86,1.0,2,2,0.399568552253116,33.26892414189169,1.0,5.0,4.125266203703704,0.0,2.0,9,1.0,0.0,0.0,0.0,0.0,0.0,0.0,0.0,0.0,0.0,0.0,0.0,0.0,0.0,0.0,1.0,2,206.0,206.0,206.0,0.0,0.0,1.8235009671179885,0.4124688639700944
3d50a44231c2a153219cef76ee3e445d,-22.999729789317986,-43.40102857081416,RJ,2,149.29000000000002,181.63,363.26,74.64500000000001,2.0,2,2,0.2166253600375108,504.0612131164826,1.0,3.5,41.720046296296296,1.0,1.4580838323353291,192,0.0,1.0,0.0,0.0,0.0,0.0,0.0,0.0,0.4015674191171545,0.0,0.0,0.0,0.0,0.5984325808828455,0.0,0.0,2,309.0,309.0,309.0,0.0,0.0,1.670244045868862,0.3549743781786567
3d71bc3ae0c9f857ffe17636e0d59aab,-16.467788299800773,-54.6310406012424,MT,2,32.99,49.78,99.56,32.99,1.0,1,2,0.508942103667778,1157.3598807970452,4.5,5.0,10.953888888888889,0.0,1.5675965665236051,450,1.0,0.0,0.0,0.0,0.0,0.0,0.0,0.0,0.0,0.0,0.0,0.0,0.0,0.0,0.0,1.0,2,15.0,15.0,15.0,1.0,0.0,1.9473060982830077,0.45454835271132027
3d75cbf8643a1c15723adb850fb5f928,-23.673115484400224,-46.646683442766914,SP,2,51.745000000000005,60.775000000000006,121.55,51.745000000000005,1.0,2,2,0.1745096144555029,46.4963201969444,5.5,4.0,19.697644675925925,0.5,2.0,183,1.0,0.0,0.0,0.0,0.0,0.0,0.0,0.0,0.0,0.0,0.0,0.0,0.0,0.0,0.4831384674847811,0.5168615325152188,2,48.0,48.0,48.0,0.0,0.0,1.048365352207617,0.03339196153032315
3d93772915efa454a89bf52047b0b285,-19.83352167746794,-44.14587628234558,MG,2,142.845,177.655,355.31,71.4225,2.0,2,2,0.2436907137106654,485.71506949848487,1.5,4.5,6.748408564814815,0.0,2.0,59,0.437111254960457,0.0,0.5628887450395429,0.0,0.0,0.0,0.0,0.0,0.5239945395358605,0.0,0.0,0.4760054604641395,0.0,0.0,0.0,0.0,2,177.0,177.0,177.0,0.0,0.0,1.231005902298129,0.14643245886607806
3daa1c97a3155484f70c88b19c90dfb5,-4.044580156988308,-38.64352805323587,CE,2,347.5,381.025,762.05,347.5,1.0,1,1,0.0964748201438848,2065.193717226189,3.0,5.0,18.96001736111111,0.0,2.0,46,1.0,0.0,0.0,1.0,0.0,0.0,0.0,0.0,0.0,0.0,0.0,0.0,0.0,0.0,0.0,0.0,2,281.0,281.0,281.0,1.0,1.0,0.970190542671734,0.02139739173828729
3db6e5afa8e8178a29afc729855315e2,-22.851120355612984,-43.32572358187713,RJ,3,239.9,259.78000000000003,779.34,239.9,1.0,2,2,0.0828678616090037,776.2450547597381,1.0,1.0,19.69672453703704,0.0,2.42960088691796,282,0.0,1.0,0.0,0.0,0.0,0.0,0.0,0.0,0.0,0.0,0.0,0.1664582464915937,0.0,0.8335417535084063,0.0,0.0,3,84.5,84.5,169.0,0.5,0.5,7.207710280373832,1.1909148115182338
3de0c9303f39b7ccfe69ca11aee19cc6,-23.201636282926152,-45.89725908465388,SP,3,224.9633333333333,241.9333333333333,725.8,224.9633333333333,1.0,1,2,0.0754345152543377,151.87197189974356,6.666666666666667,3.6666666666666665,14.593121141975308,0.3333333333333333,3.0,130,1.0,0.0,0.0,0.0,0.0,0.0,0.0,0.0,0.0,0.0,0.0,0.0,0.0,1.0,0.0,0.0,3,48.0,48.0,96.0,1.0,0.5,0.15983434482232145,1.0121036442355966
3df4912077693dc7933267da9542825c,-27.23104053684136,-49.65692525998903,SC,2,105.97,122.845,245.69,105.97,1.0,2,2,0.1592431820326507,515.8755595989912,6.0,3.0,20.03051504629629,0.5,1.7067757009345796,203,1.0,0.0,0.0,0.0,0.0,0.0,0.0,0.0,0.0,0.0,0.94361611776918,0.0,0.0,0.0,0.0,0.05638388223082,2,225.0,225.0,225.0,0.0,0.0,0.12371935601902673,1.102809135150235
3e3d56f9737c010ccb5b67c601a18b53,-23.442683294601935,-46.51951465521663,SP,2,92.895,106.315,212.63,61.93000000000001,1.5,2,2,0.1444641799881586,95.93438808051518,1.0,5.0,2.705011574074074,0.0,2.0,33,0.0,1.0,0.0,0.0,0.0,0.0,0.0,0.0,0.7965444857096722,0.2034555142903277,0.0,0.0,0.0,0.0,0.0,0.0,2,9.0,9.0,9.0,0.0,0.0,3.043933054393306,0.714788748286867
3e43e6105506432c953e165fb2acf44c,-24.008185076975675,-46.419211558630906,SP,9,111.20555555555556,130.29555555555555,1172.66,71.48928571428571,1.5555555555555556,5,10,0.1716740770345206,226.56493344155237,7.111111111111111,2.7777777777777777,14.128955761316872,0.1111111111111111,9.0,187,1.0,0.0,0.0,0.0,0.0,0.33720337712944,0.0,0.0599390518059649,0.2442623769795673,0.1188989359044811,0.0,0.0,0.0,0.0,0.0,0.2396962581805465,6,32.4,32.0,162.0,0.4,0.0,1.2529376012965965,0.8997104117238046
3e47025034c5a31cff56168ac0519f1f,-18.411803602342445,-46.41690890292427,MG,2,29.985,48.215,96.43,29.985,1.0,1,2,0.607970651992663,541.4919888311011,1.0,4.0,14.30657986111111,0.0,2.0,137,1.0,0.0,0.0,0.0,0.0,0.0,0.0,0.0,0.0,0.0,0.0,0.0,0.0,0.0,0.0,1.0,2,13.0,13.0,13.0,1.0,0.0,1.0002074258452602,0.00014665701154960216
3e5306add1209e5ba184092dd1587282,-15.843829791179472,-47.98991249136507,DF,3,53.59666666666666,69.93,209.79,53.59666666666666,1.0,3,3,0.3047453199825859,863.0401821980367,6.666666666666667,5.0,9.29338348765432,0.0,1.841596638655462,234,1.0,0.0,0.0,0.0,0.0,0.0,0.0,0.0,0.0,0.0,0.241930468312706,0.2294918838236208,0.0,0.0,0.0,0.5285776478636731,3,180.5,180.5,361.0,0.0,0.0,1.8260236578707916,0.3766165258759542
3e6658866cc636c1762c080ed56f44e6,-30.022563229444483,-51.1052949787416,RS,2,92.95,145.835,291.67,92.95,1.0,2,2,0.5689618074233459,992.701922388241,1.0,3.0,18.01559606481481,0.0,1.304464285714286,167,0.0,1.0,0.0,0.0,0.0,0.0,0.0,0.0,0.0,0.0,0.0,0.0,0.9628832705755782,0.0,0.0,0.0371167294244217,2,393.0,393.0,393.0,0.0,0.0,11.934368070953436,1.195538238674989
3e7bb77746c1489704b3e041860dfb6d,-16.76659455023639,-49.33975669572179,GO,2,54.45,77.045,154.09,54.45,1.0,2,2,0.4149678604224058,1057.998037889418,1.0,5.0,12.791296296296297,0.0,2.0,70,0.0,1.0,0.0,0.6418732782369146,0.0,0.0,0.0,0.0,0.0,0.3581267217630853,0.0,0.0,0.0,0.0,0.0,0.0,2,48.0,48.0,48.0,0.0,0.0,0.6730727470141151,0.27634480085050217
3ea4185126195c34ed9949d8e406d570,-19.930993408518585,-43.93580226744408,MG,3,251.96666666666667,268.87666666666667,806.63,251.96666666666667,1.0,3,3,0.0671120518587114,664.8777674524028,7.0,5.0,7.015146604938271,0.0,2.56615925058548,46,1.0,0.0,0.0,0.0,0.0,0.0,0.0,0.0,0.0,0.0,0.0,0.0832120650879746,0.0,0.6601402301891784,0.0,0.2566477047228469,3,190.5,190.5,381.0,0.0,0.0,0.3838649514609535,0.8350933859055931
3edcab192482e9871c17b34cf98c3996,-19.77012267262876,-44.1383065703122,MG,2,117.8,127.135,254.27,117.8,1.0,1,1,0.0792444821731748,16.833255156000885,1.0,4.5,6.4988020833333335,0.5,2.0,29,0.0,1.0,0.0,0.0,0.0,0.0,0.0,0.0,0.0,0.0,0.0,0.0,0.0,0.0,0.0,1.0,2,26.0,26.0,26.0,1.0,1.0,0.9858637925648236,0.010066962472549987
3f00548d480f59bdac5e1ad8a68dcfe1,-22.38186508367521,-41.77825895204123,RJ,2,101.95,115.105,230.21,101.95,1.0,2,2,0.1290338401177047,166.99750504622585,9.5,5.0,7.2559375,0.0,2.0,230,1.0,0.0,0.0,0.4899460519862678,0.0,0.0,0.0,0.0,0.0,0.0,0.0,0.0,0.0,0.0,0.0,0.5100539480137322,2,91.0,91.0,91.0,0.0,0.0,1.0286394078251675,0.019965223394781108
3f1ae9854823f7c0a8027bd994b2ce64,-21.111340911541923,-42.95874194552473,MG,2,139.8,170.18,340.36,69.9,2.0,1,1,0.2173104434907009,161.24060478402785,3.0,5.0,22.523796296296297,0.5,2.0,152,1.0,0.0,0.0,1.0,0.0,0.0,0.0,0.0,0.0,0.0,0.0,0.0,0.0,0.0,0.0,0.0,2,21.0,21.0,21.0,1.0,1.0,1.0,0.0
3f36fa15a16c4850992aa0f33561906e,-15.805456925688386,-48.1438863486469,DF,2,76.975,102.41,204.82,51.31666666666666,1.5,1,2,0.3304319584280611,1158.6668109620302,1.0,5.0,8.841041666666666,0.0,1.274869109947644,458,0.0,1.0,0.0,1.0,0.0,0.0,0.0,0.0,0.0,0.0,0.0,0.0,0.0,0.0,0.0,0.0,2,115.0,115.0,115.0,1.0,0.0,0.8849622676237806,0.08630831720370906
3f5534bf8c9378ee05b7dd684cb20e8a,-27.432213343129,-48.465257934165614,SC,2,56.99,73.15,146.3,56.99,1.0,1,1,0.2835585190384277,632.1024328914116,2.5,4.5,10.815034722222222,0.0,2.0,299,1.0,0.0,0.0,0.0,0.0,1.0,0.0,0.0,0.0,0.0,0.0,0.0,0.0,0.0,0.0,0.0,2,35.0,35.0,35.0,1.0,1.0,1.0,0.0
3fc38da1985b9e820504f0ad51abc8d1,-2.5649501870621942,-44.23097881540991,MA,2,15.945,44.355,88.71000000000001,15.945,1.0,2,2,1.781749764816557,2268.08689509298,1.0,2.5,21.183425925925928,0.0,1.8635204081632653,239,1.0,0.0,0.0,0.0,0.0,0.0,0.0,0.0,0.7808090310442144,0.0,0.0,0.0,0.0,0.0,0.0,0.2191909689557855,2,153.0,153.0,153.0,0.0,0.0,0.4645864289252105,0.5169986002452877
3fdc39171d444e1a1cd4da98ac2e4adb,-25.479915581658037,-49.34468967820787,PR,2,189.825,207.47,414.94,189.825,1.0,1,1,0.0929540366126695,730.9625024430135,4.5,1.0,27.917251157407406,0.5,2.0,144,1.0,0.0,0.0,1.0,0.0,0.0,0.0,0.0,0.0,0.0,0.0,0.0,0.0,0.0,0.0,0.0,2,42.0,42.0,42.0,1.0,1.0,0.9227988878591287,0.05678121643884851
3fe3e628c6c7a15ae96416826a4c5952,-23.532074684476104,-46.34475237723622,SP,2,184.495,195.465,390.93,184.495,1.0,2,2,0.0594596059513807,41.15176065009402,3.0,5.0,2.9608391203703706,0.0,1.803703703703704,15,1.0,0.0,0.0,0.0,0.6748150356378222,0.0,0.0,0.0,0.0,0.0,0.0,0.0,0.0,0.3251849643621778,0.0,0.0,2,390.0,390.0,390.0,0.0,0.0,1.9609179731879116,0.4589601070735798
3ff874206f1d7d1e3ffe12bc9c88c27c,-30.193888221437074,-51.17066391999557,RS,2,44.45,61.255,122.51,44.45,1.0,2,2,0.3780652418447693,965.3352146544498,1.5,4.0,11.83336226851852,0.0,1.854060913705584,33,0.3673169537180638,0.6326830462819362,0.0,0.0,0.0,0.0,0.0,0.0,0.3363329583802024,0.0,0.0,0.0,0.0,0.0,0.0,0.6636670416197975,2,361.0,361.0,361.0,0.0,0.0,1.7224444444444447,0.3752843270977824
4011b7579e894fa929d2de97b4928f41,-20.483809417587945,-54.66612318843933,MS,2,389.0,444.25,888.5,389.0,1.0,1,1,0.1420308483290488,894.3779798990029,9.5,2.5,21.28828703703704,1.0,2.0,178,1.0,0.0,0.0,0.0,0.0,0.0,0.0,0.0,0.0,0.0,0.0,0.0,0.0,0.0,0.0,1.0,2,2.0,2.0,2.0,1.0,1.0,1.0,0.0
4041baa51d9eae8f5955ccd4f02bb044,-19.95087686479536,-44.02779485825826,MG,2,63.575,81.38,162.76,63.575,1.0,2,2,0.280062917813606,895.3713798378749,2.5,4.5,7.770023148148148,0.0,1.5443974630021142,42,0.6169206193167854,0.3830793806832145,0.0,0.0,0.0,0.0,0.0,0.0,0.0,0.3716083366103028,0.0,0.0,0.0,0.0,0.0,0.6283916633896972,2,431.0,431.0,431.0,0.0,0.0,1.6104250200481154,0.33070145111771926
4046cc9e4828038b58ee191e1f713466,-23.59237287790853,-46.602007083553794,SP,2,95.985,113.85,227.7,63.99,1.5,2,2,0.1861228316924519,7.002039722416405,2.5,5.0,2.520167824074074,0.0,2.0,84,1.0,0.0,0.0,0.0,0.0,0.0,0.0,0.0,0.0,0.7395947283429702,0.0,0.0,0.2604052716570297,0.0,0.0,0.0,2,60.0,60.0,60.0,0.0,0.0,2.59035004730369,0.6264276675491892
4067ba7df47a2bcb753ae5f7530fc7cc,-23.5720221240205,-46.53107290067036,SP,2,74.9,88.105,176.21,74.9,1.0,1,2,0.17630173564753,230.4558757485493,3.5,1.0,4.826157407407408,0.0,1.560897435897436,460,1.0,0.0,0.0,0.0,0.0,1.0,0.0,0.0,0.0,0.0,0.0,0.0,0.0,0.0,0.0,0.0,2,8.0,8.0,8.0,1.0,0.0,0.8850021394950792,0.08627657792129148
40730ca1af9742bd0bdbcef270ff4c76,-19.85380657268776,-44.60896617968765,MG,2,74.55,89.99,179.98,74.55,1.0,2,2,0.2071093226022803,461.9670223078049,3.0,5.0,9.858587962962964,0.0,1.7188235294117646,278,1.0,0.0,0.0,0.0,0.0,0.0,0.2005365526492287,0.7994634473507714,0.0,0.0,0.0,0.0,0.0,0.0,0.0,0.0,2,147.0,147.0,147.0,0.0,0.0,3.246814535158093,0.7482021080629297
407a6773db6e845737d04a6e27e653b4,-22.66351946505792,-50.43534973869858,SP,2,103.0,122.39,244.78,103.0,1.0,2,1,0.188252427184466,363.0838962736599,7.0,5.0,6.939340277777777,0.0,2.0,350,1.0,0.0,0.0,0.0,0.0,0.0,0.0,0.0,0.3640776699029126,0.6359223300970874,0.0,0.0,0.0,0.0,0.0,0.0,2,4.0,4.0,4.0,0.0,1.0,0.5667925494463292,0.3910204015908615
408aee96c75632a92e5079eee61da399,-23.558222271122965,-46.641407980684,SP,2,192.495,209.7,419.4,192.495,1.0,2,2,0.0893789449076599,8.810914577941238,4.5,5.0,5.5692708333333325,0.0,1.261658031088083,73,1.0,0.0,0.0,0.0909114522455128,0.0,0.0,0.0,0.0,0.0,0.0,0.0,0.0,0.0,0.0,0.9090885477544872,0.0,2,506.0,506.0,506.0,0.0,0.0,0.11279153068534585,1.1275267786988925
408b1dc1bf28c3245e5eca9097e14b9f,-23.52356471054185,-46.44303735111493,SP,2,41.79,53.64,107.28,41.79,1.0,1,2,0.2835606604450825,294.296354840536,1.0,2.5,21.05169560185185,0.5,2.0,193,1.0,0.0,0.0,0.0,0.0,0.0,0.0,1.0,0.0,0.0,0.0,0.0,0.0,0.0,0.0,0.0,2,122.0,122.0,122.0,1.0,0.0,1.0859420571650789,0.05826644244676624
4092bf290aa60e4f2d4a0dcc2f38c954,-23.546891363358625,-46.63649824045029,SP,2,264.895,291.885,583.77,176.59666666666666,1.5,1,2,0.101889427886521,535.6365705751481,1.0,3.5,9.415833333333332,0.0,1.3940839694656488,69,0.0,1.0,0.0,0.0,0.0,0.0,0.0,1.0,0.0,0.0,0.0,0.0,0.0,0.0,0.0,0.0,2,455.0,455.0,455.0,1.0,0.0,2.5335028145996006,0.6137537146945263
409379e6e577c89589dade402e6c2522,-29.784181824133004,-55.79120284397414,RS,2,149.85,183.495,366.99,74.925,2.0,1,3,0.2245245245245245,1324.7286075332015,8.0,3.0,13.259994212962964,0.0,1.5675965665236051,185,1.0,0.0,0.0,0.0,0.0,1.0,0.0,0.0,0.0,0.0,0.0,0.0,0.0,0.0,0.0,0.0,2,280.0,280.0,280.0,1.0,0.0,3.1059521145670175,0.7253533307324114
410a0462acba9ae869f84450fae8a4ea,-23.54886467544703,-46.62015024053306,SP,2,127.625,138.285,276.57,127.625,1.0,2,2,0.0835259549461312,48.04884453548144,1.0,5.0,7.504317129629629,0.0,2.0,97,0.0,1.0,0.0,0.0,0.0,0.0,0.0,0.0,0.0,0.0,0.0,0.0,0.0,0.0,0.0,1.0,2,20.0,20.0,20.0,0.0,0.0,0.8075289196784524,0.15058968583681395
41348c09a551501117e31f8a4149950c,-22.28288747524469,-42.53931467254439,RJ,2,127.9,144.555,289.11,127.9,1.0,2,2,0.1302189210320563,603.9829518712919,1.5,3.5,25.072690972222222,0.0,2.0,264,1.0,0.0,0.0,0.0,0.0,0.2415949960906958,0.0,0.0,0.0,0.0,0.0,0.0,0.0,0.7584050039093041,0.0,0.0,2,29.0,29.0,29.0,0.0,0.0,2.707013719707655,0.6512201292197785
417021b1b4553c55daa22f17dbf37cdc,-23.013945234739644,-43.46302017493874,RJ,2,89.85,182.775,365.55,59.9,1.5,1,2,1.0342237061769617,354.78102803001906,1.0,5.0,17.914166666666667,0.0,2.0,155,0.0,0.0,1.0,0.0,0.0,0.0,0.0,0.0,1.0,0.0,0.0,0.0,0.0,0.0,0.0,0.0,2,2.0,2.0,2.0,1.0,0.0,0.4319009753613538,0.5610816384926001
4186b96df8197e7b4982a751c1dde3b6,-23.67703988862533,-46.63847841831892,SP,2,19.69,27.54,55.08,19.69,1.0,1,1,0.398679532757745,6.336300443592516,1.0,4.0,5.277256944444444,0.5,2.0,17,0.5081699346405228,0.0,0.0,0.0,0.0,0.0,0.0,0.0,0.0,0.0,0.0,1.0,0.0,0.0,0.0,0.0,2,46.0,46.0,46.0,1.0,1.0,1.0332225913621262,0.023108064744658378
4191bcfd448dc07138d2951ea4d10008,-22.23796810619999,-42.52670018086926,RJ,2,72.9,89.005,178.01,72.9,1.0,2,2,0.2209190672153635,780.6084100073615,3.5,4.5,18.87208333333333,0.0,1.6090308370044053,300,1.0,0.0,0.0,0.0,0.0,0.6165980795610425,0.0,0.0,0.0,0.0,0.0,0.0,0.0,0.0,0.0,0.3834019204389574,2,154.0,154.0,154.0,0.0,0.0,0.6908244680851064,0.25859587357589037
41b3ab6b1f95cbd2afb361e852a56917,-23.59117465313601,-46.719635152546594,SP,2,50.0,65.56,131.12,25.0,2.0,1,1,0.3112,68.37968458621832,2.0,2.0,4.8189525462962965,0.0,2.0,355,0.75,0.25,0.0,0.0,0.0,0.0,0.0,0.0,0.0,0.0,0.0,0.0,0.0,0.0,1.0,0.0,2,7.0,7.0,7.0,1.0,1.0,3.0,0.7071067811865476
41b4af321ed477242aebe74652fd8219,-23.592856266923395,-46.50033527826206,SP,2,88.8,127.115,254.23,25.37142857142857,3.5,2,2,0.4314752252252252,301.2740839336875,4.5,5.0,4.978668981481482,0.0,2.0,83,1.0,0.0,0.0,0.0,0.0,0.222972972972973,0.0,0.0,0.7770270270270271,0.0,0.0,0.0,0.0,0.0,0.0,0.0,2,29.0,29.0,29.0,1.0,1.0,0.31834681601327525,0.7312212279193775
41d57ab847e5ccbe403f46b07ee577d6,-23.608065798364628,-46.90051225778846,SP,2,65.95,76.56,153.12,65.95,1.0,2,2,0.1608794541319181,41.26665669543877,7.5,5.0,2.446765046296296,0.0,2.0,6,1.0,0.0,0.0,0.0,0.0,0.0,0.3184230477634571,0.0,0.0,0.0,0.0,0.0,0.0,0.6815769522365428,0.0,0.0,2,175.0,175.0,175.0,0.0,0.0,0.49138014999513,0.4823029795397271
4220ae19dee604e8c1dddccd4e535502,-23.370719924089443,-49.3333490050662,SP,2,18.09,30.41,60.82,18.09,1.0,2,2,0.6810392482034273,304.1194693051981,1.0,5.0,13.592326388888887,0.0,2.0,114,0.1721473199605393,0.0,0.8278526800394608,0.0,0.0,0.8289110005527915,0.0,0.0,0.0,0.0,0.0,0.0,0.0,0.0,0.0,0.1710889994472084,2,135.0,135.0,135.0,0.0,0.0,2.37139689578714,0.5752654313237483
42398dee8f2098eec5579129cc1a6f5e,-23.50433871528273,-46.48059918383444,SP,2,135.5,146.365,292.73,135.5,1.0,1,1,0.0801845018450184,298.2905178595356,1.0,4.5,10.512361111111112,0.0,2.0,278,1.0,0.0,0.0,0.0,1.0,0.0,0.0,0.0,0.0,0.0,0.0,0.0,0.0,0.0,0.0,0.0,2,72.0,72.0,72.0,1.0,1.0,0.9454376287632086,0.03966348972460328
423d40b193638955a782839886648464,-21.731953133681987,-43.35937056704801,MG,2,458.95,479.065,958.13,458.95,1.0,1,2,0.0438283037367905,560.2113779601854,5.5,5.0,9.329820601851852,0.0,1.466867469879518,26,1.0,0.0,0.0,0.0,1.0,0.0,0.0,0.0,0.0,0.0,0.0,0.0,0.0,0.0,0.0,0.0,2,472.0,472.0,472.0,1.0,0.0,3.454553907666558,0.7792617392784649
425634deb94b1080fc7d283f3a644941,-2.997108074130812,-47.357178404780015,PA,2,46.99,72.675,145.35,46.99,1.0,2,2,0.5466056607788892,2300.2755609027554,2.0,3.0,31.543466435185188,0.5,2.0,324,0.3689026487788098,0.0,0.6310973512211903,0.0,0.0,0.0,0.0,0.0,0.0,0.0,0.0,0.7021706746116195,0.0,0.0,0.0,0.2978293253883805,2,3.0,3.0,3.0,0.0,0.0,0.584541589447291,0.3707993041763926
4291db0da71914754618cd789aebcd56,-23.01968280089397,-48.012321766370285,SP,2,275.285,313.87,627.74,275.285,1.0,2,2,0.1401638302123254,455.3006605767914,2.0,4.5,12.834369212962963,0.5,2.0,33,1.0,0.0,0.0,0.0,0.0,0.2062771309733549,0.0,0.0,0.0,0.0,0.0,0.0,0.0,0.0,0.0,0.7937228690266452,2,72.0,72.0,72.0,0.0,0.0,3.887037757882445,0.8354525081569417
42befda568ea0df110b6cec63c233bea,-23.48301366162168,-46.70069247005382,SP,2,105.45,118.38,236.76,105.45,1.0,2,2,0.1226173541963015,194.38264282025543,1.0,5.0,6.33431712962963,0.0,2.0,163,0.1749450920763642,0.0,0.8250549079236358,0.0848743480322427,0.0,0.0,0.9151256519677572,0.0,0.0,0.0,0.0,0.0,0.0,0.0,0.0,0.0,2,165.0,165.0,165.0,0.0,0.0,0.1275359558053148,1.094289257588913
4307ca57b237ef2790e2a99ebcf3c7db,-23.66524795247368,-46.64441931306678,SP,2,148.39,177.10000000000002,354.20000000000005,74.19500000000001,2.0,1,2,0.1934766493699036,308.61193816624007,5.0,1.0,11.28918402777778,0.0,2.0,209,1.0,0.0,0.0,0.0,0.0,1.0,0.0,0.0,0.0,0.0,0.0,0.0,0.0,0.0,0.0,0.0,2,2.0,2.0,2.0,1.0,0.0,1.863842173350582,0.4265798334385699
43255e3df6cda368809baa2fc72872c8,-22.923110075910635,-43.24673279281247,RJ,2,46.400000000000006,63.94,127.88,46.400000000000006,1.0,2,2,0.3780172413793102,440.9777307663842,1.0,3.5,11.669033564814814,0.0,1.679310344827586,204,1.0,0.0,0.0,0.0,0.0,0.0,0.7532327586206896,0.0,0.0,0.0,0.0,0.0,0.0,0.0,0.0,0.2467672413793103,2,231.0,231.0,231.0,0.0,0.0,2.456216216216216,0.5958541346626709
432aa6200ee9673be90863a912dc91dc,-23.503898772609908,-46.73618488779134,SP,2,46.5,66.67500000000001,133.35000000000002,31.0,1.5,2,2,0.4338709677419355,90.1569535180496,5.5,5.0,5.236412037037038,0.0,2.0,173,1.0,0.0,0.0,0.0,0.0,0.6903225806451613,0.0,0.0,0.0,0.0,0.0,0.0,0.0,0.3096774193548387,0.0,0.0,2,165.0,165.0,165.0,0.0,0.0,2.162200616552051,0.5197645796168382
4377c22228de511d013c6a7560d58a2d,-25.07898716419164,-50.17698910937487,PR,2,105.0,130.57,261.14,105.0,1.0,1,1,0.2435238095238095,557.3321554256376,1.0,4.5,6.677737268518518,0.0,2.0,274,1.0,0.0,0.0,0.0,0.0,0.0,0.0,1.0,0.0,0.0,0.0,0.0,0.0,0.0,0.0,0.0,2,18.0,18.0,18.0,1.0,1.0,1.0,0.0
439624e26bc73309799fd718773bdb8a,-22.88256350887057,-43.365952945844704,RJ,2,59.44499999999999,75.07,150.14,59.44499999999999,1.0,2,2,0.2628480107662545,616.195872419357,1.0,2.0,20.14941550925926,0.5,1.849367088607595,272,0.0,1.0,0.0,0.0,0.0,0.0,0.0,0.0,0.0,0.0,0.0,0.0,0.0,0.8578517957776096,0.0,0.1421482042223904,2,123.0,123.0,123.0,0.0,0.0,3.4565152864351445,0.7795411910350164
43c73f9043398f0dd2163fc5f825e61a,-19.90655433163065,-43.97077829257326,MG,2,104.945,121.685,243.37,104.945,1.0,2,2,0.1595121253990185,514.7667292835856,3.0,5.0,8.112100694444445,0.0,2.0,297,1.0,0.0,0.0,0.0,0.0,0.3330315879746534,0.0,0.0,0.0,0.0,0.6669684120253466,0.0,0.0,0.0,0.0,0.0,2,16.0,16.0,16.0,0.0,0.0,1.8249564712710387,0.41298499354010704
43dce1c46f91f3cd233905d0a8b19153,-23.50838501578717,-46.61826528713893,SP,2,87.92,106.33,212.66,58.61333333333334,1.5,1,2,0.2093949044585987,299.02160325316703,4.5,5.0,10.000746527777778,0.0,1.4969262295081969,180,1.0,0.0,0.0,0.0,0.0,1.0,0.0,0.0,0.0,0.0,0.0,0.0,0.0,0.0,0.0,0.0,2,308.0,308.0,308.0,1.0,0.0,1.102630017797113,0.06902819889698449
43f9d5ace80c6d3c5c09544bc2fa8484,-23.04615669944948,-45.56837801632805,SP,2,42.0,53.88,107.76,42.0,1.0,2,2,0.2828571428571428,307.626773852575,5.0,2.0,28.443315972222223,0.5,2.0,265,1.0,0.0,0.0,0.0,0.0,0.0,0.0,0.0,0.0,0.2976190476190476,0.0,0.0,0.0,0.0,0.0,0.7023809523809523,2,17.0,17.0,17.0,0.0,0.0,0.5196728247073756,0.4469943757834782
44a22a3351d7f1bb3d337d1be11b41fb,-23.43385697189598,-47.50933597964967,SP,2,50.99,59.24,118.48,50.99,1.0,1,1,0.1617964306726809,91.45608564720004,2.5,5.0,4.535271990740741,0.0,2.0,259,1.0,0.0,0.0,1.0,0.0,0.0,0.0,0.0,0.0,0.0,0.0,0.0,0.0,0.0,0.0,0.0,2,43.0,43.0,43.0,1.0,1.0,1.1078099982209573,0.07233401576621336
44adda057b51a700d1e287783b02516e,-23.61736574253628,-46.62966698383658,SP,2,316.995,329.99,659.98,316.995,1.0,2,2,0.0409943374501175,314.3662682960324,1.0,4.5,6.059594907407408,0.0,2.0,112,0.5547592351283372,0.4452407648716628,0.0,0.5504818687991924,0.0,0.0,0.0,0.0,0.0,0.0,0.0,0.0,0.0,0.0,0.0,0.4495181312008076,2,20.0,20.0,20.0,0.0,0.0,0.8025837817168766,0.15488250596734338
44b49176f1aca9533b67f3eedab0b2de,-22.94109423417101,-43.066404348119256,RJ,2,69.945,105.815,211.63,69.945,1.0,2,2,0.5128315104725142,415.1590008224679,6.5,4.0,27.001284722222223,0.0,2.0,68,1.0,0.0,0.0,0.0,0.0,0.0,0.0,0.0,0.3567088426620917,0.0,0.0,0.0,0.6432911573379084,0.0,0.0,0.0,2,182.0,182.0,182.0,0.0,0.0,0.5667012140953508,0.3911256428941893
44b6bbfea26596437062a38c8e6bcec1,-20.799953066604274,-49.4156506318175,SP,2,103.94,173.435,346.87,69.29333333333334,1.5,1,2,0.668606888589571,312.37643440515166,8.0,5.0,14.366741898148147,0.0,1.5443974630021142,467,0.9321647879609076,0.0,0.0678352120390924,0.0,0.0,0.0,0.0,0.0,0.0,1.0,0.0,0.0,0.0,0.0,0.0,0.0,2,6.0,6.0,6.0,1.0,0.0,13.446897126197417,1.2184326206221336
44bd7571a7dad968306f7776bd5a5745,-23.31817634345101,-46.22628843894135,SP,2,96.2,117.84,235.68,48.1,2.0,2,2,0.2248960498960499,135.2224203445281,1.0,4.0,5.476371527777777,0.0,2.0,195,1.0,0.0,0.0,0.0,0.0,0.0,0.6491683991683992,0.0,0.0,0.0,0.0,0.0,0.0,0.0,0.0,0.3508316008316008,2,7.0,7.0,7.0,0.0,0.0,1.516335682254965,0.29018740612849153
44e64b7162915525578f601e73e72b16,-23.46492533419613,-47.50166175483162,SP,2,27.125,51.08,102.16,18.08333333333333,1.5,1,1,0.8831336405529954,292.68742632569354,2.0,4.0,11.861475694444444,0.0,2.0,132,0.3313429913860611,0.0,0.668657008613939,0.0,0.0,0.0,0.0,0.0,1.0,0.0,0.0,0.0,0.0,0.0,0.0,0.0,2,65.0,65.0,65.0,1.0,1.0,2.018020679468242,0.47703405794221676
44ed2c2de63bfe22f6596547584d7372,-16.72263016395299,-43.86290975751637,MG,2,47.0,72.655,145.31,47.0,1.0,1,2,0.5458510638297872,740.6449281822788,5.0,5.0,9.15325810185185,0.0,1.9690026954177895,351,1.0,0.0,0.0,0.0,0.0,0.0,0.0,0.0,0.0,1.0,0.0,0.0,0.0,0.0,0.0,0.0,2,20.0,20.0,20.0,1.0,0.0,0.8461440731800279,0.11785924052259432
453c2895f29b6d9a47f8cb48e00b024b,-23.57284912682413,-46.67886066073879,SP,2,68.125,80.02,160.04,68.125,1.0,1,2,0.1746055045871559,189.2217389050511,3.0,5.0,4.162719907407407,0.0,2.0,136,1.0,0.0,0.0,0.0,0.0,1.0,0.0,0.0,0.0,0.0,0.0,0.0,0.0,0.0,0.0,0.0,2,213.0,213.0,213.0,1.0,0.0,1.5896440129449838,0.3220066371711796
455b49402053f170c64a3ae7fced73d4,-23.532873160932905,-46.57826383344995,SP,2,94.45,104.935,209.87,94.45,1.0,2,2,0.111011116993118,54.34925299367619,4.0,4.5,3.3703530092592597,0.0,2.0,197,1.0,0.0,0.0,0.0,0.0,0.2064584436209634,0.0,0.0,0.0,0.0,0.0,0.0,0.0,0.0,0.0,0.7935415563790366,2,163.0,163.0,163.0,0.0,0.0,0.3187759205730803,0.7305231443125136
455c17b35969ca198c17f2fc9e8eba1b,-12.943516877024964,-38.366317922519954,BA,3,202.66666666666663,234.77666666666664,704.3299999999999,121.6,1.6666666666666667,2,1,0.1584375,1279.3666126198195,2.333333333333333,3.0,27.998912037037037,0.3333333333333333,2.021678966789668,177,1.0,0.0,0.0,0.6085526315789473,0.0,0.0,0.3914473684210526,0.0,0.0,0.0,0.0,0.0,0.0,0.0,0.0,0.0,3,182.5,182.5,365.0,0.5,1.0,1.1107044436789528,0.09376946355112473
456f6d64ecda1b968375d3a68eabfb5c,-23.65953453974373,-46.80182610495492,SP,2,464.495,494.795,989.59,464.495,1.0,1,2,0.0652321338227537,32.21887789391456,10.0,5.0,10.264166666666666,0.0,2.0,54,1.0,0.0,0.0,0.0,0.0,0.0,0.0,0.0,0.0,0.0,0.0,1.0,0.0,0.0,0.0,0.0,2,122.0,122.0,122.0,1.0,0.0,1.8268346330733853,0.41365021436038396
4577881f7a6c10d8eb6bd7f7a82ffa86,-23.53896310672333,-46.53083964966717,SP,2,418.45,429.085,858.17,418.45,1.0,2,2,0.0254152228462181,14.109278919273263,1.0,5.0,4.675908564814815,0.0,1.8446969696969693,45,1.0,0.0,0.0,0.0,0.8268610347711793,0.1731389652288206,0.0,0.0,0.0,0.0,0.0,0.0,0.0,0.0,0.0,0.0,2,351.0,351.0,351.0,0.0,0.0,4.602728993928316,0.9093833041522601
45ca4053806ecd0f595c633184e0ff61,-23.49206728098309,-47.41096819655652,SP,2,424.0,439.93,879.86,424.0,1.0,1,2,0.0375707547169811,444.49453863487565,10.0,2.5,12.35890625,0.5,1.687066974595843,137,1.0,0.0,0.0,0.0,0.0,0.0,0.0,0.0,0.0,0.0,1.0,0.0,0.0,0.0,0.0,0.0,2,296.0,296.0,296.0,1.0,0.0,4.249448123620309,0.8754088998373405
45cfc55a4d5073c50be858369454fc0e,-23.500100044744485,-46.43448261679782,SP,2,151.45,167.17,334.34,151.45,1.0,1,2,0.1037966325519973,205.2272356049964,3.0,2.5,6.17734375,0.0,1.6948955916473318,135,0.4384458934019261,0.0,0.5615541065980738,0.0,0.0,0.0,0.0,0.0,0.0,0.0,0.0,0.0,0.0,0.0,0.0,1.0,2,297.0,297.0,297.0,1.0,0.0,24.386484434320426,1.302798879018105
4658b26bcea972ed0b86a5f8c61718be,-23.55712440333018,-51.48651356500973,PR,2,275.895,304.44,608.88,183.93,1.5,2,2,0.1034632740716577,100.97753244230906,3.5,2.0,22.054386574074076,0.5,1.274869109947644,84,0.5209565103140191,0.0,0.0,0.0,0.0,0.0,0.0,0.0,0.5436669747548887,0.0,0.0,0.0,0.0,0.0,0.0,0.4563330252451114,2,489.0,489.0,489.0,0.0,0.0,0.9195460277427491,0.059273962212195115
4681829483318507ed55682649de6571,-23.541447067213483,-46.64554436221315,SP,2,329.8,371.39,742.78,164.9,2.0,2,2,0.1261067313523347,135.81745996958188,2.0,4.5,3.321574074074074,0.0,2.0,215,1.0,0.0,0.0,0.0,0.0,0.3332322619769557,0.0,0.0,0.0,0.0,0.0,0.0,0.0,0.0,0.0,0.6667677380230442,2,68.0,68.0,68.0,0.0,0.0,0.4914063127459642,0.48226971020908616
46b061196b47dfe9318d38bab6a40ee7,-24.00133434001729,-46.45002155112201,SP,2,89.94500000000001,98.385,196.77,89.94500000000001,1.0,2,2,0.0938351214631163,45.44052602016001,4.5,4.5,7.662696759259258,0.0,2.0,233,1.0,0.0,0.0,0.0,0.0,0.0,0.0,0.0,0.0,0.0,0.0,0.0,0.0,0.0,0.0,1.0,2,5.0,5.0,5.0,0.0,0.0,2.406093127921066,0.5838113923441912
46da36c3df7118852b770394d1ba2be5,-23.51806569963973,-46.75047983755452,SP,2,47.4,62.5,125.0,47.4,1.0,2,2,0.3185654008438818,179.18788487328624,2.0,4.5,5.864913194444444,0.0,1.667808219178082,30,1.0,0.0,0.0,0.0,0.5580168776371308,0.0,0.0,0.0,0.0,0.4419831223628692,0.0,0.0,0.0,0.0,0.0,0.0,2,408.0,408.0,408.0,0.0,0.0,1.3307850083908261,0.20070518877198967
46ed126bcf1df6e195dbc63d7c320983,-22.54458803544428,-44.17691617383249,RJ,2,114.9,130.19,260.38,114.9,1.0,2,2,0.1330722367275892,199.0575076973301,5.5,5.0,7.443969907407408,0.0,1.554255319148936,13,1.0,0.0,0.0,0.0,0.0,0.0,0.0,0.0,0.0,0.8698868581375109,0.0,0.0,0.0,0.0,0.0,0.1301131418624891,2,457.0,457.0,457.0,0.0,0.0,0.1995761540587856,0.9436418477867022
4702ba5faa8283e0f6b6a545cdaf8a9f,-7.836869492196891,-38.10210212009423,PE,2,109.5,148.265,296.53,109.5,1.0,2,2,0.3540182648401827,1670.366593084641,4.5,5.0,6.970231481481481,0.0,1.5378947368421052,26,0.7143965197450511,0.2856034802549489,0.0,0.0,0.730593607305936,0.0,0.0,0.0,0.0,0.0,0.0,0.0,0.0,0.0,0.0,0.2694063926940639,2,449.0,449.0,449.0,0.0,0.0,2.501357893493919,0.6064049318980846
4711348768db55c57a67aba080ead566,-20.26403233347989,-40.29634895410475,ES,2,684.495,739.0999999999999,1478.1999999999998,684.495,1.0,2,2,0.0797741400594599,747.6889797638863,5.5,5.0,17.167025462962965,0.5,2.0,87,0.7039304559599513,0.2960695440400487,0.0,0.0,0.0,0.0,0.0,0.0,0.0,0.2914557447461267,0.0,0.0,0.7085442552538733,0.0,0.0,0.0,2,22.0,22.0,22.0,0.0,0.0,2.3775848280589513,0.5768024331989846
473d9165586cfc6708841d07adf6c020,-23.492485389530263,-46.6936556083203,SP,2,274.57,322.99,645.98,109.828,2.5,3,4,0.1763484721564628,181.1497393573576,1.0,4.5,3.796892361111112,0.0,2.0,109,1.0,0.0,0.0,0.0,0.0,0.4919510507338747,0.0,0.0,0.36418763885348,0.1438613104126452,0.0,0.0,0.0,0.0,0.0,0.0,2,80.0,80.0,80.0,0.0,0.0,0.9600097093270222,0.02885435269215363
47544c4d42f988172faedb4b05231671,-19.446783114553902,-44.74687175786757,MG,2,64.85,86.115,172.23,64.85,1.0,2,2,0.3279105628373169,510.151563849107,5.0,5.0,11.267552083333332,0.0,2.0,91,1.0,0.0,0.0,0.0,0.0,0.0,0.0,0.0,0.0,0.3068619892058596,0.0,0.0,0.0,0.0,0.0,0.6931380107941404,2,31.0,31.0,31.0,0.0,0.0,1.9132273342354533,0.44332224486165833
4755e6cf97a25760ab159e0457c84a29,-23.5214732129622,-46.57045487499708,SP,2,80.85000000000001,100.215,200.43,53.900000000000006,1.5,2,2,0.2395176252319109,546.1466561692056,2.0,5.0,14.038628472222223,0.0,2.0,73,1.0,0.0,0.0,0.0,0.0,0.0,0.0,0.8831168831168831,0.0,0.0,0.0,0.0,0.0,0.0,0.0,0.1168831168831168,2,116.0,116.0,116.0,0.0,0.0,0.19260978222063546,0.9574147496802139
4757b4d81eaab4d270e585126410dc5c,-20.28800218524617,-45.54137566842684,MG,2,34.9,45.86,91.72,34.9,1.0,2,1,0.3140401146131805,163.7209655724015,2.0,4.0,7.135185185185185,0.0,1.4239766081871346,489,1.0,0.0,0.0,0.0,0.0,0.0,0.0,0.0,0.0,0.0,0.0,0.0,0.0,0.0,0.0,1.0,2,24.0,24.0,24.0,0.0,1.0,1.0,0.0
475cab480951109dec3ad6f770167fa5,-23.51054231146539,-46.78839451021503,SP,2,74.645,85.44999999999999,170.89999999999998,74.645,1.0,1,2,0.1447518253064505,146.5689741468705,2.5,3.5,2.7711342592592594,0.0,1.7147887323943662,398,1.0,0.0,0.0,0.0,0.0,0.0,1.0,0.0,0.0,0.0,0.0,0.0,0.0,0.0,0.0,0.0,2,28.0,28.0,28.0,1.0,0.0,3.4091847265221875,0.7727282765032161
475d4eb16efe698064c2966acd62584c,-23.486067528687972,-46.75665569304552,SP,2,58.815,70.195,140.39,58.815,1.0,2,2,0.1934880557680863,221.07469493244076,1.0,5.0,13.441730324074072,0.5,2.0,166,0.6079492841370469,0.3920507158629532,0.0,0.4050837371418855,0.0,0.0,0.0,0.0,0.0,0.0,0.0,0.0,0.0,0.0,0.0,0.5949162628581145,2,2.0,2.0,2.0,0.0,0.0,0.6448740480374927,0.3053266833501568
47a71b49f98984efd3c62cb213f977e8,-23.81330824167762,-46.699119325365096,SP,2,59.9,73.34,146.68,59.9,1.0,1,1,0.2243739565943238,433.9760837927356,1.0,3.5,12.08197337962963,0.0,2.0,301,0.0,1.0,0.0,0.0,0.0,0.0,0.0,0.0,0.0,0.0,0.0,0.0,1.0,0.0,0.0,0.0,2,11.0,11.0,11.0,1.0,1.0,1.0,0.0
47c1a3033b8b77b3ab6e109eb4d5fdf3,-23.558779158993527,-46.90464865994867,SP,6,139.43333333333334,157.36833333333334,944.21,119.51428571428572,1.1666666666666667,5,6,0.1286277791059048,201.72610811608945,1.0,4.833333333333333,12.768730709876545,0.1666666666666666,5.604859335038363,221,0.0,1.0,0.0,0.0454219459717905,0.0,0.0715993306239541,0.0,0.0,0.0,0.0,0.1300502032034425,0.6907721730815205,0.0,0.0,0.0,0.0621563471192923,5,42.5,47.0,170.0,0.25,0.0,0.486032178019691,0.6927085618606463
47c89a36acb8a73127ec91d0542289b5,-23.541612840173386,-46.64158346016764,SP,2,62.4,74.425,148.85,41.6,1.5,2,2,0.1927083333333333,38.563197296529495,1.0,4.5,4.6488657407407405,0.0,2.0,120,1.0,0.0,0.0,0.0,0.0,0.0,0.6394230769230769,0.0,0.0,0.0,0.0,0.0,0.0,0.0,0.0,0.3605769230769231,2,192.0,192.0,192.0,0.0,0.0,1.7427676432651555,0.38298252401249216
481060b29de0e9b3d7f4b2991cfb0767,-20.585828938596137,-47.86355909025438,SP,2,138.495,149.735,299.47,138.495,1.0,2,2,0.081158164554677,332.98062890136623,2.5,5.0,10.530364583333332,0.5,2.0,107,1.0,0.0,0.0,0.0,0.0,0.0,0.0,0.0,0.3501931477670674,0.0,0.0,0.0,0.0,0.0,0.0,0.6498068522329327,2,3.0,3.0,3.0,0.0,0.0,0.578484081804765,0.377649375840573
4820f42c8203dcad5d2c17cf363048b0,-23.553616714461256,-46.64053575583769,SP,2,144.45,159.345,318.69,144.45,1.0,2,2,0.1031152647975078,469.4690999868542,5.5,3.0,7.344710648148148,0.0,1.922368421052632,241,1.0,0.0,0.0,0.0,0.7580477673935618,0.0,0.0,0.0,0.0,0.0,0.0,0.0,0.0,0.0,0.0,0.2419522326064382,2,140.0,140.0,140.0,0.0,0.0,2.820764896295408,0.673935842723656
4827d6a02f010b9505e4af04c7fac522,-23.44251349165954,-46.463896864015446,SP,2,37.9,50.35,100.7,37.9,1.0,2,2,0.3284960422163588,241.2532132663049,4.0,5.0,8.661383101851852,0.0,2.0,71,1.0,0.0,0.0,0.7321899736147758,0.0,0.0,0.0,0.0,0.0,0.0,0.0,0.0,0.0,0.0,0.0,0.2678100263852243,2,275.0,275.0,275.0,0.0,0.0,2.1321928460342146,0.5111953691199669
483b26e1bf0f4797e5512d8849d90835,-23.461621040275272,-46.37559035633952,SP,2,139.99,150.68,301.36,139.99,1.0,2,2,0.0763625973283805,50.80910402351127,2.5,3.0,10.00101851851852,0.0,1.4239766081871346,370,1.0,0.0,0.0,0.0,0.0,0.0,0.7857346953353811,0.0,0.0,0.0,0.0,0.2142653046646189,0.0,0.0,0.0,0.0,2,142.0,142.0,142.0,0.0,0.0,3.243311743170938,0.7476523253161718
485b849ef839f0f401da8bfdc7ac2781,-25.44914567554983,-49.28899740981397,PR,2,63.295,86.52,173.04,42.196666666666665,1.5,1,1,0.3669326171103563,331.1671572177971,3.5,5.0,13.118038194444445,0.0,1.6988372093023254,231,1.0,0.0,0.0,0.0,0.0,0.0,1.0,0.0,0.0,0.0,0.0,0.0,0.0,0.0,0.0,0.0,2,199.0,199.0,199.0,1.0,1.0,0.9821305841924398,0.01274949813512501
48625b68a29dcfc3aba4b5147e0625aa,-22.926392906158146,-43.23205184603426,RJ,2,164.45,185.16,370.32,164.45,1.0,2,2,0.1259349346305868,423.76822836150296,1.0,4.0,12.05254050925926,0.0,2.0,209,0.0,0.6271062864549578,0.3728937135450421,0.0,0.0,0.0,0.6351474612344178,0.0,0.0,0.0,0.0,0.0,0.0,0.0,0.0,0.3648525387655822,2,133.0,133.0,133.0,0.0,0.0,0.5946260173104251,0.3595108683349621
487b72af97cd4e1dcdfae25627f3ea8a,-22.963522473962165,-43.17764342517429,RJ,2,339.9,351.69,703.38,339.9,1.0,1,1,0.0346866725507502,47.01913219276047,1.0,3.0,3.6310069444444446,0.0,2.0,269,1.0,0.0,0.0,0.0,0.0,0.0,0.0,0.0,0.0,0.0,0.0,0.0,0.0,0.0,0.0,1.0,2,15.0,15.0,15.0,1.0,1.0,1.0,0.0
4897a3c64a635a703a71dd2d9189bffa,-27.109644341854988,-48.92660660513923,SC,2,193.405,209.735,419.47,193.405,1.0,2,2,0.0844342183500943,598.534330605709,3.5,5.0,14.75949074074074,0.0,1.4436758893280632,338,1.0,0.0,0.0,0.0,0.5478400248183862,0.0,0.0,0.0,0.0,0.0,0.0,0.0,0.0,0.0,0.0,0.4521599751816137,2,168.0,168.0,168.0,0.0,0.0,0.8349518810148732,0.12720403773413322
48fd7dec70f2b104a1d5e8c5c639102b,-21.426819478689158,-45.94652210057647,MG,2,58.86,83.14500000000001,166.29000000000002,39.24,1.5,1,2,0.4125891946992864,473.41517927400696,7.0,5.0,14.45806712962963,0.0,1.4908163265306122,365,1.0,0.0,0.0,0.0,0.0,0.0,0.0,0.0,1.0,0.0,0.0,0.0,0.0,0.0,0.0,0.0,2,125.0,125.0,125.0,1.0,0.0,0.3766868118221707,0.6403039215290777
494e887fef923d79982b3c0e1ab49cdd,-23.53244860375252,-46.68504245073985,SP,2,222.595,237.82,475.64,222.595,1.0,2,2,0.0683977627529818,675.7208742094233,7.5,3.5,9.411938657407408,0.0,2.0,36,0.8902531326213102,0.0,0.1097468673786897,0.0,0.0,0.1235427570250904,0.0,0.0,0.0,0.0,0.0,0.0,0.0,0.0,0.0,0.8764572429749096,2,157.0,157.0,157.0,0.0,0.0,0.1695969705166351,1.0040785468282614
495fe7ae31686381c8145b2936e761dc,-22.849864346161223,-43.38151780849389,RJ,2,124.995,151.6,303.2,124.995,1.0,2,2,0.2128485139405576,327.86450030079914,1.5,4.5,10.53382523148148,0.0,1.9850543478260871,28,0.4914248021108179,0.0,0.508575197889182,0.0,0.0,0.0,0.0,0.0,0.0,0.0,0.0,0.5199807992319693,0.4800192007680307,0.0,0.0,0.0,2,340.0,340.0,340.0,0.0,0.0,0.966277561608301,0.024254322309828755
4962136f755981b83b03f476e66eea7d,-26.85202001588576,-49.024013480869954,SC,2,72.55,104.01,208.02,36.275,2.0,2,2,0.433631977946244,462.73753908364097,4.5,4.5,12.796695601851852,0.0,1.0541125541125542,295,1.0,0.0,0.0,0.206064782908339,0.0,0.0,0.0,0.0,0.7939352170916609,0.0,0.0,0.0,0.0,0.0,0.0,0.0,2,398.0,398.0,398.0,0.0,0.0,3.675657451112609,0.8092874842077359
4985c6f86aaf1460d9b6fdc74465a5a5,-22.941790829634407,-47.04180943383961,SP,2,110.32,118.35,236.7,110.32,1.0,1,1,0.0727882523567802,16.93849839249758,1.0,3.5,8.359207175925926,0.5,2.0,31,1.0,0.0,0.0,1.0,0.0,0.0,0.0,0.0,0.0,0.0,0.0,0.0,0.0,0.0,0.0,0.0,2,6.0,6.0,6.0,1.0,1.0,1.0,0.0
49c6b1ee895e59043bcd5e2135f08355,-2.5330794726375148,-44.23941327981834,MA,2,79.45,110.14,220.28,79.45,1.0,2,2,0.3862806796727501,2185.291667620716,1.0,5.0,24.000734953703702,0.5,2.0,100,0.0,1.0,0.0,0.6230333543108874,0.0,0.0,0.0,0.0,0.0,0.0,0.0,0.0,0.3769666456891126,0.0,0.0,0.0,2,207.0,207.0,207.0,0.0,0.0,1.2507407785838356,0.15754857826691365
49cee01774f85ef576192e1038cf9cc6,-29.61134910340765,-52.19338126352566,RS,2,88.5,112.755,225.51,59.0,1.5,1,1,0.2740677966101695,1054.2957960561853,4.0,4.0,12.691539351851851,0.0,1.849367088607595,362,1.0,0.0,0.0,0.0,0.0,0.0,0.0,0.0,1.0,0.0,0.0,0.0,0.0,0.0,0.0,0.0,2,33.0,33.0,33.0,1.0,1.0,2.0,0.4714045207910317
49d1599dd80dedc213037342bbe43fd7,-23.113261406035463,-46.526972420220986,SP,2,40.295,59.285,118.57,26.863333333333333,1.5,2,2,0.471274351656533,316.47294688683564,4.5,5.0,11.42083912037037,0.0,1.598468271334792,259,1.0,0.0,0.0,0.0,0.0,0.0,0.5906440004963395,0.0,0.0,0.0,0.0,0.0,0.0,0.0,0.0,0.4093559995036605,2,198.0,198.0,198.0,0.0,0.0,1.9082658817758154,0.44166592067703214
49d602890c664bcee124fa70e94d9fb1,-22.919821974530095,-47.06975184440491,SP,2,23.3,36.53,73.06,15.533333333333331,1.5,2,2,0.5678111587982833,92.07456996616106,1.0,1.0,4.562037037037037,0.0,2.0,262,1.0,0.0,0.0,0.0,0.0,0.2124463519313304,0.0,0.0,0.7875536480686696,0.0,0.0,0.0,0.0,0.0,0.0,0.0,2,89.0,89.0,89.0,0.0,0.0,3.1323529411764706,0.7297543293384299
49e6749fd8bf4a9218457eb19a92e200,-14.842836631044792,-42.42402556408954,BA,2,209.445,248.92,497.84,209.445,1.0,2,2,0.1884743011291747,1200.6271789241152,2.0,5.0,18.793003472222225,0.0,1.449404761904762,271,0.5164309818415556,0.4835690181584444,0.0,0.0,0.5705316431521402,0.0,0.0,0.0,0.4294683568478598,0.0,0.0,0.0,0.0,0.0,0.0,0.0,2,233.0,233.0,233.0,0.0,0.0,1.0679571321757915,0.04647383472686777
49eb3e27a6fc361609658d710948cef7,-23.166021744924358,-47.74685132764185,SP,2,75.45,88.87,177.74,75.45,1.0,2,2,0.1778661365142478,113.95315452967112,1.0,4.5,15.291759259259258,0.5,2.0,113,1.0,0.0,0.0,0.0,0.0,0.0,0.0,0.0,0.0,0.0,0.0,0.0,0.0,0.0,0.0,1.0,2,97.0,97.0,97.0,0.0,0.0,4.266370370370371,0.8771402223248003
4a433c62dfda8104d295307e855c82a7,-22.96509755165601,-43.38063263010911,RJ,2,119.215,149.72000000000003,299.44000000000005,119.215,1.0,1,2,0.2558822295852032,329.6561462913857,2.0,5.0,8.533582175925925,0.0,2.0,171,0.5488912636922254,0.4511087363077745,0.0,0.0,0.0,0.0,0.0,0.0,0.0,0.0,0.0,0.0,1.0,0.0,0.0,0.0,2,115.0,115.0,115.0,1.0,0.0,1.2167604382588095,0.1382853763902091
4a6ccb379c9e5062ad3ce2324222fbf3,-22.840872037225843,-47.19116990877352,SP,2,13.65,21.235,42.47,13.65,1.0,1,1,0.5556776556776557,95.91288165800964,1.0,4.5,9.75054398148148,0.0,2.0,158,1.0,0.0,0.0,0.0,0.0,0.0,0.0,0.0,0.0,0.0,0.0,0.0,0.0,0.0,0.0,1.0,2,62.0,62.0,62.0,1.0,1.0,0.9818012132524498,0.012986656212043982
4ad4d9be004941fb8e0ffd31ddbf1f3c,-15.785799316169744,-47.91757453421891,DF,2,37.95,71.3,142.6,37.95,1.0,2,2,0.8787878787878788,808.4404721050455,1.0,5.0,10.542013888888889,0.0,2.0,49,0.0,1.0,0.0,0.0,0.0,0.0,0.0,0.0,0.5138339920948616,0.4861660079051383,0.0,0.0,0.0,0.0,0.0,0.0,2,14.0,14.0,14.0,0.0,0.0,0.6533333333333333,0.29652865017500385
4b1141303289a23d05776bd25076c2fd,-22.93912785667412,-43.19756351397195,RJ,2,89.99,105.38,210.76,89.99,1.0,1,1,0.1710190021113457,340.0395746958702,2.0,2.0,5.357106481481481,0.0,2.0,233,1.0,0.0,0.0,1.0,0.0,0.0,0.0,0.0,0.0,0.0,0.0,0.0,0.0,0.0,0.0,0.0,2,47.0,47.0,47.0,1.0,1.0,1.0,0.0
4b384b778ebc0449d0244902bfce7beb,-19.927260748646614,-43.94485660070069,MG,2,68.65,93.7,187.4,68.65,1.0,2,2,0.3648943918426802,546.8291934181277,4.0,4.0,11.048680555555556,0.0,1.67162471395881,287,1.0,0.0,0.0,0.0,0.0,0.6190823015294974,0.0,0.0,0.3809176984705025,0.0,0.0,0.0,0.0,0.0,0.0,0.0,2,150.0,150.0,150.0,0.0,0.0,1.2161778618732262,0.13794996755699135
4b979b432abe14a88cd0cde893952677,-23.479868660472448,-46.74253646014058,SP,2,119.8,146.68,293.36,59.9,2.0,1,1,0.2243739565943238,403.2936263524256,1.0,5.0,8.059722222222222,0.0,2.0,333,1.0,0.0,0.0,0.0,0.0,0.0,0.0,0.0,0.0,0.0,0.0,0.0,1.0,0.0,0.0,0.0,2,29.0,29.0,29.0,1.0,1.0,1.0,0.0
4bbaf6f7a10a7e26a8777aa5cb6d5864,-22.904024634141063,-43.2563981779052,RJ,3,140.22,184.6966666666667,554.09,60.09428571428572,2.333333333333333,3,4,0.3171920315694385,492.50156259493207,3.6666666666666665,4.333333333333333,11.61195987654321,0.0,1.9089721254355403,169,1.0,0.0,0.0,0.0,0.0,0.4537155897874769,0.0,0.0,0.4276612941568012,0.0,0.0,0.0,0.1186231160557219,0.0,0.0,0.0,3,202.5,202.5,405.0,0.5,0.0,0.17289982425307557,0.6586480135829461
4be8154b42b4593fae17f1b2cb375615,-15.825216401860724,-48.06041042482752,DF,2,12.9,28.0,56.0,12.9,1.0,1,1,1.1705426356589146,672.7033442647316,1.0,3.0,14.712013888888889,0.0,2.0,215,0.0553571428571428,0.0,0.9446428571428572,0.0,0.0,1.0,0.0,0.0,0.0,0.0,0.0,0.0,0.0,0.0,0.0,0.0,2,49.0,49.0,49.0,1.0,1.0,1.0,0.0
4bf3d072dcf303280e82dc697b516c6f,-23.56009825324765,-46.72805333918863,SP,2,48.245000000000005,57.85,115.7,48.245000000000005,1.0,1,1,0.1990879883925795,54.86224615897127,1.0,5.0,4.0603645833333335,0.0,2.0,262,1.0,0.0,0.0,0.0,0.0,0.0,0.0,0.0,0.0,0.0,0.0,0.0,0.0,0.0,0.0,1.0,2,7.0,7.0,7.0,1.0,1.0,1.1319329279528283,0.08751745122378009
4c112bdeac93a04155c340b65b35c232,-20.894531362786232,-51.373462853801016,SP,2,25.35,43.9,87.8,16.9,1.5,1,1,0.7011834319526628,587.3178267766128,3.0,5.0,8.99433449074074,0.0,1.584598698481562,453,1.0,0.0,0.0,0.0,0.0,0.0,0.0,0.0,0.0,1.0,0.0,0.0,0.0,0.0,0.0,0.0,2,8.0,8.0,8.0,1.0,1.0,0.5269565217391304,0.438116274448157
4c116f8ddec984371284ab7bc860001a,-19.673700996150814,-51.19362695419591,MS,2,19.99,35.09,70.18,19.99,1.0,1,1,0.7553776888444222,655.1171468603268,1.0,3.0,9.474745370370371,0.0,1.6948955916473318,404,0.0,0.5,0.5,1.0,0.0,0.0,0.0,0.0,0.0,0.0,0.0,0.0,0.0,0.0,0.0,0.0,2,27.0,27.0,27.0,1.0,1.0,1.0,0.0
4c3d123168c78dcca6cde5a7274430a5,-23.201636282926152,-45.89725908465388,SP,2,12.5,20.28,40.56,12.5,1.0,1,1,0.6224000000000001,75.35317546336229,1.0,2.5,5.016626157407408,0.0,1.5346638655462184,448,1.0,0.0,0.0,0.0,0.0,0.0,0.0,0.0,0.0,0.0,0.0,0.0,0.0,0.0,0.0,1.0,2,29.0,29.0,29.0,1.0,1.0,1.0,0.0
4c4b5dc90eb4e33188153ca3e7999f92,-23.54115669724756,-46.83735850530967,SP,2,579.99,594.6700000000001,1189.34,579.99,1.0,1,1,0.0253107812203658,12.878818443652928,7.5,3.5,5.499386574074074,0.0,2.0,147,1.0,0.0,0.0,0.0,0.0,0.0,0.0,0.0,0.0,0.0,0.0,0.0,0.0,1.0,0.0,0.0,2,2.0,2.0,2.0,1.0,1.0,0.8155367964707139,0.14368773174799876
4c5200f7d135c94fcd304cdd0af9837a,-22.96702757428625,-43.18789021667232,RJ,2,284.85,321.24,642.48,189.9,1.5,1,1,0.127751448130595,1129.495975134755,2.0,5.0,7.531857638888889,0.0,2.0,124,1.0,0.0,0.0,0.0,0.0,0.0,0.0,0.0,0.0,0.0,0.0,0.0,0.0,0.0,0.0,1.0,2,9.0,9.0,9.0,1.0,1.0,2.0,0.4714045207910317
4c5ae17e8984ca0916543b159eac0f2c,-22.91456473061436,-43.24584028835053,RJ,2,265.0,288.98,577.96,176.66666666666666,1.5,1,1,0.0904905660377358,668.593045905629,8.0,3.0,7.3596875,0.0,1.9073107049608355,378,1.0,0.0,0.0,0.0,0.0,0.0,0.0,0.0,0.0,0.0,0.0,0.0,0.0,0.0,0.0,1.0,2,5.0,5.0,5.0,1.0,1.0,0.5541572550285039,0.4056969489955345
4c93744516667ad3b8f1fb645a3116a4,-26.49801056071844,-49.10376234648776,SC,2,253.26,282.94,565.88,253.26,1.0,2,2,0.117191818684356,1146.690725921835,1.0,5.0,12.074322916666668,0.0,2.0,322,0.5012900261539549,0.0,0.0,0.0,0.0,0.0,0.5131090578851772,0.0,0.0,0.0,0.0,0.0,0.0,0.0,0.0,0.4868909421148227,2,31.0,31.0,31.0,0.0,0.0,1.0051734523936078,0.003648744965478141
4ce423721c74231c174d0bb22367645a,-23.65953453974373,-46.80182610495492,SP,2,152.95,176.71,353.42,101.96666666666664,1.5,2,2,0.1553448839490029,733.5073381349016,5.0,5.0,8.076435185185186,0.0,2.0,85,1.0,0.0,0.0,0.5099705786204642,0.0,0.0,0.0,0.4900294213795358,0.0,0.0,0.0,0.0,0.0,0.0,0.0,0.0,2,81.0,81.0,81.0,0.0,0.0,0.9817203095211394,0.013044921660733056
4ced1b9f8668a9792e5484da6d97b229,-22.85129244470912,-42.94307706342892,RJ,2,15.6,29.7,59.4,15.6,1.0,1,1,0.903846153846154,378.7043147550021,1.0,5.0,16.780144675925925,0.0,2.0,320,0.0,0.0,1.0,0.0,0.0,0.0,0.0,0.0,1.0,0.0,0.0,0.0,0.0,0.0,0.0,0.0,2,1.0,1.0,1.0,1.0,1.0,1.0,0.0
4cfa5155cf7cff8eb15e0b12041d058e,-23.657965067281776,-46.70826963023672,SP,2,94.945,111.02,222.04,94.945,1.0,2,2,0.1693085470535573,358.3180993586545,1.0,5.0,8.290891203703705,0.0,1.854060913705584,29,0.0,0.3303008466942893,0.6696991533057106,0.0,0.0,0.0,0.6845542155985044,0.0,0.0,0.0,0.0,0.0,0.3154457844014955,0.0,0.0,0.0,2,365.0,365.0,365.0,0.0,0.0,2.0275429506408504,0.47998168825633414
4d28234ccc945685ca892f6184032215,-22.605573745885028,-46.920154819811344,SP,2,33.775,42.535,85.07,33.775,1.0,2,2,0.2593634344929681,215.89118702872764,1.0,5.0,5.055434027777778,0.0,2.0,117,0.0,0.7526742682496768,0.0,0.0,0.0,0.0,0.0,0.0,0.0,0.0,0.0,0.0,0.7979274611398964,0.0,0.0,0.2020725388601036,2,11.0,11.0,11.0,0.0,0.0,3.0432509505703425,0.7146707540427808
4d5cbb095f36a674f6f4a852959ad11d,-23.460246996077835,-46.66853934859744,SP,2,29.95,40.235,80.47,29.95,1.0,2,2,0.3434056761268781,182.7465973119016,1.0,3.5,8.613385416666667,0.0,2.0,149,0.4062383496955387,0.5937616503044613,0.0,0.0,0.0,0.0,0.0,0.0,0.332220367278798,0.0,0.0,0.0,0.0,0.667779632721202,0.0,0.0,2,135.0,135.0,135.0,0.0,0.0,0.6841774801172038,0.2651979949821053
4d7b6c39aa3c7b53acb8058e4094a593,-23.445320361177217,-46.7507002720626,SP,2,224.85,251.37,502.74,149.9,1.5,1,1,0.1179452968645763,383.1463182797174,2.5,2.0,6.229728009259259,0.0,2.0,7,1.0,0.0,0.0,1.0,0.0,0.0,0.0,0.0,0.0,0.0,0.0,0.0,0.0,0.0,0.0,0.0,2,187.0,187.0,187.0,1.0,1.0,2.0180093648697324,0.4770305444309772
4d98a16aebfef3772cc4d547bcae8761,-28.48790508999392,-49.00919653664912,SC,2,168.0,191.295,382.59,112.0,1.5,1,1,0.1386607142857142,603.0407011821939,5.0,5.0,12.470578703703705,0.0,2.0,289,1.0,0.0,0.0,0.0,0.0,0.0,1.0,0.0,0.0,0.0,0.0,0.0,0.0,0.0,0.0,0.0,2,23.0,23.0,23.0,1.0,1.0,2.0,0.4714045207910316
4d9e104764077f7dfae917c7cc803212,-20.349430727951567,-40.30679634470663,ES,2,46.99,70.17999999999999,140.36,46.99,1.0,2,2,0.4935092572887848,572.5054074262312,1.0,4.5,7.078541666666666,0.0,1.3783018867924528,41,0.0,0.2496437731547449,0.0,0.0,0.0,0.0,0.0,0.0,0.0,0.0,0.0,0.0,0.0,0.0,0.0,1.0,2,489.0,489.0,489.0,0.0,0.0,3.0057077625570776,0.7081143428582297
4dcabe94c61f202327839a734955b0cf,-23.759477743919486,-46.680511628789766,SP,2,156.35000000000002,201.06,402.12,78.175,2.0,3,3,0.2859929645027182,211.1222720471721,2.0,4.0,9.463975694444445,0.0,2.0,179,1.0,0.0,0.0,0.0,0.0,0.0,0.0,0.0,0.3831148065238247,0.3933482571154461,0.0,0.0,0.0,0.0,0.0,0.2235369363607291,2,2.0,2.0,2.0,0.0,0.0,0.26596146581035135,0.8199990903285358
4df9aee56fa602c72756abb22ee60b17,-23.616789379902198,-46.7677157829511,SP,2,118.9,145.77,291.54,59.45,2.0,1,1,0.2259882253994953,412.8569748936772,2.0,4.5,17.27836226851852,0.5,2.0,265,1.0,0.0,0.0,0.0,0.0,0.0,0.0,0.0,0.0,0.0,0.0,0.0,1.0,0.0,0.0,0.0,2,28.0,28.0,28.0,1.0,1.0,0.9875920370875375,0.008828526732246083
4e15fee963523774998876e3624952f4,-25.51261681909534,-49.16086261167589,PR,2,119.495,144.555,289.11,79.66333333333334,1.5,2,2,0.2097158876940457,117.26177050600076,2.5,4.0,5.045376157407407,0.0,2.0,15,1.0,0.0,0.0,0.0,0.0,0.0,0.0,0.0,0.7071425582660362,0.0,0.0,0.0,0.0,0.0,0.0,0.2928574417339637,2,12.0,12.0,12.0,1.0,1.0,0.637182173396002,0.31340549597469547
4e1cce07cd5937c69dacac3c8b13d965,-21.48232198226254,-47.005456136097216,SP,3,405.5333333333333,431.53333333333336,1294.6,405.5333333333333,1.0,2,3,0.0641131020877856,518.1537183179279,6.0,4.0,10.04324074074074,0.0,3.0,34,1.0,0.0,0.0,0.0,0.0369883281275686,0.0,0.0,0.0,0.0,0.9630116718724314,0.0,0.0,0.0,0.0,0.0,0.0,2,247.0,247.0,247.0,0.0,0.0,0.05199860231917505,1.2744089495872857
4e23e1826902ec9f208e8cc61329b494,-22.91708306180063,-43.231032967322406,RJ,2,78.95,93.885,187.77,78.95,1.0,2,2,0.189170360987967,162.72624963387975,1.0,5.0,8.372604166666665,0.0,1.0480631276901005,173,1.0,0.0,0.0,0.0,0.0,0.0,0.0,0.0,0.0,0.0,0.0,0.0,0.0,0.0,0.0,1.0,2,524.0,524.0,524.0,0.0,0.0,1.6372191011235953,0.3417099074658749
4e2d666f4bbc94a8ded712172a433d65,-22.8789071042756,-43.34036887456152,RJ,3,40.29666666666667,59.55,178.65,40.29666666666667,1.0,2,3,0.4777897261973695,507.0878840047285,1.0,5.0,10.812488425925926,0.0,3.0,138,0.7783935068569829,0.221606493143017,0.0,0.0,0.0,0.8098271155595996,0.0,0.0,0.0,0.1901728844404003,0.0,0.0,0.0,0.0,0.0,0.0,3,25.5,25.5,51.0,0.5,0.0,1.672897196261682,0.29551713427378046
4e39429218dac10ad4e57dafee3d92d4,-22.56555260151656,-47.38433368475618,SP,2,79.945,95.12,190.24,79.945,1.0,2,2,0.189817999874914,198.7123882771901,5.5,5.0,5.818940972222222,0.0,1.6054945054945051,282,1.0,0.0,0.0,0.0,0.0,0.0,0.0,0.0,0.3120895615735818,0.0,0.0,0.0,0.0,0.0,0.0,0.6879104384264182,2,174.0,174.0,174.0,0.0,0.0,0.44944761904761904,0.5371692179198898
4e4b787733d41ea0cb9b69a192bb285e,-22.78413515858476,-43.41069815343363,RJ,2,189.9,208.51,417.02,189.9,1.0,1,1,0.0979989468141126,1223.3961723166235,2.0,4.5,18.30671875,0.0,2.0,274,0.5,0.0,0.0,0.0,0.0,0.0,0.0,0.0,0.0,0.0,0.0,0.0,0.0,0.0,0.0,1.0,2,6.0,6.0,6.0,1.0,1.0,1.0,0.0
4e65032f1f574189fb793bac5a867bbc,-23.62126661947686,-46.57146908859832,SP,5,80.914,98.082,490.41,67.42833333333333,1.2,4,4,0.2121758904515905,459.56829403908426,4.4,5.0,6.477513888888889,0.0,3.4785714285714286,80,1.0,0.0,0.0,0.0,0.0,0.0,0.0,0.0,0.0,0.0,0.0,0.0258793286699458,0.813209086190276,0.0,0.0,0.160911585139778,5,111.25,45.0,445.0,0.25,0.25,1.5721241631162506,1.412406123467599
4eda116add853323e439c104b7d0824c,-22.85302569985961,-45.250210910032806,SP,2,54.45,67.89,135.78,54.45,1.0,1,1,0.246831955922865,483.9927437676076,5.5,5.0,7.152899305555556,0.0,2.0,283,1.0,0.0,0.0,0.0,0.0,0.0,0.0,0.0,0.0,0.0,0.0,0.0,1.0,0.0,0.0,0.0,2,22.0,22.0,22.0,1.0,1.0,0.8513771475320425,0.11352870695144163
4ef6c02126b21225e011b242f9f79c6f,-20.819947748501622,-49.37575292303071,SP,2,207.5,264.145,528.29,207.5,1.0,2,2,0.2729879518072289,350.11067549246684,1.5,4.5,9.637523148148148,0.0,1.5575692963752663,263,0.7160650400348294,0.0,0.2839349599651706,0.0,0.0,0.0,0.5036144578313253,0.0,0.4963855421686747,0.0,0.0,0.0,0.0,0.0,0.0,0.0,2,206.0,206.0,206.0,0.0,0.0,0.7331780453397198,0.21771752073255948
4f011f45db425dcd3be79d4c11e9ad05,-24.72066378200831,-53.72009068104849,PR,2,92.495,109.0,218.0,92.495,1.0,2,2,0.1784420779501594,684.9508036660095,6.5,3.0,17.477835648148147,0.0,1.304464285714286,448,1.0,0.0,0.0,0.0,0.0,0.827071733607222,0.0,0.0,0.1729282663927779,0.0,0.0,0.0,0.0,0.0,0.0,0.0,2,112.0,112.0,112.0,0.0,0.0,3.432696217974786,0.7761307825794362
4f0c8db463d2261888faa81900eb33c1,-23.382348861277585,-51.9280498300931,PR,2,56.985,84.47,168.94,37.99,1.5,1,1,0.4823199087479161,542.7165358546587,3.5,4.5,6.411001157407407,0.0,2.0,64,1.0,0.0,0.0,0.0,0.0,0.0,0.0,0.0,0.0,0.0,0.0,0.0,0.0,0.0,0.0,1.0,2,101.0,101.0,101.0,1.0,1.0,2.004980434009249,0.47296712604522245
4f2029f4e7aea8455f5c1cb9de0b7ccd,-19.1661188175432,-41.47241744949911,MG,2,224.45,245.815,491.63,224.45,1.0,1,1,0.095188237914903,818.6764783294905,7.0,5.0,13.87152777777778,0.0,1.8587786259541983,346,1.0,0.0,0.0,0.0,0.0,0.0,0.0,0.0,0.0,0.0,0.0,0.0,0.0,0.0,0.0,1.0,2,47.0,47.0,47.0,1.0,1.0,0.8517834946702323,0.11319346597925538
4f223a62631b82cfb22241007bbd60dc,-12.959208638944672,-38.48131710808087,BA,2,34.895,51.845,103.69,34.895,1.0,2,2,0.4857429431150595,1491.813585331285,1.5,4.5,20.15894675925926,0.0,2.0,112,0.2862378242839232,0.7137621757160768,0.0,0.0,0.0,0.0,0.0,0.0,0.0,0.0,0.0,0.0,0.0,0.8153030520131824,0.0,0.1846969479868176,2,103.0,103.0,103.0,0.0,0.0,2.4935983827493264,0.604610736040113
4f477c554c5bd165f95d62b409ac6425,-23.480980278973547,-46.61740494321187,SP,2,56.400000000000006,70.82000000000001,141.64,56.400000000000006,1.0,2,2,0.2556737588652482,314.9687261367469,2.5,5.0,9.013032407407408,0.0,1.812655086848635,85,1.0,0.0,0.0,0.0,0.0,0.0,0.0,0.2473404255319148,0.0,0.0,0.0,0.0,0.0,0.0,0.0,0.7526595744680851,2,318.0,318.0,318.0,0.0,0.0,0.4378235712110446,0.5529451220292432
4f4943d1a8ac2c4a65d4fba25ee8c0bb,-23.200426988693117,-46.88717401364246,SP,2,38.19,45.675,91.35,38.19,1.0,2,2,0.1959937156323644,58.01707388674937,4.0,5.0,3.746412037037037,0.0,2.0,76,1.0,0.0,0.0,0.0,0.0,0.0,0.399057344854674,0.0,0.600942655145326,0.0,0.0,0.0,0.0,0.0,0.0,0.0,2,29.0,29.0,29.0,0.0,0.0,1.412199630314233,0.24166254744000018
4f4d2fe2987efa0b9e4e61a466e8ed8b,-23.158310543111,-49.97589883972992,PR,3,56.23333333333333,78.25333333333333,234.76,56.23333333333333,1.0,3,3,0.3915826911677534,774.7590052567376,5.666666666666667,3.6666666666666665,10.676006944444444,0.0,2.953504043126685,213,1.0,0.0,0.0,0.0,0.0,0.0,0.0,0.0,0.0,0.0,0.0,0.0,0.0,0.0,0.0,1.0,3,79.5,79.5,159.0,0.0,0.0,0.7512987877980551,0.30166803710987034
4f88e6285f805c9a823ba23291a65ca3,-22.747071955091517,-43.498696172388975,RJ,2,52.45,66.655,133.31,52.45,1.0,2,2,0.2708293612964728,325.2750888558552,2.5,3.0,19.893697916666667,0.5,2.0,281,1.0,0.0,0.0,0.0,0.0,0.2383222116301239,0.0,0.0,0.0,0.0,0.0,0.0,0.0,0.0,0.0,0.7616777883698761,2,12.0,12.0,12.0,0.0,0.0,0.41503025156565126,0.5846321312908354
4f8e0cd35c770318d9e8874c2956345a,-22.42034008372089,-45.45267541330615,MG,2,224.85,283.5,567.0,149.9,1.5,1,1,0.2608405603735824,1946.2594332075007,1.0,3.0,12.981128472222222,0.0,2.0,160,0.0,1.0,0.0,0.0,0.0,0.0,0.0,1.0,0.0,0.0,0.0,0.0,0.0,0.0,0.0,0.0,2,20.0,20.0,20.0,1.0,1.0,2.0,0.4714045207910317
4facc2e6fbc2bffab2fea92d2b4aa7e4,-30.045334127074685,-51.13161304767922,RS,4,421.725,440.1875,1760.75,421.725,1.0,1,3,0.0437785286620427,874.8999337758147,9.0,3.0,11.397387152777776,0.0,3.312925170068028,20,1.0,0.0,0.0,0.0,1.0,0.0,0.0,0.0,0.0,0.0,0.0,0.0,0.0,0.0,0.0,0.0,4,140.33333333333334,20.0,421.0,1.0,0.3333333333333333,5.311923804872093,0.6899358570825104
4fcf7b9d6a54ded837b9a0ff601bf7ef,-15.817348055792444,-47.86328452276207,DF,2,161.0,176.375,352.75,161.0,1.0,1,2,0.0954968944099378,822.4281131240887,2.0,4.5,19.719056712962963,0.0,2.0,198,1.0,0.0,0.0,0.0,0.0,0.0,1.0,0.0,0.0,0.0,0.0,0.0,0.0,0.0,0.0,0.0,2,3.0,3.0,3.0,1.0,0.0,0.616932526585992,0.33504132503903483
4ffd7cf05f22d7a320750a2f9e73f665,-23.04007941628008,-45.61068815584681,SP,2,123.0,138.115,276.23,123.0,1.0,2,2,0.1228861788617886,117.83567766537632,5.5,5.0,6.9471875,0.0,2.0,305,1.0,0.0,0.0,0.0,0.0,0.0,0.0,0.0,0.0,0.0,0.0,0.0,0.9678861788617886,0.0,0.0,0.0321138211382113,2,55.0,55.0,55.0,0.0,0.0,12.986329113924052,1.2119855794829772
507dc9becd4fc65635d90682dfa9d3a3,-27.819585573757436,-54.21860013746901,RS,2,83.4,102.23,204.46,83.4,1.0,2,2,0.2257793764988009,1111.9220609806157,6.0,5.0,14.72244212962963,0.0,1.9959016393442623,282,1.0,0.0,0.0,0.3591127098321343,0.0,0.0,0.0,0.0,0.0,0.0,0.0,0.0,0.0,0.6408872901678657,0.0,0.0,2,84.0,84.0,84.0,0.0,0.0,0.6369895916733387,0.31360873969478686
508f416faa150cd3249d045d81c93399,-22.96702757428625,-43.18789021667232,RJ,2,133.0,144.97,289.94,133.0,1.0,1,2,0.09,289.82223122530087,7.0,5.0,13.292268518518515,0.0,2.0,237,0.8275505276953853,0.0,0.1724494723046147,0.0,1.0,0.0,0.0,0.0,0.0,0.0,0.0,0.0,0.0,0.0,0.0,0.0,2,43.0,43.0,43.0,1.0,0.0,1.0055336515182958,0.0039020861209163697
50a662e7d7e7e2a94112a4f15a37464e,-22.823393639742047,-43.0035784417497,RJ,2,199.95,224.19,448.38,199.95,1.0,1,2,0.1212303075768942,491.3758593276377,2.0,4.0,9.681631944444444,0.0,1.67545871559633,432,0.5494892724920826,0.4505107275079174,0.0,0.0,0.0,1.0,0.0,0.0,0.0,0.0,0.0,0.0,0.0,0.0,0.0,0.0,2,4.0,4.0,4.0,1.0,0.0,0.8198717428362692,0.13997680070056193
50ad9fb3ba7f8cf336529fe94a182996,-23.013945234739644,-43.46302017493874,RJ,2,159.85000000000002,195.585,391.17,106.56666666666668,1.5,2,2,0.223553331248045,506.5125340541017,8.0,5.0,13.59538773148148,0.0,1.509297520661157,336,1.0,0.0,0.0,0.0,0.0,0.0,0.0,0.0,0.5627150453550203,0.0,0.4372849546449796,0.0,0.0,0.0,0.0,0.0,2,148.0,148.0,148.0,0.0,0.0,0.8459251569062337,0.11804093568392661
50cd97d731f3f5e3f321673c2671a23d,-23.54665178260569,-46.23326216106957,SP,3,123.26666666666668,138.79666666666665,416.39,123.26666666666668,1.0,1,2,0.1259870200108166,355.35260512509785,2.6666666666666665,5.0,8.63351851851852,0.0,3.0,257,0.3676841422704676,0.6323158577295324,0.0,0.0,0.0,0.0,1.0,0.0,0.0,0.0,0.0,0.0,0.0,0.0,0.0,0.0,2,97.0,97.0,97.0,1.0,1.0,1.7197256694970608,0.3742457610362674
50e1b12ee1e2eab6157d9c0b035136af,-20.35139788335605,-40.32171482890338,ES,2,18.45,34.315,68.63,18.45,1.0,2,2,0.8598915989159891,958.2437068999732,1.0,5.0,14.754866898148148,0.0,2.0,205,0.9603671863616494,0.0,0.0396328136383505,0.0,0.0,0.0,0.0,0.4579945799457994,0.0,0.0,0.0,0.0,0.0,0.0,0.0,0.5420054200542006,2,2.0,2.0,2.0,0.0,0.0,1.2138709677419355,0.1366200774957544
511152350c802fe363fd2417b1a09357,-16.45631366181431,-54.671486569099805,MT,2,32.45,49.24,98.48,32.45,1.0,1,2,0.5174114021571647,1150.460382898974,1.0,3.0,20.30120949074074,0.0,2.0,221,0.0,1.0,0.0,0.0,0.0,0.0,0.0,0.0,0.0,0.0,0.0,1.0,0.0,0.0,0.0,0.0,2,1.0,1.0,1.0,1.0,0.0,1.7516065940206762,0.386295134320027
51378a8908cdc12c6545fdf842383c97,-23.492769783467462,-46.61183759364892,SP,2,439.45,461.095,922.19,439.45,1.0,2,2,0.0492547502560018,890.2361069856581,3.5,5.0,9.99402199074074,0.0,1.337912087912088,534,1.0,0.0,0.0,0.0,0.0,0.0,0.476732278985095,0.0,0.0,0.0,0.0,0.0,0.0,0.0,0.0,0.5232677210149049,2,12.0,12.0,12.0,0.0,0.0,1.0776596224034605,0.052861060621998225
514f8ca0f04813ed414874f8f422e6c3,-23.5959684637098,-46.63446751833339,SP,2,57.900000000000006,75.96,151.92,38.6,1.5,2,2,0.3119170984455958,352.51214915572865,2.0,3.5,5.753130787037037,0.0,1.9584450402144773,187,0.9092943654555028,0.0907056345444971,0.0,0.0518134715025906,0.0,0.0,0.0,0.0,0.0,0.0,0.0,0.0,0.0,0.0,0.0,0.9481865284974094,2,186.0,186.0,186.0,0.0,0.0,10.02467343976778,1.1576592852601244
51838d41add414a0b1b989b7d251d9ee,-22.863237232686377,-47.149927027967614,SP,3,91.53333333333336,103.62,310.86,91.53333333333336,1.0,2,3,0.1320466132556445,165.00234065296402,1.0,1.6666666666666667,17.920127314814817,0.6666666666666666,2.0367100371747213,455,0.0,1.0,0.0,0.0,0.0,0.0,0.0,0.0,0.8546977421704297,0.0,0.0,0.0,0.0,0.0,0.0,0.1453022578295702,2,83.0,83.0,83.0,0.0,0.0,0.18337203547908182,0.975928370971744
51c23d1b01aebce5a1e32e3d9b312aa3,-14.393547173712022,-56.4317797145529,MT,2,45.900000000000006,66.01,132.02,45.900000000000006,1.0,2,2,0.4381263616557733,1445.0830451286845,1.0,4.0,16.62855902777778,0.0,2.0,208,0.0,1.0,0.0,0.0,0.0,0.0,0.0,0.1296296296296296,0.0,0.0,0.0,0.0,0.0,0.0,0.0,0.8703703703703703,2,7.0,7.0,7.0,0.0,0.0,0.2776541178747702,0.7995523427929693
51d121ddc025c1b70f8f62a1b727aecf,-9.91082477976939,-63.04004212137411,RO,2,92.4,195.615,391.23,30.8,3.0,2,2,1.1170454545454545,2233.6089909982315,8.0,5.0,20.420729166666668,0.0,1.6125827814569538,368,1.0,0.0,0.0,0.0,0.0,0.0,0.0,0.0,0.5238095238095237,0.0,0.0,0.0,0.0,0.0,0.0,0.4761904761904761,2,85.0,85.0,85.0,0.0,0.0,1.3478965372381924,0.20954926823292774
51d8d985d769925b981b4a34ddf6dfc6,-19.706760797412404,-42.566343501179134,MG,2,170.95,190.665,381.33,170.95,1.0,2,2,0.1153261187481719,569.4434572559144,6.5,5.0,8.093790509259259,0.0,2.0,122,1.0,0.0,0.0,0.4445744369698742,0.0,0.5554255630301258,0.0,0.0,0.0,0.0,0.0,0.0,0.0,0.0,0.0,0.0,2,242.0,242.0,242.0,0.0,0.0,0.7648447262461239,0.18843571474622234
51d91326ffc0688da14a001de38c264b,-18.164395802835287,-47.95866934512524,GO,3,208.33,245.24,735.72,208.33,1.0,2,2,0.1771708347333557,619.5118397812264,5.333333333333333,4.0,12.823121141975308,0.0,2.860966057441253,372,1.0,0.0,0.0,0.0,0.0,0.6320101121617946,0.0,0.0,0.3679898878382054,0.0,0.0,0.0,0.0,0.0,0.0,0.0,2,11.0,11.0,11.0,1.0,1.0,0.42994305261316595,0.5637862744577132
51dc56123336c573f2977f5da81b17b9,-22.92153648630856,-43.2005413967008,RJ,2,349.9,384.62,769.24,349.9,1.0,2,2,0.0992283509574164,415.02920158100375,10.5,4.5,9.793524305555556,0.0,1.4817444219066938,340,1.0,0.0,0.0,0.0,0.0,0.0,0.0,0.0,0.0,0.0,0.0,0.0,0.0,0.0,0.0,1.0,2,154.0,154.0,154.0,0.0,0.0,2.3235688053575285,0.5631924791968357
523730e4b2ef7654c243699b81763112,-27.65058330081976,-53.63877981158403,RS,2,92.4,114.915,229.83,92.4,1.0,2,2,0.2436688311688311,821.483710926472,1.0,5.0,12.173912037037038,0.0,1.2465870307167235,483,0.0,1.0,0.0,0.0,0.0,0.0,0.0,0.0,0.0,0.8111471861471862,0.0,0.0,0.0,0.1888528138528138,0.0,0.0,2,103.0,103.0,103.0,0.0,0.0,0.2780403714619363,0.7988832911408386
523b7915f240831d06b34ab9b804a200,-23.70558483961311,-49.48637969665622,SP,2,92.495,106.065,212.13,92.495,1.0,2,2,0.1467106330071895,259.10750636158787,4.0,5.0,12.739438657407408,0.0,1.9584450402144773,107,1.0,0.0,0.0,0.0,0.0,0.0,0.0,0.0,0.7513919671333585,0.2486080328666414,0.0,0.0,0.0,0.0,0.0,0.0,2,266.0,266.0,266.0,0.0,0.0,2.5736185983827493,0.6227393054319088
525236008daa62b6022f35142ef864d3,-13.52891328281768,-48.21975891840879,GO,2,104.945,122.205,244.41,104.945,1.0,2,2,0.1644671018152365,1074.7202663042665,7.0,4.0,17.787517361111114,0.0,2.0,211,1.0,0.0,0.0,0.0,0.0,0.0,0.0,0.0,0.0,0.3330315879746534,0.0,0.6669684120253466,0.0,0.0,0.0,0.0,2,121.0,121.0,121.0,0.0,0.0,1.8370284387695877,0.4172453663218521
52597838f6c178b19b961b068d048c71,-23.01668495556393,-44.34012136313528,RJ,2,182.0,212.77,425.54,91.0,2.0,1,1,0.169065934065934,346.2026894504244,1.0,5.0,10.570445601851851,0.0,1.5675965665236051,368,0.0,1.0,0.0,0.0,0.0,0.0,0.0,1.0,0.0,0.0,0.0,0.0,0.0,0.0,0.0,0.0,2,98.0,98.0,98.0,1.0,1.0,0.35907508543323435,0.6669276159633236
525cda9909aa001ebed396f6e55eae01,-26.82666111427103,-49.27056366270406,SC,2,842.145,891.45,1782.9,561.43,1.5,2,2,0.0585469248169852,180.62923889499243,4.0,4.5,8.830503472222222,0.0,2.0,26,1.0,0.0,0.0,0.0,0.0,0.0,0.0,0.0,0.0,0.0,0.0,0.0,0.0,0.0,0.0,1.0,2,25.0,25.0,25.0,0.0,0.0,0.12208292425043425,1.106479929719404
525e9dbf2f675f893b9f695d5ecefb31,-21.27177893936608,-48.31811633004516,SP,2,74.995,103.24,206.48,74.995,1.0,1,2,0.376625108340556,283.82024724513883,2.5,5.0,8.183096064814816,0.0,2.0,30,0.2026830685780705,0.7973169314219295,0.0,0.0,0.0,0.0,0.0,1.0,0.0,0.0,0.0,0.0,0.0,0.0,0.0,0.0,2,324.0,324.0,324.0,1.0,0.0,3.933811230585424,0.8409392734800882
5275b2f97b9c995d3d05a58610c0bb67,-23.01112393338391,-43.3150970978006,RJ,2,99.7,118.97,237.94,99.7,1.0,2,2,0.1932798395185556,603.2876474782039,1.0,2.5,26.86060185185185,0.5,2.0,273,0.2294696141884508,0.7705303858115492,0.0,0.0,0.0,0.0,0.0,0.0,0.0,0.0,0.0,0.0,0.0,0.1980942828485456,0.8019057171514544,0.0,2,7.0,7.0,7.0,0.0,0.0,0.2978073524599105,0.7651754812974375
527c6fbbe85cdf78ff1645e0a71e266f,-23.58048330570284,-46.6912373352031,SP,2,181.0,202.135,404.27,181.0,1.0,2,2,0.1167679558011049,121.0721758217897,6.0,5.0,13.274965277777778,0.0,2.0,222,1.0,0.0,0.0,0.0,0.0,0.0,0.0,0.0,0.8812154696132597,0.1187845303867403,0.0,0.0,0.0,0.0,0.0,0.0,2,19.0,19.0,19.0,0.0,0.0,0.18871475197741777,0.9651858015543092
528553785a32652e5b1f5dc33899f754,-30.020163045407333,-51.15447332328562,RS,2,110.0,128.02,256.04,110.0,1.0,1,1,0.1638181818181818,733.4972612936626,1.5,3.5,15.091793981481482,0.0,2.0,265,0.5,0.5,0.0,0.0,0.0,0.0,0.0,0.0,0.0,0.0,0.0,0.0,0.0,0.0,1.0,0.0,2,47.0,47.0,47.0,1.0,1.0,1.0,0.0
52abba659c0a219f8de7076dc33e0e83,-23.493035609898914,-46.869837534303294,SP,2,124.9,142.685,285.37,124.9,1.0,1,1,0.1423939151321056,332.4115492023772,2.0,5.0,8.490231481481482,0.0,2.0,103,1.0,0.0,0.0,0.0,0.0,0.0,1.0,0.0,0.0,0.0,0.0,0.0,0.0,0.0,0.0,0.0,2,225.0,225.0,225.0,1.0,1.0,1.0093648781861708,0.0065911064160780524
52b8fc428690f8974a3d3ff3a162f7b7,-27.602364913987984,-48.6424811708973,SC,2,169.9,188.89,377.78,169.9,1.0,1,1,0.1117716303708063,245.7001519893027,6.5,3.0,5.793425925925926,0.0,2.0,7,1.0,0.0,0.0,0.0,0.0,0.0,1.0,0.0,0.0,0.0,0.0,0.0,0.0,0.0,0.0,0.0,2,67.0,67.0,67.0,1.0,1.0,1.0,0.0
52e05f52b2ccd1945aafaae6ceff7ba1,-23.68836983632365,-46.555267708042514,SP,2,108.945,121.35,242.7,108.945,1.0,2,2,0.1138647941621919,19.48437334700889,5.5,3.0,4.368587962962963,0.0,2.0,282,1.0,0.0,0.0,0.0,0.0,0.0,0.0,0.0,0.0,0.0,0.0,0.0,0.0,0.0,0.0,1.0,2,32.0,32.0,32.0,0.0,0.0,5.785015376013419,0.9973497871272309
53100f780630b0755dcdec40f673abfb,-23.68963721855727,-46.61876638017481,SP,2,44.2,52.27,104.54,44.2,1.0,2,2,0.1825791855203619,27.90366152878968,2.0,5.0,5.021319444444445,0.0,1.5378947368421052,177,1.0,0.0,0.0,0.0,0.0,0.0,0.0,0.0,0.0,0.0,0.0,0.0,0.0,0.903846153846154,0.0,0.0961538461538461,2,298.0,298.0,298.0,0.0,0.0,0.17924421883812747,0.9842948038862291
53b30ca78efb2b7efcd3f9e461587eb2,-19.95033843080163,-43.91682575420161,MG,2,123.5,150.235,300.47,82.33333333333333,1.5,1,1,0.2164777327935222,466.96332793846494,2.0,5.0,7.6746238425925934,0.0,1.922368421052632,359,1.0,0.0,0.0,0.0,0.0,0.0,0.0,0.0,0.0,0.0,0.0,0.0,0.0,0.0,0.0,1.0,2,21.0,21.0,21.0,1.0,1.0,2.1040289256198346,0.5030019749419665
53beace9d0aa08b64d759d5f5a66550c,-23.661857430734173,-46.52659277818231,SP,2,134.54000000000002,145.26999999999998,290.54,134.54000000000002,1.0,2,2,0.0797532332391853,59.400814826854,2.0,5.0,2.5589525462962963,0.0,1.4323529411764706,271,1.0,0.0,0.0,0.0,0.0,0.0,0.0,0.0,0.0,0.0,0.0,0.0,0.3314255983350676,0.0,0.0,0.6685744016649323,2,239.0,239.0,239.0,0.0,0.0,1.8712323352109892,0.42912186844775957
53cc7338a7d5994fe8baa28a039d2343,-23.428904861621987,-46.925863433951385,SP,2,52.295,79.065,158.13,20.918,2.5,3,3,0.5118080122382637,44.56119541688953,1.0,4.0,1.663130787037037,0.0,2.0,17,1.0,0.0,0.0,0.0,0.0,0.30117602065207,0.0,0.0,0.0,0.0,0.0,0.6070370016253944,0.0,0.0,0.0,0.0917869777225356,2,1.0,1.0,1.0,0.0,0.0,0.8378661087866108,0.1247598760203926
53e4d5ab8287848319f0220d47ee7ca0,-22.37702555839219,-43.86829218461353,RJ,2,89.89500000000001,116.115,232.23,59.93000000000001,1.5,2,2,0.2916736192224261,620.036422339033,6.0,2.0,25.82116898148148,0.0,2.0,89,1.0,0.0,0.0,0.2213693753823905,0.0,0.0,0.0,0.0,0.0,0.0,0.0,0.0,0.0,0.0,0.0,0.7786306246176093,2,167.0,167.0,167.0,0.0,0.0,2.1647587898609975,0.5204875906473256
5416f8ad5bc33953624084ebc8738307,-22.92356079323662,-43.26588926064144,RJ,2,179.45,201.37,402.74,179.45,1.0,2,2,0.1221510169963778,476.3330317637016,2.5,5.0,10.450266203703704,0.0,2.0,282,1.0,0.0,0.0,0.0,0.0,0.2504876010030649,0.0,0.0,0.0,0.0,0.0,0.0,0.0,0.0,0.0,0.7495123989969351,2,46.0,46.0,46.0,0.0,0.0,0.3805704099821746,0.6345244840860563
544bd839b4e7f92a077c7bf2410f8b02,-12.98275505328576,-38.45727196442355,BA,2,71.445,94.15,188.3,71.445,1.0,2,2,0.3177969067114564,1147.1821743433247,6.5,2.0,18.56483796296296,0.5,1.4757575757575756,378,1.0,0.0,0.0,0.0,0.4192035831758696,0.0,0.5807964168241305,0.0,0.0,0.0,0.0,0.0,0.0,0.0,0.0,0.0,2,117.0,117.0,117.0,0.0,0.0,0.9993629220641325,0.00045062567043223
5457ae2c352c18e3bf5cba68301d96a8,-21.733298606766333,-48.10993919251068,SP,2,587.45,637.015,1274.03,587.45,1.0,2,2,0.0843731381394161,418.6809817015849,2.0,4.0,16.357100694444444,0.5,2.0,38,1.0,0.0,0.0,0.9788067069537832,0.0,0.0,0.0,0.0,0.0,0.0,0.0,0.0,0.0,0.0,0.0,0.0211932930462166,2,148.0,148.0,148.0,0.0,0.0,33.667482993197275,1.3326262395985744
5461338ea772177374bcf3f23665178f,-23.434508823656955,-46.51678664071362,SP,2,114.795,139.19,278.38,45.918,2.5,3,3,0.2125092556296005,96.15282165512676,1.0,3.5,4.262719907407407,0.0,1.8827319587628868,314,0.0,1.0,0.0,0.0,0.0,0.1741800601071475,0.5649200749161548,0.2608998649766976,0.0,0.0,0.0,0.0,0.0,0.0,0.0,0.0,2,74.0,74.0,74.0,0.0,1.0,1.3917862359309219,0.23165507020695866
54732c804725f94304b9f2d1107a3d6e,-27.593506267491907,-48.54416521865447,SC,2,190.995,204.48,408.96,190.995,1.0,2,2,0.070603942511584,286.2851633735062,3.5,5.0,7.85578125,0.0,1.8827319587628868,169,1.0,0.0,0.0,0.0,0.0,0.0,0.0,0.678028220634048,0.0,0.0,0.0,0.0,0.0,0.0,0.0,0.3219717793659519,2,219.0,219.0,219.0,0.0,0.0,0.5133774932464936,0.45473660859756954
547d0504ca415eb4864fa3030f73d3f3,-20.913999276323388,-46.98607145162985,MG,2,22.945,34.385000000000005,68.77000000000001,22.945,1.0,2,2,0.4985835694050991,151.364707061607,1.0,5.0,9.359421296296295,0.0,2.0,224,0.5089428529882215,0.4910571470117784,0.0,0.0,0.0,0.0,0.0,0.0,0.0,0.0,0.5663543255611244,0.0,0.0,0.0,0.0,0.4336456744388755,2,67.0,67.0,67.0,0.0,0.0,1.0364228605270949,0.02529420796450345
54982b0c374191195d5f433c7cccae90,-17.99020819754198,-46.90395842001343,MG,2,494.87,549.17,1098.34,247.435,2.0,1,1,0.1097156829066219,856.2083691297559,9.0,5.0,8.44961226851852,0.0,2.0,27,1.0,0.0,0.0,0.0,0.0,0.0,0.0,0.0,0.0,0.0,0.0,1.0,0.0,0.0,0.0,0.0,2,19.0,19.0,19.0,1.0,1.0,1.599067654227502,0.3259667365755347
549a24530925587e2faddb35f667e458,-22.71074144167641,-46.80141027614256,SP,3,136.54333333333332,149.5,448.5,136.54333333333332,1.0,3,3,0.0948905109489051,212.87673566289945,7.666666666666667,4.666666666666667,9.786608796296296,0.3333333333333333,2.484693877551021,32,1.0,0.0,0.0,0.0,0.4880013670873716,0.0,0.0,0.0,0.0,0.0,0.0,0.0,0.0,0.0,0.0,0.5119986329126285,3,204.5,204.5,409.0,0.0,0.0,1.009130875887724,0.6770354547352762
54bf1780705493f3224d73bd48e53186,-26.26761506830112,-48.84482888629552,SC,2,51.495,66.425,132.85,51.495,1.0,2,2,0.2899310612680842,411.548392750611,1.0,3.0,22.128113425925925,0.5,1.4698189134808852,202,1.0,0.0,0.0,0.1843868336731721,0.0,0.0,0.0,0.8156131663268279,0.0,0.0,0.0,0.0,0.0,0.0,0.0,0.0,2,295.0,295.0,295.0,0.0,0.0,2.9644882124738885,0.7007728928191258
54c7b4f48fb9e911bf328bf9884ca61d,-8.597101080249196,-38.56652837472491,PE,2,49.99,92.37,184.74,49.99,1.0,1,1,0.8477695539107821,2180.777089372429,1.0,2.5,31.24341435185185,0.5,1.6342281879194631,397,0.0,1.0,0.0,0.0,0.0,0.0,0.0,0.0,0.0,0.0,0.0,0.0,0.0,0.0,0.0,1.0,2,50.0,50.0,50.0,1.0,1.0,1.0,0.0
54e0a7cc9c09c591bd186e4569c7bf30,-20.322781768756787,-48.31680643764396,SP,2,147.35,159.065,318.13,147.35,1.0,2,2,0.079504580929759,249.28283697574255,7.0,4.5,7.115665509259259,0.0,1.3654205607476635,115,1.0,0.0,0.0,0.0,0.3223617237869019,0.0,0.0,0.0,0.0,0.0,0.0,0.0,0.0,0.0,0.0,0.677638276213098,2,421.0,421.0,421.0,0.0,0.0,0.4805696467631591,0.49615055385050494
54eb010282ed1c4a38e101aa8b9aca37,-22.791501048914217,-47.080669236792616,SP,2,78.95,94.805,189.61,78.95,1.0,1,1,0.2008233058898036,104.0528058456483,1.0,5.0,7.407986111111111,0.0,2.0,10,0.0,1.0,0.0,0.0,0.0,0.0,0.0,0.0,1.0,0.0,0.0,0.0,0.0,0.0,0.0,0.0,2,10.0,10.0,10.0,1.0,1.0,1.0203516249334046,0.014245809314554225
54ed3f082c9e7725a0e26e9e682fc825,-8.085149398029396,-34.88103811581816,PE,2,177.0,262.41,524.8199999999999,177.0,1.0,2,2,0.4825423728813559,2142.6350851994484,4.5,3.0,25.149241898148148,0.5,2.0,232,1.0,0.0,0.0,0.0,0.0,0.0,0.0,0.0,0.0,0.0,0.6638418079096046,0.0,0.0,0.0,0.0,0.3361581920903955,2,45.0,45.0,45.0,0.0,0.0,1.175419689119171,0.11403818063265382
552fc05a13d28356a38e8b13f64cbe4f,-14.924176499215813,-51.07927390405556,GO,2,72.4,90.155,180.31,72.4,1.0,2,2,0.2452348066298342,1078.735756064269,8.5,5.0,9.361504629629628,0.0,2.0,307,1.0,0.0,0.0,0.0,0.0,0.3791436464088397,0.0,0.0,0.6208563535911602,0.0,0.0,0.0,0.0,0.0,0.0,0.0,2,48.0,48.0,48.0,0.0,0.0,1.4860057907072934,0.2764740062872364
5568fb2b583235812ed08eb9587d0465,-22.871518143157687,-43.77135870575788,RJ,2,99.0,117.27,234.54,99.0,1.0,1,1,0.1845454545454545,39.4659220097311,2.0,2.5,15.929160879629633,1.0,2.0,25,1.0,0.0,0.0,0.0,0.0,0.0,0.0,0.0,0.0,0.0,0.0,0.0,0.0,0.0,0.0,1.0,2,27.0,27.0,27.0,1.0,1.0,1.0,0.0
556ffcdd6185be1c44ea83be3b1b5f86,-25.59913901869557,-49.38893929285286,PR,2,151.995,170.34,340.68,151.995,1.0,2,2,0.1206947596960426,263.65130609782364,9.0,5.0,4.928877314814814,0.0,1.854060913705584,74,1.0,0.0,0.0,0.0,0.0,0.4901477022270469,0.0,0.0,0.0,0.0,0.0,0.0,0.0,0.0,0.0,0.509852297772953,2,320.0,320.0,320.0,0.0,0.0,1.0061241314332825,0.004317195329541059
557b158701bedbb76b856eb5f3af51b1,-7.1686889283832365,-34.841549107592066,PB,2,318.77,383.265,766.53,212.5133333333333,1.5,2,3,0.2023245600276061,2510.493728470638,4.5,3.5,12.763431712962962,0.0,2.0,144,1.0,0.0,0.0,0.0,0.0,0.0,0.0,0.0,0.0,0.0,0.0,0.0,0.0,0.0,0.0,1.0,2,97.0,97.0,97.0,0.0,0.0,7.217517152658662,1.0700187073819993
55b488a273c6ec9ca293736e9a69d0b3,-23.518891084497625,-47.48515886986801,SP,2,61.795,69.94,139.88,61.795,1.0,2,2,0.1318067804838579,96.1195750670735,1.5,5.0,2.365954861111111,0.0,2.0,13,1.0,0.0,0.0,0.0,0.0,0.0,0.0,0.0,0.0,0.0,0.0,0.0,0.0,0.0,0.0,1.0,2,23.0,23.0,23.0,0.0,0.0,0.36574887717242727,0.6567580283940253
55efe0d41e47d41465ea4fb5f8badee0,-22.32237655179478,-49.02911455199251,SP,2,26.35,40.1,80.2,26.35,1.0,2,2,0.5218216318785579,328.6543252916489,1.0,5.0,4.87644675925926,0.0,2.0,127,1.0,0.0,0.0,0.0,0.0,0.0,0.0,0.0,0.0,0.4705882352941176,0.0,0.0,0.0,0.0,0.5294117647058822,0.0,2,75.0,75.0,75.0,0.0,0.0,1.1576540220608016,0.10333281141529098
55f21db4f9a353dcee5b774f750c65a1,-20.629519404609617,-40.74841745360751,ES,2,219.9,249.675,499.35,219.9,1.0,2,2,0.1354024556616644,1137.193485927521,1.0,4.0,16.393524305555555,0.0,2.0,91,1.0,0.0,0.0,0.0,0.0,0.568212824010914,0.0,0.0,0.0,0.0,0.4317871759890859,0.0,0.0,0.0,0.0,0.0,2,12.0,12.0,12.0,0.0,0.0,1.3316679118416137,0.2011646927713246
55fbb64f60861980e74c4f136f304297,-23.53020749914967,-46.68918785396605,SP,2,11.38,22.465,44.93,7.586666666666666,1.5,1,1,0.9740773286467488,14.143110092455505,1.0,2.5,8.55572337962963,0.5,2.0,29,0.1560204762964611,0.0,0.8439795237035389,0.0,0.0,0.0,0.0,0.0,0.0,1.0,0.0,0.0,0.0,0.0,0.0,0.0,2,99.0,99.0,99.0,1.0,1.0,0.4956724367509987,0.47686034876368544
5616f75d22507069b5383854a1d8c414,-19.893868712131443,-43.90335857820651,MG,2,199.9,221.79,443.58,199.9,1.0,1,1,0.109504752376188,499.7589711191568,5.0,3.0,25.54552083333333,0.5,2.0,188,1.0,0.0,0.0,0.0,0.0,1.0,0.0,0.0,0.0,0.0,0.0,0.0,0.0,0.0,0.0,0.0,2,49.0,49.0,49.0,1.0,1.0,1.0,0.0
56238e115fd05d88a5e9ae565b8c2dbb,-22.764451925622986,-43.55942875980025,RJ,2,27.9,46.165000000000006,92.33,27.9,1.0,1,1,0.6546594982078854,309.0075029493448,1.0,5.0,7.144988425925926,0.0,2.0,72,1.0,0.0,0.0,0.0,0.0,0.0,0.0,0.0,0.0,0.0,0.0,1.0,0.0,0.0,0.0,0.0,2,20.0,20.0,20.0,1.0,1.0,1.0015174506828528,0.001072186173141092
562b3bca5a8903b7451462b6e7aa6082,-22.93137724802801,-43.55338664826291,RJ,2,32.4,49.67,99.34,32.4,1.0,2,2,0.5330246913580247,395.3810918679948,1.5,4.0,10.143935185185184,0.0,2.0,21,1.0,0.0,0.0,0.0,0.0,0.0,0.0,0.4614197530864197,0.0,0.0,0.0,0.0,0.0,0.0,0.0,0.5385802469135802,2,235.0,235.0,235.0,0.0,0.0,1.20706509664519,0.13268039461764894
565448508b44312e8489ca1bc1f5d09e,-19.914041302051864,-43.89688156053731,MG,3,85.0,105.08,315.24,85.0,1.0,1,1,0.236235294117647,509.72061940657255,4.666666666666667,2.333333333333333,7.26265625,0.0,2.1871257485029942,492,0.7590090090090089,0.0,0.2409909909909909,0.0,0.0,1.0,0.0,0.0,0.0,0.0,0.0,0.0,0.0,0.0,0.0,0.0,2,8.0,8.0,8.0,1.0,1.0,0.5,0.4714045207910316
56c355e615aa216a8c404c4f3d22383c,-22.542476841016363,-44.11543703661577,RJ,2,15.0,33.23,66.46,15.0,1.0,1,1,1.2153333333333334,308.55500775433273,3.0,3.5,16.903877314814814,0.5,2.0,79,1.0,0.0,0.0,0.0,0.0,0.0,0.0,0.0,0.0,0.0,0.0,1.0,0.0,0.0,0.0,0.0,2,23.0,23.0,23.0,1.0,1.0,1.0,0.0
56c8638e7c058b98aae6d74d2dd6ea23,-21.30617000977101,-46.71437883624422,MG,5,126.794,161.294,806.47,90.56714285714284,1.4,3,4,0.2720948940801615,252.9874944250599,5.0,4.2,9.684166666666666,0.0,4.369019138755981,136,1.0,0.0,0.0,0.0,0.0,0.6962474565042509,0.0,0.0,0.0988532580406012,0.0,0.0,0.0,0.0,0.0,0.0,0.2048992854551477,4,93.66666666666667,20.0,281.0,0.3333333333333333,0.0,1.116309425666392,0.5503286154842789
56d6d1ae03e95325991e4c77bf3cbe53,-15.815976328611026,-47.907328086588976,DF,2,110.32,125.97,251.94,110.32,1.0,1,1,0.1418600435097897,790.0939619102463,1.0,3.0,4.130590277777777,0.0,2.0,113,0.5,0.0,0.5,1.0,0.0,0.0,0.0,0.0,0.0,0.0,0.0,0.0,0.0,0.0,0.0,0.0,2,11.0,11.0,11.0,1.0,1.0,1.0,0.0
56e3a158ef88285f2c15a83db0b13d93,-23.6857226981671,-46.6810095191932,SP,2,123.45,135.26,270.52,123.45,1.0,2,1,0.0956662616443904,538.6340849134133,1.0,4.0,19.683368055555555,0.0,2.0,127,1.0,0.0,0.0,0.0,0.0,0.0,0.0,0.4005670311867152,0.0,0.0,0.5994329688132847,0.0,0.0,0.0,0.0,0.0,2,148.0,148.0,148.0,0.0,1.0,1.4022733327413195,0.23681751580475086
56e80e4b4a777631c5399e3fd0d6ee85,-22.89346035137796,-43.360110788971376,RJ,2,76.0,97.61,195.22,76.0,1.0,1,1,0.2843421052631579,333.5114012169767,1.0,5.0,7.9882638888888895,0.0,2.0,145,0.0,1.0,0.0,0.0,0.0,0.0,0.0,0.0,0.0,1.0,0.0,0.0,0.0,0.0,0.0,0.0,2,13.0,13.0,13.0,1.0,1.0,0.8301303084278616,0.13126498181641474
57017bffe1b59c7da66267b6d3fcd44d,-15.807714242905467,-43.3093772775969,MG,2,81.9,98.18,196.36,81.9,1.0,1,1,0.1987789987789987,923.0596627300176,2.0,5.0,11.689947916666666,0.0,1.4323529411764706,326,1.0,0.0,0.0,1.0,0.0,0.0,0.0,0.0,0.0,0.0,0.0,0.0,0.0,0.0,0.0,0.0,2,184.0,184.0,184.0,1.0,1.0,1.0318708609271523,0.022182612406341055
5709900c6ded8af6dfb28b043943368d,-21.790819123151888,-48.184614002408665,SP,2,58.49,68.18,136.36,58.49,1.0,1,2,0.1656693451872114,66.70085670012652,1.0,3.5,3.2497627314814816,0.0,2.0,116,0.5091669111176298,0.0,0.4908330888823702,0.0,0.0,1.0,0.0,0.0,0.0,0.0,0.0,0.0,0.0,0.0,0.0,0.0,2,145.0,145.0,145.0,1.0,0.0,1.0373524577917226,0.025927940055241547
570eb70ff97166b85ea96be3bfb65fef,-19.891868404287184,-43.942368830288096,MG,2,66.485,112.29,224.58,22.161666666666665,3.0,1,2,0.6889523952771301,550.8242195433796,1.0,4.0,13.16322337962963,0.0,2.0,297,0.0,1.0,0.0,0.0,0.0,1.0,0.0,0.0,0.0,0.0,0.0,0.0,0.0,0.0,0.0,0.0,2,16.0,16.0,16.0,1.0,0.0,1.543374858437146,0.3021371748270599
572a2a7bca60d77e596287ea324a4680,-22.903999023677702,-43.0918222277077,RJ,2,100.0,116.67,233.34,100.0,1.0,1,1,0.1667,324.5801519948245,1.0,5.0,8.97079861111111,0.0,2.0,122,1.0,0.0,0.0,0.0,0.0,0.0,0.0,0.0,0.0,0.0,0.0,0.0,0.0,1.0,0.0,0.0,2,1.0,1.0,1.0,1.0,1.0,1.0,0.0
5735fac0e3e12fee0b0545828a977acd,-23.680225560083763,-46.67945033820653,SP,2,143.785,190.38,380.76,143.785,1.0,2,2,0.324060228813854,285.92118723528296,5.5,3.5,13.02261574074074,0.0,1.3091397849462365,429,0.5768200441222817,0.4231799558777182,0.0,0.0,0.0,0.0,0.0,0.0,0.0,0.6522585805195257,0.0,0.0,0.3477414194804743,0.0,0.0,0.0,2,129.0,129.0,129.0,0.0,0.0,1.3630608825172221,0.21727989651966084
574e36a816bf7a295404e686062fc0de,-23.179038126333506,-45.85470307573846,SP,2,99.8,111.43,222.86,66.53333333333333,1.5,2,2,0.1165330661322645,84.99530071662949,4.5,4.5,4.417453703703703,0.0,1.6125827814569538,129,1.0,0.0,0.0,0.0,0.0,0.0,0.0,0.0,0.0,0.0,0.0,0.0,0.0,0.0,0.0,1.0,2,324.0,324.0,324.0,0.0,0.0,1.3321473419840937,0.2014140647479226
575e8735ac3203bfb92c7d52919faf70,-22.705135118681028,-47.29428881880506,SP,2,58.4,68.185,136.37,58.4,1.0,1,2,0.1675513698630137,273.47242963786647,1.5,3.5,4.027980324074074,0.0,2.0,34,1.0,0.0,0.0,0.0,0.0,0.0,0.0,0.0,0.0,0.0,0.0,0.0,0.0,0.0,0.0,1.0,2,246.0,246.0,246.0,1.0,0.0,0.7095399272909616,0.24028252724341573
57b5d9f9fa4f1ff41befbfbf0fcbc3ca,-19.966328436070835,-43.93942770536868,MG,2,99.495,117.035,234.07,99.495,1.0,2,2,0.1762902658425046,772.6839481573525,4.0,4.5,10.785503472222222,0.0,1.616150442477876,310,0.7863886871448712,0.0,0.2136113128551288,0.0,0.3970048746168149,0.0,0.602995125383185,0.0,0.0,0.0,0.0,0.0,0.0,0.0,0.0,0.0,2,142.0,142.0,142.0,0.0,0.0,0.6951767091541134,0.2543010588297671
57c6a5ac88fde55944675cc79c4d5db7,-23.813367653604296,-46.7349657617891,SP,2,48.995,60.16,120.32,48.995,1.0,2,2,0.2278803959587713,175.35365459305692,1.0,4.5,6.246122685185185,0.0,1.509297520661157,147,1.0,0.0,0.0,0.0,0.0,0.0,0.0,0.7959995917950812,0.0,0.0,0.0,0.2040004082049188,0.0,0.0,0.0,0.0,2,337.0,337.0,337.0,0.0,0.0,3.1022843504943745,0.7247374356376749
580561d937f063a0c4ffe1e4832df2f5,-25.748767627245027,-53.05991416601496,PR,2,17.1,49.650000000000006,99.3,17.1,1.0,2,2,1.9035087719298245,904.9372342903342,3.0,4.5,13.884270833333334,0.0,1.2594827586206898,243,0.7139979859013091,0.2860020140986908,0.0,0.0,0.0,0.0,0.0,0.611111111111111,0.0,0.0,0.0,0.0,0.0,0.0,0.0,0.3888888888888889,2,337.0,337.0,337.0,0.0,0.0,0.40056417489421714,0.6052777079643157
58075e17e770fc08571c3e0f452f6a11,-29.170277639866427,-51.5158655539039,RS,2,88.62,113.635,227.27,59.080000000000005,1.5,2,2,0.2822726246896863,812.4567662887372,4.5,5.0,9.378229166666667,0.0,1.6602272727272729,424,1.0,0.0,0.0,0.0,0.0,0.0,0.0,0.0,0.5491988264500113,0.0,0.0,0.0,0.0,0.4508011735499887,0.0,0.0,2,16.0,16.0,16.0,0.0,0.0,0.7541679530719357,0.19819026691416858
580e86cc6d0c8eafede3d6f2fa4bf9ab,-8.014626699280935,-34.99133891984261,PE,2,34.0,53.015,106.03,34.0,1.0,2,2,0.559264705882353,2143.654507944511,4.5,3.5,12.883987268518515,0.0,1.760240963855422,84,1.0,0.0,0.0,0.0,0.4264705882352941,0.0,0.5735294117647058,0.0,0.0,0.0,0.0,0.0,0.0,0.0,0.0,0.0,2,332.0,332.0,332.0,0.0,0.0,1.2738580313103152,0.17032450430542695
582183483d33018384b309d31c45f353,-21.97689822139493,-51.65257016047013,SP,2,92.66,108.415,216.83,92.66,1.0,1,2,0.170030218001295,590.5221385258822,1.0,5.0,13.664346064814817,0.0,1.466867469879518,497,0.0,1.0,0.0,0.0,0.0,0.0,0.0,0.0,0.0,0.0,0.0,0.0,0.0,0.0,1.0,0.0,2,1.0,1.0,1.0,1.0,0.0,5.392393867924528,0.9717459699209863
58498d9dec038f925f6406ebdfdc36bb,-22.807763351312744,-43.18668827914072,RJ,2,192.735,209.585,419.17,192.735,1.0,1,2,0.0874257400057073,472.4319989077781,3.5,5.0,13.814699074074074,0.0,1.5187110187110189,290,0.657179664575232,0.342820335424768,0.0,0.0,0.0,1.0,0.0,0.0,0.0,0.0,0.0,0.0,0.0,0.0,0.0,0.0,2,191.0,191.0,191.0,1.0,0.0,0.5216539006062365,0.4445712267430942
585ba6a115792c0b0483d65e5ab1f4b6,-22.899260752962785,-43.13009566583335,RJ,2,35.495,50.845,101.69,35.495,1.0,2,2,0.4324552753909002,375.5864300292709,1.0,5.0,17.40271412037037,0.0,2.0,268,0.0,1.0,0.0,0.0,0.0,0.0,0.0,0.0,0.0,0.6057191153683618,0.0,0.0,0.0,0.0,0.0,0.3942808846316382,2,2.0,2.0,2.0,0.0,0.0,1.4160133048229984,0.2435134180072071
589211c7448e6c3b58b0ba98ce089ee7,-3.7755043089508087,-38.57080408709157,CE,2,42.99,61.285,122.57,42.99,1.0,2,2,0.4255640846708537,2360.127625772413,5.5,5.0,15.254137731481482,0.0,2.0,248,1.0,0.0,0.0,0.0,0.0,0.0,0.0,0.0,0.0,0.0,0.0,0.0,0.0,0.6977204000930449,0.0,0.3022795999069551,2,2.0,2.0,2.0,0.0,0.0,1.809949564419991,0.40763780010313666
58c1b085b54c03a1f1ab5f13d64c2b1c,-8.082406301352904,-34.93177432163911,PE,2,1499.99,1532.36,3064.7200000000003,1499.99,1.0,1,1,0.0215801438676257,651.8560356350567,15.0,5.0,15.365243055555556,0.0,2.0,351,1.0,0.0,0.0,0.0,0.0,0.0,0.0,0.0,0.0,0.0,0.0,0.0,0.0,0.0,0.0,1.0,2,1.0,1.0,1.0,1.0,1.0,0.8205428267623454,0.13940389895093586
58e2253f083d42930c64ca32b510a512,-23.53240158928259,-46.842296193501525,SP,2,57.245,65.54,131.08,57.245,1.0,2,2,0.1449034850205258,48.74636802321313,1.0,4.5,10.080335648148148,0.0,2.0,30,0.0,1.0,0.0,0.0,0.0,0.0,0.0,0.0,0.0,0.0,0.0,0.0,0.0,0.0,0.0,1.0,2,220.0,220.0,220.0,0.0,0.0,3.4030903594222375,0.7718403894733844
5908f8630bbd5a8d5984b25f85588168,-25.538556202379944,-49.19954840823934,PR,2,130.0,145.66,291.32,130.0,1.0,1,1,0.1204615384615384,328.2443062944411,5.5,4.5,5.883744212962963,0.0,1.6564625850340138,369,1.0,0.0,0.0,0.0,0.0,0.0,1.0,0.0,0.0,0.0,0.0,0.0,0.0,0.0,0.0,0.0,2,72.0,72.0,72.0,1.0,1.0,1.0,0.0
5925dfa8cd87ab4d852383f7039c8bc2,-23.589229402173636,-46.61678227733942,SP,2,77.45,91.16,182.32,77.45,1.0,2,2,0.1770174306003873,260.42969546527866,1.0,4.0,6.778391203703704,0.0,2.0,157,0.2831834137779728,0.0,0.0,0.0,0.0,0.2575855390574564,0.0,0.0,0.0,0.0,0.0,0.0,0.0,0.0,0.7424144609425436,0.0,2,200.0,200.0,200.0,0.0,0.0,2.5312802634127443,0.6132499135652528
59268ee5dc0cd98a36ea808010826cc8,-22.859752983115943,-47.05396659673355,SP,2,78.995,90.75,181.5,52.66333333333333,1.5,1,2,0.1488068865118045,69.71208992432797,1.0,5.0,6.3274131944444445,0.0,2.0,257,0.2026446280991735,0.7973553719008264,0.0,0.0,1.0,0.0,0.0,0.0,0.0,0.0,0.0,0.0,0.0,0.0,0.0,0.0,2,4.0,4.0,4.0,1.0,1.0,3.9347471451876017,0.8410479995732886
5936fabf5dfeaa6c31d9f649b5794e2c,-25.55593080144201,-48.5542533516181,PR,2,65.95,103.065,206.13,65.95,1.0,2,2,0.5627748294162244,656.828799112764,3.0,5.0,13.64203703703704,0.0,2.0,36,1.0,0.0,0.0,0.0,0.0,0.0,0.0,0.0,0.0,0.0,0.0,0.0,0.0,0.0,0.0,1.0,2,113.0,113.0,113.0,0.0,0.0,3.007972000777756,0.7085132420621428
593cb774409e5239a1946d1c88e0813d,-23.424648256653647,-51.895755387876505,PR,3,53.26666666666667,88.5,265.5,22.82857142857143,2.333333333333333,2,1,0.6614518147684606,546.2620243612679,5.333333333333333,5.0,9.122770061728394,0.0,2.2639462809917354,424,1.0,0.0,0.0,0.0,0.0,0.0,0.0,0.0,0.0,0.0,0.0,0.0,0.0,0.0,0.6245306633291614,0.3754693366708385,3,30.0,30.0,60.0,1.0,1.0,0.8827361563517916,0.07045630403670008
5941ba7f91b519d195e16e34fcf61bac,-23.6964050602977,-46.61736696432891,SP,2,79.44500000000001,90.92,181.84,52.96333333333333,1.5,1,2,0.1444395493737806,18.0920949239202,1.5,2.5,4.307627314814815,0.0,2.0,91,1.0,0.0,0.0,0.0,0.0,0.0,0.0,0.0,0.0,0.0,0.0,0.0,0.0,0.0,0.0,1.0,2,217.0,217.0,217.0,1.0,0.0,0.4599759132878362,0.523097251458504
595ee036d3a69e80934a9b3618834085,-19.731554074423343,-43.94211979895806,MG,2,137.25,156.855,313.71,137.25,1.0,2,2,0.1428415300546448,536.1211560165536,8.5,3.0,21.435318287037035,0.5,2.0,164,1.0,0.0,0.0,0.0,0.0,0.0,0.0,0.0,0.0,0.0,0.0,0.0,0.0,0.2021857923497267,0.0,0.7978142076502732,2,35.0,35.0,35.0,0.0,0.0,3.4409682899207246,0.7773193221765095
596f46e4d4b172098ad46d4d7880bcc2,-19.919032169830697,-44.003134707807774,MG,2,49.0,66.06,132.12,49.0,1.0,1,1,0.3481632653061224,821.6975713855053,1.5,5.0,11.801047453703704,0.0,2.0,156,1.0,0.0,0.0,0.0,0.0,0.0,0.0,0.0,1.0,0.0,0.0,0.0,0.0,0.0,0.0,0.0,2,22.0,22.0,22.0,1.0,1.0,1.0,0.0
598ef1f13aba15f2b88387184f6c25ec,-27.06546809508646,-48.90426104041263,SC,2,89.35,119.75,239.5,59.56666666666666,1.5,2,3,0.3402350307778399,590.2981196887334,5.5,2.5,15.702170138888889,0.0,2.0,162,1.0,0.0,0.0,0.0,0.0,0.7207610520425294,0.0,0.0,0.0,0.0,0.0,0.0,0.0,0.0,0.0,0.2792389479574705,2,8.0,8.0,8.0,1.0,0.0,1.0068711245181834,0.004841983804367133
59d66d72939bc9497e19d89c61a96d5f,-23.48034170794941,-46.640836603668674,SP,2,1729.5,1779.995,3559.99,1729.5,1.0,1,2,0.0291962995085284,34.30160677304774,10.0,5.0,16.46188657407407,0.5,1.330601092896175,388,1.0,0.0,0.0,0.0,0.0,0.0,1.0,0.0,0.0,0.0,0.0,0.0,0.0,0.0,0.0,0.0,2,161.0,161.0,161.0,1.0,0.0,0.35563408439226674,0.6722101690087985
59d8d1ea35c02a6a070ee29944b0ea86,-22.94885988258345,-43.36434204488366,RJ,2,49.0,64.23,128.46,49.0,1.0,1,1,0.3108163265306122,355.1270255931659,4.5,3.0,25.170376157407407,0.5,2.0,141,1.0,0.0,0.0,0.0,1.0,0.0,0.0,0.0,0.0,0.0,0.0,0.0,0.0,0.0,0.0,0.0,2,32.0,32.0,32.0,1.0,1.0,1.0,0.0
5a21363c92f912e70cb482c96bc03af3,-23.122872841153157,-46.56074467248815,SP,2,107.625,123.285,246.57,107.625,1.0,2,2,0.1455052264808362,255.0156870379575,6.0,5.0,7.094942129629629,0.0,1.6197339246119733,448,1.0,0.0,0.0,0.0,0.0,0.0,0.0,0.0,0.0,0.7739837398373983,0.0,0.0,0.0,0.0,0.0,0.2260162601626016,2,3.0,3.0,3.0,0.0,0.0,2.7218113207547168,0.6542537253514173
5a689ab0069d25bc6c2be47d4b3863d4,-22.94531748082611,-43.18526188670563,RJ,2,49.75,65.23,130.46,49.75,1.0,1,2,0.3111557788944724,352.5430932491513,1.0,5.0,5.882436342592593,0.0,2.0,39,1.0,0.0,0.0,1.0,0.0,0.0,0.0,0.0,0.0,0.0,0.0,0.0,0.0,0.0,0.0,0.0,2,21.0,21.0,21.0,1.0,0.0,0.23858349947783158,0.8693846980095219
5a819fa976c2a1e65fa35e5c890d4dcb,-23.62253746570649,-46.66349386428426,SP,2,59.85,73.74,147.48,39.9,1.5,1,1,0.2320802005012531,144.25872509545871,1.5,4.0,4.505590277777777,0.0,2.0,97,1.0,0.0,0.0,0.0,0.0,1.0,0.0,0.0,0.0,0.0,0.0,0.0,0.0,0.0,0.0,0.0,2,24.0,24.0,24.0,1.0,1.0,0.5,0.47140452079103173
5ad84888519e10ff52d8af00641d41bc,-22.90493328147834,-43.17740835288146,RJ,2,232.9,253.97,507.94,232.9,1.0,1,2,0.0904680120223271,357.0431455877928,2.5,5.0,12.068350694444444,0.0,2.0,30,0.4316651573020435,0.0,0.0,0.0,0.0,0.0,0.0,0.0,1.0,0.0,0.0,0.0,0.0,0.0,0.0,0.0,2,63.0,63.0,63.0,1.0,0.0,1.3166104168566999,0.19328012265216418
5ad96d7a95788923e8ff455366a90015,-23.12589018905788,-45.71470176176773,SP,2,293.5,313.09000000000003,626.1800000000001,293.5,1.0,2,2,0.0667461669505962,679.7429243684714,5.5,5.0,8.155902777777778,0.0,1.4021113243761998,442,1.0,0.0,0.0,0.0,0.899488926746167,0.0,0.100511073253833,0.0,0.0,0.0,0.0,0.0,0.0,0.0,0.0,0.0,2,78.0,78.0,78.0,0.0,0.0,6.853756427944313,1.054076709302071
5b07d855f3356e33b1434dfb5a035cd7,-28.29052642958845,-54.26254385579546,RS,2,139.9,153.9,307.8,139.9,1.0,1,1,0.1000714796283059,353.32467655868896,1.0,5.0,4.707968749999999,0.0,1.821695760598504,371,0.0,1.0,0.0,0.0,0.0,0.0,0.0,1.0,0.0,0.0,0.0,0.0,0.0,0.0,0.0,0.0,2,30.0,30.0,30.0,1.0,1.0,1.0,0.0
5b09c620db60411b0be6f1817c6cbe71,-22.963250905216125,-42.053281285551634,RJ,3,73.36333333333333,91.23333333333332,273.7,73.36333333333333,1.0,3,3,0.243582170930074,576.9873998789451,2.333333333333333,3.0,20.19070601851852,0.3333333333333333,2.914228723404255,225,1.0,0.0,0.0,0.0,0.0,0.2003725748557408,0.0,0.0,0.2135035667227043,0.5861238584215548,0.0,0.0,0.0,0.0,0.0,0.0,2,151.0,151.0,151.0,0.0,0.0,1.219609115238018,0.1399229202377179
5b1ae94194ff6e974356063557746e47,-24.042895513654816,-52.3859120953859,PR,2,66.75,92.935,185.87,44.5,1.5,1,1,0.3922846441947566,,1.0,5.0,17.118582175925926,0.5,1.4551792828685255,470,1.0,0.0,0.0,0.0,0.0,0.0,0.0,0.0,0.0,0.0,0.0,0.0,0.0,0.0,0.0,1.0,2,32.0,32.0,32.0,1.0,1.0,0.5226509379864013,0.4433540876929049
5b3186d7cf904f2f9369aec26faba4d2,-16.723206510706685,-43.872060099028126,MG,3,122.93333333333334,139.40333333333334,418.21,122.93333333333334,1.0,2,2,0.1339750542299349,679.5031795994644,6.0,5.0,13.09951774691358,0.0,3.0,282,1.0,0.0,0.0,0.8671366594360087,0.0,0.0,0.0,0.0,0.0,0.0,0.0,0.0,0.1328633405639913,0.0,0.0,0.0,2,65.0,65.0,65.0,0.0,0.0,0.18965124879103373,0.9633127316736174
5b3b19201bb81179198a9ce0d26ae56f,-22.91269019469984,-42.47525363434982,RJ,2,28.445,46.675,93.35,28.445,1.0,1,1,0.6408859201968712,417.9319504364073,1.0,5.0,10.598616898148148,0.0,2.0,100,1.0,0.0,0.0,0.0,0.0,0.0,0.0,0.0,0.0,0.0,0.0,1.0,0.0,0.0,0.0,0.0,2,36.0,36.0,36.0,1.0,1.0,1.023628874918708,0.016513045345331212
5b59166412dd5595f77a43b217c39132,-23.53784434435113,-46.57338155095006,SP,2,28.445,36.48,72.96,28.445,1.0,2,2,0.2824749516611003,10.732413408833118,2.0,3.0,5.963582175925926,0.0,2.0,116,1.0,0.0,0.0,0.0,0.0,0.0,0.0,0.0,0.7013534891896642,0.0,0.0,0.0,0.0,0.0,0.0,0.2986465108103357,2,162.0,162.0,162.0,0.0,0.0,1.9454985870004036,0.45395945217623207
5b71ca52f13f79c2be72b2aad8755c0a,-24.030911478890733,-46.52258973392394,SP,2,90.99,99.7,199.4,90.99,1.0,1,1,0.095724804923618,65.89099053326235,3.0,5.0,4.424924768518519,0.0,1.82625,394,1.0,0.0,0.0,0.0,0.0,0.0,0.0,0.0,0.0,0.0,0.0,1.0,0.0,0.0,0.0,0.0,2,6.0,6.0,6.0,1.0,1.0,1.7783196321582835,0.396178383120166
5bad02ee81a2002eb3b5b84d32bfc15f,-23.085405581209343,-46.95942495812096,SP,2,122.0,148.42000000000002,296.84000000000003,122.0,1.0,2,2,0.2165573770491803,135.3344209507195,5.5,2.5,18.232436342592592,0.5,2.0,192,1.0,0.0,0.0,0.0,0.6762295081967213,0.0,0.0,0.0,0.0,0.3237704918032787,0.0,0.0,0.0,0.0,0.0,0.0,2,2.0,2.0,2.0,0.0,0.0,1.5798713714583694,0.31786931977338934
5c00e849b56a56ea31560d5d66f933e9,-22.841994214208608,-43.26502799691851,RJ,2,38.045,67.85,135.7,38.045,1.0,2,2,0.7834143777106058,512.3312361714769,5.5,4.0,8.424369212962963,0.0,2.0,21,1.0,0.0,0.0,0.0,0.0,0.0,0.0,0.0,0.0,0.0,0.0,0.0,0.655802339334998,0.0,0.0,0.3441976606650019,2,39.0,39.0,39.0,0.0,0.0,2.0514953901506634,0.48731485760181237
5c2b5c09534917d37857557d37ed9205,-20.647545575563743,-41.90910060677314,MG,2,148.4,183.0,366.0,148.4,1.0,2,2,0.2331536388140161,666.4370866661391,1.5,3.5,10.311944444444444,0.0,2.0,78,0.3735245901639344,0.4455191256830601,0.1809562841530054,0.0,0.0,0.0,0.0,0.0,0.0,0.5660377358490566,0.0,0.0,0.0,0.0,0.0,0.4339622641509434,2,126.0,126.0,126.0,0.0,0.0,1.2445725499816018,0.15409518269792083
5c77da09750b42091c93c331d544ab53,-19.814760032238127,-43.17010005633215,MG,2,134.87,159.59,319.18,134.87,1.0,2,2,0.1832876102913917,574.4462609272904,4.5,5.0,8.161099537037037,0.0,2.0,44,1.0,0.0,0.0,0.0,0.0,0.0,0.0,0.0,0.0,0.0,0.0,0.0,0.889708608289464,0.0,0.0,0.110291391710536,2,199.0,199.0,199.0,0.0,0.0,0.19413371244715477,0.9543881237394721
5c82413b70d65c90e4f9e465c303fc82,-25.748767627245027,-53.05991416601496,PR,2,73.19999999999999,89.64,179.28,48.79999999999999,1.5,1,1,0.2245901639344263,308.833922446712,2.5,3.0,13.615983796296296,0.0,1.261658031088083,551,1.0,0.0,0.0,0.0,0.0,0.0,1.0,0.0,0.0,0.0,0.0,0.0,0.0,0.0,0.0,0.0,2,28.0,28.0,28.0,1.0,1.0,0.5,0.4714045207910317
5c8b41ba21631ca0432de4a10a56fcf1,-21.26362043909193,-48.49505431143003,SP,2,116.0,127.42,254.84,116.0,1.0,1,1,0.0984482758620689,139.55571625946473,1.0,5.0,7.658518518518519,0.0,1.3757062146892656,510,0.0,1.0,0.0,1.0,0.0,0.0,0.0,0.0,0.0,0.0,0.0,0.0,0.0,0.0,0.0,0.0,2,21.0,21.0,21.0,1.0,1.0,1.0,0.0
5c96017028584678dd28c139566b87c0,-20.00514914115938,-43.85158819599168,MG,2,54.9,64.16,128.32,54.9,1.0,1,1,0.1686703096539162,21.14413945832261,1.0,2.0,11.847002314814816,0.0,2.0,142,0.0,0.5,0.5,0.0,0.0,0.0,0.0,0.0,0.0,1.0,0.0,0.0,0.0,0.0,0.0,0.0,2,23.0,23.0,23.0,1.0,1.0,1.0,0.0
5cb8c9998e51269d6c8c983def687414,-19.93693568453909,-43.958203736472655,MG,2,119.45,137.905,275.81,119.45,1.0,1,1,0.1544997907074089,542.0264161140188,2.0,4.5,14.111429398148148,0.0,2.0,256,1.0,0.0,0.0,0.0,0.0,0.0,1.0,0.0,0.0,0.0,0.0,0.0,0.0,0.0,0.0,0.0,2,93.0,93.0,93.0,1.0,1.0,2.034881161971831,0.4822406205039324
5cbfdb85ec130898108b32c50d619c39,-13.547296108046243,-52.27071128208031,MT,2,113.9,160.895,321.79,75.93333333333334,1.5,2,2,0.4125987708516243,843.3252507215892,2.0,5.0,24.45172453703704,0.5,2.0,172,0.4965039311352124,0.5034960688647876,0.0,0.0,0.0,0.0,0.0,0.0,0.5267778753292361,0.0,0.0,0.0,0.4732221246707638,0.0,0.0,0.0,2,49.0,49.0,49.0,0.0,0.0,1.01408274394442,0.009888376007145852
5d2dfd15300a557c1ddfad56a8460226,-15.745544033718822,-47.89472558592514,DF,2,377.945,428.385,856.77,377.945,1.0,1,1,0.1334585720144465,756.426380445374,5.0,5.0,13.825115740740742,0.0,2.0,170,1.0,0.0,0.0,0.0,0.0,0.0,0.0,0.0,0.0,0.0,0.0,0.0,0.0,0.0,0.0,1.0,2,15.0,15.0,15.0,1.0,1.0,1.3059966625396997,0.18766056223513566
5d323409404dee6bdb0f6cf9ef828dae,-22.94818017851168,-43.37075357299201,RJ,2,89.325,116.815,233.63,59.55,1.5,3,3,0.3077525888609012,762.5542947044304,3.5,4.0,10.399976851851852,0.0,1.4757575757575756,62,0.7445533535932884,0.2554466464067115,0.0,0.0,0.6661069129582984,0.2345368038063252,0.0,0.0,0.0993562832353764,0.0,0.0,0.0,0.0,0.0,0.0,0.0,2,433.0,433.0,433.0,0.0,0.0,2.9147117962466487,0.6917013387509034
5d63628c95182301765aa1482b0293aa,-23.216957492424097,-45.9076769413174,SP,2,119.4,134.94,269.88,119.4,1.0,2,2,0.1301507537688442,481.7094046403408,3.0,4.5,10.813177083333333,0.0,2.0,23,0.7960204535349044,0.0,0.2039795464650955,0.0,0.0,0.0,0.0,0.0,0.0,0.0,0.2508375209380234,0.0,0.0,0.0,0.0,0.7491624790619765,2,267.0,267.0,267.0,0.0,0.0,2.767695099818512,0.6635086752174347
5d7ff357d021646cf8adf2601713f624,-23.58934285505759,-46.6814519662142,SP,2,99.0,107.515,215.03,99.0,1.0,1,1,0.086010101010101,10.293470622289858,1.0,4.0,7.597216435185185,0.0,2.0,87,0.7233409291726736,0.0,0.2766590708273264,0.0,0.0,0.0,0.0,0.0,0.0,0.0,0.0,0.0,0.0,0.0,0.0,1.0,2,92.0,92.0,92.0,1.0,1.0,0.9989774100585666,0.0007234501783985475
5d923ccb7548741c453df5a825da2515,-22.74124940072941,-45.10931356567704,SP,2,27.49,40.28,80.56,27.49,1.0,1,1,0.4652600945798472,182.36959692389613,1.0,5.0,8.161168981481481,0.0,2.0,143,1.0,0.0,0.0,0.0,0.0,0.0,0.0,0.0,0.0,0.0,0.0,0.0,0.0,0.0,0.0,1.0,2,12.0,12.0,12.0,1.0,1.0,1.1323451561672844,0.08777393013735695
5dbba6c01268a8ad43f79157bf4454a0,-9.96666435046374,-67.81379029145045,AC,2,179.59,248.435,496.87,179.59,1.0,2,2,0.3833453978506598,2733.7688184157514,5.5,3.5,30.5490625,0.5,2.0,197,1.0,0.0,0.0,0.0,0.0,0.0,0.0,0.0,0.6960298457597862,0.3039701542402138,0.0,0.0,0.0,0.0,0.0,0.0,2,91.0,91.0,91.0,0.0,0.0,0.44826279584936457,0.538765643370707
5e0aa142dc4760e62a74c1830cbf91b1,-18.53518561654825,-40.30194968701012,ES,2,199.9,219.275,438.55,199.9,1.0,2,2,0.0969234617308654,1094.811088274318,2.5,4.5,12.936921296296298,0.0,1.236040609137056,199,1.0,0.0,0.0,0.8751875937968985,0.0,0.0,0.0,0.0,0.0,0.0,0.0,0.0,0.1248124062031015,0.0,0.0,0.0,2,391.0,391.0,391.0,0.0,0.0,0.181916183802722,0.9788724817201072
5e24610c5a55f0b6ffdaf9e846d02362,-16.269554396279272,-48.98420722162707,GO,2,96.4,122.11,244.22,96.4,1.0,2,2,0.266701244813278,1005.158583581122,2.5,5.0,16.035005787037036,0.0,1.8587786259541983,382,1.0,0.0,0.0,0.0,0.0,0.0,0.5181535269709544,0.0,0.0,0.4818464730290456,0.0,0.0,0.0,0.0,0.0,0.0,2,11.0,11.0,11.0,0.0,0.0,0.7967922307239553,0.15994013018075867
5e3e9e897d07a80fc2af58088a84812a,-23.963319821738423,-46.25262799563233,SP,2,32.2,45.675,91.35,32.2,1.0,2,2,0.4184782608695652,559.3293548833044,3.5,5.0,16.96452546296296,0.5,2.0,303,1.0,0.0,0.0,0.0,0.0,0.0,0.0,0.0,0.0,0.0,0.0,0.0,0.0,0.0,0.0,1.0,2,47.0,47.0,47.0,0.0,0.0,0.6609090909090909,0.2887255931938503
5e8f38a9a1c023f3db718edcf926a2db,-12.22972656940414,-38.95957379339779,BA,5,198.96,222.836,1114.18,198.96,1.0,3,4,0.1200040209087253,1404.16358492133,3.8,3.8,23.08575,0.4,4.844164456233422,180,0.8768780627905723,0.1231219372094275,0.0,0.0,0.7891033373542421,0.0,0.0,0.0,0.0,0.0,0.0,0.0,0.0,0.0,0.0,0.2108966626457579,5,49.25,42.0,197.0,0.5,0.25,0.47415303194066566,0.550887828763279
5ec4c90f549177a8cbbbc7419353e66a,-23.628238175084533,-46.63452969779525,SP,2,149.45,161.005,322.01,149.45,1.0,2,2,0.0773168283706925,178.50230805042392,7.5,3.0,8.123981481481481,0.0,1.3679775280898878,395,1.0,0.0,0.0,0.0,0.0,0.0,0.0,0.0,0.0,0.0,0.0,0.0,0.0,0.0,0.334225493476079,0.6657745065239211,2,138.0,138.0,138.0,0.0,0.0,1.8157572577824415,0.40971393197039235
5edb5e94dde197f8fd914eec2975b891,-23.47006283599706,-46.854184868080544,SP,2,16.9,24.68,49.36,16.9,1.0,1,1,0.4603550295857989,29.517231209610276,1.0,5.0,2.319774305555556,0.0,1.5575692963752663,466,0.0,0.0,1.0,0.0,0.0,0.0,0.0,0.0,0.0,0.0,0.0,0.0,0.0,0.0,0.0,1.0,2,3.0,3.0,3.0,1.0,1.0,1.0,0.0
5eefb861d4921a3e628bbc65c50a480a,-19.906881011585423,-43.94924199623332,MG,2,97.945,112.92,225.84,97.945,1.0,2,2,0.1528919291439072,378.2145886286965,1.5,4.0,3.083553240740741,0.0,1.337912087912088,28,0.7274619199433228,0.2725380800566773,0.0,0.0,0.0,0.0,0.0,0.0,0.0,0.2347746184082903,0.0,0.0,0.0,0.0,0.0,0.7652253815917096,2,518.0,518.0,518.0,0.0,0.0,2.669212022745735,0.6433594642145403
5f2a213343d506264f78cb82dd914434,-23.54681831172538,-46.76751950549985,SP,2,197.45,215.065,430.13,197.45,1.0,1,1,0.0892124588503418,524.3960953909215,2.0,5.0,6.069403935185186,0.0,1.2929203539823009,451,1.0,0.0,0.0,0.0,0.0,0.0,0.0,1.0,0.0,0.0,0.0,0.0,0.0,0.0,0.0,0.0,2,114.0,114.0,114.0,1.0,1.0,1.032942622176009,0.02291648694520371
5f435bbe57e905e19378fa56b60e9d16,-22.48102269886015,-44.55806425503931,RJ,2,59.85,75.97,151.94,59.85,1.0,2,2,0.2693400167084377,500.5456860462818,1.0,3.0,15.598900462962964,0.0,2.0,241,0.0,1.0,0.0,0.0,0.0,0.0,0.8337510442773601,0.0,0.0,0.0,0.0,0.0,0.0,0.0,0.0,0.1662489557226399,2,36.0,36.0,36.0,0.0,0.0,0.318351409978308,0.7312137518759402
5f45aa4ef9b8fb99b95d33a970bb64a7,-23.478782126839395,-46.61473011261469,SP,3,47.89666666666667,61.94333333333333,185.83,47.89666666666667,1.0,2,2,0.2932702345326745,379.8211877126792,1.0,5.0,8.651215277777778,0.0,2.767045454545454,124,1.0,0.0,0.0,0.0,0.0,0.0,0.0,0.0,0.0,0.0,0.0,0.0,0.6520982671027906,0.0,0.0,0.3479017328972092,3,136.0,136.0,272.0,0.5,0.5,2.0845801526717556,0.42943109531505663
5f66ee1b2e030748fdb83ab9b01a7064,-16.66271520625454,-49.22512594788597,GO,2,102.345,121.93,243.86,102.345,1.0,1,1,0.1913625482436856,724.8543792136098,2.0,5.0,14.468263888888888,0.0,1.7517985611510791,348,1.0,0.0,0.0,0.0,0.0,0.0,0.0,0.0,0.0,0.0,0.0,0.0,0.0,1.0,0.0,0.0,2,70.0,70.0,70.0,1.0,1.0,0.6118712406636261,0.3405339964838356
5f80e1b868be57e4d50ae6bbeae78d77,-23.666886770923323,-46.73910024785083,SP,2,118.945,133.82999999999998,267.66,79.29666666666667,1.5,2,3,0.1251418722939173,105.00213782860682,4.5,5.0,5.224276620370371,0.0,2.0,187,1.0,0.0,0.0,0.336289881878179,0.0,0.0,0.0,0.0,0.0,0.0,0.0,0.0,0.0,0.0,0.0,0.663710118121821,2,154.0,154.0,154.0,0.0,0.0,0.5315861753261617,0.43251708217836643
5f8ad624020f7db33a63d5a0e5d14348,-22.123026838263968,-51.3864274234712,SP,2,99.9,114.54,229.08,99.9,1.0,1,1,0.1465465465465465,178.16541386734912,7.5,5.0,2.650659722222222,0.0,2.0,33,1.0,0.0,0.0,0.0,0.0,0.0,0.0,0.0,0.0,0.0,0.0,0.0,0.0,0.0,0.0,1.0,2,3.0,3.0,3.0,1.0,1.0,0.3452345998003406,0.6883394980120486
5faabfe6772088c4d906b63fa81ac63d,-29.120552143546597,-51.18235753109625,RS,2,66.19500000000001,83.58500000000001,167.17000000000002,66.19500000000001,1.0,2,2,0.2627086637963592,590.6595606319286,8.0,4.0,12.569913194444444,0.0,1.7773722627737223,51,1.0,0.0,0.0,0.0,0.0,0.0,0.6412871062769091,0.0,0.0,0.0,0.0,0.0,0.0,0.0,0.0,0.3587128937230908,2,360.0,360.0,360.0,0.0,0.0,0.6510617283950617,0.29888236620590686
5fb5bf48cd408d971f873069e5178898,-23.605340021924597,-46.666051383003406,SP,2,104.995,118.855,237.71,104.995,1.0,2,2,0.1320062860136197,237.8994876571294,1.5,5.0,8.911672453703703,0.0,1.509297520661157,313,1.0,0.0,0.0,0.0,0.0,0.0,0.0,0.3571598647554645,0.0,0.0,0.0,0.0,0.0,0.0,0.0,0.6428401352445354,2,171.0,171.0,171.0,0.0,0.0,1.7313570033321843,0.3786744068194334
5fe117882be55ee9ad0d6c6c56d11019,-30.06405280269257,-51.19157737484835,RS,2,149.49,201.38,402.76,149.49,1.0,2,2,0.3471135192989497,566.6291793217745,1.5,3.0,12.986822916666666,0.5,2.0,21,1.0,0.0,0.0,0.1671683724663857,0.0,0.0,0.0,0.0,0.0,0.8328316275336143,0.0,0.0,0.0,0.0,0.0,0.0,2,48.0,48.0,48.0,0.0,0.0,5.155586122573742,0.9547240729199635
5ff735d120cf4ec4adefd9766f703bf5,-22.83868325980988,-42.22199319861276,RJ,2,161.4,180.095,360.19,161.4,1.0,2,2,0.1158302354399008,690.2712889569567,7.0,2.0,26.48956597222222,0.5,2.0,159,1.0,0.0,0.0,0.0,0.0,0.442998760842627,0.0,0.0,0.0,0.0,0.0,0.0,0.0,0.0,0.0,0.557001239157373,2,39.0,39.0,39.0,0.0,0.0,0.8162977156976451,0.14303506504137223
6084496782926c56bf04c556331bf884,-3.208323915957498,-43.40291685714055,MA,2,81.45,125.04,250.08,81.45,1.0,2,2,0.5351749539594843,2135.586497197918,1.5,5.0,12.864253472222222,0.0,2.0,54,1.0,0.0,0.0,0.0,0.0,0.0,0.0,0.0,0.0,0.0,0.0,0.0,0.0,0.0,0.0,1.0,2,297.0,297.0,297.0,0.0,0.0,1.3000091970937182,0.18446755600052123
60863e9f13562f664b73e6f76ff85910,-23.725728970064885,-46.70438479519499,SP,2,54.49,65.0,130.0,36.32666666666667,1.5,2,2,0.1928794274178748,209.1363897755882,2.5,1.0,8.524236111111112,1.0,2.0,31,1.0,0.0,0.0,0.0,0.2661038722701413,0.7338961277298587,0.0,0.0,0.0,0.0,0.0,0.0,0.0,0.0,0.0,0.0,2,75.0,75.0,75.0,0.0,0.0,0.3897797733589908,0.6209485395404328
609b7feab0f0c9726929ec4891447b02,-22.915226184509493,-43.50871222890822,RJ,2,74.945,106.325,212.65,74.945,1.0,1,2,0.4187070518380146,487.5543989404648,1.5,5.0,16.32564236111111,0.0,1.7773722627737223,247,0.6352221960968728,0.3647778039031271,0.0,0.0,0.0,0.0,0.0,0.0,0.0,0.0,0.0,0.0,1.0,0.0,0.0,0.0,2,164.0,164.0,164.0,1.0,0.0,1.741394869150445,0.38246612730814356
60d2dc24e6a89bd218f646df03674e5b,-23.64482121937629,-46.81981528012168,SP,2,101.4,141.15,282.3,101.4,1.0,2,2,0.3920118343195266,197.49618098679468,7.5,3.5,5.969699074074074,0.0,2.0,51,1.0,0.0,0.0,0.0,0.0,0.0,0.0,0.0,0.0,0.8136094674556212,0.0,0.0,0.0,0.0,0.1863905325443786,0.0,2,2.0,2.0,2.0,0.0,0.0,0.21906982769788833,0.9059382947911814
60e6fe581610db699ac03fec61f4d53f,-19.931996557590267,-43.93228112770116,MG,2,132.0,151.88,303.76,132.0,1.0,2,2,0.1506060606060606,735.5965043202523,9.0,5.0,10.994375,0.0,1.2508561643835616,208,1.0,0.0,0.0,0.0,0.7537878787878788,0.0,0.2462121212121212,0.0,0.0,0.0,0.0,0.0,0.0,0.0,0.0,0.0,2,376.0,376.0,376.0,0.0,0.0,2.6650579150579152,0.6424857506172212
60f874c577dc096ecd52bd0bf6bd5942,-21.31423934059127,-42.86437070968183,MG,2,53.99,69.245,138.49,53.99,1.0,2,2,0.2825523245045379,410.1094126983071,4.5,5.0,10.907673611111113,0.0,2.0,138,1.0,0.0,0.0,0.0,0.0,0.0,0.0,0.0,0.0,0.0,0.0,0.0,0.0,0.0,0.0,1.0,2,51.0,51.0,51.0,0.0,0.0,2.2139707588767696,0.5341722250540588
615922c430abddd368735199c38e735d,-22.38465672530094,-41.78854335969199,RJ,3,104.23333333333332,127.99666666666668,383.99,78.175,1.3333333333333333,2,3,0.2279820914614647,755.9022883163493,4.333333333333333,4.0,13.986855709876544,0.0,2.209173387096774,322,1.0,0.0,0.0,0.0,0.0,0.6194435561240805,0.0,0.0,0.3805564438759194,0.0,0.0,0.0,0.0,0.0,0.0,0.0,3,87.0,87.0,174.0,0.5,0.0,0.9222980927713681,0.0843144312173026
61fe766e454d5e750b33250035b4311d,-25.49015681921223,-49.302231850654096,PR,2,179.395,200.53500000000005,401.0700000000001,179.395,1.0,1,2,0.1178405195239555,256.2672477598418,7.0,4.0,10.018275462962963,0.0,2.0,15,1.0,0.0,0.0,0.0,0.0,0.0,0.0,0.0,0.0,1.0,0.0,0.0,0.0,0.0,0.0,0.0,2,92.0,92.0,92.0,1.0,0.0,0.12040115093443585,1.1102636058154847
6204c4e582a95b6a350adf6988623bfb,-21.584557841938416,-46.9427932354964,SP,3,89.95333333333333,115.84333333333332,347.53,53.972,1.6666666666666667,3,2,0.2877788482917068,906.0586265852224,6.0,2.333333333333333,17.381874999999997,0.3333333333333333,3.0,183,1.0,0.0,0.0,0.444304454161417,0.0,0.0,0.0,0.0,0.0,0.0,0.0,0.0,0.0,0.370488401393315,0.1852071444452679,0.0,3,83.5,83.5,167.0,0.5,0.5,2.02890086852351,0.36920536801945325
6223bdc5aab952ee49dea3511f89e7ec,-25.565033789072984,-49.39538007489364,PR,2,162.0,185.28,370.56,108.0,1.5,1,1,0.1437037037037037,671.5167929559893,1.0,5.0,10.90501736111111,0.0,2.0,242,0.0,1.0,0.0,0.0,1.0,0.0,0.0,0.0,0.0,0.0,0.0,0.0,0.0,0.0,0.0,0.0,2,43.0,43.0,43.0,1.0,1.0,0.5,0.4714045207910316
6287d15cdf992224e7bb7010c69c4095,-20.78604465521764,-51.70077703680068,MS,2,26.4,47.54,95.08,26.4,1.0,2,2,0.8007575757575758,559.0535985853815,1.0,4.0,17.73650462962963,0.0,2.0,47,0.0,1.0,0.0,0.0,0.0,0.3768939393939394,0.0,0.6231060606060607,0.0,0.0,0.0,0.0,0.0,0.0,0.0,0.0,2,159.0,159.0,159.0,0.0,0.0,1.7165714285714284,0.3730382429987087
628bdd93abd27fbdd50f4e2e91ec64b3,-21.21381535814272,-47.793593099022495,SP,2,144.945,162.525,325.05,144.945,1.0,2,2,0.1212873848701231,301.96498604090334,4.0,3.5,5.350949074074074,0.0,2.0,80,1.0,0.0,0.0,0.1376384145710442,0.0,0.0,0.0,0.0,0.8623615854289559,0.0,0.0,0.0,0.0,0.0,0.0,0.0,2,163.0,163.0,163.0,0.0,0.0,0.23621358484825436,0.8737625280153474
62a25a159f9fd2ab7c882d9407f49aa9,-21.11760149056784,-42.94328380490614,MG,2,182.45,197.775,395.55,182.45,1.0,1,1,0.0839956152370512,380.35708293305294,2.0,5.0,13.602453703703704,0.0,1.9796747967479675,269,1.0,0.0,0.0,0.0,0.0,0.0,1.0,0.0,0.0,0.0,0.0,0.0,0.0,0.0,0.0,0.0,2,100.0,100.0,100.0,1.0,1.0,1.044186046511628,0.03056889383969151
62b8761192c86f4ead06f4a433096a2b,-26.89053482068349,-48.65522032752857,SC,2,422.05,469.805,939.61,168.82,2.5,2,2,0.1131501006989693,376.0100441440885,1.0,5.0,8.340648148148148,0.0,2.0,60,0.0,1.0,0.0,0.0,0.0,0.0,0.0,0.9231133751925128,0.0,0.0,0.0,0.0,0.0,0.0,0.0,0.0768866248074872,2,58.0,58.0,58.0,0.0,0.0,0.09747009904690712,1.1630112086730815
6316cfb9fc33f7962f7459a3bc144a89,-23.609665897645357,-46.66088684105944,SP,2,84.89,92.83,185.66,84.89,1.0,1,1,0.0935328071622099,89.70857024700112,1.0,5.0,6.554832175925926,0.0,2.0,154,1.0,0.0,0.0,0.0,0.0,0.0,0.0,1.0,0.0,0.0,0.0,0.0,0.0,0.0,0.0,0.0,2,6.0,6.0,6.0,1.0,1.0,1.0,0.0
6321cbc5ca73fae88f1acccaa086ecdf,-19.745914179920888,-47.94517115808783,MG,2,151.525,176.89999999999998,353.79999999999995,151.525,1.0,2,2,0.1674641148325358,445.0430937264224,1.0,5.0,17.801956018518517,0.0,2.0,180,1.0,0.0,0.0,0.0,0.0,0.0,0.4461639993400429,0.0,0.5538360006599571,0.0,0.0,0.0,0.0,0.0,0.0,0.0,2,77.0,77.0,77.0,0.0,0.0,0.7711253504205046,0.1827525270539794
633aa358e90a435dc47a30af5a0a832d,-25.364170548301026,-49.19276784742751,PR,2,385.445,402.06,804.12,385.445,1.0,2,2,0.0431060203141823,384.23634176644,3.5,3.0,4.252523148148148,0.0,2.0,43,1.0,0.0,0.0,0.0,0.0,0.0,0.0,0.0,0.0,0.0426779436754919,0.0,0.0,0.0,0.0,0.0,0.957322056324508,2,104.0,104.0,104.0,0.0,0.0,0.06380558017700988,1.244568434498513
6345e3b3ba5ee47685e29ec5febc8155,-23.49513892389671,-46.84764010872535,SP,2,223.4,239.54,479.08,223.4,1.0,2,2,0.0722470904207699,185.702631531397,1.0,5.0,9.033379629629628,0.0,2.0,134,0.826271186440678,0.0,0.173728813559322,0.7831244404655328,0.0,0.0,0.0,0.0,0.0,0.2168755595344673,0.0,0.0,0.0,0.0,0.0,0.0,2,71.0,71.0,71.0,0.0,0.0,0.2962121212121212,0.7678576267940417
6358b15ef7fa9b1210f1a5735cabd3d9,-23.5177496363634,-46.59306154249461,SP,4,69.9,77.785,311.14,69.9,1.0,1,2,0.1128040057224606,80.42569634099203,1.0,5.0,3.657144097222222,0.0,4.0,90,1.0,0.0,0.0,0.0,0.0,0.0,0.0,0.0,0.0,0.0,0.0,0.0,0.0,1.0,0.0,0.0,3,47.0,47.0,94.0,1.0,1.0,0.8512904902130609,0.09818274521127672
636443768344855307bfe5f2f2f6ba2e,-23.44708347542812,-46.413771727205706,SP,2,126.985,176.89,353.78,63.49249999999999,2.0,2,2,0.3929991731306848,241.8427208168128,1.0,4.5,7.46947337962963,0.0,2.0,46,1.0,0.0,0.0,0.0,0.0,0.0,0.0,0.0,0.1378115525455762,0.0,0.0,0.0,0.0,0.0,0.0,0.8621884474544237,2,50.0,50.0,50.0,0.0,0.0,7.062443026435733,1.0633984167066841
63669b3731dcc014feec668c3d888aa0,-23.62411770381369,-46.74318923202125,SP,2,95.345,114.985,229.97000000000003,63.56333333333333,1.5,2,3,0.2059887775971472,155.46880076529774,4.0,3.0,5.894600694444445,0.0,1.9173228346456692,196,1.0,0.0,0.0,0.0,0.0,0.0,0.3193140699564739,0.0,0.6806859300435262,0.0,0.0,0.0,0.0,0.0,0.0,0.0,2,185.0,185.0,185.0,0.0,0.0,1.9325427186942108,0.4497170840385461
636f22218f8430a8463c5ddc5f68fc62,-21.772214519153177,-48.18072354451076,SP,2,89.94500000000001,102.18,204.36,89.94500000000001,1.0,2,2,0.1360275724053588,195.0031982295788,5.5,5.0,7.442945601851852,0.0,1.5880434782608697,420,1.0,0.0,0.0,0.0,0.0,0.0,0.0,0.0,0.0,0.0,0.0,0.0,0.1111234643393184,0.0,0.0,0.8888765356606815,2,40.0,40.0,40.0,0.0,0.0,0.18455831207975887,0.9735347619624535
63adc4def3cd3c39bd83083d737d98b5,-23.62210723547489,-46.63626749090071,SP,2,86.95,98.605,197.21,86.95,1.0,2,2,0.1340425531914893,275.2128905893413,1.5,5.0,4.551626157407408,0.0,2.0,11,1.0,0.0,0.0,0.0,0.0,0.0,0.0,0.8102357676825762,0.0,0.1897642323174238,0.0,0.0,0.0,0.0,0.0,0.0,2,63.0,63.0,63.0,0.0,0.0,0.27043741544804484,0.8121276098511891
63cfc61cee11cbe306bff5857d00bfe4,-22.97859264448816,-43.688727821765056,RJ,6,96.635,137.72,826.32,52.71,1.8333333333333333,5,5,0.4251565167899829,365.3650149546556,7.833333333333333,4.5,10.31671875,0.0,4.575156576200418,97,1.0,0.0,0.0,0.0,0.0,0.1378037633017713,0.0,0.0,0.067211672789362,0.0,0.0,0.0,0.0,0.0,0.0,0.7949845639088667,6,76.4,109.0,382.0,0.2,0.2,0.6908018235451865,0.4068960427585095
63ded44f46d409896e3b7c47daa688ae,-8.014626699280935,-34.99133891984261,PE,2,31.945,50.28,100.56,31.945,1.0,1,2,0.5739552355611207,2118.444932016057,3.0,4.0,23.817181712962963,0.0,2.0,94,0.9452068416865552,0.0,0.0547931583134447,0.0,0.0,0.0,0.0,0.0,0.0,0.0,0.0,0.0,0.0,0.0,0.0,1.0,2,143.0,143.0,143.0,1.0,0.0,1.4161460836136472,0.24357775358295553
6409bccd4062c7105e9fd94c9a72082c,-23.157404732730136,-46.91626595238439,SP,2,60.25,75.21,150.42,60.25,1.0,2,2,0.2482987551867219,529.2228464709386,5.0,5.0,10.734681712962963,0.0,1.7310426540284358,124,1.0,0.0,0.0,0.0,0.0,0.0,0.0,0.3360995850622407,0.0,0.0,0.0,0.0,0.0,0.0,0.6639004149377593,0.0,2,298.0,298.0,298.0,0.0,0.0,0.5486461443426336,0.4121733983142965
641584b3ec3027aaf8fa9c088f1a1a00,-21.673838773123894,-49.75826958438927,SP,2,16.19,30.865,61.73,16.19,1.0,1,2,0.9064237183446572,368.6308317990573,1.0,5.0,5.892112268518519,0.0,1.6909722222222223,301,1.0,0.0,0.0,0.0,0.0,0.0,1.0,0.0,0.0,0.0,0.0,0.0,0.0,0.0,0.0,0.0,2,130.0,130.0,130.0,1.0,0.0,1.1089853091902973,0.07308182834877977
6419a1be8feac26ec793667b71cbaeb4,-22.52069215261595,-43.19123025931997,RJ,3,236.53333333333333,280.66,841.98,141.92000000000002,1.6666666666666667,1,1,0.1865558060879368,307.15863117271266,7.333333333333333,5.0,15.825667438271603,0.0,2.408241758241758,250,1.0,0.0,0.0,0.0,0.0,0.0,0.0,1.0,0.0,0.0,0.0,0.0,0.0,0.0,0.0,0.0,3,102.5,102.5,205.0,1.0,1.0,2.065651760228354,0.34912949037493524
6428403ac3b03984c38fd083fa1647b0,-22.827569265958036,-43.05486948642519,RJ,2,57.95,83.84,167.68,38.63333333333333,1.5,2,2,0.4467644521138912,280.1010590969175,6.0,4.5,16.156319444444446,0.5,1.5411392405063291,144,1.0,0.0,0.0,0.0,0.0,0.0,0.0,0.0,0.0,0.0,0.0,0.0,0.0,0.0,0.0,1.0,2,331.0,331.0,331.0,0.0,0.0,0.9928690278107916,0.005060401582918946
6469f99c1f9dfae7733b25662e7f1782,-23.96467233852712,-46.34245770671684,SP,7,94.88571428571429,108.40428571428572,758.83,73.80000000000001,1.2857142857142858,1,4,0.1424721469436916,213.79880961647785,2.857142857142857,5.0,4.265492724867725,0.0,7.0,67,1.0,0.0,0.0,0.0,0.0,1.0,0.0,0.0,0.0,0.0,0.0,0.0,0.0,0.0,0.0,0.0,6,56.4,40.0,282.0,1.0,0.4,0.35578075623842215,0.5818190862983356
64df076fb557552498049bb07ed1cd5f,-22.99570494138452,-43.26404844917886,RJ,3,134.97333333333333,184.74666666666667,554.24,50.615,2.6666666666666665,2,1,0.3687642003358687,427.0153115066574,1.0,5.0,9.876041666666666,0.0,3.0,115,1.0,0.0,0.0,0.0,0.0,0.0,0.0,0.0,0.0,0.5555418354242814,0.0,0.0,0.0,0.0,0.0,0.4444581645757186,2,15.0,15.0,15.0,1.0,1.0,0.520215041966098,0.44633053610403756
65663adf8c7a498b79e57ff84ab2b654,-22.91527423673463,-43.22451472391301,RJ,2,85.37,100.035,200.07,85.37,1.0,2,2,0.1717816563195501,313.73781848340656,1.0,4.5,20.546660879629627,0.5,1.466867469879518,282,0.0,1.0,0.0,0.8843856155558159,0.0,0.0,0.0,0.1156143844441841,0.0,0.0,0.0,0.0,0.0,0.0,0.0,0.0,2,215.0,215.0,215.0,0.0,0.0,0.20357336220898758,0.9358111337160695
657dec397f46d84dbe64df2b0389b3cc,-22.53145366803856,-44.20340838446261,RJ,2,80.775,96.595,193.19,80.775,1.0,1,1,0.1958526771897245,606.6540778356358,1.0,4.0,19.14982638888889,0.0,2.0,256,0.0,0.0,0.0,0.0,0.0,0.0,0.0,0.0,0.0,0.0,0.0,0.0,0.0,1.0,0.0,0.0,2,49.0,49.0,49.0,1.0,1.0,1.1938451056098114,0.1249579455960905
65859c1624b7642ec285b4a71efd9506,-23.19759752961652,-45.88911435284689,SP,2,66.295,80.03,160.06,66.295,1.0,2,2,0.2071800286597782,344.8678531496936,2.5,5.0,5.568657407407407,0.0,2.0,124,1.0,0.0,0.0,0.0,0.0,0.0,0.0,0.0,0.0,0.0,0.0,0.0,0.0,0.0,0.0,1.0,2,103.0,103.0,103.0,0.0,0.0,3.237754831877151,0.7467782724714106
6594a65023bcb47539aa91b0f8e98e00,-22.90365989654492,-43.10725580140319,RJ,2,104.99,127.26,254.52,104.99,1.0,2,2,0.2121154395656729,569.4195118916571,1.0,2.5,26.62475694444444,1.0,2.0,178,0.648986327204149,0.0,0.351013672795851,0.0,0.0,0.0,0.0,0.0,0.0,0.5238594151823983,0.0,0.0,0.4761405848176016,0.0,0.0,0.0,2,97.0,97.0,97.0,0.0,0.0,1.10051993067591,0.06767688664821737
65a6ec5d6e6e86bc43a2cbf235be4675,-19.938619666644325,-44.03850141077246,MG,2,86.9,103.01,206.02,86.9,1.0,2,2,0.1853855005753739,399.27379032191936,3.5,4.0,5.8703009259259264,0.0,2.0,127,1.0,0.0,0.0,0.0,0.0,0.0,0.0,0.0,0.0,0.0,0.0,0.0,0.0,0.7186421173762946,0.0,0.2813578826237053,2,16.0,16.0,16.0,0.0,0.0,0.4833321333429333,0.492592783399152
65ab3020e6a929e4e9a4b61e643da832,-29.289831030253584,-54.21946434472692,RS,2,60.45,79.745,159.49,60.45,1.0,1,1,0.3191894127377998,991.6506644808572,6.0,5.0,11.725277777777777,0.0,1.2318718381112983,413,1.0,0.0,0.0,0.0,0.0,0.0,1.0,0.0,0.0,0.0,0.0,0.0,0.0,0.0,0.0,0.0,2,179.0,179.0,179.0,1.0,1.0,2.499890278692122,0.6060661921637785
65e2735427dedd6a787e5b065b3cc41e,-24.036782521483225,-46.50511340065344,SP,2,61.49,72.73,145.46,61.49,1.0,2,2,0.1827939502358107,257.75960100413755,2.0,5.0,12.858350694444445,0.0,2.0,285,0.5206242265915029,0.4793757734084972,0.0,0.0,0.0,0.4634086843389169,0.0,0.0,0.0,0.0,0.0,0.0,0.0,0.0,0.0,0.5365913156610831,2,54.0,54.0,54.0,0.0,0.0,1.0860461781155888,0.05833412191831822
65ee274b862c5c053367be8a70dbc029,-23.621459036388536,-46.615263219417,SP,2,90.99,99.39,198.78,90.99,1.0,1,1,0.0923178371249588,15.71118698632256,1.0,5.0,3.884085648148148,0.0,2.0,101,1.0,0.0,0.0,1.0,0.0,0.0,0.0,0.0,0.0,0.0,0.0,0.0,0.0,0.0,0.0,0.0,2,30.0,30.0,30.0,1.0,1.0,0.9700693756194251,0.02148568748549533
664fe7916cb8709c6b848383c6361dcc,-23.669150273984144,-46.47676135641144,SP,2,189.45,204.665,409.33,189.45,1.0,2,2,0.080311427817366,191.3434056950024,3.5,5.0,5.686834490740741,0.0,1.3654205607476635,312,1.0,0.0,0.0,0.2348904724201636,0.0,0.0,0.0,0.0,0.0,0.0,0.0,0.0,0.0,0.0,0.0,0.7651095275798363,2,223.0,223.0,223.0,0.0,0.0,0.33724273113361647,0.7009051508529298
6668e1ae499e2e9be475b7f708580232,-6.073046942119635,-49.895830825301694,PA,3,65.59666666666668,93.72666666666667,281.18,65.59666666666668,1.0,2,2,0.4288327658925758,1867.7930906989693,1.3333333333333333,5.0,15.16576388888889,0.0,2.3363539445629,448,1.0,0.0,0.0,0.0,0.0,0.0,0.7104019513186646,0.0,0.0,0.0,0.0,0.0,0.0,0.0,0.0,0.2895980486813354,2,21.0,21.0,21.0,1.0,1.0,1.9390613567471515,0.451856271582612
66ae4493fc7c710a8db6d9620901f40d,-23.506857026943457,-46.60320391152097,SP,2,62.45,76.19,152.38,62.45,1.0,1,2,0.2200160128102481,217.72532711586263,7.0,5.0,7.245619212962962,0.0,2.0,66,1.0,0.0,0.0,1.0,0.0,0.0,0.0,0.0,0.0,0.0,0.0,0.0,0.0,0.0,0.0,0.0,2,255.0,255.0,255.0,1.0,0.0,0.38414024888727405,0.6292405796620019
66e56177b9bf464a930e57edc3694403,-23.491961535547013,-46.72914975470673,SP,3,95.63,110.37,331.11,95.63,1.0,2,2,0.1541357314650214,289.2689964212705,7.333333333333333,3.6666666666666665,9.964386574074076,0.0,3.0,101,1.0,0.0,0.0,0.0,0.0,0.6970964481160027,0.0,0.0,0.0,0.0,0.0,0.0,0.0,0.0,0.0,0.3029035518839973,3,127.0,127.0,254.0,0.5,0.5,0.9637137989778535,0.0792810675451588
672452f682b6cd65d8256f3e527bb93f,-23.451634567406504,-46.52256626479721,SP,2,81.8,92.99,185.98,81.8,1.0,2,2,0.1367970660146699,309.18053704436335,1.5,5.0,6.900324074074074,0.0,1.9073107049608355,380,0.9092913216474888,0.0,0.090708678352511,0.0,0.0,0.0,0.0,0.9474327628361858,0.0,0.0,0.0,0.0,0.0,0.0,0.0,0.0525672371638141,2,3.0,3.0,3.0,0.0,0.0,10.024303497332543,1.1576506760709753
67466b5877fad6f2279c1fb634c9aa5c,-25.12755402172767,-50.157416867435415,PR,3,196.5666666666667,212.17666666666665,636.53,196.5666666666667,1.0,1,1,0.0794132609801594,95.30146252354484,1.0,5.0,5.444957561728395,0.0,2.484693877551021,358,0.3421362700893909,0.6578637299106092,0.0,0.0,0.0,0.0,1.0,0.0,0.0,0.0,0.0,0.0,0.0,0.0,0.0,0.0,3,41.5,41.5,83.0,1.0,1.0,0.9382863440168978,0.03295743488948221
674e552503d21cd547fdd0de0bfb9be2,-27.805165425881352,-50.30356216079918,SC,2,151.5,168.16500000000002,336.33000000000004,151.5,1.0,1,1,0.11,858.7788405359864,4.5,5.0,15.117876157407409,0.0,2.0,99,1.0,0.0,0.0,1.0,0.0,0.0,0.0,0.0,0.0,0.0,0.0,0.0,0.0,0.0,0.0,0.0,2,51.0,51.0,51.0,1.0,1.0,0.9829609103236837,0.012151985238480852
67bddde1844b238fe25995cde1612b4e,-3.708772708778577,-38.5672911953028,CE,2,76.9,111.325,222.65,76.9,1.0,2,2,0.4476592977893367,2438.492123697371,1.5,3.0,16.995931712962964,0.0,2.0,67,1.0,0.0,0.0,0.0,0.0,0.0,0.0,0.0,0.6495448634590377,0.0,0.0,0.0,0.3504551365409623,0.0,0.0,0.0,2,62.0,62.0,62.0,0.0,0.0,1.6629589761990191,0.35207661245156374
6832ad9ac97f82c7c5d614fb8e632e7b,-22.885515132422853,-43.38779179961218,RJ,2,104.495,125.14,250.28,104.495,1.0,1,2,0.197569261687162,573.598779139762,4.5,4.5,11.22699074074074,0.0,1.9743243243243245,91,1.0,0.0,0.0,0.0,0.0,1.0,0.0,0.0,0.0,0.0,0.0,0.0,0.0,0.0,0.0,0.0,2,279.0,279.0,279.0,1.0,0.0,0.9705534997244311,0.021132965971213793
6832bd3ca1bf89c9e60bf3c91d846ec9,-22.911716863464576,-47.11295985063251,SP,2,89.4,113.68,227.36,59.6,1.5,2,2,0.2715883668903803,223.13524111321095,1.0,5.0,8.648900462962963,0.0,2.0,222,0.0,0.0,1.0,0.0,0.0,0.0,0.0,0.0,0.0,0.0,0.0,0.558165548098434,0.0,0.0,0.0,0.4418344519015659,2,67.0,67.0,67.0,0.0,0.0,1.189100712497593,0.12216376831899887
683459cab0129375a071efb00da7c191,-22.725741956935952,-47.65136060753727,SP,2,164.0,233.79,467.58,164.0,1.0,1,2,0.4255487804878048,674.4626817754902,4.5,4.5,7.629322916666666,0.0,2.0,8,1.0,0.0,0.0,0.0,0.0,0.0,0.0,0.0,0.0,0.0,0.0,0.0,0.0,0.0,0.0,1.0,2,8.0,8.0,8.0,1.0,0.0,0.8679290508149569,0.0999912322427275
68497ce04e9b12cb402671a29acdf6a2,-26.959496069421427,-52.53228775207515,SC,2,502.495,523.575,1047.15,502.495,1.0,2,2,0.0419506661757828,700.6933390736242,1.0,5.0,29.575758101851854,1.0,2.0,115,0.0,1.0,0.0,0.4925322640026269,0.0,0.0,0.0,0.0,0.507467735997373,0.0,0.0,0.0,0.0,0.0,0.0,0.0,2,166.0,166.0,166.0,0.0,0.0,1.030541012216405,0.021270938841022054
684fdd89d877968793cfb9c8f7ef7874,-23.17157838502646,-46.97589459527797,SP,2,157.895,183.075,366.15,157.895,1.0,2,2,0.1594730675448874,328.4467604823006,4.0,2.5,6.93620949074074,0.0,2.0,112,1.0,0.0,0.0,0.2086513189144684,0.0,0.0,0.0,0.0,0.0,0.0,0.0,0.7913486810855315,0.0,0.0,0.0,0.0,2,110.0,110.0,110.0,0.0,0.0,3.6132039813531556,0.8010980062045708
68519bc41532d0f1a6613d278f86a5bd,-26.89053482068349,-48.65522032752857,SC,2,41.775000000000006,57.45,114.9,41.775000000000006,1.0,2,2,0.3752244165170556,497.6850480311576,1.5,3.5,11.139097222222222,0.0,2.0,230,1.0,0.0,0.0,0.0,0.0,0.8366247755834829,0.0,0.0,0.0,0.0,0.0,0.0,0.0,0.0,0.0,0.163375224416517,2,127.0,127.0,127.0,0.0,0.0,0.3337202553685432,0.7064913705849927
6856178ce177496369e3a83fd143e621,-22.88808482947106,-43.1187705964476,RJ,2,52.995000000000005,67.33,134.66,52.995000000000005,1.0,2,2,0.2704972167185583,352.8975119171756,1.0,5.0,13.008680555555555,0.0,1.4129593810444874,281,1.0,0.0,0.0,0.0,0.0,0.0,0.0,0.0,0.0,0.0,0.0,0.0,0.0,0.0,0.0,1.0,2,236.0,236.0,236.0,0.0,0.0,1.1199622166246852,0.08002604593259305
6871b052a835417d6d2e11153e0d3c2c,-23.81765711650305,-46.07870889080958,SP,2,159.945,199.965,399.93,159.945,1.0,1,2,0.2228891181343587,363.321009802897,8.5,5.0,9.30759837962963,0.0,1.521875,189,1.0,0.0,0.0,0.0,0.0,1.0,0.0,0.0,0.0,0.0,0.0,0.0,0.0,0.0,0.0,0.0,2,291.0,291.0,291.0,1.0,0.0,2.1979050055973133,0.5297510408799374
688d5274462f91fa0332582b748ce41d,-24.498655240376007,-47.8456443614615,SP,2,207.45,222.085,444.17,207.45,1.0,2,2,0.0705471197879007,317.0350861421399,1.0,2.5,6.532060185185185,0.0,1.357806691449814,235,0.0,0.8491568543575658,0.1508431456424342,0.1349722824777054,0.0,0.0,0.0,0.0,0.0,0.0,0.0,0.0,0.0,0.0,0.0,0.8650277175222946,2,303.0,303.0,303.0,0.0,0.0,5.629402985074627,0.9875647176559941
6897ea9a949c1009af8cc38e691f260b,-23.77151250663091,-46.5958515286915,SP,2,120.0,128.1,256.2,120.0,1.0,1,1,0.0674999999999999,6.56683577858905,2.0,5.0,3.184664351851852,0.0,2.0,31,1.0,0.0,0.0,0.0,1.0,0.0,0.0,0.0,0.0,0.0,0.0,0.0,0.0,0.0,0.0,0.0,2,1.0,1.0,1.0,1.0,1.0,1.0,0.0
68f412bbb674141ab49ef13b501baf45,-19.787387957384883,-42.13914525157762,MG,2,42.45,60.07,120.14,42.45,1.0,2,2,0.4150765606595994,817.9841633463368,2.5,5.0,9.959583333333333,0.0,2.0,47,1.0,0.0,0.0,0.4110718492343934,0.0,0.0,0.0,0.0,0.0,0.0,0.0,0.0,0.0,0.0,0.0,0.5889281507656066,2,229.0,229.0,229.0,0.0,0.0,1.3242406655059007,0.1972883244995262
6940e424e41600ef36c79b6d8b4a2ecd,-23.601727668525857,-46.62981139744279,SP,2,33.445,41.225,82.45,33.445,1.0,1,2,0.2326207205860367,18.027511652071677,3.0,4.5,2.1264351851851853,0.0,1.90234375,370,1.0,0.0,0.0,1.0,0.0,0.0,0.0,0.0,0.0,0.0,0.0,0.0,0.0,0.0,0.0,0.0,2,14.0,14.0,14.0,1.0,0.0,1.9786849710982661,0.46465791879547785
696fca7af7f751e1749087433a92c790,-14.485090982224316,-46.50753406224808,GO,2,59.99,80.86,161.72,59.99,1.0,1,1,0.3478913152192032,1003.3375522229784,3.0,4.5,13.045532407407409,0.0,2.0,42,1.0,0.0,0.0,1.0,0.0,0.0,0.0,0.0,0.0,0.0,0.0,0.0,0.0,0.0,0.0,0.0,2,63.0,63.0,63.0,1.0,1.0,3.3449758194519075,0.7632485760816458
697452ef6f8c549b18ffecd3e0197460,-21.80264400375237,-49.60191220739817,SP,2,101.9,115.57,231.14,101.9,1.0,1,1,0.1341511285574092,368.1703925004381,4.0,4.5,6.141909722222222,0.0,2.0,81,1.0,0.0,0.0,0.0,0.0,0.0,0.0,0.0,0.0,0.0,0.0,0.0,0.0,0.0,0.0,1.0,2,103.0,103.0,103.0,1.0,1.0,1.1421686746987951,0.09385669311587463
69768afd389429f6ec48199e5fb8e61a,-23.563041111909723,-46.68362558131101,SP,2,125.45,153.875,307.75,62.725,2.0,2,3,0.2266241530490235,452.29331239704993,2.5,2.5,4.01634837962963,0.0,2.0,148,1.0,0.0,0.0,0.0,0.0,0.8051016341171782,0.0,0.0,0.0,0.0,0.0,0.0,0.0,0.0,0.1948983658828218,0.0,2,112.0,112.0,112.0,0.0,0.0,0.23302215633639167,0.8796844914543674
698118425f0afbd4bee557e51b6bd49b,-17.144889235856784,-49.99231718267572,GO,2,132.47,150.235,300.47,132.47,1.0,2,2,0.1341058352834604,799.7522616715236,1.0,2.5,22.27785300925926,0.0,2.0,154,1.0,0.0,0.0,0.8301502226919303,0.0,0.0,0.0,0.0,0.0,0.0,0.0,0.1698497773080697,0.0,0.0,0.0,0.0,2,91.0,91.0,91.0,0.0,0.0,0.26652335187995274,0.819007894260799
69aab61687fa416ef601af332bd0ff0d,-24.112220363397658,-46.66637121630858,SP,2,54.95,67.235,134.47,54.95,1.0,2,2,0.2235668789808917,343.2537145820918,1.0,5.0,12.305868055555557,0.0,1.238135593220339,234,1.0,0.0,0.0,0.0,0.0,0.6369426751592356,0.0,0.0,0.3630573248407643,0.0,0.0,0.0,0.0,0.0,0.0,0.0,2,356.0,356.0,356.0,0.0,0.0,1.603989155693261,0.3280235071794217
69e4074cb5368c1539397e4ea570757a,-23.57397233230026,-46.49754937825064,SP,2,79.9,95.34,190.68,79.9,1.0,2,2,0.1932415519399249,396.8933184370966,2.0,5.0,8.134039351851852,0.0,1.261658031088083,203,1.0,0.0,0.0,0.0,0.0,0.0,0.0,0.0,0.0,0.0,0.0,0.0,0.3122653316645807,0.0,0.0,0.6877346683354193,2,376.0,376.0,376.0,0.0,0.0,0.4965858252884389,0.47570619829353
69f2934ad8b50cc05587a94cc7d68fc9,-26.080457158205203,-53.05380797671794,PR,3,94.93,116.37,349.11,94.93,1.0,2,2,0.2258506267776256,704.0063330924082,7.0,1.0,21.03013310185185,0.5,3.0,181,1.0,0.0,0.0,0.0,0.0,0.0,0.7015695775834826,0.0,0.0,0.0,0.0,0.0,0.0,0.0,0.0,0.2984304224165174,2,94.0,94.0,94.0,1.0,1.0,0.5695274917951715,0.3878747346029156
69f7e342c28eb22ef6845facd926e810,-23.558380865837307,-46.52902584181389,SP,2,135.995,162.36,324.72,67.9975,2.0,2,3,0.1938674215963822,238.61693616204064,5.5,3.5,4.846857638888888,0.0,2.0,70,0.4339738851933973,0.0,0.0,0.0,0.0,0.5257178572741645,0.0,0.0,0.0,0.0,0.0,0.0,0.0,0.0,0.0,0.4742821427258355,2,10.0,10.0,10.0,0.0,0.0,0.7667029379760608,0.18675005406060097
6a2c39f27e5c40a4d2a0cd94aeb8c925,-22.917159804510817,-43.40406768150765,RJ,2,77.4,101.935,203.87,77.4,1.0,1,2,0.3169896640826873,613.6400421405536,1.0,3.0,33.88892939814815,0.5,2.0,219,1.0,0.0,0.0,0.0,0.0,0.0,0.0,0.0,0.0,0.0,0.0,0.0,0.0,0.0,0.0,1.0,2,50.0,50.0,50.0,1.0,0.0,4.712244326141777,0.9190619261235659
6a583f4c6790a4c8330beb7612e17f42,-22.936100646430727,-43.659864298964045,RJ,2,80.85,80.85,161.7,53.9,1.5,1,1,0.0,636.7691806246812,1.5,5.0,13.11257523148148,0.0,2.0,118,1.0,0.0,0.0,0.0,0.0,0.0,0.0,0.0,0.0,0.0,0.0,0.0,1.0,0.0,0.0,0.0,2,5.0,5.0,5.0,1.0,1.0,2.0,0.47140452079103173
6a6a7141119ceaeca4dfbae7a580a515,-22.41751486010835,-43.13036826938683,RJ,3,26.096666666666664,53.34666666666666,160.04,15.658,1.6666666666666667,3,3,1.0443223911099755,456.28597391540654,1.0,4.333333333333333,8.440875771604938,0.0,3.0,45,1.0,0.0,0.0,0.0,0.0,0.1788223272448589,0.0,0.0,0.0,0.5069612977391749,0.0,0.0,0.0,0.0,0.3142163750159663,0.0,3,153.5,153.5,307.0,0.0,0.0,0.37926570957872435,0.5230549966111137
6a9e15d6fa8ce1cabf193c21aa577f64,-22.730781607887,-45.12330835113276,SP,3,97.23333333333332,123.53666666666668,370.61,72.925,1.3333333333333333,2,2,0.2705176551251285,522.0259946740968,1.0,5.0,5.742546296296297,0.0,3.0,28,0.0,1.0,0.0,0.0,0.0,0.0,0.5989029825162838,0.0,0.0,0.0,0.0,0.0,0.0,0.0,0.0,0.4010970174837162,3,31.5,31.5,63.0,0.5,0.5,2.1436577364680156,0.35919659432255774
6aa14366984bcc5f1ea760928283d451,-21.426723364576908,-50.06502093278847,SP,2,152.45,173.3,346.6,152.45,1.0,2,2,0.1367661528369957,253.86207488734124,10.0,5.0,8.472766203703703,0.0,1.8974025974025972,216,1.0,0.0,0.0,0.0,0.0,0.3932436864545753,0.0,0.0,0.0,0.0,0.0,0.0,0.0,0.0,0.6067563135454248,0.0,2,169.0,169.0,169.0,0.0,0.0,0.6284532982522082,0.3226659218478487
6aa2294d9975e319365a586ba919de73,-23.65098536843444,-46.766494687661655,SP,2,77.45,95.285,190.57,77.45,1.0,2,2,0.2302775984506133,580.5258209738156,5.5,3.0,11.41435763888889,0.0,2.0,182,0.6641653985412185,0.0,0.0,0.0,0.0,0.0,0.3221433182698515,0.6778566817301485,0.0,0.0,0.0,0.0,0.0,0.0,0.0,0.0,2,84.0,84.0,84.0,0.0,0.0,0.5056490479576519,0.4643298661787508
6abc999251612920bec93b3be616fa1d,-23.680225560083763,-46.67945033820653,SP,2,59.0,69.535,139.07,59.0,1.0,1,1,0.1785593220338983,29.494259883472147,1.0,4.0,6.06402199074074,0.0,1.5124223602484472,447,0.0,1.0,0.0,0.0,0.0,0.0,0.0,0.0,0.0,0.0,0.0,0.0,0.0,0.0,0.0,1.0,2,36.0,36.0,36.0,1.0,1.0,1.2488680465717983,0.15650209768405793
6b1b676621a55a12546f8eeeaa12d4a7,-27.898650726650448,-54.39928943552204,RS,2,138.0,162.4,324.8,69.0,2.0,2,2,0.1768115942028985,590.9201218891158,1.0,4.0,13.171140046296296,0.0,2.0,303,0.4192733990147783,0.5807266009852217,0.0,0.0,0.0,0.4347826086956521,0.0,0.0,0.5652173913043478,0.0,0.0,0.0,0.0,0.0,0.0,0.0,2,45.0,45.0,45.0,0.0,0.0,0.7219807019404093,0.22832930791516348
6bb0bebc0758e1a834cb5bf96b6d8feb,-23.983121609666224,-48.88894090646999,SP,2,74.95,87.905,175.81,74.95,1.0,2,2,0.1728485657104736,215.1581781221433,1.0,5.0,5.520734953703704,0.0,1.6988372093023254,118,0.0,0.0,0.5914908139468744,0.0,0.0,0.0,0.0,0.600400266844563,0.3995997331554369,0.0,0.0,0.0,0.0,0.0,0.0,0.0,2,312.0,312.0,312.0,0.0,0.0,1.4479253689780007,0.2587750998324468
6bb535b0906b43e0041916897667aeed,-28.035429505504453,-48.627746848555816,SC,3,320.16,398.41,1195.23,192.096,1.6666666666666667,2,3,0.2444090454772613,633.1635408067015,8.666666666666666,3.6666666666666665,14.183287037037038,0.0,2.42960088691796,350,1.0,0.0,0.0,0.0,0.0,0.8375812093953023,0.0,0.0,0.1624187906046976,0.0,0.0,0.0,0.0,0.0,0.0,0.0,2,101.0,101.0,101.0,0.0,0.0,0.18502691823400522,0.9725905525589722
6bbed249de21777c6f7d5074e6c469e9,-17.34138532318693,-44.93394143968492,MG,2,19.97,38.985,77.97,19.97,1.0,2,2,0.9521782674011018,711.6807111718297,1.0,3.0,7.132962962962964,0.0,2.0,139,1.0,0.0,0.0,0.599649474211317,0.0,0.0,0.0,0.0,0.0,0.0,0.0,0.0,0.0,0.0,0.0,0.4003505257886831,2,117.0,117.0,117.0,0.0,0.0,1.5078803473785785,0.2863977446437242
6bf558c1aae5004b6a410c3294c5e119,-10.46062524071367,-40.18655549598152,BA,2,84.135,154.92000000000002,309.84000000000003,42.0675,2.0,3,3,0.8413264396505615,1535.374738545826,8.0,3.5,11.533796296296297,0.0,2.0,53,1.0,0.0,0.0,0.0,0.0,0.0,0.2519165626671421,0.0,0.2371189160278124,0.0,0.0,0.0,0.0,0.0,0.0,0.5109645213050455,2,11.0,11.0,11.0,1.0,1.0,0.27296631059983567,0.8077047250114345
6c005d6d2d21634f3eabb0720c780d75,-23.58503439819553,-46.63744501017808,SP,2,26.49,33.88,67.76,26.49,1.0,1,1,0.2789731974329936,5.1906627648802,2.0,5.0,3.9600347222222223,0.0,2.0,109,1.0,0.0,0.0,0.0,0.0,0.0,0.0,0.0,0.0,0.0,0.0,0.0,0.0,0.0,0.0,1.0,2,47.0,47.0,47.0,1.0,1.0,1.0926497838171711,0.06261276102596347
6c2f6983a60ac0dc8a9ee65579959538,-23.63528526027614,-46.57841586358931,SP,2,113.45,125.745,251.49,113.45,1.0,1,1,0.108373732921992,304.2713931630523,1.5,5.0,18.055960648148147,0.5,2.0,320,0.5142152769493816,0.4857847230506183,0.0,0.0,1.0,0.0,0.0,0.0,0.0,0.0,0.0,0.0,0.0,0.0,0.0,0.0,2,19.0,19.0,19.0,1.0,1.0,0.9447107949273121,0.04020687490941038
6c5524784076044070d9fe6cf151912d,-23.70898422391892,-46.54288739860903,SP,2,42.995000000000005,51.085,102.17,42.995000000000005,1.0,2,2,0.1881614141179206,14.23625773536673,1.5,4.0,3.6127777777777776,0.0,2.0,25,0.3568562200254478,0.6431437799745522,0.0,0.0,0.3372485172694499,0.0,0.0,0.0,0.0,0.0,0.0,0.0,0.0,0.0,0.0,0.6627514827305501,2,213.0,213.0,213.0,0.0,0.0,0.554862273626541,0.4048717500187239
6c70bee45f245a4ebeddb2ece21b567d,-22.990645563225257,-43.35331567550051,RJ,2,271.0,293.185,586.37,271.0,1.0,1,1,0.0818634686346863,502.6885010258295,10.0,3.0,18.32586805555556,0.0,1.5,426,1.0,0.0,0.0,0.0,0.0,0.0,1.0,0.0,0.0,0.0,0.0,0.0,0.0,0.0,0.0,0.0,2,61.0,61.0,61.0,1.0,1.0,1.00139941292921,0.0009888424724541227
6c722fdc0ca8a586dcfa980f2f1278eb,-22.904024634141063,-43.2563981779052,RJ,2,94.735,119.02,238.04,63.15666666666667,1.5,3,3,0.2563466511848841,589.9679402261802,5.0,4.0,14.678836805555555,0.0,1.7644927536231885,366,1.0,0.0,0.0,0.4204887317253391,0.0,0.0,0.4480920462342324,0.0,0.0,0.0,0.0,0.0,0.0,0.0,0.0,0.1314192220404285,2,48.0,48.0,48.0,0.0,0.0,4.804437941965374,0.9269265669696282
6caedf47165dd303190404ba0d47e802,-16.21427792791761,-44.43268618718586,MG,2,58.95,100.815,201.63,58.95,1.0,1,2,0.7101781170483461,793.2874023502804,2.0,5.0,9.55480902777778,0.0,2.0,139,1.0,0.0,0.0,0.0,0.0,0.0,0.0,0.0,1.0,0.0,0.0,0.0,0.0,0.0,0.0,0.0,2,70.0,70.0,70.0,1.0,0.0,0.22571428571428573,0.8933610149256614
6cea4abf8f997010abe48d8b4ef9c5f2,-22.5289261775994,-43.17613609573597,RJ,2,23.45,40.63,81.25999999999999,23.45,1.0,1,2,0.7326226012793177,366.3282049936742,1.0,4.5,8.02529513888889,0.0,2.0,46,1.0,0.0,0.0,1.0,0.0,0.0,0.0,0.0,0.0,0.0,0.0,0.0,0.0,0.0,0.0,0.0,2,143.0,143.0,143.0,1.0,0.0,0.9814679346500854,0.013226708188574325
6cf5a61d865d979d060812cdb48ce484,-23.370298426929004,-51.15327712381024,PR,2,142.0,158.64999999999998,317.29999999999995,142.0,1.0,1,1,0.1172535211267605,738.1277354535441,1.0,5.0,12.104415509259258,0.0,2.0,157,1.0,0.0,0.0,0.0,0.0,0.0,0.0,1.0,0.0,0.0,0.0,0.0,0.0,0.0,0.0,0.0,2,193.0,193.0,193.0,1.0,1.0,0.9254809151040718,0.05473224880536279
6d3d5771a12f5e7d00729f940bb28fd2,-27.23784069576222,-52.04045728606272,SC,2,97.8,173.89,347.78000000000003,24.45,4.0,2,3,0.7779652351738242,692.9140989473398,1.0,5.0,8.106770833333334,0.0,1.67545871559633,403,0.0,1.0,0.0,0.0,0.0,0.0,0.0,0.0,0.0,0.5449897750511248,0.0,0.0,0.4550102249488753,0.0,0.0,0.0,2,33.0,33.0,33.0,0.0,0.0,1.7401512763945794,0.3819978781106692
6d74740d498504341df1e7f104daebf0,-12.528635181949747,-38.281451432422486,BA,2,79.44500000000001,102.46,204.92,79.44500000000001,1.0,2,2,0.2896972748442318,1385.031045976256,4.0,4.5,20.95646412037037,0.0,1.7476076555023925,230,1.0,0.0,0.0,0.0,0.0,0.0,0.0,0.0,0.0,0.0,0.754610107621625,0.0,0.0,0.0,0.0,0.2453898923783749,2,188.0,188.0,188.0,0.0,0.0,0.374010996379241,0.6443049882058958
6d97028799b1d0a91160e11d45cfeb7b,-18.81050048300129,-42.7002660346105,MG,2,51.98,67.35,134.7,51.98,1.0,1,2,0.2956906502500961,718.2380359070584,4.5,2.0,14.318917824074074,0.0,1.4465346534653465,462,1.0,0.0,0.0,0.0,0.0,1.0,0.0,0.0,0.0,0.0,0.0,0.0,0.0,0.0,0.0,0.0,2,43.0,43.0,43.0,1.0,0.0,1.5215275177836016,0.29250178060664017
6dcf48fcc0c4d96dd7af8a0897ae9de8,-27.59163035904077,-48.583739245255344,SC,2,156.0,223.64,447.28,44.57142857142857,3.5,1,2,0.4335576923076923,514.9469157547444,7.5,3.0,8.869311342592592,0.0,2.0,47,0.8804999105705599,0.0,0.1195000894294401,0.0,0.0,0.0,0.0,0.0,1.0,0.0,0.0,0.0,0.0,0.0,0.0,0.0,2,97.0,97.0,97.0,1.0,1.0,1.1395838316192297,0.09226156266778503
6e08abf5cfb67eeea9e48463da288788,-22.338518695550924,-47.16870256768664,SP,2,119.0,152.41,304.82,119.0,1.0,1,1,0.2807563025210083,409.38057386432826,2.5,5.0,12.871892361111112,0.0,2.0,99,1.0,0.0,0.0,0.0,0.0,0.0,0.0,0.0,1.0,0.0,0.0,0.0,0.0,0.0,0.0,0.0,2,35.0,35.0,35.0,1.0,1.0,1.1404395758724808,0.09279007692232105
6e0d94e83bae00a64c12c9497158ee1c,-27.10762178580489,-48.93726397728216,SC,2,25.1,40.2,80.4,25.1,1.0,1,1,0.6015936254980079,527.501009264813,1.0,5.0,13.313443287037035,0.0,1.854060913705584,343,1.0,0.0,0.0,0.0,0.0,0.0,0.0,0.0,0.0,0.0,0.0,0.0,0.0,0.0,0.0,1.0,2,51.0,51.0,51.0,1.0,1.0,0.7866666666666666,0.16886132088036956
6e10d6571ddd6b7b58d61e4d5e7dde95,-25.811812841680258,-48.536165957162126,PR,2,83.95,112.775,225.55,55.96666666666667,1.5,2,2,0.3433591423466349,409.7712624966726,4.5,4.0,8.014542824074073,0.0,2.0,13,1.0,0.0,0.0,0.0,0.0,0.7027992852888624,0.0,0.0,0.0,0.0,0.0,0.0,0.0,0.0,0.0,0.2972007147111375,2,21.0,21.0,21.0,0.0,0.0,2.299926847110461,0.5570954334597628
6e1512c1c3221bd24fa4848202727ab3,-20.21226517461104,-40.2373843116948,ES,2,79.945,97.27,194.54,79.945,1.0,2,2,0.2167114891487898,922.7034986405516,1.0,5.0,20.97986689814815,0.0,1.6909722222222223,266,0.0,1.0,0.0,0.0,0.0,0.0,0.0,0.0,0.3746325598849209,0.0,0.6253674401150792,0.0,0.0,0.0,0.0,0.0,2,166.0,166.0,166.0,0.0,0.0,0.6635881648708739,0.2859831476496225
6e1550b8966f327f29bc06b18972dbec,-20.7803738191745,-49.39299131669758,SP,2,469.935,519.9399999999999,1039.88,469.935,1.0,2,2,0.1064083330673391,367.2636548986946,5.5,5.0,9.082609953703702,0.0,1.5509554140127388,460,0.9209428010924338,0.0,0.0790571989075662,0.0,0.0,0.0,0.0,0.0,0.0,0.0,0.0,0.0,0.0,0.0,0.0,1.0,2,10.0,10.0,10.0,0.0,0.0,0.08643368333072142,1.1891916598167882
6e26bbeaa107ec34112c64e1ee31c0f5,-22.879050943745103,-43.31422748319455,RJ,2,677.95,720.8100000000001,1441.62,677.95,1.0,2,2,0.063220001475035,167.83639186055888,5.5,5.0,15.055520833333333,0.5,1.7188235294117646,243,1.0,0.0,0.0,0.0,0.0,0.0,0.0,0.0,0.0,0.0,0.0,0.0,0.0,0.0,0.0,1.0,2,182.0,182.0,182.0,0.0,0.0,21.120914531226024,1.286351438013202
6e2f539e9e0e323859a81079581db712,-23.434508823656955,-46.51678664071362,SP,2,14.895,27.075000000000003,54.150000000000006,9.93,1.5,2,2,0.8177240684793555,21.6855839272129,1.5,4.5,2.24203125,0.0,2.0,152,0.4020313942751615,0.5979686057248383,0.0,0.0,0.0,0.0,0.0,0.0,0.0,0.0,0.0,0.0,0.0,0.0,0.0,1.0,2,196.0,196.0,196.0,0.0,0.0,1.4873679375287094,0.2770970618056979
6e620488162fe1129d32f26b751d770a,-24.11132562252249,-49.33131178812126,SP,2,74.85,96.825,193.65,49.9,1.5,2,2,0.2935871743486974,296.5198524196876,1.0,5.0,8.994693287037038,0.0,2.0,192,0.0285050348567002,0.7844048541182546,0.1870901110250451,0.0,0.0,0.8002672010688043,0.0,0.0,0.0,0.1997327989311957,0.0,0.0,0.0,0.0,0.0,0.0,2,147.0,147.0,147.0,0.0,0.0,0.2748518762343647,0.8044184037975545
6eb453dca2505def092eb261e3a3d8d0,-23.273255495987584,-46.7445708869315,SP,2,57.9,73.61500000000001,147.23000000000002,57.9,1.0,2,2,0.2714162348877375,143.99509884619707,5.0,5.0,13.040879629629629,0.0,1.67545871559633,157,1.0,0.0,0.0,0.0,0.0,0.4827288428324697,0.0,0.0,0.0,0.5172711571675302,0.0,0.0,0.0,0.0,0.0,0.0,2,279.0,279.0,279.0,0.0,0.0,0.9887883290557882,0.007972541307951275
6edeeed37ddd3dee7559f358b023ef9b,-22.9812422719047,-46.54775101531747,SP,2,44.99,52.475,104.95,44.99,1.0,1,1,0.1663703045121138,68.01390034880527,1.0,5.0,3.618084490740741,0.0,2.0,67,0.4990948070509766,0.5009051929490234,0.0,0.0,0.0,0.0,0.0,0.0,0.0,1.0,0.0,0.0,0.0,0.0,0.0,0.0,2,47.0,47.0,47.0,1.0,1.0,1.003627338678885,0.002560272290146592
6ee2f345f4f2fbd1cafb6447a6b37642,-25.52745859561267,-54.54179268903307,PR,2,174.95,193.795,387.59,174.95,1.0,1,2,0.1077164904258359,716.9932164135486,9.0,3.5,12.283929398148148,0.0,1.5949781659388649,451,1.0,0.0,0.0,0.0,0.0,1.0,0.0,0.0,0.0,0.0,0.0,0.0,0.0,0.0,0.0,0.0,2,7.0,7.0,7.0,1.0,0.0,0.5732667640850787,0.38359160920633534
6eefa309faab7725bf4b9dce147e4ae6,-21.32493474824668,-48.63167836499024,SP,3,16.266666666666666,29.2,87.6,16.266666666666666,1.0,3,3,0.7950819672131147,360.93781141906834,2.0,5.0,9.171859567901237,0.0,2.7600755667506296,242,1.0,0.0,0.0,0.0,0.0,0.0,0.0,0.0,0.0,0.0,0.0,0.0,0.0,0.0,0.0,1.0,3,78.0,78.0,156.0,0.0,0.0,1.234,0.1255149834541502
6f1b9f60ea8ee748140353648c2d8d8f,-22.398079045619017,-42.93477971033892,RJ,2,232.4,248.38,496.76,232.4,1.0,2,2,0.0687607573149741,295.0366554765006,6.0,5.0,29.379467592592597,0.5,1.4184466019417474,73,1.0,0.0,0.0,0.0,0.0,0.0,0.0,0.0,0.0,0.0,0.3978055077452668,0.0,0.0,0.0,0.0,0.6021944922547332,2,442.0,442.0,442.0,0.0,0.0,0.6984989913495401,0.2510374263830815
6f22857001b77949eb8110295fced3ff,-23.96467233852712,-46.34245770671684,SP,2,45.9,54.62,109.24,45.9,1.0,1,1,0.1899782135076252,45.11517896122542,1.0,3.5,10.700063657407409,0.5,2.0,286,0.0,1.0,0.0,0.0,0.0,0.0,1.0,0.0,0.0,0.0,0.0,0.0,0.0,0.0,0.0,0.0,2,35.0,35.0,35.0,1.0,1.0,1.0,0.0
6f302f15a62c56b3100b67a81bfef328,-23.58955876743496,-46.516642180958726,SP,2,314.6,367.695,735.39,209.7333333333333,1.5,2,2,0.1687698664971392,320.92816666122553,6.5,3.0,17.392905092592592,0.0,1.7773722627737223,258,1.0,0.0,0.0,0.0,0.0,0.826128417037508,0.0,0.0,0.0,0.0,0.0,0.0,0.0,0.0,0.0,0.173871582962492,2,153.0,153.0,153.0,0.0,0.0,3.119139640396572,0.7275587335327012
6f36e0165218ac7ae521d8e44739e703,-23.5511456371504,-46.60434936033783,SP,2,114.35,124.745,249.49,114.35,1.0,2,2,0.0909051158723218,145.2509789122137,5.5,5.0,6.696886574074075,0.0,2.0,219,0.9139043649044052,0.086095635095595,0.0,0.0,0.940096195889812,0.0,0.0,0.0,0.0,0.0,0.0,0.0,0.0,0.0,0.0,0.059903804110188,2,24.0,24.0,24.0,0.0,0.0,10.614990689013034,1.1706983327464642
6f5c52ea47e32b73958b0ac0f3c34e88,-22.40877700303038,-47.56372736808629,SP,2,18.195,26.065,52.13,18.195,1.0,2,1,0.432536411101951,212.85853904678663,1.0,4.5,8.0421875,0.0,2.0,98,1.0,0.0,0.0,0.3981863149216817,0.0,0.0,0.6018136850783181,0.0,0.0,0.0,0.0,0.0,0.0,0.0,0.0,0.0,2,9.0,9.0,9.0,0.0,1.0,0.7510917030567685,0.2010228754495422
6f64406ed5cfa4a2d9bd35e91bfd6587,-25.49015681921223,-49.302231850654096,PR,3,108.23333333333336,123.76,371.28,108.23333333333336,1.0,1,3,0.1434554973821989,226.40246908770237,2.0,3.6666666666666665,14.411554783950615,0.0,3.0,208,1.0,0.0,0.0,0.0,0.0,0.0,1.0,0.0,0.0,0.0,0.0,0.0,0.0,0.0,0.0,0.0,2,57.0,57.0,57.0,1.0,0.0,0.8456949691787632,0.11823203236387865
6f65f19c2dcfcab8b76b2fafb5b840e1,-21.208310512673343,-50.440240195666846,SP,2,110.45,124.33,248.66000000000005,110.45,1.0,2,2,0.1256677229515617,457.6573770794445,4.5,5.0,7.194872685185185,0.0,1.274869109947644,164,1.0,0.0,0.0,0.0,0.0,0.0,0.0,0.0,0.2983250339520145,0.7016749660479855,0.0,0.0,0.0,0.0,0.0,0.0,2,409.0,409.0,409.0,0.0,0.0,0.4639114564935829,0.5178890331766027
6f8e7d40046694539c87b98cb5096a28,-23.54588497157669,-46.64374420942635,SP,2,29.985,37.375,74.75,29.985,1.0,1,2,0.2464565616141404,47.45006659852701,1.0,4.0,3.213570601851852,0.0,2.0,101,0.0,0.0,0.0,0.0,0.0,0.0,0.0,0.0,0.0,0.0,0.0,0.0,0.0,0.0,0.0,1.0,2,7.0,7.0,7.0,1.0,0.0,0.999732477260567,0.00018919244981589544
6faa792efdf7c9c6eb7cfdf68aa5e581,-9.534457885253907,-37.29448325845316,AL,2,119.495,148.215,296.43,119.495,1.0,2,2,0.2403447843005983,1856.0964672597024,1.0,4.0,15.819525462962964,0.0,1.360335195530726,328,0.0,1.0,0.0,0.3765429515879325,0.0,0.0,0.0,0.0,0.0,0.0,0.0,0.0,0.0,0.0,0.0,0.6234570484120674,2,209.0,209.0,209.0,0.0,0.0,0.7386943515748724,0.21253993928995513
6fe09f77ec8e29ed4e619c6841f6479b,-23.62706295025385,-46.63615005249778,SP,2,124.445,134.56,269.12,124.445,1.0,2,2,0.0812808871388967,153.20353628263345,2.5,5.0,7.638020833333333,0.0,2.0,88,1.0,0.0,0.0,0.0,0.0,0.0,0.0,0.2329944955602876,0.0,0.0,0.0,0.0,0.0,0.0,0.0,0.7670055044397123,2,201.0,201.0,201.0,0.0,0.0,0.3208991852360852,0.7270756112141106
6ff62b85b8dd35a3402d54618bdafec6,-23.613720212559304,-46.46750282524929,SP,2,296.5,314.73,629.46,296.5,1.0,1,2,0.0614839797639123,344.9771295044524,3.0,5.0,14.45413773148148,0.0,2.0,209,1.0,0.0,0.0,0.0,0.0,0.0,1.0,0.0,0.0,0.0,0.0,0.0,0.0,0.0,0.0,0.0,2,3.0,3.0,3.0,1.0,0.0,0.8105099663473985,0.14801320098042683
7018a5e068b8fd0912fed2d02952df23,-19.90586856109598,-43.92390204902116,MG,2,84.65,92.63,185.26,84.65,1.0,1,1,0.0942705256940342,8.615289857628452,2.0,5.0,5.183125,0.0,2.0,140,1.0,0.0,0.0,0.0,0.0,0.0,0.0,0.0,1.0,0.0,0.0,0.0,0.0,0.0,0.0,0.0,2,46.0,46.0,46.0,1.0,1.0,0.995691048152537,0.0030534676937775344
704d4446bffad3f1d6b73a58426af36a,-19.885495972269524,-43.665151997909206,MG,2,53.45,88.225,176.45,53.45,1.0,2,2,0.6506080449017773,518.4959400757491,1.0,5.0,13.21129050925926,0.0,1.9959016393442623,140,0.0,1.0,0.0,0.0,0.0,0.0,0.0,0.0,0.0,0.1590271281571562,0.0,0.0,0.0,0.0,0.0,0.8409728718428437,2,227.0,227.0,227.0,0.0,0.0,0.23279536086075597,0.8801064963683172
70601471b692cc0879300373118041ff,-22.85532070695955,-46.31934974585506,MG,2,92.43,107.885,215.77,92.43,1.0,2,2,0.1672076165747052,532.5290371490374,1.0,4.0,6.685121527777778,0.0,2.0,72,0.0,0.0,1.0,0.0,0.0,0.0,0.0,0.9791734285405173,0.0,0.0,0.0,0.0,0.0,0.0,0.0,0.0208265714594828,2,2.0,2.0,2.0,0.0,0.0,0.056608393320601344,1.2626789766472482
70aa9ef908248a2ec9e03b77ce1ff357,-23.459383859803527,-46.51579224120747,SP,2,212.45,228.775,457.55,212.45,1.0,2,2,0.0768416097905389,49.6058425563892,1.0,4.5,3.8169502314814814,0.0,2.0,104,0.0,1.0,0.0,0.0,0.0,0.0,0.4704636385031772,0.0,0.0,0.0,0.0,0.0,0.0,0.0,0.0,0.5295363614968228,2,20.0,20.0,20.0,0.0,0.0,1.1461069418386491,0.09627964696300279
70ad91901ad4330af432978ff134fc6f,-22.859752983115943,-47.05396659673355,SP,2,257.475,330.22,660.44,46.81363636363637,5.5,1,2,0.2825711234100397,207.43278147922908,1.0,5.0,8.012563657407407,0.0,2.0,167,0.0,1.0,0.0,0.0,0.0,1.0,0.0,0.0,0.0,0.0,0.0,0.0,0.0,0.0,0.0,0.0,2,7.0,7.0,7.0,1.0,1.0,0.9794395324441781,0.014689457086002318
71048f40f553973d48d6fe35d01a3afb,-1.252091427216003,-48.44754301462196,PA,2,66.16499999999999,91.36,182.72,66.16499999999999,1.0,2,2,0.380790448122119,2411.972460821104,2.0,5.0,42.35065972222222,0.5,2.0,151,1.0,0.0,0.0,0.0,0.748129675810474,0.0,0.0,0.0,0.0,0.0,0.0,0.0,0.0,0.0,0.0,0.2518703241895262,2,121.0,121.0,121.0,0.0,0.0,2.018668428878242,0.4772351590188542
711066a7bba9951b1da0ce0f4302af23,-23.538312293692385,-46.318032895291154,SP,2,43.45,54.5,109.0,43.45,1.0,1,2,0.2543153049482163,177.1285957520554,1.0,5.0,7.640023148148148,0.0,2.0,207,0.3324770642201835,0.6675229357798166,0.0,0.0,0.0,1.0,0.0,0.0,0.0,0.0,0.0,0.0,0.0,0.0,0.0,0.0,2,55.0,55.0,55.0,1.0,0.0,0.49807586586036284,0.47382641557674715
712c4abfd9b054e7872aad2021a4aee3,-23.582905734254837,-46.68737656188458,SP,2,209.0,223.14,446.28,209.0,1.0,1,2,0.0676555023923445,413.6826259874265,1.0,4.5,10.293518518518518,0.0,2.0,289,0.0,1.0,0.0,0.0,0.0,0.0,0.0,1.0,0.0,0.0,0.0,0.0,0.0,0.0,0.0,0.0,2,11.0,11.0,11.0,1.0,0.0,1.0978705401212807,0.06597635199562578
718d5855edf637b8e2f213db87dab93d,-15.80193097692075,-47.92369924435352,DF,2,25.445,39.545,79.09,25.445,1.0,2,2,0.5541363725682845,745.4014091972151,1.0,4.5,11.743136574074072,0.0,1.5675965665236051,321,0.1403464407636869,0.0,0.8596535592363131,0.0,0.0,0.0,0.0,0.6268422086853999,0.0,0.0,0.0,0.0,0.0,0.0,0.0,0.3731577913146001,2,145.0,145.0,145.0,0.0,0.0,0.7193478260869566,0.23084457061874641
719b416ebeb9f51638f343c4cc19f742,-21.77813975433949,-41.29863340982333,RJ,2,42.45,61.105,122.21,42.45,1.0,2,2,0.4394581861012956,842.5381427852906,3.5,3.0,11.532303240740742,0.0,2.0,27,1.0,0.0,0.0,0.0,0.5300353356890459,0.0,0.0,0.0,0.469964664310954,0.0,0.0,0.0,0.0,0.0,0.0,0.0,2,283.0,283.0,283.0,0.0,0.0,1.0334442595673876,0.023259710828654922
719f18245d86356b20dbfc6ebff6498d,-23.00330081763093,-43.34319458062895,RJ,2,87.44,113.025,226.05,58.29333333333333,1.5,2,2,0.2926006404391583,505.0933119386676,4.0,5.0,9.252355324074074,0.0,1.7476076555023925,76,1.0,0.0,0.0,0.0,0.0,0.6860704483074108,0.3139295516925892,0.0,0.0,0.0,0.0,0.0,0.0,0.0,0.0,0.0,2,342.0,342.0,342.0,0.0,0.0,2.2746631899174274,0.550482863761153
71a26c172a544ccc789674f1fab9d951,-19.939457387282133,-44.05171955840287,MG,2,103.75,119.395,238.79,103.75,1.0,1,2,0.1507951807228915,409.58056182739824,1.0,5.0,10.51791087962963,0.0,2.0,142,0.0,0.0,1.0,0.0,0.0,0.0,0.0,0.0,0.0,0.0,0.0,0.0,0.0,0.0,0.0,1.0,2,1.0,1.0,1.0,1.0,0.0,3.4277767476358245,0.7754218422945237
71a92fd3087501bcfba6e6e1ef7e8fd7,-22.895572237363908,-43.57780869646701,RJ,2,111.5,127.555,255.11,111.5,1.0,2,2,0.1439910313901345,474.3131708429533,5.5,4.0,14.99130787037037,0.0,1.521875,23,0.902003057504606,0.0,0.0979969424953941,0.0,0.8878923766816144,0.0,0.0,0.0,0.0,0.1121076233183856,0.0,0.0,0.0,0.0,0.0,0.0,2,457.0,457.0,457.0,0.0,0.0,0.18749709072289716,0.9676256411439134
71b14aca95bfbedbc5746d2c0a92d8e2,-22.369714674505413,-42.91160744971257,RJ,2,170.0,191.68,383.36,170.0,1.0,1,1,0.1275294117647059,560.0411741043569,3.0,1.0,28.106840277777778,1.0,2.0,284,1.0,0.0,0.0,0.0,1.0,0.0,0.0,0.0,0.0,0.0,0.0,0.0,0.0,0.0,0.0,0.0,2,2.0,2.0,2.0,1.0,1.0,1.0,0.0
71b8dc9ce21a7ca5344bde166e117c9f,-22.901031519421096,-43.66539994626528,RJ,2,87.45,104.875,209.75,87.45,1.0,2,2,0.1992567181246426,706.5535577355208,4.0,4.0,13.967326388888887,0.0,1.7817073170731703,179,1.0,0.0,0.0,0.0,0.0,0.0,0.8690680388793596,0.0,0.0,0.0,0.0,0.0,0.1309319611206403,0.0,0.0,0.0,2,231.0,231.0,231.0,0.0,0.0,0.2499255109945772,0.8486629849625815
71bd6ff3f70090f785e26643f22c6484,-11.186623499612486,-40.50847412866848,BA,2,54.445,73.9,147.8,54.445,1.0,2,2,0.357333088437873,1367.500312723689,2.5,2.0,25.016527777777775,0.5,1.584598698481562,128,1.0,0.0,0.0,0.5417393700064285,0.0,0.0,0.0,0.0,0.0,0.0,0.0,0.0,0.0,0.0,0.0,0.4582606299935715,2,333.0,333.0,333.0,0.0,0.0,1.2162243214874795,0.13797672239120454
71d2dbb6d2f52d568ca9d69c815a4331,-23.559165812556024,-46.64943517280505,SP,2,183.95,193.295,386.59,183.95,1.0,2,2,0.05080184832835,39.07530187211096,8.5,5.0,5.455856481481481,0.0,1.3967495219885278,442,1.0,0.0,0.0,0.0,0.0,0.0,0.8151671649904866,0.0,0.0,0.0,0.0,0.0,0.0,0.0,0.0,0.1848328350095134,2,80.0,80.0,80.0,0.0,0.0,4.030448926480156,0.8519521884711713
71d790b151c0349e5f5b2fbb4fbe1321,-23.21181749524189,-46.88016256770599,SP,2,65.345,90.77,181.54,32.6725,2.0,2,2,0.3890886831433162,617.9061510579322,1.0,3.5,11.732152777777776,0.0,2.0,127,1.0,0.0,0.0,0.4972836483281046,0.0,0.0,0.0,0.0,0.0,0.0,0.0,0.0,0.0,0.0,0.0,0.5027163516718952,2,136.0,136.0,136.0,0.0,0.0,1.038858939802336,0.02695372328859149
71df425cb9aec3337bc969df451d663a,-30.03026517880558,-51.22703145617276,RS,2,374.85,430.905,861.81,249.9,1.5,1,1,0.1495398159263705,15.15758779367207,5.0,5.0,5.933686342592592,0.0,2.0,338,1.0,0.0,0.0,0.0,0.0,0.0,0.0,0.0,0.0,0.0,1.0,0.0,0.0,0.0,0.0,0.0,2,8.0,8.0,8.0,1.0,1.0,2.0,0.4714045207910317
71e1f051740a6d2fcdc204e989035526,-26.90946857815747,-49.07428522117307,SC,2,80.0,101.05,202.1,80.0,1.0,1,1,0.2631249999999999,446.3815893391768,1.0,4.5,8.359965277777778,0.0,1.560897435897436,226,0.0300841167738743,0.0,0.9699158832261257,0.0,0.0,0.0,0.0,0.0,0.0,1.0,0.0,0.0,0.0,0.0,0.0,0.0,2,242.0,242.0,242.0,1.0,1.0,1.1047698396167465,0.07039578642985324
71f5d6c0cf885d0b2b52836a4c469bc3,-23.71953099920766,-46.547522515060784,SP,2,29.99,40.95,81.9,29.99,1.0,1,1,0.3654551517172391,29.234003371990998,1.0,5.0,5.544114583333334,0.0,1.383522727272727,510,1.0,0.0,0.0,0.0,0.0,0.0,0.0,0.0,1.0,0.0,0.0,0.0,0.0,0.0,0.0,0.0,2,19.0,19.0,19.0,1.0,1.0,1.0,0.0
71f88e06eb78302859a034cd7d1877a1,-26.226542116388643,-52.674505727634376,PR,2,364.995,413.19,826.38,364.995,1.0,2,2,0.1320429046973246,715.2341970000554,7.5,5.0,10.586140046296295,0.0,2.0,111,1.0,0.0,0.0,0.0,0.0,0.0,0.0,0.0,0.3150728092165646,0.0,0.0,0.0,0.0,0.0,0.0,0.6849271907834354,2,24.0,24.0,24.0,0.0,0.0,0.5850163991023649,0.37026458330918327
72061fff095d8325b311ea24e2f4a2b5,-20.971414082607943,-46.12166275471377,MG,2,284.87,349.90000000000003,699.8000000000001,71.2175,4.0,2,2,0.2282795661178783,284.65595522966856,5.0,3.0,13.021614583333337,0.0,2.0,264,1.0,0.0,0.0,0.0,0.0,0.262926949134693,0.0,0.0,0.0,0.0,0.0,0.0,0.0,0.7370730508653068,0.0,0.0,2,7.0,7.0,7.0,0.0,0.0,0.3524273345701917,0.6771573027721873
723bb8aa118da56cd7644aa593d197f9,-23.46896755192906,-46.65453841987932,SP,2,168.5,182.885,365.77,168.5,1.0,1,2,0.0853709198813056,453.4731261433328,12.5,5.0,8.764837962962963,0.0,2.0,72,1.0,0.0,0.0,1.0,0.0,0.0,0.0,0.0,0.0,0.0,0.0,0.0,0.0,0.0,0.0,0.0,2,123.0,123.0,123.0,1.0,0.0,0.9940576786785149,0.00421437729443825
72421b30e46c895e99e8560a48a33fb6,-25.50110902007209,-49.29032653810762,PR,2,61.3,78.69999999999999,157.39999999999998,61.3,1.0,1,1,0.2838499184339315,418.9375605206697,3.0,5.0,9.52664351851852,0.0,1.830827067669173,20,1.0,0.0,0.0,0.0,0.0,1.0,0.0,0.0,0.0,0.0,0.0,0.0,0.0,0.0,0.0,0.0,2,379.0,379.0,379.0,1.0,1.0,1.0967097375782604,0.06522992670157991
728a151b4593fb7ae0787158df28752a,-23.492219837469666,-46.64130024322722,SP,2,64.99,94.47,188.94,64.99,1.0,1,1,0.4536082474226804,2348.0351538414675,1.0,2.5,11.174305555555556,0.0,2.0,88,0.3221657669101302,0.0,0.6778342330898698,1.0,0.0,0.0,0.0,0.0,0.0,0.0,0.0,0.0,0.0,0.0,0.0,0.0,2,37.0,37.0,37.0,1.0,1.0,1.0,0.0
729089b44985b34915decf7117d8fc2c,-23.63107503448296,-46.62239862538074,SP,2,39.0,51.69,103.38,39.0,1.0,1,1,0.3253846153846154,304.644526698991,1.0,3.0,5.830104166666667,0.0,2.0,278,1.0,0.0,0.0,0.0,0.0,0.0,1.0,0.0,0.0,0.0,0.0,0.0,0.0,0.0,0.0,0.0,2,6.0,6.0,6.0,1.0,1.0,1.0,0.0
72eb961337993c4c089cb9135b86de90,-23.57654049111893,-46.662838807879865,SP,2,37.495000000000005,47.78,95.56,37.495000000000005,1.0,2,2,0.2743032404320575,146.686974682888,2.5,5.0,8.648287037037036,0.0,2.0,101,1.0,0.0,0.0,0.0,0.0,0.0,0.0,0.0,0.0,0.7999733297773036,0.0,0.0,0.0,0.0,0.0,0.2000266702226963,2,120.0,120.0,120.0,0.0,0.0,0.4100634499040874,0.5916728570916318
7305430719d715992b00be82af4a6aa8,-30.03707615145237,-51.14436271767108,RS,4,91.075,109.8275,439.31,91.075,1.0,3,4,0.2059017293439472,941.0004142016924,3.5,5.0,11.417543402777778,0.0,3.5035971223021583,17,0.7018733923653001,0.0,0.2981266076346998,0.0,0.0,0.6711501509744716,0.0,0.0,0.0,0.0,0.0,0.0,0.0,0.0,0.0,0.3288498490255284,4,133.33333333333334,134.0,400.0,0.3333333333333333,0.0,0.30074360892330704,0.7244692718050321
730e4b7ede33b484516435d39ab4dc49,-22.86029998014267,-43.48167807892037,RJ,2,169.99,206.985,413.97,169.99,1.0,2,1,0.2176304488499323,322.65937225434743,2.5,1.0,9.664276620370371,0.0,1.2929203539823009,453,0.5158103244196439,0.484189675580356,0.0,0.0,0.0,0.0,0.0,0.4705865050885346,0.0,0.0,0.0,0.0,0.5294134949114654,0.0,0.0,0.0,2,113.0,113.0,113.0,0.0,1.0,0.9386971385753758,0.044718350439557984
7311b47a208b4f5af09ccc62fafea9e2,-22.840436827626483,-43.0862182058148,RJ,2,199.78000000000003,228.145,456.29,133.18666666666667,1.5,3,2,0.1419811792972269,769.9826367448823,1.0,5.0,11.457106481481482,0.0,2.0,275,0.0,1.0,0.0,0.0,0.0,0.0,0.0,0.0,0.0,0.2875663229552507,0.0,0.2811342476724396,0.0,0.0,0.4312994293723095,0.0,2,70.0,70.0,70.0,0.0,0.0,0.4068261700684467,0.5962886481513068
732d307839b02bc2d3a4c26b515ea2b9,-23.39664877410698,-46.31432947581752,SP,3,40.63333333333333,51.89333333333334,155.68,40.63333333333333,1.0,2,3,0.2771123872026251,163.2681503136333,2.333333333333333,5.0,7.049317129629629,0.0,3.0,183,0.3532887975334018,0.0,0.6467112024665982,0.0,0.0,0.0,0.0,0.0,0.0,0.0,0.0,0.0,0.0,0.6726825266611977,0.0,0.3273174733388023,2,81.0,81.0,81.0,0.0,0.0,1.8305454545454547,0.41496194456065644
7330a3475a2c65878c2c9b95266bef04,-25.460856131543853,-49.294916185352896,PR,2,249.0,267.055,534.11,249.0,1.0,1,1,0.0725100401606425,414.54416437208505,10.0,2.0,22.764016203703704,1.0,2.0,180,1.0,0.0,0.0,0.0,0.0,1.0,0.0,0.0,0.0,0.0,0.0,0.0,0.0,0.0,0.0,0.0,2,3.0,3.0,3.0,1.0,1.0,1.482615970995631,0.27492051109546445
73601b1eec55943e90ce8d61253d5c09,-19.83967718284602,-43.98606138999561,MG,2,1004.99,1034.34,2068.68,1004.99,1.0,1,1,0.0292042706892605,507.7700593434252,1.0,4.5,7.681024305555556,0.0,2.0,305,0.0,1.0,0.0,0.0,0.0,0.0,0.0,0.0,0.0,0.0,0.0,0.0,0.0,0.0,0.0,1.0,2,36.0,36.0,36.0,1.0,1.0,1.0,0.0
7379b57a7a2b9aa2741a1c564138b99a,-23.534068404557548,-46.5565205870348,SP,2,89.985,103.995,207.99,59.99,1.5,1,1,0.1556926154359059,17.034286259684926,1.5,5.0,3.0438194444444444,0.0,2.0,270,1.0,0.0,0.0,0.0,0.0,0.0,0.0,0.0,0.0,0.0,0.0,0.0,0.0,1.0,0.0,0.0,2,77.0,77.0,77.0,1.0,1.0,2.0,0.4714045207910317
738ffcf1017b584e9d2684b36e07469c,-2.5627340134341803,-44.23387079430056,MA,4,149.475,194.795,779.1800000000001,119.58,1.25,2,4,0.3031945141327981,2217.822239506371,7.75,4.75,15.790413773148147,0.25,4.0,79,0.8398829538745861,0.0,0.1601170461254139,0.0,0.4030774376986118,0.0,0.0,0.0,0.0,0.0,0.0,0.0,0.0,0.5969225623013882,0.0,0.0,4,82.0,36.0,246.0,0.6666666666666666,0.0,0.7374298027948284,0.3774127322960698
7395a64f37a30f9827ca4d8292b484e8,-25.460856131543853,-49.294916185352896,PR,2,62.44500000000001,76.685,153.37,62.44500000000001,1.0,2,2,0.2280406757946993,346.502155484028,1.0,4.5,7.777835648148148,0.0,1.664009111617312,363,1.0,0.0,0.0,0.2801665465609736,0.0,0.0,0.0,0.0,0.0,0.0,0.0,0.0,0.0,0.0,0.0,0.7198334534390263,2,77.0,77.0,77.0,0.0,0.0,2.1242615603992667,0.5089029569496715
73a218a376e1c8e6a31799484fe514b8,-19.92412209537928,-43.99157294969074,MG,2,209.3,289.8,579.6,59.8,3.5,1,1,0.3846153846153846,566.6019858238348,5.5,3.0,6.014728009259259,0.0,2.0,136,1.0,0.0,0.0,0.0,0.0,0.0,0.0,0.0,1.0,0.0,0.0,0.0,0.0,0.0,0.0,0.0,2,18.0,18.0,18.0,1.0,1.0,0.16666666666666666,1.0101525445522106
73f97c6a5af65a71194cc2265ae82501,-22.963250905216125,-42.053281285551634,RJ,2,43.315,62.565000000000005,125.13,43.315,1.0,2,2,0.4444187925660857,941.3018941701978,5.0,4.5,10.353964120370373,0.0,2.0,97,1.0,0.0,0.0,0.0,0.0,0.2307514717765208,0.0,0.0,0.0,0.0,0.0,0.7692485282234792,0.0,0.0,0.0,0.0,2,110.0,110.0,110.0,0.0,0.0,2.5659732117412366,0.6210423979253702
73fa628b0fc190639f48da2667eb1381,-16.67456894903097,-49.2595588954174,GO,2,84.945,100.54,201.08,84.945,1.0,2,2,0.1835893813644122,808.6144851169092,8.0,5.0,13.274976851851852,0.0,1.7027972027972027,313,1.0,0.0,0.0,0.0,0.0,0.0,0.0,0.0,0.0,0.5291659308964625,0.0,0.0,0.0,0.0,0.0,0.4708340691035376,2,116.0,116.0,116.0,0.0,0.0,0.9282700421940928,0.052607506696592185
7441ce776af8da3b9df3d3f3c1e13ab1,-23.467902912956443,-46.68092498498231,SP,2,38.995000000000005,46.775,93.55,38.995000000000005,1.0,1,2,0.1995127580459033,24.310160351213185,2.5,4.5,9.566730324074074,0.0,1.7107728337236534,415,1.0,0.0,0.0,0.0,0.0,0.0,0.0,0.0,0.0,0.0,0.0,0.0,0.0,0.0,0.0,1.0,2,12.0,12.0,12.0,1.0,0.0,2.250521195274496,0.5440678365559346
7462a753a77ed093330660f7003064c7,-23.56445714425417,-46.59438007928753,SP,2,57.9,72.86,145.72,28.95,2.0,1,3,0.2583765112262521,8.49197433953244,1.0,5.0,2.926359953703704,0.0,2.0,21,1.0,0.0,0.0,0.0,0.0,0.0,1.0,0.0,0.0,0.0,0.0,0.0,0.0,0.0,0.0,0.0,2,2.0,2.0,2.0,1.0,0.0,2.4062646096306683,0.5838531973124169
74b8021516f25eb91f5b4e704a2cd671,-13.4688355351923,-39.24025989585533,BA,2,27.95,50.1,100.2,27.95,1.0,1,1,0.7924865831842576,1375.2984441148035,4.0,5.0,15.111944444444443,0.0,2.0,19,1.0,0.0,0.0,0.0,0.0,0.0,1.0,0.0,0.0,0.0,0.0,0.0,0.0,0.0,0.0,0.0,2,35.0,35.0,35.0,1.0,1.0,2.030852994555354,0.4810019781005496
74cb1ad7e6d5674325c1f99b5ea30d82,-23.646955349867547,-46.66664737940053,SP,5,66.9,90.234,451.17,66.9,1.0,5,5,0.3487892376681614,188.53614135679183,4.0,5.0,4.487601851851851,0.0,4.9358108108108105,153,1.0,0.0,0.0,0.0,0.0,0.0,0.0,0.0,0.0,0.0,0.0,0.0,0.1016442451420029,0.0,0.0,0.898355754857997,3,109.0,109.0,218.0,0.0,0.0,0.8901337188290567,0.6821274977329147
74fe4e106702770ef728399ce5da503a,-16.7155577032752,-49.2597025290048,GO,2,94.955,118.45,236.9,63.303333333333335,1.5,2,2,0.2474329945763782,793.9439435606088,1.0,3.0,21.267824074074078,0.5,2.0,92,0.5243984803714647,0.0,0.4756015196285353,0.0,0.0,0.0,0.0,0.0,0.0,0.0,0.0,0.0,0.0,0.0,0.0,1.0,2,110.0,110.0,110.0,0.0,0.0,1.6871597096188748,0.3616422862328498
752041fd42cbe3a4f4dea0d68a0a6edd,-23.19286379169931,-47.27483948167942,SP,2,43.48,54.44,108.88,43.48,1.0,1,1,0.2520699172033119,338.33411625450185,1.0,3.5,15.687685185185185,0.0,1.2952127659574468,523,0.0,0.5,0.5,1.0,0.0,0.0,0.0,0.0,0.0,0.0,0.0,0.0,0.0,0.0,0.0,0.0,2,41.0,41.0,41.0,1.0,1.0,1.0,0.0
7588c20c457369de8caad958afc1cc06,-8.748601763800176,-63.85575853936565,RO,3,57.93333333333334,88.61333333333334,265.84000000000003,43.45,1.3333333333333333,3,3,0.5295742232451093,2516.0671617899634,3.333333333333333,1.3333333333333333,26.434043209876545,0.0,1.8795025728987995,170,0.5294538068010833,0.4705461931989166,0.0,0.0,0.0,0.0,0.0,0.0,0.0,0.0,0.0,0.0,0.0,0.0,0.0,1.0,3,206.5,206.5,413.0,0.0,0.0,0.7490606763130546,0.4431373232219172
7589544c08cc5de364cad85ee73f4b63,-23.45382780256299,-46.64532877419808,SP,3,64.5,88.37666666666667,265.13,38.7,1.6666666666666667,2,4,0.3702325581395349,96.81114679744306,7.666666666666667,5.0,6.990327932098765,0.0,3.0,70,1.0,0.0,0.0,0.0,0.0,0.6604651162790698,0.0,0.0,0.0,0.3395348837209302,0.0,0.0,0.0,0.0,0.0,0.0,3,108.5,108.5,217.0,0.5,0.0,1.4654271665642287,0.23428758286705223
7599dea7f7520c8c37351721ad6870de,-26.22975375723053,-51.085322066217095,PR,2,119.495,156.34,312.68,119.495,1.0,2,2,0.308339261056948,538.3252009946608,7.0,5.0,17.71326388888889,0.0,1.6602272727272729,93,0.630772674939235,0.0,0.369227325060765,0.0,0.0,0.0,0.0,0.0,0.0,0.0,0.0,0.4142432737771455,0.0,0.0,0.0,0.5857567262228546,2,347.0,347.0,347.0,0.0,0.0,1.7083585967951493,0.3698809809737485
75a398e43d9757a4f7d6f622aeb22c47,-23.49188115637391,-46.35030865573543,SP,2,23.9,38.6,77.2,23.9,1.0,2,2,0.6150627615062763,717.8530970994512,1.0,5.0,11.266730324074077,0.0,2.0,349,0.6064766839378238,0.3935233160621761,0.0,0.0,0.0,0.0,0.0,0.0,0.6255230125523012,0.0,0.0,0.0,0.0,0.0,0.0,0.3744769874476987,2,10.0,10.0,10.0,0.0,0.0,1.5411454904542463,0.30116154100276793
75b45ab225bf88fdd7f432507030a4b8,-19.92590729197994,-43.92686256472545,MG,2,64.35,80.6,161.2,64.35,1.0,2,2,0.2525252525252525,482.9836162738243,4.0,5.0,13.51669560185185,0.0,1.3654205607476635,354,1.0,0.0,0.0,0.0,0.0,0.1934731934731934,0.0,0.0,0.0,0.0,0.0,0.0,0.0,0.0,0.0,0.8065268065268065,2,181.0,181.0,181.0,0.0,0.0,3.089294774226281,0.7225473262844175
75c7cb4037146f5c8e95ade4214396c5,-23.49064634604,-46.476650900297216,SP,2,326.95,366.655,733.31,326.95,1.0,2,2,0.1214405872457562,735.9103323565006,4.5,5.0,5.795208333333333,0.0,2.0,233,0.86363202465533,0.0,0.13636797534467,0.0,0.0,0.0839577917112708,0.0,0.0,0.0,0.0,0.0,0.0,0.0,0.0,0.0,0.9160422082887292,2,115.0,115.0,115.0,0.0,0.0,10.005703136725199,1.1572170679548563
75e750a6279d55f7137bb9e9bb8662cf,-25.429768377170927,-49.28576730543259,PR,2,53.45,69.4,138.8,53.45,1.0,2,2,0.2984097287184284,338.50721508501823,2.5,5.0,16.606221064814815,0.0,2.0,276,1.0,0.0,0.0,0.0,0.0,0.0,0.0,0.0,0.0,0.0,0.0,0.0,0.0,0.0,0.0,1.0,2,66.0,66.0,66.0,0.0,0.0,2.3047619047619046,0.5583494468158905
75eacb17f5ef482c37c7b7903f014ece,-28.46243157020469,-49.02703353568764,SC,2,149.45,172.065,344.13,149.45,1.0,2,2,0.1513215122114419,254.5236887985861,1.0,5.0,13.601452546296295,0.0,2.0,29,0.0,1.0,0.0,0.0,0.0,0.0,0.0,0.0,0.334225493476079,0.0,0.0,0.0,0.0,0.0,0.0,0.6657745065239211,2,77.0,77.0,77.0,0.0,0.0,1.855376700962496,0.4236517483074489
75ff587e87e047a7e00f75bbcab17c00,-22.963221623260868,-43.33175639084194,RJ,2,119.45,142.4,284.8,119.45,1.0,2,2,0.1921305985768104,351.4849966985987,3.0,5.0,21.60570023148148,0.0,1.2682291666666663,305,0.6490519662921348,0.0,0.3509480337078651,0.0,0.0,0.0,0.0,0.0,0.6655504395144412,0.0,0.0,0.0,0.0,0.0,0.0,0.3344495604855588,2,270.0,270.0,270.0,0.0,0.0,0.5407086827157155,0.4215826244574289
76a0491dd70c125840fa259f00dfc351,-9.878937658167418,-56.08448411960736,MT,3,77.60000000000001,99.32,297.96000000000004,77.60000000000001,1.0,2,2,0.2798969072164948,1548.3730271063605,1.3333333333333333,5.0,19.14065972222222,0.0,3.0,141,0.7344945630285944,0.2655054369714055,0.0,0.0,0.0,0.0,0.5541237113402061,0.0,0.0,0.0,0.0,0.0,0.4458762886597938,0.0,0.0,0.0,3,45.0,45.0,90.0,0.5,0.5,0.5296598821638993,0.4390055699705312
76c9a12722537319e44c31e70b7815c3,-22.59514442971677,-46.51392941682048,SP,2,35.845,49.79,99.58,35.845,1.0,2,2,0.3890361277723532,304.61761885525414,2.5,4.5,5.898993055555556,0.0,1.9073107049608355,91,1.0,0.0,0.0,0.0,0.0,0.0,0.4031245640954108,0.5968754359045892,0.0,0.0,0.0,0.0,0.0,0.0,0.0,0.0,2,292.0,292.0,292.0,0.0,0.0,0.7201589220936258,0.23006888642743667
76f7d40948174f5cde0fcf8e6147b59d,-23.44299910569209,-46.50632405318672,SP,2,163.9,186.8,373.6,81.95,2.0,2,2,0.1397193410616229,90.29594125665948,1.0,2.0,11.439739583333331,0.0,2.0,126,0.0,1.0,0.0,0.0,0.0,0.4569859670530811,0.0,0.0,0.0,0.0,0.0,0.0,0.0,0.0,0.0,0.5430140329469189,2,120.0,120.0,120.0,0.0,0.0,0.8199532346063912,0.13990720895425482
77001b080dd723bc9a22e538e5e06e41,-23.502322924333573,-46.8138337352002,SP,2,59.900000000000006,74.63,149.26,59.900000000000006,1.0,1,1,0.2459098497495826,335.8820835089707,1.0,5.0,6.679936342592592,0.0,2.0,146,1.0,0.0,0.0,0.0,0.0,0.0,1.0,0.0,0.0,0.0,0.0,0.0,0.0,0.0,0.0,0.0,2,55.0,55.0,55.0,1.0,1.0,1.1622482978415183,0.1061181287590692
771f344c1ac13d8ccdf2d14c48e2c6c3,-25.368315770222672,-49.18400502665359,PR,2,34.9,46.775,93.55,34.9,1.0,1,2,0.3402578796561604,166.56039536418308,1.0,5.0,6.770243055555556,0.0,1.2660311958405546,410,0.5926242650988776,0.4073757349011224,0.0,1.0,0.0,0.0,0.0,0.0,0.0,0.0,0.0,0.0,0.0,0.0,0.0,0.0,2,166.0,166.0,166.0,1.0,0.0,0.6874098124098125,0.26198098381534723
77479db0fa60ddc453f3743abc02be23,-22.901777467187745,-43.21894626018585,RJ,2,45.45,65.59,131.18,45.45,1.0,2,2,0.4431243124312431,470.383239078005,1.0,4.0,6.5529571759259255,0.0,1.2726480836236935,460,1.0,0.0,0.0,0.0,0.0,0.0,0.0,0.0,0.506050605060506,0.0,0.0,0.0,0.0,0.0,0.0,0.4939493949394939,2,114.0,114.0,114.0,0.0,0.0,0.8694598831409434,0.09875130531588316
77784ec016bfbcc51d2394d1632f0d3d,-23.541525205179425,-46.262147822153885,SP,2,71.73,85.255,170.51,71.73,1.0,2,2,0.1885543008504112,246.68137578272257,3.5,4.5,5.217337962962963,0.0,1.9173228346456692,39,1.0,0.0,0.0,0.0,0.0,0.0,0.6963613550815558,0.0,0.0,0.3036386449184441,0.0,0.0,0.0,0.0,0.0,0.0,2,341.0,341.0,341.0,0.0,0.0,1.787933289731851,0.3996888837649372
7779fdf670bfe673e064b9aa5447674e,-23.51582059891835,-46.141259356567886,SP,3,42.99666666666667,53.19,159.57,42.99666666666667,1.0,2,3,0.2370726412900224,63.18758187193381,2.0,4.666666666666667,1.735817901234568,0.0,2.351394849785408,396,1.0,0.0,0.0,0.0,0.0,0.0,0.0,0.0,0.0,0.0,0.0,0.0,0.0,0.7675013566943173,0.2324986433056826,0.0,2,71.0,71.0,71.0,0.0,0.0,2.1251468860164513,0.509159423189411
779f7ec7155dfd74a8425e40c4d34497,-23.362997226104135,-46.74100533023229,SP,2,172.5,181.84500000000003,363.69000000000005,172.5,1.0,1,2,0.0541739130434782,151.0991646668537,2.5,5.0,4.6769039351851855,0.0,2.0,75,0.3654760922763892,0.0,0.6345239077236107,0.0,1.0,0.0,0.0,0.0,0.0,0.0,0.0,0.0,0.0,0.0,0.0,0.0,2,36.0,36.0,36.0,1.0,0.0,2.4706555969081014,0.599258852586867
77c213e10acbd145d50fcb035d0e86d9,-20.77267926270853,-41.67506134797885,ES,2,186.5,239.975,479.95,93.25,2.0,1,1,0.2867292225201072,669.8498629552419,4.5,5.0,11.846944444444444,0.0,2.0,146,1.0,0.0,0.0,0.0,0.0,1.0,0.0,0.0,0.0,0.0,0.0,0.0,0.0,0.0,0.0,0.0,2,14.0,14.0,14.0,1.0,1.0,3.1843940714908454,0.7382669195803292
77e223f4a031fdeb1650e797bf4c692a,-22.824825943034902,-43.306082946728296,RJ,2,104.9,125.55,251.1,104.9,1.0,2,2,0.1968541468064823,454.6055963374504,1.0,2.0,18.904016203703705,0.0,1.5378947368421052,117,0.0,1.0,0.0,0.0,0.0,0.6668255481410867,0.0,0.0,0.0,0.0,0.0,0.0,0.0,0.0,0.0,0.3331744518589132,2,358.0,358.0,358.0,0.0,0.0,1.9843118611837414,0.46644829643862895
7823a8988612aff9a03896c51e2c5f7b,-23.54259969200152,-46.65445522299525,SP,2,109.4,122.555,245.11,109.4,1.0,2,2,0.1202468007312614,337.8822686819841,4.0,5.0,7.168778935185185,0.0,2.0,123,1.0,0.0,0.0,0.0,0.0,0.9136197440585008,0.0,0.0,0.0,0.0,0.0,0.0,0.0,0.0,0.0,0.086380255941499,2,108.0,108.0,108.0,0.0,0.0,6.811026131293818,1.0521065770418747
7828a4a1ee004bbe6665cbffbc4bf2d9,-23.28658218135728,-47.67114211477747,SP,2,142.5,154.55,309.1,142.5,1.0,2,2,0.0845614035087719,204.32318665914357,2.0,5.0,11.177962962962964,0.0,1.4580838323353291,202,0.317373018440634,0.6826269815593659,0.0,0.3017543859649123,0.0,0.0,0.0,0.0,0.0,0.0,0.0,0.0,0.0,0.0,0.0,0.6982456140350877,2,299.0,299.0,299.0,0.0,0.0,0.4649289099526066,0.5165471083530327
7849336c1b7785f258ffef06aedbd216,-22.71074144167641,-46.80141027614256,SP,3,179.16666666666666,207.52,622.56,76.78571428571429,2.333333333333333,3,3,0.1582511627906976,145.23628894514368,1.0,4.666666666666667,9.31911651234568,0.0,3.0,40,0.0,0.3058018504240555,0.6941981495759446,0.1469767441860465,0.0,0.0,0.7646511627906977,0.0,0.0,0.0,0.0,0.0,0.0,0.0,0.0,0.0883720930232558,3,153.5,153.5,307.0,0.0,0.0,4.649596557288865,0.9376164294516024
786165c8823a3fd635edab35df391d27,-17.843864366259115,-40.349299046688735,MG,2,89.19500000000001,108.705,217.41,89.19500000000001,1.0,2,2,0.2187342339817254,1075.2722992745412,1.5,4.0,18.003315972222225,0.0,2.0,188,0.7995032427211259,0.0,0.0,0.0,0.0,0.8402937384382533,0.0,0.0,0.0,0.0,0.0,0.1597062615617467,0.0,0.0,0.0,0.0,2,12.0,12.0,12.0,0.0,0.0,3.9876118375774254,0.8471230956618746
78a038d19f31c40c5dd68c112ca00ad1,-25.531893538377133,-49.264518384646095,PR,2,79.4,121.205,242.41000000000005,79.4,1.0,1,2,0.5265113350125943,395.7009363570939,3.5,1.0,8.680231481481481,0.0,2.0,81,1.0,0.0,0.0,0.0,0.0,0.0,0.0,0.0,0.0,1.0,0.0,0.0,0.0,0.0,0.0,0.0,2,2.0,2.0,2.0,1.0,0.0,0.23609198918974042,0.873987598610261
78b5cbc4b9ad61445b6609593addca37,-17.224249770525788,-46.87426005019532,MG,3,100.24666666666668,117.36333333333332,352.09,100.24666666666668,1.0,2,3,0.1707454944470306,593.3347715764239,6.0,5.0,11.998263888888888,0.0,2.883552631578948,234,1.0,0.0,0.0,0.0,0.0,0.5910420961627985,0.0,0.0,0.0,0.0,0.0,0.0,0.0,0.0,0.0,0.4089579038372015,3,73.0,73.0,146.0,0.5,0.0,1.2859528669511968,0.156953557130674
78c5bae602d6d120f6f4ed4acbd46284,-23.65255681805188,-46.53883155998619,SP,2,84.85000000000001,106.67,213.34,56.56666666666666,1.5,1,2,0.2571596935769004,497.21262437746856,3.0,5.0,4.947297453703704,0.0,2.0,166,1.0,0.0,0.0,0.0,0.0,0.0,0.0,0.0,0.0,0.0,0.0,0.0,0.0,0.0,0.0,1.0,2,72.0,72.0,72.0,1.0,0.0,0.3484609063902408,0.6833089622640792
78d79858662c99b94b69547d9f80e061,-23.522031464520428,-51.67810687798831,PR,2,124.85,156.56,313.12,124.85,1.0,1,1,0.2539847817380857,349.72200251026,1.5,5.0,13.008263888888887,0.0,2.0,15,0.4693408277976494,0.0,0.0,0.0,0.0,0.0,1.0,0.0,0.0,0.0,0.0,0.0,0.0,0.0,0.0,0.0,2,201.0,201.0,201.0,1.0,1.0,1.130647795318454,0.0867172342793926
78dc91ac9a6fece2e327f74e96cac0b0,-24.18242806106648,-46.802172256341215,SP,2,57.400000000000006,74.005,148.01,57.400000000000006,1.0,1,2,0.2892857142857142,367.2718144171452,6.5,4.0,5.618072916666667,0.0,2.0,63,1.0,0.0,0.0,0.0,0.0,1.0,0.0,0.0,0.0,0.0,0.0,0.0,0.0,0.0,0.0,0.0,2,5.0,5.0,5.0,1.0,0.0,2.070109935697988,0.49293478604707774
78e63ed7c16b6a93bfdcef66ad250a00,-23.98493570001955,-46.30290196145685,SP,2,59.45,94.055,188.11,59.45,1.0,2,2,0.5820857863751052,372.5919580695351,1.0,4.5,9.530648148148147,0.0,1.664009111617312,165,1.0,0.0,0.0,0.0,0.4962153069806559,0.0,0.0,0.0,0.5037846930193439,0.0,0.0,0.0,0.0,0.0,0.0,0.0,2,274.0,274.0,274.0,0.0,0.0,0.6974372856885039,0.2520790002996643
78fb70b5aa609b4b55c6ef3d0cb51faf,-23.60838419310232,-46.68559464820463,SP,2,23.4,31.815,63.63,23.4,1.0,2,2,0.3596153846153846,78.52735898748726,1.0,5.0,7.192685185185185,0.0,1.812655086848635,278,1.0,0.0,0.0,0.0,0.0,0.0,0.0,0.0,0.0,0.0,0.0,0.0,0.0,0.0,0.0,1.0,2,125.0,125.0,125.0,0.0,0.0,1.9985862393967955,0.4709600092202716
78fcceb499ec9008fcecbaad21efefc6,-20.496248953811907,-48.94556841140771,SP,2,95.9,111.135,222.27,95.9,1.0,2,2,0.1588633993743483,694.7645674502913,1.0,3.0,23.005648148148147,0.5,1.9796747967479675,351,0.0,1.0,0.0,0.0,0.0,0.2184567257559958,0.7815432742440042,0.0,0.0,0.0,0.0,0.0,0.0,0.0,0.0,0.0,2,18.0,18.0,18.0,0.0,0.0,2.715646940822467,0.6529929270992519
79444cb5bb16964eea4c5abb2d3aa023,-11.749421506366918,-44.90954370565572,BA,2,103.445,123.885,247.77,103.445,1.0,2,2,0.1975929237759195,1120.7395765604906,4.0,5.0,15.896440972222225,0.0,2.0,163,1.0,0.0,0.0,0.0,0.0,0.0,0.0,0.0,0.0,0.0,0.0,0.8647107158393349,0.0,0.0,0.0,0.135289284160665,2,38.0,38.0,38.0,0.0,0.0,0.2531357475217479,0.8428660320282316
795c1622cf7a53d63d324e862349d01c,-25.412531435099236,-49.35700174608957,PR,4,70.30000000000001,88.5575,354.23,70.30000000000001,1.0,4,4,0.2597083926031294,373.897110264332,6.25,4.0,6.382899305555555,0.0,4.0,16,1.0,0.0,0.0,0.0,0.0,0.0,0.319701280227596,0.0,0.0,0.1475817923186344,0.0,0.0,0.0,0.0,0.4263869132290185,0.106330014224751,3,107.0,107.0,214.0,0.0,0.0,0.9214622489181682,0.45287983216763567
796214f3f3b496b3b116986185984393,-22.93543433837591,-43.18746102675928,RJ,2,294.7,319.67,639.34,196.46666666666667,1.5,2,2,0.0847302341364099,251.94298227654568,5.5,4.5,7.537054398148149,0.0,1.6233333333333333,15,0.7736415678668627,0.2263584321331372,0.0,0.1974889718357652,0.0,0.0,0.0,0.0,0.0,0.0,0.0,0.0,0.0,0.0,0.0,0.8025110281642348,2,434.0,434.0,434.0,0.0,0.0,3.417772249861802,0.77397523301271
7993617f039446d209d529ac9cc03f1c,-13.826367694118238,-44.45536999761863,BA,2,46.9,66.435,132.87,46.9,1.0,2,2,0.4165245202558635,677.0351382113032,3.5,5.0,12.191226851851852,0.0,1.990463215258856,51,1.0,0.0,0.0,0.0,0.0,0.0,0.4680170575692964,0.0,0.0,0.0,0.0,0.0,0.0,0.0,0.0,0.5319829424307037,2,315.0,315.0,315.0,0.0,0.0,1.1893227879387052,0.12229482826572495
79abd55efd139ad036a57558aea211e4,-22.826843752719864,-43.32247664554793,RJ,2,76.275,88.805,177.61,76.275,1.0,2,2,0.1642740085217961,187.5343341275616,3.0,5.0,4.801435185185185,0.0,2.0,242,0.5972636675862845,0.4027363324137154,0.0,0.640117994100295,0.0,0.359882005899705,0.0,0.0,0.0,0.0,0.0,0.0,0.0,0.0,0.0,0.0,2,105.0,105.0,105.0,0.0,0.0,1.4830141199496714,0.275103195653344
79b9e9b310f3094c2cad708eb17508c2,-23.09619709124297,-47.18414662793635,SP,2,22.495,33.9,67.8,22.495,1.0,2,2,0.5070015559013115,109.01560045107291,1.5,4.5,11.493969907407408,0.0,1.3233695652173914,366,1.0,0.0,0.0,0.4443209602133807,0.0,0.0,0.0,0.0,0.0,0.0,0.0,0.0,0.0,0.0,0.0,0.5556790397866194,2,186.0,186.0,186.0,0.0,0.0,1.1906300484652665,0.12306578197641983
79c389f4fcc007dfbd1f317f29e85030,-22.95330812705241,-43.18981386849616,RJ,2,120.0,128.065,256.13,120.0,1.0,1,1,0.0672083333333333,19.58117212594477,1.0,5.0,5.971990740740741,0.0,2.0,122,1.0,0.0,0.0,0.0,0.0,0.0,1.0,0.0,0.0,0.0,0.0,0.0,0.0,0.0,0.0,0.0,2,106.0,106.0,106.0,1.0,1.0,0.9969593014189928,0.0021533724644730713
79fa3eb416c3933311c949121225649f,-26.91153727464585,-48.65665902341681,SC,2,26.49,41.59,83.18,26.49,1.0,1,1,0.5700264250660627,419.242446630998,2.5,4.0,9.398819444444444,0.0,2.0,270,1.0,0.0,0.0,0.0,0.0,0.0,0.0,0.0,0.0,0.0,0.0,0.0,0.0,0.0,0.0,1.0,2,15.0,15.0,15.0,1.0,1.0,0.9303782780227431,0.051005538436153935
79ff5d9ba6dc750760a809b0a84d3397,-22.37381608845041,-41.78109665526,RJ,2,117.06,156.39,312.78000000000003,117.06,1.0,1,2,0.3359815479241414,897.9845989432988,5.5,5.0,8.612800925925926,0.0,2.0,59,1.0,0.0,0.0,0.0,0.0,1.0,0.0,0.0,0.0,0.0,0.0,0.0,0.0,0.0,0.0,0.0,2,115.0,115.0,115.0,1.0,0.0,1.7815028901734105,0.3973434614148845
7a114c4d600e1eb56f331eba875d38a6,-21.208310512673343,-50.440240195666846,SP,2,120.0,133.69,267.38,120.0,1.0,1,1,0.1140833333333333,274.92041505894895,1.0,5.0,7.397071759259259,0.0,2.0,158,0.0,1.0,0.0,0.0,0.0,0.0,1.0,0.0,0.0,0.0,0.0,0.0,0.0,0.0,0.0,0.0,2,64.0,64.0,64.0,1.0,1.0,1.007658807628773,0.005394935423818278
7a1de9bde89aedca8c5fbad489c5571c,-23.553616714461256,-46.64053575583769,SP,2,172.85,233.5,467.0,115.23333333333332,1.5,2,3,0.3508822678623083,284.8171785683127,3.5,3.0,10.308200231481482,0.0,1.9532085561497328,274,1.0,0.0,0.0,0.0,0.0,0.0,0.0,0.0,0.0,0.1640150419438819,0.0,0.0,0.0,0.0,0.0,0.835984958056118,2,100.0,100.0,100.0,0.0,0.0,2.6641820321694785,0.6423012774718061
7a311d62282fa63be12b02aef2fd21d1,-23.60604766081825,-46.63115700831141,SP,3,78.0,86.91000000000001,260.73,78.0,1.0,2,3,0.1142307692307692,28.354907294914977,3.0,3.6666666666666665,2.7821875000000005,0.0,2.331382978723404,215,1.0,0.0,0.0,0.1538461538461538,0.0,0.0,0.0,0.0,0.0,0.0,0.0,0.8461538461538461,0.0,0.0,0.0,0.0,3,127.0,127.0,254.0,0.5,0.0,0.4232819074333801,0.41502396115130463
7a350426024a624cef97f797c408db97,-20.07815590678413,-44.57615252137308,MG,2,97.45,128.435,256.87,64.96666666666667,1.5,2,2,0.3179579271421242,371.5808552917674,1.0,2.5,10.471961805555557,0.0,2.0,122,0.0,1.0,0.0,0.0,0.0,0.0,0.0,0.6977937403796819,0.0,0.3022062596203181,0.0,0.0,0.0,0.0,0.0,0.0,2,112.0,112.0,112.0,0.0,0.0,2.0525252525252524,0.4876275751134232
7a380cb5434e6b6b5b37d45bb99dbe8a,-23.6948780915807,-46.56773338303779,SP,2,206.395,238.09,476.18,103.1975,2.0,2,4,0.1535647665883379,200.2352277125169,1.0,5.0,3.330734953703703,0.0,2.0,83,0.0,1.0,0.0,0.0,0.0,0.6901572228009399,0.0,0.0,0.0,0.3098427771990601,0.0,0.0,0.0,0.0,0.0,0.0,2,26.0,26.0,26.0,1.0,0.0,0.9224837498486012,0.057022345326480345
7a40da3af7a607c7275b9b8f71d730c7,-23.65952668928648,-46.751855651625,SP,2,154.945,169.29500000000002,338.59000000000003,154.945,1.0,2,2,0.0926135080189744,199.45951042028335,2.5,4.5,8.075804398148149,0.0,2.0,128,1.0,0.0,0.0,0.0,0.0,0.0,0.8389751202039434,0.0,0.0,0.0,0.0,0.0,0.0,0.0,0.0,0.1610248797960566,2,160.0,160.0,160.0,0.0,0.0,0.20366157127621756,0.9356389146377536
7a774055fedca2666e77244c5e50368f,-23.575767903393547,-46.73302398423986,SP,2,40.45,52.545,105.09,26.96666666666667,1.5,2,2,0.2990111248454882,16.6073612734899,2.5,4.5,3.309571759259259,0.0,2.0,24,1.0,0.0,0.0,0.0,0.0,0.0,0.0,0.0,0.0,0.3831891223733003,0.0,0.0,0.0,0.0,0.0,0.6168108776266996,2,41.0,41.0,41.0,0.0,0.0,0.8273343766301513,0.13362965719254766
7ab8841bae70453e6b6fd543de86b90e,-22.0705598308572,-46.573545435867445,MG,2,189.98,222.035,444.07,189.98,1.0,1,1,0.168728287188125,385.72659248855126,3.5,5.0,8.364305555555557,0.0,2.0,122,1.0,0.0,0.0,0.0,0.0,0.0,0.0,0.0,0.0,0.0,0.0,0.0,0.0,0.0,0.0,1.0,2,115.0,115.0,115.0,1.0,1.0,1.04048155125672,0.028056886266820482
7ac70e85ee5c115fca1147ee0f59616e,-25.075760068742085,-50.15912733474948,PR,2,164.0,183.795,367.59,164.0,1.0,2,2,0.1207012195121951,419.8719338404191,4.5,3.0,8.124236111111111,0.0,2.0,44,1.0,0.0,0.0,0.0,0.8780487804878049,0.0,0.0,0.0,0.0,0.0,0.0,0.1219512195121951,0.0,0.0,0.0,0.0,2,16.0,16.0,16.0,0.0,0.0,5.181099714141584,0.9566206977449606
7ad04c71bfca958e6f2ec44bce34e2da,-23.54453780029932,-46.4294857169995,SP,2,172.5,181.87,363.74,172.5,1.0,1,1,0.0543188405797101,95.32204517908193,7.0,5.0,5.550607638888889,0.5,2.0,13,1.0,0.0,0.0,0.0,0.0,0.0,0.0,0.0,0.0,0.0,0.0,0.0,0.0,0.0,0.0,1.0,2,14.0,14.0,14.0,1.0,1.0,1.0,0.0
7afc250f9d980ea3ee0ce3b0245f1b04,-22.963250905216125,-42.053281285551634,RJ,2,51.86,68.285,136.57,51.86,1.0,2,2,0.3167180871577323,619.174493445136,4.5,3.0,19.96717592592593,0.0,1.6019736842105263,281,0.6558541407336896,0.0,0.3441458592663103,0.0,0.0,0.0,0.0,0.3075588121866563,0.0,0.0,0.0,0.0,0.0,0.0,0.0,0.6924411878133435,2,175.0,175.0,175.0,0.0,0.0,0.5247292620296975,0.44082207915517796
7b05e0471103ce0ef346e87c357273fe,-22.926206743196037,-43.62960440413414,RJ,2,54.9,75.03,150.06,54.9,1.0,2,2,0.3666666666666666,581.0422820091059,1.0,2.0,35.03907407407407,0.5,2.0,37,0.5145275223244036,0.4854724776755963,0.0,0.0,0.0,0.0,0.0,0.5,0.0,0.0,0.0,0.0,0.0,0.0,0.0,0.5,2,199.0,199.0,199.0,0.0,0.0,1.0598490048043925,0.041090038197698874
7b51437497e9c9b82a08ddb62dfb7b88,-23.94535599527194,-46.29013736965869,SP,2,34.245,42.9,85.8,34.245,1.0,1,1,0.2527376259307928,14.858774675306927,1.5,5.0,8.569039351851853,0.5,2.0,90,1.0,0.0,0.0,1.0,0.0,0.0,0.0,0.0,0.0,0.0,0.0,0.0,0.0,0.0,0.0,0.0,2,17.0,17.0,17.0,1.0,1.0,2.8372093023255816,0.6771083116816636
7b53ce3d0ba1f84b0ebcef52fffb110d,-20.093926334935965,-42.43928530281281,MG,2,98.0,113.44,226.88,98.0,1.0,1,1,0.1575510204081632,518.4306589912323,1.0,5.0,15.663113425925925,0.0,2.0,265,0.0,1.0,0.0,0.0,0.0,0.0,1.0,0.0,0.0,0.0,0.0,0.0,0.0,0.0,0.0,0.0,2,49.0,49.0,49.0,1.0,1.0,1.0,0.0
7b662d846265cb0ed144db95fe0c74dc,-23.56499097196996,-46.54280943927636,SP,2,137.49,158.52,317.04,137.49,1.0,1,1,0.1529565786602662,1009.6698592879015,2.0,4.0,7.867540509259259,0.0,1.478744939271255,216,1.0,0.0,0.0,0.0,0.0,0.0,0.0,0.0,0.0,0.0,1.0,0.0,0.0,0.0,0.0,0.0,2,278.0,278.0,278.0,1.0,1.0,0.983607583056998,0.011686978089255347
7b6d07dac0a2c373d749142e920ae356,-23.672940652802428,-46.48962850368023,SP,2,13.65,21.235,42.47,13.65,1.0,1,1,0.5556776556776557,21.35605633285228,1.0,5.0,4.109646990740741,0.0,2.0,146,0.0,1.0,0.0,0.0,0.0,0.0,0.0,0.0,0.0,0.0,0.0,0.0,0.0,0.0,0.0,1.0,2,132.0,132.0,132.0,1.0,1.0,0.9818012132524498,0.012986656212043982
7bada66424f46ce9a766b94974849e09,-22.417670059707213,-42.9767878303727,RJ,2,122.45,138.905,277.81,122.45,1.0,1,2,0.1343813801551653,645.8972869414407,2.0,5.0,12.60777199074074,0.0,2.0,307,1.0,0.0,0.0,0.0,0.0,0.0,0.0,0.0,1.0,0.0,0.0,0.0,0.0,0.0,0.0,0.0,2,21.0,21.0,21.0,1.0,0.0,0.31030091500801815,0.7443952673619297
7bf1c59401206e31a78523077f3a1144,-23.62181663352333,-46.77347639858559,SP,2,104.4,115.51,231.02,104.4,1.0,1,2,0.1064176245210727,312.0352151913879,3.0,5.0,8.093501157407406,0.0,1.849367088607595,318,1.0,0.0,0.0,0.0,0.0,0.0,0.0,1.0,0.0,0.0,0.0,0.0,0.0,0.0,0.0,0.0,2,77.0,77.0,77.0,1.0,0.0,0.9510176505362723,0.03550531842162561
7bf5c9596fc39d41078cb46a86b23831,-22.984817993766544,-43.22223598829403,RJ,2,127.945,145.005,290.01,127.945,1.0,2,2,0.1333385439055844,517.7060375484679,6.0,5.0,10.311892361111113,0.0,2.0,242,1.0,0.0,0.0,0.2223220915237016,0.0,0.0,0.0,0.0,0.0,0.0,0.0,0.0,0.0,0.0,0.0,0.7776779084762985,2,28.0,28.0,28.0,0.0,0.0,2.926482534524777,0.6938672728184121
7c396fd4830fd04220f754e42b4e5bff,-23.577481556010525,-46.58707692203625,SP,2,32.69,41.41,82.82,32.69,1.0,2,2,0.2667482410523096,14.997583433531542,1.0,4.5,4.882766203703703,0.0,2.0,335,0.7513885534894953,0.0,0.2486114465105046,0.0,0.0,0.0,0.0,0.0,0.0,0.4587029672682777,0.0,0.0,0.0,0.0,0.5412970327317222,0.0,2,28.0,28.0,28.0,0.0,0.0,0.8775787803219225,0.09220904656863935
7c438259d88d8eefb977be5432d761c1,-20.140470851009184,-44.88368549165238,MG,2,144.45,171.16,342.32,144.45,1.0,2,2,0.18490827275874,461.32646705324674,4.5,4.5,11.19039351851852,0.0,2.0,64,1.0,0.0,0.0,0.0,0.0,0.518864659051575,0.0,0.0,0.0,0.0,0.0,0.0,0.4811353409484251,0.0,0.0,0.0,2,237.0,237.0,237.0,0.0,0.0,0.9693936255896906,0.021978313133398156
7c4b40bb2b820e20b226a5a615e357aa,-14.47011262610958,-48.45692355474839,GO,2,37.45,60.1,120.2,24.96666666666667,1.5,2,1,0.6048064085447262,905.8903698779231,1.0,5.0,20.48777199074074,0.0,2.0,277,0.0,1.0,0.0,0.0,0.0,0.0,0.0,0.0,0.0,0.0,0.0,0.0,0.0,0.0,0.0,1.0,2,34.0,34.0,34.0,1.0,1.0,0.41745283018867924,0.5812158900268793
7c5198d8a67f7da5930f067766cb468f,-21.26362043909193,-48.49505431143003,SP,2,124.95,151.5,303.0,124.95,1.0,1,2,0.212484993997599,471.7695903291892,9.5,5.0,9.669270833333334,0.0,2.0,20,1.0,0.0,0.0,0.0,0.0,0.0,0.0,0.0,1.0,0.0,0.0,0.0,0.0,0.0,0.0,0.0,2,206.0,206.0,206.0,1.0,0.0,0.470873786407767,0.5087434927348757
7c588c097689b0b77fd73d171332b0ba,-23.55473317458524,-46.64961654900895,SP,2,59.945,75.375,150.75,59.945,1.0,2,2,0.2574026190674785,244.97291312962443,3.5,4.0,2.7783506944444443,0.0,2.0,12,1.0,0.0,0.0,0.0,0.0,0.8249228459421136,0.0,0.0,0.1750771540578863,0.0,0.0,0.0,0.0,0.0,0.0,0.0,2,32.0,32.0,32.0,0.0,0.0,0.23212096444626074,0.8813622831505956
7c5cd64106c9160122fd28b026cec28b,-23.61054564124701,-46.70745152507378,SP,2,57.95,71.68,143.36,57.95,1.0,1,2,0.2369283865401208,299.7677148656966,6.5,5.0,7.65568287037037,0.0,2.0,18,1.0,0.0,0.0,0.0,0.0,1.0,0.0,0.0,0.0,0.0,0.0,0.0,0.0,0.0,0.0,0.0,2,284.0,284.0,284.0,1.0,0.0,0.970313358988455,0.0213079052366483
7c67f115342d01560cd438fad6346a3c,-22.420432414050104,-50.58021068084823,SP,2,94.9,111.995,223.99,94.9,1.0,1,1,0.1801369863013698,325.2997359088497,3.0,5.0,11.19449074074074,0.0,1.4156976744186045,461,1.0,0.0,0.0,0.0,0.0,0.0,0.0,0.0,1.0,0.0,0.0,0.0,0.0,0.0,0.0,0.0,2,55.0,55.0,55.0,1.0,1.0,0.918543897216274,0.060043622385678556
7c763d069eb3926fc65593030d5c99a3,-19.966328436070835,-43.93942770536868,MG,2,44.95,66.6,133.2,29.96666666666667,1.5,3,3,0.4816462736373748,422.92387071149216,4.0,3.0,9.209346064814817,0.0,1.830827067669173,296,1.0,0.0,0.0,0.0,0.0,0.3882091212458287,0.0,0.0,0.0,0.4671857619577307,0.0,0.0,0.0,0.0,0.0,0.1446051167964404,2,103.0,103.0,103.0,0.0,0.0,1.4901850813236117,0.2783834805211903
7cb9a6b438fe0a5f228bfd32ff9e1a11,-19.913964198659727,-43.97610621974729,MG,2,79.85000000000001,94.865,189.73,79.85000000000001,1.0,2,2,0.1880400751408891,417.6084857455097,1.5,2.0,19.58038773148148,0.5,2.0,175,0.1319243134981289,0.8680756865018711,0.0,0.0613650594865372,0.0,0.0,0.9386349405134626,0.0,0.0,0.0,0.0,0.0,0.0,0.0,0.0,0.0,2,53.0,53.0,53.0,0.0,0.0,0.15197328476017002,1.0410752556614673
7cbf84875196ee1d04dc880ebbfaa7ef,-23.201636282926152,-45.89725908465388,SP,2,158.895,188.21,376.42,105.93,1.5,2,2,0.1844929041190723,819.9863433263744,1.0,3.0,21.62021412037037,0.5,1.6415730337078651,116,0.0,1.0,0.0,0.3775763869221812,0.0,0.0,0.0,0.0,0.6224236130778187,0.0,0.0,0.0,0.0,0.0,0.0,0.0,2,329.0,329.0,329.0,0.0,0.0,0.736094456230975,0.21497609064074305
7cc23ec3506e4e1e67d0702da04a734c,-21.42387141390245,-41.69230376211722,RJ,2,110.9,124.455,248.91,110.9,1.0,2,2,0.1222272317403065,371.7169961460541,2.5,4.0,13.324282407407408,0.0,1.3940839694656488,424,1.0,0.0,0.0,0.0,0.0,0.0,0.0,0.0,0.0987376014427412,0.0,0.0,0.0,0.0,0.0,0.0,0.9012623985572588,2,100.0,100.0,100.0,0.0,0.0,0.1746024255580199,0.9937732280530234
7cf08f01ab6a6a1365e1613989a65158,-30.090092677814035,-51.7315943466871,RS,2,78.45,96.94,193.88,78.45,1.0,2,2,0.235691523263225,833.3460137819189,5.0,5.0,8.709091435185185,0.0,1.281578947368421,117,1.0,0.0,0.0,0.0,0.0,0.7456978967495219,0.0,0.0,0.0,0.0,0.0,0.0,0.0,0.0,0.0,0.254302103250478,2,453.0,453.0,453.0,0.0,0.0,2.3960413382378696,0.5813535223908379
7d0983269f825d3112e5a64364b1258a,2.8114178020858267,-60.67775373372402,RR,2,297.95,381.625,763.25,198.63333333333333,1.5,1,2,0.280835710689713,3242.985233676694,1.0,4.0,15.159033564814814,0.0,2.0,48,0.0,1.0,0.0,0.0,0.0,0.0,1.0,0.0,0.0,0.0,0.0,0.0,0.0,0.0,0.0,0.0,2,41.0,41.0,41.0,1.0,0.0,1.4989359263988475,0.2823609626859298
7d0b1773dc928e29e86a230ca9557d08,-23.530459546225323,-46.781793922586125,SP,2,172.95,191.01,382.02,172.95,1.0,2,2,0.1044232437120555,749.8551448789049,1.0,5.0,14.677326388888888,0.5,2.0,132,0.0,1.0,0.0,0.3180109858340561,0.0,0.0,0.0,0.0,0.0,0.0,0.0,0.0,0.0,0.0,0.0,0.6819890141659439,2,145.0,145.0,145.0,0.0,0.0,0.47869169730985095,0.49857673048638407
7d3d94b4740895a17760e976797f9f0e,-15.45341689175446,-47.599222726005365,GO,3,52.5,70.60666666666667,211.82,52.5,1.0,2,2,0.3448888888888889,947.9651643286604,1.0,5.0,10.83227237654321,0.0,2.301995798319328,133,0.618496836937022,0.381503163062978,0.0,0.0,0.0,0.0,0.0,0.3803174603174603,0.0,0.0,0.0,0.0,0.0,0.0,0.0,0.6196825396825396,3,171.5,171.5,343.0,0.5,0.5,0.9925751763395618,0.2429756359144153
7d87ba0bd6466390cf5d4c9735236086,-23.41092322318505,-46.88475076883385,SP,2,61.745,70.72999999999999,141.45999999999998,61.745,1.0,1,2,0.1455178556968175,82.63467398048141,1.0,4.0,5.288628472222222,0.0,2.0,23,1.0,0.0,0.0,0.0,0.0,0.0,0.0,0.0,0.0,0.0,0.0,0.0,0.0,0.0,0.0,1.0,2,77.0,77.0,77.0,1.0,0.0,1.117030829093086,0.07817863747884642
7da3054afe371affc14d26cc2cc04358,-23.554825507613568,-46.51217696454012,SP,2,34.445,42.5,85.0,34.445,1.0,2,2,0.2338510669182755,19.19949591868837,1.0,3.5,4.522123842592593,0.0,2.0,127,0.3103529411764705,0.6896470588235294,0.0,0.0,0.0,0.0,0.0,0.0,0.0,0.0,0.0,0.0,0.0,0.0,0.0,1.0,2,145.0,145.0,145.0,0.0,0.0,0.45001705902422384,0.5364028853048068
7db92cbb797de39eebe3bc986be820f8,-23.54848444660893,-46.51421750008082,SP,2,359.5,374.39,748.78,359.5,1.0,1,2,0.0414186369958275,236.2913055217935,6.0,2.5,6.775486111111111,0.0,2.0,117,1.0,0.0,0.0,0.0,1.0,0.0,0.0,0.0,0.0,0.0,0.0,0.0,0.0,0.0,0.0,0.0,2,4.0,4.0,4.0,1.0,0.0,1.201517111607668,0.12945083678123342
7e094f060802ff5e25bef767446968d3,-23.51038065910661,-47.45951951656534,SP,2,56.400000000000006,64.57499999999999,129.14999999999998,56.400000000000006,1.0,2,2,0.1449468085106383,90.3545326278275,2.0,1.0,13.8525,0.5,2.0,91,0.2770421989934186,0.0,0.7229578010065816,0.0,0.0,0.2384751773049645,0.0,0.0,0.0,0.7615248226950354,0.0,0.0,0.0,0.0,0.0,0.0,2,41.0,41.0,41.0,0.0,0.0,2.6095584125209617,0.6306198920407785
7e1681f9bb31800364869a2cdbe289db,-22.93159194284868,-43.17638047538383,RJ,3,143.96333333333334,177.48000000000002,532.44,71.98166666666667,2.0,2,3,0.2328139109495473,724.189290364874,1.0,1.0,24.271948302469134,0.6666666666666666,3.0,201,0.0,1.0,0.0,0.0,0.0,0.4535645650512862,0.0,0.0,0.5464354349487138,0.0,0.0,0.0,0.0,0.0,0.0,0.0,2,84.0,84.0,84.0,0.0,0.0,1.2973765964791164,0.1830583703680297
7e4bebe20140a71b34263a659ba1ce11,-23.688097726271145,-46.655106181548405,SP,2,27.195,34.97,69.94,27.195,1.0,2,2,0.2858981430410002,87.14532546562765,1.0,2.5,11.121006944444444,0.5,2.0,54,0.4636831569917072,0.5363168430082929,0.0,0.0,0.0,0.0,0.0,0.0,0.0,0.0,0.0,0.0,0.0,0.0,0.0,1.0,2,230.0,230.0,230.0,0.0,0.0,0.8645694481471607,0.1027195438498044
7e7301841ddb4064c2f3a31e4c154932,-22.843162279390683,-43.01263452887991,RJ,2,123.9,140.74,281.48,123.9,1.0,2,2,0.1359160613397901,553.5640427432107,1.0,4.0,12.10822337962963,0.0,1.2952127659574468,50,1.0,0.0,0.0,0.0,0.5968523002421308,0.0,0.0,0.0,0.4031476997578692,0.0,0.0,0.0,0.0,0.0,0.0,0.0,2,514.0,514.0,514.0,0.0,0.0,1.3967983651226157,0.23412800911818327
7e75aeef30d7e9d4ac860fcc8eaa8812,-23.89527766059332,-46.42389287246176,SP,2,31.045,43.315,86.63,31.045,1.0,2,2,0.3952327266870671,367.601351040047,4.0,5.0,8.81171875,0.0,1.830827067669173,397,1.0,0.0,0.0,0.0,0.0,0.0,0.0,0.0,0.7906265099049766,0.0,0.0,0.2093734900950233,0.0,0.0,0.0,0.0,2,2.0,2.0,2.0,0.0,0.0,2.4861167002012072,0.6028732178048991
7ebb3bb52aff91c642c9e4d81d4cbc95,-23.013945234739644,-43.46302017493874,RJ,2,14.89,31.315,62.63,14.89,1.0,1,1,1.1030893216924107,931.6415517175162,2.0,5.0,9.543559027777778,0.0,2.0,114,1.0,0.0,0.0,0.0,0.0,0.0,0.0,0.0,0.0,0.0,0.0,0.0,0.0,0.0,0.0,1.0,2,80.0,80.0,80.0,1.0,1.0,1.0413950456323338,0.02867717107159237
7ec0077665fe9020e7dfdb05b2be0162,-23.498464641240208,-46.58173796266588,SP,2,96.495,109.635,219.27,96.495,1.0,1,2,0.1361728586973418,236.3930746666847,5.5,5.0,8.277216435185185,0.0,2.0,295,1.0,0.0,0.0,1.0,0.0,0.0,0.0,0.0,0.0,0.0,0.0,0.0,0.0,0.0,0.0,0.0,2,14.0,14.0,14.0,1.0,0.0,0.8356634575136039,0.12660652268611242
7ed57df0e6ae22a4f9e0250d52608ad5,-19.511489379980475,-40.63230294440165,ES,2,162.55,182.56,365.12,162.55,1.0,1,1,0.1231005844355582,784.9824097314076,3.0,3.5,10.713020833333331,0.0,1.7860635696821514,389,1.0,0.0,0.0,0.0,0.0,0.0,0.0,0.0,0.0,0.0,0.0,0.0,0.0,0.0,0.0,1.0,2,20.0,20.0,20.0,1.0,1.0,1.1063805238260067,0.0714233624292284
7ee9e6c80bf1b7ec4a52639eab6c128c,-22.88178766930885,-47.05156338178288,SP,2,175.0,186.835,373.67,175.0,1.0,2,2,0.0676285714285714,139.6263101957778,1.5,3.0,11.20054976851852,0.0,1.320976491862568,491,0.6455160970910161,0.3544839029089838,0.0,0.0,0.6542857142857142,0.0,0.3457142857142857,0.0,0.0,0.0,0.0,0.0,0.0,0.0,0.0,0.0,2,62.0,62.0,62.0,0.0,0.0,0.5491480452717549,0.4115816760994302
7f3e8656011a9b8d6c12df5991ca69ff,-22.85103395951318,-43.269866666791366,RJ,2,41.5,56.895,113.79,41.5,1.0,1,1,0.3709638554216867,367.1590968044568,3.5,5.0,5.208790509259259,0.0,2.0,39,1.0,0.0,0.0,0.0,1.0,0.0,0.0,0.0,0.0,0.0,0.0,0.0,0.0,0.0,0.0,0.0,2,23.0,23.0,23.0,1.0,1.0,1.1320966835300732,0.08761934805106183
7f50c43baa66aae590aa1a067427cce5,-19.947044090696064,-43.92850618699165,MG,3,39.63,57.01333333333333,171.04,39.63,1.0,2,3,0.4386407603667255,944.0983779318505,1.0,5.0,9.72346450617284,0.0,2.9938524590163933,130,0.0,1.0,0.0,0.5466397510303642,0.0,0.0,0.4533602489696358,0.0,0.0,0.0,0.0,0.0,0.0,0.0,0.0,0.0,3,118.0,118.0,236.0,0.5,0.0,1.954222222222222,0.47365350291474595
7fb211f99a01b4971fd1e07e3a256458,-1.4561712016239543,-48.47230786991328,PA,2,225.36,248.275,496.55,225.36,1.0,2,2,0.1016817536386226,2415.929199488629,1.0,3.0,23.89971064814815,0.5,2.0,41,1.0,0.0,0.0,0.3366169684061058,0.0,0.0,0.0,0.0,0.0,0.0,0.0,0.0,0.0,0.0,0.0,0.6633830315938942,2,267.0,267.0,267.0,0.0,0.0,0.544527045942331,0.41704418877916083
801512ead4c9cbc98ecd208f45c975ec,-22.90637918832142,-43.2881435301119,RJ,2,321.995,339.175,678.35,321.995,1.0,2,2,0.053354865758785,444.86611225316665,4.5,5.0,9.349056712962962,0.0,2.0,18,1.0,0.0,0.0,0.0,0.9611950496125716,0.0,0.0,0.0388049503874283,0.0,0.0,0.0,0.0,0.0,0.0,0.0,0.0,2,193.0,193.0,193.0,0.0,0.0,0.06311120862587763,1.246305019123255
801b53359d2880a9bff63574103fb74c,-23.680225560083763,-46.67945033820653,SP,2,94.95,113.72,227.44,47.475,2.0,2,2,0.1976829910479199,163.70449973780256,1.0,4.0,5.623900462962963,0.0,2.0,118,1.0,0.0,0.0,0.631911532385466,0.0,0.0,0.0,0.0,0.0,0.0,0.368088467614534,0.0,0.0,0.0,0.0,0.0,2,11.0,11.0,11.0,0.0,0.0,0.5997749173524654,0.3538021091234132
80282a1a77281692a0339c2a08d0e6af,-30.15143471178145,-51.21744889923313,RS,2,37.35,63.2,126.4,24.899999999999995,1.5,2,2,0.6921017402945115,856.3250204191148,1.0,1.0,32.15148148148148,0.5,2.0,39,0.2689873417721519,0.7310126582278481,0.0,0.0,0.0,0.0,0.0,0.0,0.0,0.0,0.0,0.0,0.0,0.0,0.0,1.0,2,186.0,186.0,186.0,0.0,0.0,2.7176470588235295,0.6534024686913668
803b4fc75d3fe8c5dbed83f50b3fbd8c,-22.92356079323662,-43.26588926064144,RJ,2,122.4,133.84,267.68,122.4,1.0,2,2,0.0934640522875816,174.93076994565698,3.5,4.5,10.46513888888889,0.5,2.0,16,1.0,0.0,0.0,0.5959967320261438,0.0,0.0,0.0,0.0,0.0,0.0,0.0,0.0,0.0,0.0,0.0,0.4040032679738562,2,312.0,312.0,312.0,0.0,0.0,1.3617434268572437,0.21661220882134224
803c530613f5c4ee03502be0d6894de0,-23.25110298418001,-45.899329771613104,SP,3,133.88,162.07666666666668,486.23,44.626666666666665,3.0,3,3,0.2106114928791953,88.51146493695896,1.0,2.0,5.7283738425925925,0.0,3.0,157,0.2806079427431462,0.5210497089854595,0.1983423482713942,0.0,0.0,0.0,0.0,0.0,0.2614281446071108,0.0,0.0,0.0,0.0,0.0,0.0,0.7385718553928892,3,50.5,50.5,101.0,0.0,0.0,0.5195973949082296,0.49663660133593973
805e5a317f4b3e1afccb9dfd71287a36,-22.90365989654492,-43.10725580140319,RJ,2,86.995,98.06,196.12,86.995,1.0,2,2,0.1271912178860854,188.80884108431275,3.5,3.0,21.98543981481481,0.5,2.0,86,0.7751376708137875,0.0,0.2248623291862125,0.1724237025116386,0.0,0.0,0.0,0.0,0.0,0.0,0.0,0.0,0.0,0.0,0.0,0.8275762974883614,2,179.0,179.0,179.0,0.0,0.0,3.4471655328798185,0.7782068511692046
805f4b6e9ce80113e9e5cfbefa9577e3,-23.262925285993965,-51.146171627978326,PR,2,23.49,41.72,83.44,23.49,1.0,1,1,0.776074925500213,290.95710104504724,2.0,4.0,12.555677083333332,0.0,2.0,120,1.0,0.0,0.0,0.0,0.0,1.0,0.0,0.0,0.0,0.0,0.0,0.0,0.0,0.0,0.0,0.0,2,36.0,36.0,36.0,1.0,1.0,1.0745897563401292,0.050846604591554226
80636347f037db2d8e3cbe3b7a34c120,-21.73272382086992,-46.972418436093285,SP,2,36.5,52.135,104.27,36.5,1.0,1,2,0.4283561643835616,377.34903746407633,4.0,5.0,7.865520833333333,0.0,2.0,47,1.0,0.0,0.0,1.0,0.0,0.0,0.0,0.0,0.0,0.0,0.0,0.0,0.0,0.0,0.0,0.0,2,21.0,21.0,21.0,1.0,0.0,0.5255303584491589,0.43984795077931776
80e00a7b9ead7590bf05116f0237c896,-23.591210208350223,-46.60576820647901,SP,2,117.95,144.31,288.62,117.95,1.0,2,2,0.2234845273420941,286.7083224185073,7.5,2.5,9.749114583333334,0.0,1.90234375,212,1.0,0.0,0.0,0.0,0.0,0.0,0.0,0.0,0.194616362865621,0.0,0.0,0.0,0.0,0.0,0.0,0.805383637134379,2,172.0,172.0,172.0,0.0,0.0,0.2584808581145897,0.8332796009187462
81098a634d4eab46ab9fbd0df37e52bd,-23.546300367524424,-46.609487068503576,SP,2,152.89,164.695,329.39,152.89,1.0,2,2,0.077212374910066,153.86556079841333,4.0,5.0,8.061226851851853,0.0,2.0,15,1.0,0.0,0.0,0.0,0.4775001635162535,0.0,0.0,0.0,0.0,0.0,0.0,0.0,0.0,0.0,0.0,0.5224998364837465,2,209.0,209.0,209.0,0.0,0.0,0.9410135533294048,0.042977254195193146
8149101234b839e311a6f8c525206632,-1.3932867187288391,-48.46754524740114,PA,2,54.495000000000005,73.68,147.36,54.495000000000005,1.0,2,2,0.3520506468483346,2478.908668915164,4.5,1.5,31.839091435185185,0.5,2.0,82,1.0,0.0,0.0,0.0,0.0,0.0,0.0,0.5504174694926139,0.0,0.0,0.0,0.0,0.0,0.0,0.0,0.4495825305073859,2,93.0,93.0,93.0,0.0,0.0,1.165784832451499,0.10825413262465046
815a99cb9852a1011da9bb7f2070b93e,-22.920074605766672,-43.2161979192438,RJ,2,84.74000000000001,106.125,212.25,84.74000000000001,1.0,2,2,0.2523601604909133,622.2024936415768,7.5,5.0,10.594461805555556,0.0,2.0,100,1.0,0.0,0.0,0.0,0.0,0.0,0.0,0.0,0.206455038942648,0.0,0.0,0.0,0.0,0.0,0.0,0.7935449610573518,2,103.0,103.0,103.0,0.0,0.0,3.237372729087642,0.7467180868558433
816092f5825c3e2cdfdd4af546d4d04c,-23.40120815366754,-51.894249413490485,PR,2,63.9,91.63,183.26,31.95,2.0,2,2,0.4339593114241001,266.8675442716104,3.5,4.5,5.841006944444445,0.0,1.9325396825396823,67,0.3619993451926225,0.0,0.6380006548073776,0.0,0.0,0.0,0.0,0.0,0.6103286384976526,0.0,0.0,0.0,0.0,0.0,0.0,0.3896713615023474,2,310.0,310.0,310.0,0.0,0.0,1.7624359360868254,0.3903247952899222
8170c6e6d010d22195bcd959f5de1ea5,-23.579020263052296,-46.82540907260934,SP,2,66.76,83.16,166.32,66.76,1.0,1,1,0.2456560814859196,21.59599425871672,1.0,5.0,5.613304398148148,0.0,2.0,146,1.0,0.0,0.0,0.0,0.0,0.0,1.0,0.0,0.0,0.0,0.0,0.0,0.0,0.0,0.0,0.0,2,5.0,5.0,5.0,1.0,1.0,1.0,0.0
8194a6cea93c5c653e7956f0b962b5f7,-23.62004776971976,-46.64032620032096,SP,2,225.75,262.385,524.77,225.75,1.0,2,2,0.162281284606866,50.56098431204742,1.0,4.5,4.639733796296296,0.0,2.0,190,0.0,1.0,0.0,0.0,0.0,0.2812846068660022,0.0,0.0,0.0,0.0,0.0,0.0,0.7187153931339978,0.0,0.0,0.0,2,33.0,33.0,33.0,0.0,0.0,2.7728808685024084,0.6645405079283906
819c65629034acc8a0e1c096c2c6715d,-22.651862411735703,-43.06551619664904,RJ,2,164.9,197.645,395.29,109.93333333333334,1.5,2,2,0.1985748938750758,444.41725660613946,7.5,5.0,7.97337962962963,0.0,2.0,34,1.0,0.0,0.0,0.0,0.0,0.60582171012735,0.0,0.0,0.0,0.3941782898726501,0.0,0.0,0.0,0.0,0.0,0.0,2,59.0,59.0,59.0,0.0,0.0,1.6620647855074415,0.3517198394011965
81ede855f58f99b76014d66d161e7a23,-23.539015599563275,-46.71577229109952,SP,2,179.0,194.0,388.0,179.0,1.0,1,1,0.0837988826815642,363.0924180190841,9.0,5.0,7.81546875,0.0,2.0,254,1.0,0.0,0.0,0.0,0.0,0.0,1.0,0.0,0.0,0.0,0.0,0.0,0.0,0.0,0.0,0.0,2,4.0,4.0,4.0,1.0,1.0,1.0,0.0
820e78bf5449cb1bafbc56095ceb77a7,-21.781583334004537,-50.791479716080566,SP,2,126.75,139.715,279.43,126.75,1.0,1,1,0.1022879684418145,507.3379148450731,1.0,5.0,8.70574074074074,0.0,1.9073107049608355,45,0.3390831335218122,0.0,0.6609168664781877,0.0,0.0,0.0,0.0,0.0,0.0,0.0,0.0,0.0,0.0,0.0,0.0,1.0,2,338.0,338.0,338.0,1.0,1.0,0.43798888431453276,0.5527189748658543
821e4e781313d2eb18711efe7a50d66a,-22.86901822247032,-42.32324744306861,RJ,2,109.85,136.625,273.25,73.23333333333333,1.5,2,2,0.2437414656349567,766.0369561538764,3.0,3.5,9.681649305555556,0.0,2.0,340,1.0,0.0,0.0,0.0,0.0,0.3181611288120164,0.0,0.0,0.6818388711879836,0.0,0.0,0.0,0.0,0.0,0.0,0.0,2,16.0,16.0,16.0,1.0,1.0,0.4999725531097327,0.47143902432411783
821e75291b1ad362e614c0ea79fc95a6,-23.496491622956366,-46.34159826531347,SP,3,160.0,179.14666666666668,537.44,160.0,1.0,1,1,0.1196666666666666,463.6737969747634,3.0,5.0,11.197986111111112,0.0,3.0,42,1.0,0.0,0.0,1.0,0.0,0.0,0.0,0.0,0.0,0.0,0.0,0.0,0.0,0.0,0.0,0.0,3,45.0,45.0,90.0,1.0,1.0,1.0012290502793295,0.000709011569040546
82532fe90a30190fdc4622143d41dc15,-23.197719771612928,-49.38303338934831,SP,2,123.995,139.03,278.06,123.995,1.0,2,2,0.1212548893100528,206.085889430745,1.0,5.0,6.666793981481481,0.0,1.7992610837438423,77,1.0,0.0,0.0,0.0,0.7984192911004475,0.2015807088995524,0.0,0.0,0.0,0.0,0.0,0.0,0.0,0.0,0.0,0.0,2,329.0,329.0,329.0,0.0,0.0,0.29849631082469413,0.7640191373792934
827b19392982299876c0aca1f92208c2,,,ES,2,114.9,132.95,265.9,114.9,1.0,1,1,0.1570931244560487,,8.0,5.0,52.18427662037037,1.0,2.0,221,1.0,0.0,0.0,0.0,0.0,1.0,0.0,0.0,0.0,0.0,0.0,0.0,0.0,0.0,0.0,0.0,2,20.0,20.0,20.0,1.0,1.0,1.0,0.0
82809cee3c35eb89b4dd4d2d1a22eedf,-22.93763668231932,-47.06109818534648,SP,2,34.49,43.86,87.72,34.49,1.0,2,2,0.271672948680777,152.48782641307633,1.0,3.0,7.64558449074074,0.0,1.277097902097902,225,1.0,0.0,0.0,0.3477819657871846,0.0,0.0,0.6522180342128153,0.0,0.0,0.0,0.0,0.0,0.0,0.0,0.0,0.0,2,347.0,347.0,347.0,0.0,0.0,0.567828418230563,0.3898276782738423
82c173abf4679049bd8628bfe89a9f2c,-22.861518113115217,-43.0739047885757,RJ,2,93.99,109.41,218.82,93.99,1.0,1,1,0.1640600063836578,353.5604241563227,1.0,4.0,8.67693287037037,0.0,1.8875968992248064,362,0.0,1.0,0.0,0.0,0.0,0.0,0.0,0.0,0.0,0.0,0.0,0.0,0.0,0.0,0.0,1.0,2,25.0,25.0,25.0,1.0,1.0,1.0,0.0
82cb8c783b1700af07ae77355cc81c70,-22.741773666728527,-43.54282007786915,RJ,2,52.400000000000006,67.515,135.03,52.400000000000006,1.0,2,2,0.2884541984732824,331.6691468714235,6.0,3.0,9.850925925925926,0.0,1.6233333333333333,434,1.0,0.0,0.0,0.1421755725190839,0.0,0.857824427480916,0.0,0.0,0.0,0.0,0.0,0.0,0.0,0.0,0.0,0.0,2,16.0,16.0,16.0,0.0,0.0,0.25282983856002966,0.8434171530615815
82fb46292a999e7db9e2391c407f76e4,-20.344895855883795,-40.28806851720872,ES,2,55.44,71.67,143.34,55.44,1.0,1,1,0.2927489177489177,835.7681856227828,1.0,5.0,10.696342592592591,0.0,1.525052192066806,458,1.0,0.0,0.0,0.0,0.0,0.0,0.0,0.0,0.0,0.0,0.0,0.0,0.0,1.0,0.0,0.0,2,22.0,22.0,22.0,1.0,1.0,2.3334883720930235,0.5657248895386723
8322ac348d132588470c5e8cc56b2bb8,-22.665674401855373,-50.41515556574495,SP,2,143.465,183.895,367.79,143.465,1.0,2,1,0.2818108946432928,424.018702310416,11.5,5.0,19.99492476851852,0.0,2.0,165,1.0,0.0,0.0,0.0,0.0,0.0,0.0,0.0,0.4877147736381695,0.0,0.0,0.0,0.0,0.0,0.0,0.5122852263618304,2,24.0,24.0,24.0,0.0,1.0,0.956225732673794,0.03164571526776301
8329519e31cb1b89bd44c3c6ae417ad6,-22.73616949014794,-45.58599746725424,SP,2,55.945,67.08,134.16,55.945,1.0,2,2,0.1990347662883189,133.22758405567282,2.5,5.0,8.188113425925925,0.0,1.0541125541125542,510,1.0,0.0,0.0,0.0,0.0,0.0,0.0,0.0,0.0,0.0,0.0,0.0,0.0,0.0,0.0,1.0,2,183.0,183.0,183.0,0.0,0.0,4.868766404199475,0.9322677955894195
83424549593093baf504ac260d4615e7,-23.556198484506027,-46.523011730149214,SP,2,110.9,127.44,254.88,110.9,1.0,1,1,0.1491433724075744,456.7700157536223,1.5,4.0,8.366059027777776,0.0,1.5314465408805031,471,1.0,0.0,0.0,0.0,0.0,0.0,0.0,0.0,0.0,0.0,0.0,0.0,0.0,0.0,0.0,1.0,2,6.0,6.0,6.0,1.0,1.0,1.0,0.0
83476105a4e9a12fcddd09081dc6cefe,-23.201636282926152,-45.89725908465388,SP,2,99.8,141.78,283.56,49.9,2.0,1,1,0.4206412825651302,447.7537463437072,2.0,1.5,7.546296296296296,0.0,2.0,52,1.0,0.0,0.0,0.0,0.0,0.0,0.0,0.0,0.0,0.0,0.0,0.0,1.0,0.0,0.0,0.0,2,14.0,14.0,14.0,1.0,1.0,1.0,0.0
83915016a26b0ca42e3caf1070664d1f,-22.93712115027024,-45.47284279609507,SP,2,18.895,34.405,68.81,18.895,1.0,2,2,0.8208520772691188,386.23122944153033,1.5,5.0,9.938333333333333,0.0,2.0,25,1.0,0.0,0.0,0.0,0.0,0.0,0.0,0.0,0.0,0.4974861074358296,0.0,0.0,0.0,0.0,0.0,0.5025138925641703,2,99.0,99.0,99.0,0.0,0.0,0.8487372380440623,0.11571025077983611
83935d750c83951d7d0211a3c60e78fd,-22.924376097012143,-43.63554885010946,RJ,2,109.945,126.22,252.44,109.945,1.0,2,2,0.1480285597344126,308.70756509672043,2.5,5.0,8.038541666666667,0.0,1.6090308370044053,414,1.0,0.0,0.0,0.0,0.0,0.0,0.0,0.0,0.0,0.0,0.4547273636818409,0.0,0.0,0.0,0.5452726363181591,0.0,2,40.0,40.0,40.0,0.0,0.0,1.1865742745777392,0.12067089262207446
839a04051a2c347397fd425d01fc3eb2,-25.53132638357793,-54.55593281304113,PR,2,424.75,472.975,945.95,169.9,2.5,1,1,0.1135373749264272,1204.5660349517602,2.0,5.0,14.808136574074071,0.0,2.0,24,1.0,0.0,0.0,0.0,0.0,0.0,0.0,1.0,0.0,0.0,0.0,0.0,0.0,0.0,0.0,0.0,2,3.0,3.0,3.0,1.0,1.0,1.5000000000000002,0.28284271247461906
84514f009b40220330a5e42b102437bd,-22.877937075648354,-43.52979828857644,RJ,2,128.82,147.515,295.03000000000003,128.82,1.0,1,2,0.1451249805930756,441.54701027875694,3.0,5.0,14.872048611111111,0.5,1.7476076555023925,321,1.0,0.0,0.0,0.0,0.0,1.0,0.0,0.0,0.0,0.0,0.0,0.0,0.0,0.0,0.0,0.0,2,96.0,96.0,96.0,1.0,0.0,0.29814757777093326,0.7646042956110646
84720447172b234e7504da52ee639435,-25.49015681921223,-49.302231850654096,PR,2,119.495,136.57999999999998,273.16,119.495,1.0,2,2,0.1429766935855056,444.5589818343323,1.0,4.5,6.90380787037037,0.0,1.5155601659751037,228,1.0,0.0,0.0,0.0,0.0,0.0,0.0,0.4142432737771455,0.0,0.0,0.5857567262228546,0.0,0.0,0.0,0.0,0.0,2,254.0,254.0,254.0,0.0,0.0,1.356046230809039,0.21371626832172122
8492c2c6148ac3449374058371dc78c6,-22.944042724835725,-43.33469978066582,RJ,2,15.489999999999998,33.72,67.44,15.489999999999998,1.0,1,1,1.176888315041963,336.09715922403893,1.0,4.5,14.45900462962963,0.0,2.0,96,1.0,0.0,0.0,1.0,0.0,0.0,0.0,0.0,0.0,0.0,0.0,0.0,0.0,0.0,0.0,0.0,2,45.0,45.0,45.0,1.0,1.0,0.9423963133640553,0.04193990398496723
84fa4ef93ec67a77a0329933dbf190cf,-23.94135663548678,-47.07142688485967,SP,2,67.495,83.16499999999999,166.32999999999998,67.495,1.0,2,2,0.2321653455811541,284.21566082971304,1.5,4.0,8.422986111111111,0.0,2.0,103,1.0,0.0,0.0,0.0,0.0,0.0,0.0,0.703755833765464,0.0,0.0,0.0,0.0,0.0,0.0,0.0,0.2962441662345358,2,43.0,43.0,43.0,0.0,0.0,0.46481726111845006,0.5166942715409907
8505734f21396405b5477c75a45734fe,-23.54816166111306,-46.29621539486716,SP,2,59.8,77.89,155.78,29.9,2.0,1,1,0.3025083612040133,168.2434655843822,1.0,5.0,4.428952546296296,0.0,2.0,269,1.0,0.0,0.0,1.0,0.0,0.0,0.0,0.0,0.0,0.0,0.0,0.0,0.0,0.0,0.0,0.0,2,32.0,32.0,32.0,1.0,1.0,2.73125748502994,0.6561776626545597
85189d642c11e7090cb2f72fed68ea42,-15.81769623492175,-47.893570889052526,DF,2,65.56,110.86,221.72,21.85333333333333,3.0,1,1,0.6909701037217815,596.151460905237,1.5,1.0,28.21618055555556,1.0,2.0,186,1.0,0.0,0.0,0.0,0.0,0.0,0.0,1.0,0.0,0.0,0.0,0.0,0.0,0.0,0.0,0.0,2,6.0,6.0,6.0,1.0,1.0,0.43675479523068955,0.5544084558969393
851eefea71a07755f017e75fae31f2fd,-23.302362454949854,-45.971899999280666,SP,2,31.945,39.725,79.45,31.945,1.0,2,2,0.2435435905462513,71.68120810164362,1.0,3.5,2.7049768518518515,0.0,1.9376657824933683,299,0.6001258653241032,0.0,0.3998741346758968,0.3754891219283142,0.0,0.0,0.0,0.0,0.0,0.0,0.0,0.0,0.0,0.0,0.0,0.6245108780716857,2,78.0,78.0,78.0,0.0,0.0,1.5007869058860561,0.2831987133713775
853254c35b5ee150b4da2b3698d73f9e,-22.950688247378903,-43.02741618500306,RJ,2,58.9,75.5,151.0,58.9,1.0,1,1,0.2818336162988116,379.1790197116302,1.0,5.0,6.681192129629629,0.0,2.0,10,0.0,1.0,0.0,0.0,0.0,0.0,0.0,0.0,0.0,1.0,0.0,0.0,0.0,0.0,0.0,0.0,2,16.0,16.0,16.0,1.0,1.0,1.0,0.0
857104e1bfb81cb14e88ff07d1b22c70,-22.738795482977803,-43.43955985188852,RJ,2,159.45,180.10500000000002,360.21000000000004,159.45,1.0,2,2,0.1295390404515522,591.7184833417336,4.0,5.0,14.072644675925924,0.0,1.3628731343283582,274,1.0,0.0,0.0,0.0,0.4672311069300721,0.0,0.5327688930699279,0.0,0.0,0.0,0.0,0.0,0.0,0.0,0.0,0.0,2,262.0,262.0,262.0,0.0,0.0,0.8990404892450442,0.07518444718204596
8597b390850fe72e108d53f42ca64846,-22.71779339843528,-43.563609271701615,RJ,2,165.995,215.985,431.97,165.995,1.0,2,2,0.3011536492063013,359.1239649822798,1.0,4.0,17.305769675925927,0.0,1.554255319148936,437,1.0,0.0,0.0,0.0,0.0,0.0,0.0,0.0,0.0,0.4277237266182716,0.0,0.0,0.0,0.0,0.0,0.5722762733817284,2,32.0,32.0,32.0,0.0,0.0,1.0490963426782411,0.03388455302581551
85b33fdcff5e20584ac9ec8e3c559ea3,-5.920969279114426,-35.21239830006071,RN,2,82.445,117.58,235.16,82.445,1.0,1,2,0.4261628964764389,2313.8159962303857,1.0,4.5,19.06199074074074,0.0,1.7392857142857143,357,0.0,1.0,0.0,0.0,0.0,0.0,0.0,0.0,0.0,0.0,0.0,0.0,0.0,0.0,0.0,1.0,2,63.0,63.0,63.0,1.0,0.0,1.1530855154733566,0.10055133000033233
85ed7212fe192ab02ab44c95ba87868e,-25.645639643690256,-49.30200486254128,PR,2,71.83500000000001,87.215,174.43,71.83500000000001,1.0,2,2,0.2141017609800236,376.6607194312047,5.5,3.5,12.765827546296295,0.0,2.0,276,1.0,0.0,0.0,0.0,0.0,0.0,0.0,0.0,0.0,0.0,0.0,0.0,0.0,0.0,0.0,1.0,2,75.0,75.0,75.0,0.0,0.0,0.19833745534487496,0.9460791182326233
860f75391be5698f015d3b234e7576d6,-23.5959684637098,-46.63446751833339,SP,2,97.41,123.105,246.21,97.41,1.0,2,2,0.2637819525716046,119.7845725969638,1.0,5.0,10.720324074074076,0.0,2.0,75,0.0,0.1876040778197473,0.0,0.0,0.0,0.0,0.1714403038702392,0.0,0.0,0.8285596961297608,0.0,0.0,0.0,0.0,0.0,0.0,2,89.0,89.0,89.0,0.0,0.0,4.330374539943711,0.8835890999547266
8614ac51282d77ed22393201f26ca405,-23.561452064197866,-46.64722094715725,SP,2,116.035,134.88,269.76,116.035,1.0,1,2,0.1624078941698625,339.3873468703416,2.5,3.0,5.64546875,0.0,2.0,34,1.0,0.0,0.0,0.0,0.0,0.0,1.0,0.0,0.0,0.0,0.0,0.0,0.0,0.0,0.0,0.0,2,179.0,179.0,179.0,1.0,0.0,3.008320950965825,0.7085746778260215
861e2a5848de1a3e8fa544236a8369f9,-23.50860570130579,-46.47919850871931,SP,2,179.5,195.01,390.02,179.5,1.0,1,2,0.0864066852367688,393.3250593755863,10.0,5.0,10.125717592592594,0.0,1.9274406332453824,261,1.0,0.0,0.0,1.0,0.0,0.0,0.0,0.0,0.0,0.0,0.0,0.0,0.0,0.0,0.0,0.0,2,118.0,118.0,118.0,1.0,0.0,2.2643120187479076,0.5477439637251417
862b2c6ccf4352c087cd60cdac498b48,-2.9980408121147666,-47.35759839475474,PA,2,38.915,76.595,153.19,38.915,1.0,2,2,0.9168701015032764,2083.253715116445,3.0,5.0,16.558287037037037,0.0,2.0,32,1.0,0.0,0.0,0.0,0.0,0.0,0.5515867917255557,0.0,0.0,0.0,0.0,0.0,0.0,0.0,0.0,0.4484132082744443,2,203.0,203.0,203.0,0.0,0.0,1.097056810403833,0.06545318987678862
862bcdd9344546914b93a16397a78791,-21.775254905130176,-43.35403410757552,MG,2,364.5,381.8,763.5999999999999,364.5,1.0,1,1,0.0474622770919067,371.6435825060072,1.0,4.5,15.654363425925926,0.0,1.821695760598504,264,0.0,1.0,0.0,0.0,0.0,0.0,0.0,0.0,0.0,0.0,0.0,0.0,0.0,0.0,0.0,1.0,2,137.0,137.0,137.0,1.0,1.0,1.0240146314310705,0.016779432785621065
8689b3e15d4b16cfd05ecf597a523453,-19.545908134395084,-42.64340834205976,MG,3,61.5,86.45666666666666,259.37,36.9,1.6666666666666667,1,1,0.4057994579945799,628.3412453281577,1.0,4.666666666666667,16.235185185185184,0.0,2.1031669865642995,233,0.0,1.0,0.0,0.0,0.0,1.0,0.0,0.0,0.0,0.0,0.0,0.0,0.0,0.0,0.0,0.0,3,144.0,144.0,288.0,1.0,1.0,0.5073566717402334,0.34116180110752053
869be6f00b4c49e72f9a1e2033baa9f0,-18.99637183987271,-40.384525902411184,ES,2,64.45,86.75999999999999,173.51999999999998,64.45,1.0,2,2,0.3461598138091543,1230.0247204971415,1.0,5.0,8.030972222222221,0.0,1.3757062146892656,466,0.4949285384970032,0.5050714615029969,0.0,0.0,0.0,0.0,0.4577191621411947,0.0,0.0,0.0,0.0,0.0,0.0,0.0,0.0,0.5422808378588053,2,65.0,65.0,65.0,0.0,0.0,1.0204937121564974,0.014344259277182197
86b3fe2ecd895fa35d303e2a49b3130b,-22.36345535341693,-41.79614795182637,RJ,2,161.8,227.765,455.53,64.72,2.5,2,2,0.4076946847960445,823.0614197376404,2.0,4.0,12.09953125,0.0,2.0,85,1.0,0.0,0.0,0.0,0.0,0.9134734239802224,0.0,0.0,0.0,0.0865265760197774,0.0,0.0,0.0,0.0,0.0,0.0,2,56.0,56.0,56.0,0.0,0.0,0.12587740978744438,1.0979845687539624
86b59358310b208f822e416e59c96672,-22.41200835684436,-42.96640295173409,RJ,2,104.95,122.68,245.36,104.95,1.0,1,2,0.1689375893282515,548.8161520131803,9.0,5.0,18.279195601851853,0.0,1.877892030848329,264,1.0,0.0,0.0,0.0,0.0,0.0,0.0,0.0,0.0,0.0,0.0,0.0,0.0,1.0,0.0,0.0,2,125.0,125.0,125.0,1.0,0.0,1.8480557167730702,0.421105489350254
86bfc49565a9ca52fcbf861fcc1e67a4,-22.90365989654492,-43.10725580140319,RJ,2,62.465,119.875,239.75,17.84714285714286,3.5,2,2,0.91907468182182,692.8241969939196,2.5,3.0,8.921967592592592,0.0,2.0,82,1.0,0.0,0.0,0.0,0.0,0.0,0.4001440806851837,0.0,0.0,0.0,0.0,0.0,0.5998559193148163,0.0,0.0,0.0,2,158.0,158.0,158.0,0.0,0.0,0.4482904433973662,0.5387283614245455
86df00dc5fd68f4dd5d5945ca19f3ed6,-30.00408465659845,-51.19659672324055,RS,3,733.3333333333334,800.16,2400.48,183.33333333333331,4.0,1,2,0.0911272727272727,799.8456282762945,10.0,5.0,12.060104166666669,0.0,2.42960088691796,324,1.0,0.0,0.0,0.0,0.0,0.0,0.0,1.0,0.0,0.0,0.0,0.0,0.0,0.0,0.0,0.0,3,63.5,63.5,127.0,1.0,0.5,0.8905389775618784,0.069790071239084
8746f1ba2e19bcf8bc03a946a0923d78,-25.34907132236428,-49.30198608860868,PR,2,153.48000000000002,212.565,425.13,153.48000000000002,1.0,2,2,0.384968725566849,432.976267028989,5.5,5.0,15.945995370370367,0.0,2.0,274,1.0,0.0,0.0,0.0,0.0,0.0,0.0,0.0,0.0,0.0,0.0,0.0,0.0,0.0,0.0,1.0,2,43.0,43.0,43.0,0.0,0.0,0.6760496747486694,0.27334210340412873
87603dde65ee7120467ddda1a883bb24,-16.685014792398103,-49.24618229213962,GO,2,43.445,59.43,118.86,43.445,1.0,2,2,0.3679364714006214,819.4484891754448,2.0,5.0,14.226516203703705,0.0,2.0,344,1.0,0.0,0.0,0.3095868339279549,0.0,0.0,0.6904131660720452,0.0,0.0,0.0,0.0,0.0,0.0,0.0,0.0,0.0,2,7.0,7.0,7.0,0.0,0.0,1.7205310139620051,0.37455361722619085
876c5f7ffcad19a82c0da218ecf56ba3,-15.657032787993906,-56.14229177516031,MT,2,134.945,157.435,314.87,134.945,1.0,2,2,0.1666604913112749,1274.5135802450818,1.5,5.0,18.53504050925926,0.0,2.0,107,1.0,0.0,0.0,0.0,0.0,0.0,0.0,0.0,0.3701508021786654,0.0,0.0,0.0,0.0,0.0,0.0,0.6298491978213346,2,88.0,88.0,88.0,0.0,0.0,1.517952818872451,0.2909093036329449
878d1683076172a5b7ffc7126ba99acd,-18.855637841177103,-41.94658432329099,MG,2,63.650000000000006,78.59,157.18,63.650000000000006,1.0,2,2,0.2347211311861743,554.5422906770026,2.0,5.0,17.591157407407408,0.0,1.726950354609929,89,1.0,0.0,0.0,0.0,0.0,0.2152395915161036,0.0,0.0,0.0,0.0,0.0,0.0,0.0,0.0,0.0,0.7847604084838963,2,334.0,334.0,334.0,0.0,0.0,2.698352941176471,0.6494333562291005
87914dda99d76004bfd05778028fa7e8,-21.97507988364947,-47.89580195756214,SP,2,269.995,285.77,571.54,269.995,1.0,2,2,0.0584270079075538,365.5944071270002,1.0,4.5,12.560457175925926,0.0,2.0,229,1.0,0.0,0.0,0.0,0.0,0.0,0.0,0.0,0.0,0.0,0.0,0.0,0.0,0.240726680123706,0.0,0.759273319876294,2,45.0,45.0,45.0,0.0,0.0,2.9240645382766903,0.6934233976964624
879ee1f90476a2fad74aec4f9c9961b3,-22.898312902928343,-47.0518372220162,SP,2,232.455,250.075,500.15,232.455,1.0,1,2,0.0757996171301972,463.557515898404,1.0,3.0,28.285306712962964,1.0,2.0,174,0.0,1.0,0.0,0.0,0.0,0.0,0.0,1.0,0.0,0.0,0.0,0.0,0.0,0.0,0.0,0.0,2,7.0,7.0,7.0,1.0,0.0,0.9715006504000946,0.020443395093386912
87a7c3090f96d9da963125a0d7f8193a,-23.533639377709846,-46.79778661634883,SP,2,94.445,125.23,250.46,94.445,1.0,2,2,0.3259569061358462,36.815300922520926,5.5,4.0,15.774467592592591,0.0,1.281578947368421,447,1.0,0.0,0.0,0.0629996294139446,0.0,0.0,0.0,0.0,0.9370003705860552,0.0,0.0,0.0,0.0,0.0,0.0,0.0,2,123.0,123.0,123.0,0.0,0.0,0.08527602045237889,1.1919687096420999
87ae4c644c15d9c6b6f826dfec33b340,-22.519300191217628,-44.13617081651372,RJ,2,72.44500000000001,90.015,180.03,72.44500000000001,1.0,2,2,0.2425288149630754,456.6128062955372,3.0,5.0,10.234108796296296,0.0,1.90234375,293,1.0,0.0,0.0,0.0,0.0,0.7930153909862654,0.0,0.0,0.2069846090137345,0.0,0.0,0.0,0.0,0.0,0.0,0.0,2,91.0,91.0,91.0,0.0,0.0,2.992681304058549,0.7058106347787735
87b3f231705783eb2217e25851c0a45d,-21.768045324575485,-43.35344357933376,MG,2,215.65,261.56,523.12,215.65,1.0,2,2,0.2128912589844655,230.92820608966872,8.0,3.5,9.62542824074074,0.0,1.052593659942363,121,1.0,0.0,0.0,0.5562253651750522,0.0,0.0,0.0,0.0,0.4437746348249478,0.0,0.0,0.0,0.0,0.0,0.0,0.0,2,573.0,573.0,573.0,0.0,0.0,1.0382622248197937,0.02654759363531095
87c907fa30dd1bd3709c84b912b50c7f,-19.927260748646614,-43.94485660070069,MG,2,152.24,164.97,329.94,152.24,1.0,2,2,0.0836179716237519,248.13967248373365,1.0,4.5,9.766284722222222,0.0,2.0,224,0.5925622840516457,0.4074377159483542,0.0,0.0,0.0,0.0,0.0,0.0,0.0,0.0,0.0,0.5894968470835523,0.0,0.0,0.4105031529164477,0.0,2,16.0,16.0,16.0,0.0,0.0,1.454362865431823,0.26180567494013646
87c9e7ba960e4c2e6bd786b162adc639,-9.657131698431188,-35.70676917223658,AL,2,798.9,826.99,1653.98,798.9,1.0,1,1,0.0351608461634747,1912.6220634877875,3.5,5.0,14.111336805555556,0.0,2.0,112,0.5,0.5,0.0,0.0,1.0,0.0,0.0,0.0,0.0,0.0,0.0,0.0,0.0,0.0,0.0,0.0,2,3.0,3.0,3.0,1.0,1.0,1.0,0.0
88055311adcee315a7c05930e3849363,-22.917040630202443,-45.447312232587024,SP,2,56.9,67.675,135.35,56.9,1.0,2,2,0.1893673110720562,420.2812015181885,1.0,4.0,17.307337962962965,0.0,2.0,108,0.4581455485777613,0.5418544514222386,0.0,0.0,0.0,0.0,0.0,0.0,0.5263620386643234,0.0,0.0,0.0,0.4736379613356766,0.0,0.0,0.0,2,255.0,255.0,255.0,0.0,0.0,0.845514044177802,0.1183822656940316
88388502f20df20b31ccd1a4aca9e898,-22.88178766930885,-47.05156338178288,SP,2,34.9,56.09,112.18,34.9,1.0,1,1,0.607163323782235,478.948062785688,1.5,5.0,10.264814814814816,0.0,2.0,276,1.0,0.0,0.0,0.0,0.0,0.0,0.0,0.0,0.0,0.0,0.0,0.0,0.0,0.0,0.0,1.0,2,9.0,9.0,9.0,1.0,1.0,1.0,0.0
8897ea56bce6fe37a39cb2ec40898102,-23.566176815093183,-46.75331812769217,SP,2,32.45,41.370000000000005,82.74000000000001,32.45,1.0,1,1,0.274884437596302,79.50150540663753,1.0,3.5,2.5619039351851853,0.0,2.0,38,1.0,0.0,0.0,0.0,0.0,0.0,1.0,0.0,0.0,0.0,0.0,0.0,0.0,0.0,0.0,0.0,2,98.0,98.0,98.0,1.0,1.0,0.8855970829535095,0.08580314337820813
88a8f123107a063acbdd1c90f3d8adea,-12.47915010557042,-49.12274118014879,TO,2,63.745,99.475,198.95,63.745,1.0,2,2,0.560514550160797,1425.6914337700252,6.5,4.0,15.178969907407406,0.0,1.7560096153846152,284,1.0,0.0,0.0,0.0,0.0,0.0,0.7647658639893326,0.0,0.0,0.0,0.0,0.0,0.0,0.0,0.0,0.2352341360106675,2,132.0,132.0,132.0,0.0,0.0,0.5717332911992417,0.38534565074765254
88c11a241bcbd239da19623bb23891a9,-18.5779385357696,-46.4958698813478,MG,2,79.0,105.74,211.48,79.0,1.0,1,1,0.3384810126582279,463.16466597025646,3.0,5.0,13.095619212962962,0.0,2.0,40,0.7635710232646113,0.0,0.2364289767353887,0.0,0.0,0.0,1.0,0.0,0.0,0.0,0.0,0.0,0.0,0.0,0.0,0.0,2,133.0,133.0,133.0,1.0,1.0,1.002082741645366,0.001471188687923583
88f21f18f1c3152b023a22a0f42bdab3,-23.4736797418792,-46.89646677954725,SP,2,42.4,52.31999999999999,104.64,42.4,1.0,2,2,0.2339622641509434,86.36213177185533,1.0,4.5,5.68349537037037,0.0,2.0,201,0.0,1.0,0.0,0.3525943396226415,0.0,0.6474056603773585,0.0,0.0,0.0,0.0,0.0,0.0,0.0,0.0,0.0,0.0,2,44.0,44.0,44.0,0.0,0.0,1.7529597474348855,0.3868003837453936
88fcb680dc8cd2e540010c0750b78242,-23.1165967197612,-47.23775015520104,SP,2,46.75,59.30500000000001,118.61,46.75,1.0,1,2,0.2685561497326203,317.495035060867,4.0,4.0,13.179160879629633,0.0,1.472782258064516,227,1.0,0.0,0.0,0.0,0.0,0.0,1.0,0.0,0.0,0.0,0.0,0.0,0.0,0.0,0.0,0.0,2,270.0,270.0,270.0,1.0,0.0,1.4731025854879067,0.2705379456221696
894382535eef1ce243ec19088626be0e,-22.91832652216524,-43.25627951722355,RJ,3,82.73666666666666,98.43333333333334,295.3,82.73666666666666,1.0,1,3,0.1897183836267676,326.9507933332255,1.0,5.0,12.474814814814817,0.0,3.0,181,0.0,0.5715204876396884,0.4284795123603116,0.0,0.0,0.0,0.0,0.0,0.0,0.0,0.0,1.0,0.0,0.0,0.0,0.0,3,83.0,83.0,166.0,1.0,0.0,1.2665860864893903,0.2669700172890479
8959d4251989df68934d67c1d32c5718,-17.11399607397032,-43.813786644672106,MG,2,107.45,134.935,269.87,107.45,1.0,1,1,0.2557933922754769,1328.1376196085214,1.0,5.0,16.95923611111111,0.0,2.0,97,1.0,0.0,0.0,0.0,0.0,0.0,1.0,0.0,0.0,0.0,0.0,0.0,0.0,0.0,0.0,0.0,2,10.0,10.0,10.0,1.0,1.0,1.5176788879559662,0.29078708480410215
8961b4ca2c5aceb7a78ea72c6e0c840a,-23.566955685986397,-46.788367270084976,SP,3,213.8933333333333,260.1333333333334,780.4000000000001,128.336,1.6666666666666667,2,3,0.2161825208826829,609.1122745346764,1.6666666666666667,3.6666666666666665,13.693591820987654,0.3333333333333333,3.0,71,1.0,0.0,0.0,0.0,0.0,0.7040580974940781,0.0,0.0,0.295941902505922,0.0,0.0,0.0,0.0,0.0,0.0,0.0,3,104.0,104.0,208.0,0.5,0.0,2.740796938910146,0.5305382847007752
89672d977dd21afa429505c66a1abc17,-28.035429505504453,-48.627746848555816,SC,2,56.940000000000005,71.68,143.36,56.940000000000005,1.0,2,2,0.2588689848963821,656.1106831599759,2.0,5.0,10.158622685185184,0.0,1.7310426540284358,404,0.2656249999999999,0.7343749999999999,0.0,0.0,0.0,0.7894274675096593,0.0,0.0,0.0,0.2105725324903407,0.0,0.0,0.0,0.0,0.0,0.0,2,18.0,18.0,18.0,0.0,0.0,2.764705882352941,0.6629126073623882
89be58cbdd6ef318e3ed93fdb22be178,-23.990012770091216,-48.89154770740543,SP,2,125.0,191.0,382.0,25.0,5.0,1,1,0.528,214.91921621802183,4.5,2.0,12.661875,0.0,2.0,161,1.0,0.0,0.0,0.0,0.0,0.0,0.0,0.0,0.0,0.0,0.0,0.0,0.0,0.0,0.0,1.0,2,57.0,57.0,57.0,1.0,1.0,1.0270628814009022,0.01888086169660423
89e3027de49c3012858cfeb7f5a34f59,-22.805870285245856,-42.957766298719584,RJ,2,195.0,222.295,444.59,130.0,1.5,1,2,0.1399743589743589,488.15138435779227,2.5,3.0,10.583715277777776,0.0,2.0,131,1.0,0.0,0.0,0.0,0.0,0.0,0.0,1.0,0.0,0.0,0.0,0.0,0.0,0.0,0.0,0.0,2,7.0,7.0,7.0,1.0,1.0,1.9940736749949493,0.46953837005306587
8a1e8b556fd5feb59a63729b5341e71a,-8.999598073366858,-40.26582912407613,PE,2,461.44,518.0350000000001,1036.0700000000002,461.44,1.0,2,2,0.1226486650485436,1620.9398521934047,1.0,5.0,12.64697337962963,0.0,2.0,41,0.0,1.0,0.0,0.0,0.0,0.0,0.0,0.0,0.0,0.0,0.0,0.0,0.0,0.0,0.0,1.0,2,2.0,2.0,2.0,0.0,0.0,2.6499330655957163,0.6392878106087803
8ac0c45f8e89a3d25738b3700ee9e132,-22.16506413672644,-43.29256662718373,RJ,2,67.9,83.645,167.29,67.9,1.0,2,2,0.2318851251840942,280.3538797259632,3.5,4.5,8.001678240740741,0.0,1.6305803571428572,404,1.0,0.0,0.0,0.0,0.0,0.0,0.0,0.0,0.0,0.0,0.0,0.0,0.0,0.0,0.0,1.0,2,44.0,44.0,44.0,0.0,0.0,0.5890007598784194,0.36579007020075216
8b4447c69feb2b408e29edc0fe9d0253,-19.860403420699654,-43.94050194694596,MG,2,93.28,108.685,217.37,93.28,1.0,2,2,0.1651479416809605,531.1785082793007,2.0,4.0,11.419554398148149,0.0,2.0,199,1.0,0.0,0.0,0.0,0.6700257289879932,0.0,0.0,0.0,0.0,0.0,0.0,0.0,0.0,0.0,0.0,0.3299742710120069,2,80.0,80.0,80.0,0.0,0.0,0.5568686434608222,0.40252745596919265
8b4bb71a7d37d4c2560e0f0409a58905,-3.0955472809964544,-59.99964268061193,AM,2,66.4,91.175,182.35,66.4,1.0,1,1,0.373117469879518,2695.585544008121,1.0,4.5,12.021585648148148,0.0,1.472782258064516,91,1.0,0.0,0.0,0.0,0.0,0.0,0.0,0.0,0.0,0.0,0.0,0.0,0.0,0.0,0.0,1.0,2,405.0,405.0,405.0,1.0,1.0,1.1501002240301852,0.09872738496851934
8b51f29aa215ec74a25baf5bd24ed90c,-23.51700988652748,-47.14025959033269,SP,2,220.16,236.525,473.05,110.08,2.0,1,1,0.0743323037790697,69.97833386187504,1.0,4.5,4.7440625,0.0,2.0,87,0.2513053588415601,0.74869464115844,0.0,1.0,0.0,0.0,0.0,0.0,0.0,0.0,0.0,0.0,0.0,0.0,0.0,0.0,2,21.0,21.0,21.0,1.0,1.0,2.9792227456258416,0.7034146688315517
8ba03ea7a871bdaebd65e7a4ced27c2d,-20.13316883582222,-40.29762890257906,ES,2,67.45,86.795,173.59,67.45,1.0,2,2,0.2868050407709414,1061.2224902545554,1.0,5.0,17.447841435185186,0.0,2.0,329,0.0,0.0,1.0,0.0,0.0,0.0,0.0,0.0,0.5559673832468495,0.0,0.0,0.0,0.4440326167531505,0.0,0.0,0.0,2,4.0,4.0,4.0,0.0,0.0,1.237849684156246,0.15030958134560524
8bb910cd8c3b29e4acf2e94e3aaffbbf,-15.592273970466117,-56.0944355884279,MT,2,522.45,565.54,1131.08,522.45,1.0,2,2,0.0824767920375155,1149.3586818895783,5.5,4.0,12.588958333333334,0.0,2.0,268,1.0,0.0,0.0,0.0,0.0909177911761891,0.0,0.0,0.9090822088238107,0.0,0.0,0.0,0.0,0.0,0.0,0.0,0.0,2,8.0,8.0,8.0,0.0,0.0,9.179821798217983,1.1363671343303845
8bc3068714502a076cdc66f2a207bb20,-23.516154947283223,-46.37070651122944,SP,2,69.94500000000001,80.105,160.21,69.94500000000001,1.0,2,2,0.1452569876331403,91.10528471402267,3.0,5.0,5.918628472222222,0.0,1.812655086848635,242,1.0,0.0,0.0,0.1428979912788619,0.0,0.857102008721138,0.0,0.0,0.0,0.0,0.0,0.0,0.0,0.0,0.0,0.0,2,161.0,161.0,161.0,0.0,0.0,4.7691753691033485,0.9239481528842884
8bc85b1061383d0dcd4e995a726da763,-16.20148085622879,-50.31041740736232,GO,2,139.4,166.25,332.5,92.93333333333334,1.5,2,2,0.1926111908177905,804.3245260393342,1.0,5.0,9.97470486111111,0.0,1.6378923766816145,287,1.0,0.0,0.0,0.0,0.0,0.7166427546628408,0.0,0.0,0.0,0.0,0.0,0.0,0.0,0.0,0.0,0.2833572453371592,2,159.0,159.0,159.0,0.0,0.0,0.4106915570640645,0.5907797407928508
8c21dd8c37144807c601f99f2a209dfb,-16.779377429478583,-49.275367541000726,GO,3,254.93,282.67333333333335,848.0200000000001,191.1975,1.3333333333333333,4,4,0.108827259770656,721.96944536678,4.0,5.0,13.825127314814814,0.0,2.278066528066528,105,1.0,0.0,0.0,0.0,0.7976045711894769,0.0,0.0652466690202539,0.1044731233410478,0.0,0.0,0.0,0.0,0.0,0.0,0.0,0.0326756364492213,2,375.0,375.0,375.0,0.0,0.0,0.1266673752457884,1.096223135174088
8c532c86e424b28e85997dd891e26d5d,-22.886524036647952,-43.59734210312482,RJ,2,44.945,59.045,118.09,44.945,1.0,1,2,0.3137167649349204,314.99933521439885,1.0,5.0,13.046145833333334,0.0,1.5675965665236051,303,0.0,0.0,1.0,0.0,0.0,0.0,0.0,0.0,0.0,0.0,0.0,0.0,0.0,0.0,0.0,1.0,2,163.0,163.0,163.0,1.0,0.0,1.183213163246441,0.1186794512923818
8c8bc67c372d5c409fbf1a340205ddca,-22.96509755165601,-43.38063263010911,RJ,2,49.99,64.125,128.25,49.99,1.0,1,1,0.282756551310262,319.09312549144386,2.0,5.0,10.80222800925926,0.0,1.6909722222222223,232,1.0,0.0,0.0,0.0,0.0,0.0,0.0,0.0,0.0,0.0,0.0,0.0,0.0,0.0,0.0,1.0,2,200.0,200.0,200.0,1.0,1.0,0.729368932038835,0.2213120171292632
8cb0a62e8c536632e7c0a985166a089b,-23.57094566914287,-46.538367445494096,SP,2,30.95,38.5,77.0,30.95,1.0,2,2,0.2439418416801292,95.55488694341696,1.0,5.0,4.830167824074074,0.0,2.0,24,0.0,1.0,0.0,0.7592891760904685,0.0,0.0,0.0,0.0,0.0,0.2407108239095315,0.0,0.0,0.0,0.0,0.0,0.0,2,132.0,132.0,132.0,0.0,0.0,0.4074209468104551,0.5954390089887759
8cd6f80d3c3994e2060d46ec07ff0b0a,-16.44010195995444,-41.009025692400215,MG,3,111.93333333333334,134.61666666666665,403.85,111.93333333333334,1.0,3,3,0.2026503871351995,601.8708695665197,2.333333333333333,4.333333333333333,7.234016203703703,0.0,3.0,20,1.0,0.0,0.0,0.0,0.0,0.0,0.0,0.0,0.5655151876116736,0.0,0.0,0.1069088743299583,0.0,0.0,0.0,0.327575938058368,3,106.0,106.0,212.0,0.0,0.0,0.6335133087051246,0.5652986244951116
8d187f36fa18c60c2ac49e7a966d8ff7,-19.913964198659727,-43.97610621974729,MG,2,118.5,140.355,280.71,118.5,1.0,2,2,0.1844303797468354,717.4188291934364,5.5,2.5,8.067505787037037,0.0,2.0,16,1.0,0.0,0.0,0.4008438818565401,0.0,0.0,0.0,0.0,0.0,0.0,0.0,0.0,0.0,0.0,0.0,0.5991561181434599,2,13.0,13.0,13.0,0.0,0.0,0.6518182888078146,0.2980977396089061
8d26c82c2086dcacc175e2ffe6ee2f28,-23.584467533826157,-46.67495902968063,SP,2,114.85,133.06,266.12,76.56666666666666,1.5,2,2,0.1585546364823683,142.80696486152218,1.0,5.0,4.189936342592592,0.0,2.0,103,1.0,0.0,0.0,0.260339573356552,0.0,0.0,0.0,0.0,0.739660426643448,0.0,0.0,0.0,0.0,0.0,0.0,0.0,2,157.0,157.0,157.0,0.0,0.0,0.40085276622624627,0.604861670183773
8d50f5eadf50201ccdcedfb9e2ac8455,-23.61873038859147,-46.63981632393843,SP,16,45.60125,56.3775,902.04,45.60125,1.0,4,8,0.2363147940023574,169.5406785898171,1.375,5.0,4.038221450617284,0.0,12.303157894736842,13,1.0,0.0,0.0,0.0,0.0,0.0,0.8022669334722184,0.0,0.0,0.0,0.0,0.0,0.0,0.0,0.0,0.1977330665277815,16,30.8,19.0,462.0,0.8,0.5333333333333333,1.6978480456741325,0.7051823617804525
8d6512fa0e1c5cdbd789b956de79fe2f,-9.975359547154142,-67.83616519075629,AC,2,181.745,223.245,446.49,181.745,1.0,1,2,0.2283419076178161,2589.332700070143,1.0,3.0,26.408605324074077,0.0,1.429549902152642,457,1.0,0.0,0.0,0.0,0.0,0.0,1.0,0.0,0.0,0.0,0.0,0.0,0.0,0.0,0.0,0.0,2,54.0,54.0,54.0,1.0,0.0,0.5995772579085015,0.3540205824686797
8da4f8884cb807a1a95dce688436b0ba,-30.030007892973725,-51.20280951185477,RS,2,35.9,51.13,102.26,35.9,1.0,1,1,0.4242339832869081,851.9460604981718,1.0,5.0,13.005,0.0,2.0,131,1.0,0.0,0.0,0.0,0.0,0.0,0.0,0.0,0.0,0.0,0.0,0.0,0.0,0.0,0.0,1.0,2,20.0,20.0,20.0,1.0,1.0,1.0,0.0
8dafb82f687e3b0dc9e97b4198b92128,-28.65502028712178,-56.00476235556698,RS,3,80.26666666666667,96.91,290.73,80.26666666666667,1.0,3,3,0.2073504983388704,893.3105960174612,4.666666666666667,5.0,9.2116512345679,0.0,2.7462406015037595,142,1.0,0.0,0.0,0.0,0.0,0.4526578073089701,0.0,0.0,0.0,0.0,0.0,0.0,0.0,0.4563953488372093,0.0,0.0909468438538205,3,128.5,128.5,257.0,0.0,0.0,1.0260450160771704,0.5205450178750491
8dbbf39064a6aa2a21f97ff0422e5acd,-24.079084410812683,-46.5902318366599,SP,2,100.9,120.39,240.78,67.26666666666667,1.5,2,3,0.1931615460852329,369.2609954138338,5.0,5.0,8.366770833333334,0.0,2.0,133,1.0,0.0,0.0,0.0,0.9013875123885036,0.0,0.0,0.0,0.0,0.0,0.0,0.0,0.0,0.0,0.0,0.0986124876114965,2,13.0,13.0,13.0,1.0,0.0,0.9305644644002566,0.05086423062609435
8dc4412f2ddf5ffee6cf50e6278b37fd,-23.45042870023146,-46.746178334352,SP,2,110.195,161.18,322.36,20.035454545454545,5.5,1,1,0.4626797949090249,70.90728456095903,2.0,1.0,3.272945601851852,0.0,2.0,213,1.0,0.0,0.0,0.0,0.0,0.0,0.0,0.0,0.0,0.0,0.0,0.0,0.0,0.0,0.0,1.0,2,101.0,101.0,101.0,1.0,1.0,0.805331541218638,0.1524943027301426
8dcf2096a68ce8212a3f534ab31ee23e,-29.289831030253584,-54.21946434472692,RS,2,116.95,130.86,261.72,116.95,1.0,2,2,0.1189397178281316,595.5157876790526,7.0,5.0,14.403541666666666,0.0,1.4522862823061629,256,1.0,0.0,0.0,0.0,0.1881145788798632,0.0,0.0,0.0,0.0,0.0,0.0,0.0,0.0,0.0,0.0,0.8118854211201368,2,247.0,247.0,247.0,0.0,0.0,0.2916790050340539,0.7755155527731415
8dfbc9064378d19ac99a21ac353072d7,-22.896994821613426,-43.09855360383198,RJ,2,235.755,292.34000000000003,584.6800000000001,157.17,1.5,2,1,0.240016118428029,379.5902717982792,7.0,5.0,9.406076388888888,0.0,2.0,317,1.0,0.0,0.0,0.0,0.0,0.0,0.0,0.0,0.0,0.0,0.0,0.0,0.0,0.0,0.0,1.0,2,44.0,44.0,44.0,1.0,1.0,2.3507937417617053,0.5701069587660574
8e0275b5c7fb6f05e312a1079a674410,-30.00441459685693,-51.13090645656825,RS,2,183.95,212.73,425.46,122.63333333333333,1.5,1,2,0.1564555585756999,924.1314152900115,4.5,2.5,20.049594907407407,0.0,1.664009111617312,269,1.0,0.0,0.0,0.0,0.0,1.0,0.0,0.0,0.0,0.0,0.0,0.0,0.0,0.0,0.0,0.0,2,170.0,170.0,170.0,1.0,0.0,1.0585446100251596,0.040219959819288394
8e2055281d566229b5926cb77be54f81,-18.920830231082142,-48.32960936239799,MG,2,37.4,51.19,102.38,37.4,1.0,2,2,0.3687165775401069,518.4391951486236,3.0,5.0,4.355844907407407,0.0,1.5509554140127388,419,1.0,0.0,0.0,0.0,0.0,0.0,0.0,0.0,0.0,0.0,0.0,0.0,0.0,0.0,0.0,1.0,2,52.0,52.0,52.0,0.0,0.0,0.9545628102329132,0.03287583784379732
8e2c92b2442298bd653b0e9aadf4c313,-10.167426945713617,-54.92011957297365,MT,2,91.44,127.305,254.61,60.96,1.5,1,2,0.3922244094488188,1803.587689574604,4.5,3.0,9.18185763888889,0.0,2.0,355,0.5729547150543969,0.427045284945603,0.0,0.0,0.0,0.0,1.0,0.0,0.0,0.0,0.0,0.0,0.0,0.0,0.0,0.0,2,3.0,3.0,3.0,1.0,0.0,1.3416720316380022,0.20634709493798542
8e31f8c64b847de447636be1ced917f2,-25.505953443796365,-49.30065769714725,PR,2,82.195,98.655,197.31,82.195,1.0,2,2,0.2002554899933086,438.76037742983385,1.0,3.0,4.8459375,0.0,2.0,26,1.0,0.0,0.0,0.0,0.0,0.0,0.0,0.0,0.5042885820305372,0.0,0.0,0.0,0.0,0.0,0.0,0.4957114179694629,2,169.0,169.0,169.0,0.0,0.0,0.9701447828257612,0.02143073615881388
8e49d21f0335c3013583f2b3f99f8e25,-23.60576150491902,-46.481388888194026,SP,2,49.9,63.83,127.66,49.9,1.0,1,1,0.2791583166332665,559.333070573649,1.0,5.0,6.583668981481481,0.0,2.0,62,0.0,1.0,0.0,0.0,0.0,0.0,0.0,0.0,1.0,0.0,0.0,0.0,0.0,0.0,0.0,0.0,2,9.0,9.0,9.0,1.0,1.0,1.0,0.0
8e714421b31bf0865e55be929d99384c,-23.463816489316716,-46.6762989726253,SP,2,24.325,31.97,63.94,24.325,1.0,2,2,0.3142857142857143,15.834582387509768,1.5,4.5,2.13703125,0.0,2.0,60,1.0,0.0,0.0,0.0,0.7194244604316546,0.0,0.0,0.0,0.0,0.0,0.0,0.0,0.0,0.0,0.0,0.2805755395683453,2,154.0,154.0,154.0,0.0,0.0,1.9836677554829678,0.46624369557123624
8e78f2e8305481c8b0f285670de4829b,-9.53431182342032,-36.4344509419116,AL,2,289.0,305.77,611.54,289.0,1.0,1,1,0.0580276816608996,427.414172493066,4.0,5.0,20.41174189814815,0.0,2.0,282,1.0,0.0,0.0,0.0,0.0,0.0,0.0,0.0,0.0,0.0,0.0,0.0,0.0,0.0,0.0,1.0,2,24.0,24.0,24.0,1.0,1.0,1.0,0.0
8ea95e0fc3da49749b66835754e2062e,-23.46323515510949,-46.518458476905565,SP,2,118.245,127.985,255.97,118.245,1.0,2,2,0.0823713476256924,41.769584696767545,1.0,5.0,5.318310185185185,0.0,2.0,218,0.0,1.0,0.0,0.0,0.0,0.0,0.1585267876020127,0.0,0.0,0.0,0.0,0.0,0.0,0.0,0.0,0.8414732123979872,2,102.0,102.0,102.0,0.0,0.0,4.474123182207015,0.8975231207075411
8ec31beb5c890497f1872b5986d3cc26,-15.73850698002537,-47.89431289408289,DF,2,225.5,259.97,519.94,112.75,2.0,1,2,0.152860310421286,881.8748179390553,2.0,5.0,11.860162037037036,0.0,2.0,100,1.0,0.0,0.0,0.0,0.0,0.0,1.0,0.0,0.0,0.0,0.0,0.0,0.0,0.0,0.0,0.0,2,22.0,22.0,22.0,1.0,0.0,1.6785843078666733,0.3582725130510906
8ec9e01dc8cbd31897a2f2116c5fbae4,-23.64313598480617,-46.49967389456075,SP,2,138.0,150.17,300.34,138.0,1.0,1,2,0.0881884057971014,12.678226291228423,1.0,3.5,2.646099537037037,0.0,2.0,187,1.0,0.0,0.0,0.0,0.0,1.0,0.0,0.0,0.0,0.0,0.0,0.0,0.0,0.0,0.0,0.0,2,24.0,24.0,24.0,1.0,0.0,1.0,0.0
8efdcd51f527f5aec0875573fd2210b3,-22.918253254941785,-43.38556120792189,RJ,2,32.9,48.005,96.01,32.9,1.0,1,2,0.4591185410334347,460.0477232780273,1.5,5.0,15.225405092592592,0.0,2.0,214,0.635454640141652,0.3645453598583481,0.0,0.0,0.0,1.0,0.0,0.0,0.0,0.0,0.0,0.0,0.0,0.0,0.0,0.0,2,22.0,22.0,22.0,1.0,0.0,0.5736764464841829,0.3831235783493824
8f1794300ad248a55eae07168219ca15,-19.814760032238127,-43.17010005633215,MG,2,109.945,131.36,262.72,109.945,1.0,2,2,0.194779207785711,729.0234851901153,6.0,5.0,15.74792824074074,0.0,1.5476694915254237,236,1.0,0.0,0.0,0.0,0.0,0.0,0.0,0.0,0.0,0.7730683523579972,0.0,0.0,0.0,0.0,0.0,0.2269316476420028,2,236.0,236.0,236.0,0.0,0.0,0.3287477240542181,0.7144276187505981
8f2fa110f45a5b5592f1593842b7e87d,-23.609193450011173,-46.93494165854764,SP,3,106.91666666666669,123.82666666666668,371.48,106.91666666666669,1.0,2,3,0.1581605611847233,162.982811796716,2.6666666666666665,5.0,6.233175154320988,0.0,2.56615925058548,86,0.8495746742758695,0.0,0.1504253257241305,0.0,0.0,0.0,0.0,0.0,0.6201091192517537,0.0,0.0,0.3798908807482463,0.0,0.0,0.0,0.0,3,170.5,170.5,341.0,0.5,0.0,2.515748031496063,0.4951390858368265
8f3dca4306d5a89e4ae2c65c110603a2,,,DF,2,13.645,29.22,58.44,13.645,1.0,2,2,1.141443752290216,,1.5,5.0,11.239716435185183,0.0,1.333029197080292,278,0.4626967830253251,0.5373032169746749,0.0,0.0,0.0,0.0,0.0,0.0,0.4027116159765482,0.0,0.0,0.0,0.0,0.0,0.0,0.5972883840234519,2,270.0,270.0,270.0,0.0,0.0,1.1612426035502958,0.10550943073146293
8f42e9cb526d4a8ea42877dac8c86453,-23.561182823759268,-46.548894039823175,SP,2,59.9,73.34,146.68,59.9,1.0,1,1,0.2243739565943238,423.45964670888566,5.0,3.0,16.767980324074074,0.0,2.0,289,1.0,0.0,0.0,0.0,0.0,0.0,0.0,0.0,0.0,0.0,0.0,0.0,1.0,0.0,0.0,0.0,2,35.0,35.0,35.0,1.0,1.0,1.0,0.0
8f4968221af78d6f248322ad465279fc,-16.234468461695556,-51.25794371732624,GO,2,98.435,133.46,266.92,98.435,1.0,2,2,0.355818560471377,605.9981023153728,10.0,3.5,14.575688657407408,0.0,1.5155601659751037,151,1.0,0.0,0.0,0.0,0.0,0.4718850002539747,0.0,0.0,0.0,0.0,0.0,0.0,0.0,0.0,0.0,0.5281149997460253,2,331.0,331.0,331.0,0.0,0.0,0.7894877983373559,0.16636559964976463
8f567321ba12101dedc07c70b7021069,-21.125044282469677,-42.92717320911472,MG,2,113.435,148.2,296.4,56.7175,2.0,1,2,0.3064750738308282,613.7239763883347,4.0,2.0,11.443668981481483,0.0,1.760240963855422,12,1.0,0.0,0.0,0.0,0.0,1.0,0.0,0.0,0.0,0.0,0.0,0.0,0.0,0.0,0.0,0.0,2,403.0,403.0,403.0,1.0,0.0,0.36659135967541157,0.6554813063387848
8f6ce2295bdbec03cd50e34b4bd7ba0a,-22.9370497358051,-43.17695405372256,RJ,3,116.63333333333333,135.00666666666666,405.02,116.63333333333333,1.0,3,3,0.1575307230637325,515.2761132659235,3.333333333333333,5.0,5.81332175925926,0.0,1.9223684210526315,33,1.0,0.0,0.0,0.0,0.0,0.0,0.0,0.0,0.0,0.0,0.0,0.5687339239782796,0.0,0.0,0.0,0.4312660760217205,3,268.5,268.5,537.0,0.0,0.0,0.3011191155815323,0.5817725052173444
8f710f0d7e8dab5c8c1135e63b44de7a,-23.00318194324644,-46.837010254445566,SP,2,54.895,66.32499999999999,132.64999999999998,54.895,1.0,2,2,0.208215684488569,298.20751757999665,1.5,4.0,7.759918981481482,0.0,1.4021113243761998,328,1.0,0.0,0.0,0.4544129702158667,0.0,0.0,0.0,0.0,0.0,0.0,0.0,0.0,0.0,0.0,0.0,0.5455870297841334,2,193.0,193.0,193.0,0.0,0.0,0.780775943079608,0.17409805860197997
8f891a5f40cb72bf5fabda4997b4a625,-28.1299869007835,-55.02071952772676,RS,2,114.995,133.05,266.1,114.995,1.0,2,2,0.1570068263837558,815.8454290122398,3.0,5.0,11.605648148148148,0.0,1.922368421052632,337,0.5567831642239759,0.443216835776024,0.0,0.0,0.0,0.0,0.0,0.0,0.0,0.0,0.4347580329579547,0.0,0.0,0.0,0.5652419670420453,0.0,2,43.0,43.0,43.0,0.0,0.0,1.2562319823639139,0.160607041920011
8f9c0dc510c12654a35d2add7a6c5d34,-22.837211460718816,-43.30804564502413,RJ,2,49.9,66.78999999999999,133.57999999999998,49.9,1.0,2,2,0.3384769539078156,623.783875988448,1.5,5.0,16.275439814814817,0.5,1.5880434782608697,297,0.4192992963018416,0.5807007036981584,0.0,0.0,0.0,0.0,0.0,0.0,0.3997995991983968,0.0,0.0,0.0,0.6002004008016032,0.0,0.0,0.0,2,162.0,162.0,162.0,0.0,0.0,1.3849312622745937,0.2282560593259764
8f9f1a0464f6ab0e25650be9849b086d,-12.885201083865764,-38.31386750362663,BA,2,187.4,216.92,433.84,187.4,1.0,1,1,0.1575240128068303,1473.067751288068,1.0,5.0,26.852025462962963,0.0,1.3067978533094813,432,0.0,1.0,0.0,0.0,0.0,1.0,0.0,0.0,0.0,0.0,0.0,0.0,0.0,0.0,0.0,0.0,2,127.0,127.0,127.0,1.0,1.0,1.1146422304542796,0.0766695163816504
8fdb30046559b506b2ea1588cdfded0d,-22.9838330172312,-43.207088132451375,RJ,2,219.45,232.065,464.13,219.45,1.0,2,2,0.0574846206425153,181.35860982948967,2.0,3.0,8.5959375,0.0,1.6831797235023045,39,1.0,0.0,0.0,0.0,0.9090909090909092,0.0,0.0909090909090909,0.0,0.0,0.0,0.0,0.0,0.0,0.0,0.0,0.0,2,395.0,395.0,395.0,0.0,0.0,7.595,1.0851353628680118
8fe4f9a0d6a47babbd498127a9109bd1,-7.913413454532678,-34.908604019508566,PE,2,128.15,156.11,312.22,128.15,1.0,1,1,0.2181818181818181,2126.892572293345,3.5,4.5,20.75626736111111,0.0,2.0,207,1.0,0.0,0.0,0.0,0.0,0.0,0.0,0.0,0.0,0.0,0.0,1.0,0.0,0.0,0.0,0.0,2,57.0,57.0,57.0,1.0,1.0,0.8588949749940461,0.10735014229787447
8ffa5e9fcc3da23113128e94d1c75706,-21.0098672863199,-42.83796668845819,MG,2,151.95,192.01,384.02,151.95,1.0,2,2,0.2636393550510036,579.7697791294705,3.5,3.0,14.066024305555556,0.0,2.0,183,1.0,0.0,0.0,0.0,0.0,0.0,0.0,0.0,0.0,0.0,0.0,0.0,0.1773609740046068,0.0,0.0,0.8226390259953933,2,2.0,2.0,2.0,0.0,0.0,4.368656507758982,0.8873727930561456
9066d003674f53303ec2ac527e940a5d,-17.557721377113058,-52.5503222517866,GO,2,14.995,31.94,63.88,14.995,1.0,2,2,1.1300433477825942,769.8641028599882,1.0,5.0,9.492783564814816,0.0,1.2793345008756567,425,0.0,1.0,0.0,0.0,0.0,0.0,0.6665555185061687,0.0,0.0,0.0,0.0,0.0,0.0,0.0,0.0,0.3334444814938312,2,146.0,146.0,146.0,0.0,0.0,1.2994960403167746,0.18419312521828665
906a8a4ec9f3d4c3e64fa6d1c4fe6009,-20.830662017396897,-49.37770364394912,SP,2,917.5,1010.43,2020.86,262.1428571428572,3.5,2,2,0.1012697547683923,415.7216890744181,1.0,3.5,6.765873842592592,0.0,2.0,45,0.0,1.0,0.0,0.0,0.0,0.0,0.0,0.0,0.0,0.9809264305177112,0.0,0.0,0.0,0.0,0.0,0.0190735694822888,2,15.0,15.0,15.0,0.0,0.0,0.024761286593003147,1.3458703339944065
9077449283dc1319d5e51fb3159b28e2,-20.798623626839635,-40.64575177911741,ES,3,75.74666666666667,99.81,299.43,56.81,1.3333333333333333,3,3,0.3176817461714487,731.4338192015167,4.333333333333333,5.0,11.925891203703705,0.0,2.3666306695464363,395,0.5471729619610594,0.0,0.4528270380389406,0.2850730505192748,0.0,0.0,0.0,0.0,0.0,0.1195212110543918,0.0,0.0,0.0,0.0,0.0,0.5954057384263334,3,34.0,34.0,68.0,0.0,0.0,0.4824852829748791,0.6506548842959845
90c205b0bed658a20ba141d2960d6811,-26.454670273139204,-53.50299627837526,SC,2,33.495000000000005,48.81,97.62,33.495000000000005,1.0,2,2,0.457232422749664,795.8480140822624,1.0,5.0,11.00818287037037,0.0,1.472782258064516,314,0.1804958000409752,0.0,0.8195041999590248,0.0,0.0,0.0,0.5670995670995671,0.0,0.0,0.0,0.0,0.0,0.0,0.0,0.0,0.4329004329004328,2,182.0,182.0,182.0,0.0,0.0,1.2431066176470589,0.15327166041699797
90e28a883386c71de943515d91f72a39,-22.74210983052059,-43.69826836425406,RJ,2,102.49,124.36,248.72,102.49,1.0,2,2,0.2133866718704263,476.56374119428506,2.0,4.5,11.834282407407407,0.0,2.0,282,0.8388147314248955,0.1611852685751045,0.0,0.0,0.0,0.0,0.0,0.0,0.0,0.0,0.0,0.0,0.8780856668943311,0.0,0.0,0.1219143331056688,2,18.0,18.0,18.0,0.0,0.0,0.19215836648612378,0.9583127766257696
90f323e9f0948ddd96c6f6a8ecc75830,-27.239372715824462,-48.63676546024551,SC,3,66.29333333333334,81.73333333333333,245.2,66.29333333333334,1.0,2,2,0.2329042638777151,504.503200268588,1.0,3.333333333333333,13.009293981481482,0.0,2.044309701492537,455,0.0,0.0,1.0,0.0,0.0,0.0,0.0,0.0,0.0,0.0,0.0,0.0,0.0,0.0,0.0,1.0,2,82.0,82.0,82.0,0.0,0.0,1.3824329576369996,0.22701242175776926
910240400459e4edf250cddd2588bfd2,-24.321955228939647,-50.622067273643374,PR,2,54.4,67.425,134.85,54.4,1.0,1,1,0.2394301470588235,168.98296283735124,4.0,3.5,8.80107638888889,0.0,2.0,118,1.0,0.0,0.0,0.0,0.0,0.0,1.0,0.0,0.0,0.0,0.0,0.0,0.0,0.0,0.0,0.0,2,115.0,115.0,115.0,1.0,1.0,1.3460334029227559,0.20859256770931311
910ef561b28c67973b74ce21e0d252ea,-23.43469373908028,-47.06654511530159,SP,2,131.735,147.405,294.81,131.735,1.0,1,1,0.1189509242038941,370.9459784295605,4.0,5.0,7.79004050925926,0.0,1.8635204081632653,231,1.0,0.0,0.0,1.0,0.0,0.0,0.0,0.0,0.0,0.0,0.0,0.0,0.0,0.0,0.0,0.0,2,162.0,162.0,162.0,1.0,1.0,0.6980186614445341,0.25150848707717305
911be3f21248d465d1e6d9993bca60a8,-19.93105159619724,-43.91810818948971,MG,2,44.9,59.0,118.0,44.9,1.0,1,1,0.3140311804008909,485.8782758054504,1.0,5.0,9.95240162037037,0.0,2.0,314,0.0,0.4576271186440678,0.0,0.0,0.0,0.0,1.0,0.0,0.0,0.0,0.0,0.0,0.0,0.0,0.0,0.0,2,35.0,35.0,35.0,1.0,1.0,1.1851851851851851,0.11984860698077077
91352e06066eef42b60b24049ccde4fd,-23.54664946252287,-46.63542523302689,SP,2,77.95,93.28,186.56,77.95,1.0,2,2,0.1966645285439384,408.88657772127374,1.0,5.0,8.753373842592591,0.0,2.0,11,0.0,1.0,0.0,0.0,0.0,0.5574085952533676,0.0,0.0,0.0,0.0,0.0,0.0,0.0,0.0,0.0,0.4425914047466324,2,167.0,167.0,167.0,0.0,0.0,0.7866309136180808,0.16889300048066339
913e4a0664572d0652473b98b808e7b5,-16.055885220072298,-47.14426957335076,MG,2,118.95,152.82999999999998,305.66,118.95,1.0,2,2,0.2848255569567045,877.3651504261287,7.0,3.5,13.813645833333332,0.0,2.0,206,1.0,0.0,0.0,0.0,0.0,0.0,0.0,0.4157208911307272,0.0,0.0,0.0,0.0,0.0,0.0,0.0,0.5842791088692728,2,90.0,90.0,90.0,0.0,0.0,1.608910891089109,0.3300726151269273
9177736727dc747f69fceccc193c125a,-23.842319063448443,-50.19429734390044,PR,2,103.445,121.03,242.06,103.445,1.0,2,2,0.1699937164676881,279.1290393945869,5.0,5.0,14.222251157407406,0.0,2.0,95,1.0,0.0,0.0,0.0,0.0,0.0,0.0,0.0,0.3861955628594906,0.0,0.0,0.0,0.6138044371405095,0.0,0.0,0.0,2,213.0,213.0,213.0,0.0,0.0,0.6971184182850734,0.25239207590893864
917de9fb824d070a7f1f4db097cbea8d,-22.92017842918136,-43.66761423636504,RJ,2,54.45,69.86500000000001,139.73000000000002,54.45,1.0,2,2,0.2831037649219467,339.0808662421899,1.0,3.5,8.316863425925925,0.0,1.5476694915254237,471,0.0,1.0,0.0,0.0,0.0,0.0,0.0,0.0,0.0,0.6336088154269972,0.0,0.0,0.0,0.0,0.3663911845730027,0.0,2,1.0,1.0,1.0,0.0,0.0,1.5875925925925927,0.3211407452522601
9194f9aedc33b4f984bcdcc7da7461f4,-24.013619948030524,-48.34196394994545,SP,2,74.45,100.02,200.04,37.225,2.0,2,2,0.3435191403626595,183.1954287995144,1.0,2.5,11.84880787037037,0.0,1.6125827814569538,107,1.0,0.0,0.0,0.0,0.0,0.0,0.0,0.0,0.0,0.0,0.0,0.0,0.0,0.0,0.0,1.0,2,346.0,346.0,346.0,0.0,0.0,2.239514170040486,0.5411113080585717
919bf2617845a0f73acc0361cba58267,-19.92412209537928,-43.99157294969074,MG,2,89.95,107.7,215.4,89.95,1.0,2,2,0.197331851028349,437.189655145118,1.0,4.5,16.77371527777778,0.0,2.0,221,0.0,1.0,0.0,0.0,0.0,0.499722067815453,0.0,0.0,0.0,0.0,0.0,0.500277932184547,0.0,0.0,0.0,0.0,2,131.0,131.0,131.0,0.0,0.0,0.9401909565843992,0.0435950698893099
91c0ed5fde94a56b99e4ce6d43d0d6be,-23.62181663352333,-46.77347639858559,SP,2,82.45,99.56,199.12,82.45,1.0,2,2,0.2075197089144936,666.4375022803283,3.0,4.0,10.829236111111111,0.0,2.0,187,1.0,0.0,0.0,0.0,0.0,0.0,0.0,0.0,0.0,0.0,0.0,0.0,0.0,0.181322013341419,0.8186779866585809,0.0,2,6.0,6.0,6.0,0.0,0.0,4.1558777835318494,0.8656305191946204
91d0504cf52d3f76b154c42d78979f39,-22.420278231708792,-45.466618601135146,MG,3,67.23333333333333,82.62666666666667,247.88,67.23333333333333,1.0,2,3,0.2289538919186911,327.64562346081766,5.0,5.0,8.36767361111111,0.0,2.6403614457831326,82,1.0,0.0,0.0,0.0,0.0,0.3614278631631135,0.0,0.0,0.0,0.0,0.0,0.0,0.0,0.6385721368368865,0.0,0.0,3,166.5,166.5,333.0,0.5,0.0,1.3866427073974243,0.16793468398107644
91def939002d33dcbf6a038b5c879f7b,-4.565113413635813,-45.129454927758125,MA,2,77.45,108.345,216.69,77.45,1.0,2,2,0.3989025177533892,1813.680948087668,1.5,3.0,28.61255208333333,0.5,1.6197339246119733,270,0.720660851908256,0.279339148091744,0.0,0.7746933505487411,0.0,0.0,0.0,0.0,0.0,0.0,0.0,0.0,0.0,0.0,0.0,0.2253066494512588,2,180.0,180.0,180.0,0.0,0.0,2.5798777465719476,0.6241231389069134
91e59b92e87f627abdab279ea3ab0c87,-23.68401890108417,-46.43863543400026,SP,2,12.0,19.39,38.78,12.0,1.0,1,1,0.6158333333333333,27.01675456806677,1.0,5.0,5.12978587962963,0.0,2.0,155,1.0,0.0,0.0,1.0,0.0,0.0,0.0,0.0,0.0,0.0,0.0,0.0,0.0,0.0,0.0,0.0,2,1.0,1.0,1.0,1.0,1.0,1.0,0.0
91fb82fe3e8b269f82616f53f2a4a690,-23.201636282926152,-45.89725908465388,SP,2,71.61,79.35,158.7,71.61,1.0,2,2,0.1080854629241726,111.6564552208528,2.5,3.5,5.290173611111111,0.0,2.0,15,1.0,0.0,0.0,0.7702834799608993,0.0,0.0,0.0,0.0,0.0,0.0,0.0,0.0,0.0,0.0,0.0,0.2297165200391006,2,8.0,8.0,8.0,0.0,0.0,2.9330855018587356,0.695076609105869
9202421110f6a19ddcf0b9b93602a0a1,-19.308350895698325,-40.067772134300206,ES,2,99.9,138.725,277.45,99.9,1.0,2,2,0.3886386386386386,1871.636166311819,8.5,5.0,23.293634259259257,0.0,1.5155601659751037,94,1.0,0.0,0.0,0.0,0.0,0.0,0.0,0.4499499499499499,0.0,0.0,0.0,0.0,0.0,0.55005005005005,0.0,0.0,2,387.0,387.0,387.0,0.0,0.0,0.9240638002773925,0.05581415933676473
92046e40af14f7f88398c748bb559cfe,-28.781921234409417,-51.60931660002325,RS,2,62.45,79.75,159.5,62.45,1.0,2,2,0.277021617293835,793.0429858719951,4.5,4.5,18.136354166666667,0.0,2.0,119,1.0,0.0,0.0,0.0,0.0,0.0,0.0,0.0,0.0,0.0,0.0,0.0,0.0,0.0,0.0,1.0,2,79.0,79.0,79.0,0.0,0.0,1.4882995319812795,0.27752278684813725
925751a747a151a7fa97f2f686d028c3,-8.034408552483011,-34.911803255933826,PE,2,189.99,212.97,425.94,189.99,1.0,1,1,0.120953734407074,1819.535129969316,4.0,3.0,22.241649305555555,0.5,2.0,156,1.0,0.0,0.0,0.0,0.0,0.0,0.0,0.0,0.0,0.0,0.0,0.0,0.0,0.0,0.0,1.0,2,60.0,60.0,60.0,1.0,1.0,1.8077785102175348,0.4068594870948939
927c1b4bd2d326409fd16eeedaa9ea30,-12.131400256565978,-38.433199891267385,BA,2,121.5,141.425,282.85,121.5,1.0,1,1,0.1639917695473251,1550.295653992653,5.5,5.0,20.592563657407407,0.0,2.0,151,1.0,0.0,0.0,0.0,0.0,0.0,0.0,0.0,0.0,0.0,0.0,0.0,0.0,0.0,0.0,1.0,2,196.0,196.0,196.0,1.0,1.0,1.545904590459046,0.3032421868761825
927f5d7e01917bb3b8aeb3260ca42663,-22.926206743196037,-43.62960440413414,RJ,2,44.995000000000005,61.80500000000001,123.61,44.995000000000005,1.0,2,2,0.3735970663407044,472.9054812107568,2.5,5.0,12.871724537037036,0.0,2.0,46,0.5991424642019254,0.0,0.4008575357980746,0.0,0.0,0.0,0.0,0.388820980108901,0.0,0.0,0.0,0.0,0.0,0.0,0.0,0.6111790198910989,2,47.0,47.0,47.0,0.0,0.0,0.6870479050088714,0.2623405629416314
928616c185852cc998407c716a6f69bc,-22.780399810135595,-43.30969832965266,RJ,2,144.45,167.76,335.52,144.45,1.0,2,2,0.1613707165109034,504.8394168364318,5.0,3.0,14.123582175925923,0.0,1.4351669941060905,353,1.0,0.0,0.0,0.0,0.0,0.1799930771893388,0.0,0.0,0.0,0.0,0.0,0.0,0.0,0.0,0.0,0.8200069228106612,2,156.0,156.0,156.0,0.0,0.0,3.7497168742921856,0.8187197256656831
929b8bad532f969fc414b7831ff3360d,-29.453392533172764,-49.92187964542681,RS,2,121.63,138.985,277.97,121.63,1.0,1,2,0.1426868371289978,616.9327884147986,1.0,5.0,20.52703125,0.0,1.6054945054945051,393,0.0,1.0,0.0,0.0,0.0,1.0,0.0,0.0,0.0,0.0,0.0,0.0,0.0,0.0,0.0,0.0,2,62.0,62.0,62.0,1.0,0.0,1.7880641925777332,0.39973651687467743
929f67fce8f269879084f50385a16354,-21.54110375384404,-49.85705971240373,SP,2,112.45,126.08,252.16000000000005,112.45,1.0,1,2,0.1212094264117385,262.8964301029551,7.5,5.0,10.385081018518518,0.0,2.0,38,1.0,0.0,0.0,1.0,0.0,0.0,0.0,0.0,0.0,0.0,0.0,0.0,0.0,0.0,0.0,0.0,2,324.0,324.0,324.0,1.0,0.0,0.7531808384898838,0.19909811811645337
93360190b9375a40b65720ee99387a4a,-23.442617939294006,-51.92798659741289,PR,3,36.96666666666667,64.09333333333333,192.28,36.96666666666667,1.0,3,3,0.7338142470694319,820.3311593396371,4.333333333333333,5.0,9.958711419753088,0.0,2.3363539445629,156,0.8803827751196173,0.1196172248803827,0.0,0.0,0.0,0.0,0.0,0.0,0.0712353471596032,0.054102795311091,0.0,0.0,0.0,0.0,0.0,0.8746618575293056,3,156.5,156.5,313.0,0.0,0.0,6.442608695652174,1.1362708426456845
93427465b223bc8292b51bb86077b695,-3.834719960100497,-38.52175364431953,CE,2,122.45,144.59,289.18,122.45,1.0,2,2,0.1808084932625561,2269.384826320297,4.5,4.5,28.83584490740741,0.0,2.0,206,0.7779237844940867,0.0,0.2220762155059132,0.0,0.796243364638628,0.0,0.0,0.0,0.0,0.0,0.0,0.0,0.0,0.0,0.0,0.2037566353613719,2,57.0,57.0,57.0,0.0,0.0,3.2822449281800683,0.7537125466247369
934e91b0e98dbbeb3649cb1091cca051,-23.46727260169164,-46.722599362429605,SP,2,177.95,207.705,415.41,177.95,1.0,2,2,0.1672098904186569,264.9021233088472,8.0,1.0,26.095625,1.0,1.3354661791590494,284,1.0,0.0,0.0,0.0,0.0,0.0,0.0,0.0,0.1289688114638943,0.0,0.0,0.0,0.0,0.0,0.0,0.8710311885361057,2,263.0,263.0,263.0,0.0,0.0,0.17503465052470796,0.99288747373947
93541741ba99116c5cf5773312eff953,-15.625819481454952,-56.05345433578239,MT,2,101.5,135.61,271.22,101.5,1.0,1,1,0.3360591133004926,1325.0260026753183,1.5,4.5,16.61170138888889,0.0,2.0,111,0.51404763660497,0.4859523633950298,0.0,0.0,0.0,0.0,0.0,0.0,0.0,0.0,0.0,0.0,0.0,0.0,0.0,1.0,2,26.0,26.0,26.0,1.0,1.0,1.0578148710166917,0.03973271641207488
935b9c5a3162185f88dac06d8d08d623,-23.74601833273142,-46.39454779325391,SP,3,125.63333333333333,140.44000000000003,421.3200000000001,125.63333333333333,1.0,1,2,0.1178561952772618,323.92970565094475,5.333333333333333,5.0,6.166373456790123,0.0,3.0,121,1.0,0.0,0.0,0.0,1.0,0.0,0.0,0.0,0.0,0.0,0.0,0.0,0.0,0.0,0.0,0.0,3,18.5,18.5,37.0,1.0,0.5,0.8448275862068966,0.19648189837721988
935e66642fcb2baa8c1782a29570d905,-23.45349763029941,-45.093703696151486,SP,2,49.900000000000006,68.325,136.65,49.900000000000006,1.0,2,2,0.3692384769539077,501.5793394115288,5.5,5.0,15.306006944444444,0.5,2.0,120,1.0,0.0,0.0,0.0,0.0,0.0,0.0,0.0,0.0,0.8006012024048096,0.0,0.0,0.0,0.0,0.0,0.1993987975951903,2,39.0,39.0,39.0,0.0,0.0,3.0657542398095807,0.7185426098467911
93603747aa73507db172820142fb3b81,-23.741832440198323,-46.55449502789028,SP,2,44.965,89.395,178.79,12.847142857142858,3.5,2,2,0.9881018569998888,166.92917627946858,6.5,3.5,5.661082175925927,0.0,2.0,177,1.0,0.0,0.0,0.3334815967975091,0.0,0.0,0.0,0.0,0.6665184032024909,0.0,0.0,0.0,0.0,0.0,0.0,0.0,2,94.0,94.0,94.0,0.0,0.0,0.2756135844748859,0.8030935901769692
93dabd0fb48bfbc6e14aca0432ed0717,-19.926752781122897,-43.94672620842367,MG,2,45.9,62.01,124.02,45.9,1.0,1,1,0.3509803921568627,546.6707021162241,2.0,5.0,7.331082175925927,0.0,1.768765133171913,402,1.0,0.0,0.0,0.0,0.0,0.0,0.0,0.0,1.0,0.0,0.0,0.0,0.0,0.0,0.0,0.0,2,12.0,12.0,12.0,1.0,1.0,1.0,0.0
93eeb8745a219d35b7e32d796528b681,-22.88808482947106,-43.1187705964476,RJ,2,279.95,308.205,616.41,186.63333333333333,1.5,2,2,0.1009287372745133,499.599521753568,5.5,5.0,8.511961805555556,0.0,2.0,55,1.0,0.0,0.0,0.0,0.0,0.0,0.0,0.0,0.0,0.0,0.0,0.0,0.0,0.0,0.0,1.0,2,82.0,82.0,82.0,0.0,0.0,0.10321437520134588,1.1495919756303221
941254873ba3ece63e297277436e4c36,-23.62233836107439,-47.01265586806666,SP,2,37.0,53.05,106.1,37.0,1.0,1,1,0.4337837837837838,722.6655399753814,1.0,5.0,9.23427662037037,0.0,2.0,272,1.0,0.0,0.0,0.0,0.0,0.0,1.0,0.0,0.0,0.0,0.0,0.0,0.0,0.0,0.0,0.0,2,11.0,11.0,11.0,1.0,1.0,1.0403846153846155,0.027991031866008497
941590fb8aef66b3a8352fe7c691879e,-11.661519799225278,-39.00547368233972,BA,2,189.985,227.805,455.61,126.65666666666668,1.5,2,2,0.1990683475011185,1537.4137123097723,6.5,3.5,9.283211805555556,0.0,2.0,83,1.0,0.0,0.0,0.0,0.0,0.3947153722662315,0.0,0.0,0.0,0.0,0.6052846277337685,0.0,0.0,0.0,0.0,0.0,2,154.0,154.0,154.0,0.0,0.0,0.7904271623374071,0.165536334323999
941c336ba35bc4cbd3c5bda62cfaa767,-13.124566063492018,-42.2849977676704,BA,2,197.45,249.26,498.52,197.45,1.0,1,1,0.2623955431754874,1557.0905462437474,1.0,3.5,18.83316550925926,0.0,2.0,188,0.0,1.0,0.0,0.0,0.0,0.0,0.0,0.0,1.0,0.0,0.0,0.0,0.0,0.0,0.0,0.0,2,21.0,21.0,21.0,1.0,1.0,0.40226716548057717,0.6028251263826581
94374f520fa9fe75d477ecf113cae041,-25.05029438912253,-50.23340858722404,PR,2,84.99000000000001,104.32,208.64,84.99000000000001,1.0,2,2,0.2274385221790798,400.9009633143459,2.5,5.0,12.176359953703704,0.0,1.5915032679738563,152,0.2161138803680981,0.7838861196319018,0.0,0.0,0.0,0.0,0.0,0.0,0.0,0.0,0.0,0.8235674785268855,0.1764325214731144,0.0,0.0,0.0,2,307.0,307.0,307.0,0.0,0.0,3.627190064315813,0.802951201105813
944779ed5e0464b49fbb2108382b0ddf,-27.110401692856072,-48.60847754647819,SC,2,148.0,184.605,369.21,148.0,1.0,2,2,0.2473310810810811,439.3974163872234,11.0,5.0,8.005567129629629,0.0,2.0,30,1.0,0.0,0.0,0.0,0.0,0.0,0.0,0.0,0.0,0.5709459459459459,0.0,0.0,0.0,0.0,0.0,0.429054054054054,2,92.0,92.0,92.0,0.0,0.0,1.3878540939076445,0.22970772009294033
9448bf54ca4a047cb99b0dee1a9bfa25,-23.64299226913408,-46.596566322913645,SP,2,42.995,63.225,126.45,17.198,2.5,2,2,0.4705198278869636,7.748253990336741,1.5,5.0,5.010711805555556,0.0,2.0,210,1.0,0.0,0.0,0.0,0.0,0.0,0.0,0.0,0.0,0.3022444470287243,0.0,0.0,0.0,0.0,0.0,0.6977555529712758,2,12.0,12.0,12.0,0.0,0.0,0.3877304653204565,0.6239539315523525
94522b20d09262256d0ef263adf3ff78,-19.973065569645865,-43.97277598977353,MG,2,81.95,103.165,206.33,81.95,1.0,2,2,0.2588773642464917,720.9962734105441,3.5,5.0,7.95736111111111,0.0,2.0,272,1.0,0.0,0.0,0.0,0.0,0.3959731543624161,0.0,0.0,0.0,0.0,0.0,0.0,0.0,0.6040268456375839,0.0,0.0,2,11.0,11.0,11.0,0.0,0.0,1.5285539215686277,0.2956188191012049
9475b70c3d9add279a65672fca348944,-23.58199424860049,-46.68076516442825,SP,2,136.88,145.77499999999998,291.54999999999995,136.88,1.0,2,2,0.0649839275277615,22.91902337575328,6.0,3.5,6.299814814814815,0.0,2.0,290,1.0,0.0,0.0,0.0,0.0,0.0,0.0,0.0,0.0,0.0,0.0,0.0,0.0,0.0,0.0,1.0,2,42.0,42.0,42.0,0.0,0.0,12.392282958199356,1.2030152824700784
947c249c7f31f3eae2bd05454e1b2040,-8.061234791360476,-34.893791105136586,PE,2,183.495,232.535,465.07,91.7475,2.0,2,2,0.2672552385623586,2379.028229499924,5.0,2.5,15.656331018518518,0.0,1.525052192066806,478,1.0,0.0,0.0,0.0,0.0,0.0,0.0,0.0,0.4005558734570424,0.0,0.5994441265429575,0.0,0.0,0.0,0.0,0.0,2,1.0,1.0,1.0,0.0,0.0,1.084207224164202,0.057137791809814625
947e93a9bb28256adebe49f78cff07ad,-23.31729411035499,-51.12520636307693,PR,2,82.4,97.5,195.0,82.4,1.0,2,2,0.183252427184466,353.58717698291616,1.0,5.0,7.761799768518518,0.0,1.3477859778597785,459,0.3764615384615384,0.0,0.6235384615384616,0.0,0.0,0.2117718446601941,0.7882281553398058,0.0,0.0,0.0,0.0,0.0,0.0,0.0,0.0,0.0,2,83.0,83.0,83.0,0.0,0.0,0.3354335022599643,0.7037706876547957
9496fe4967f2117feed223238c7bcc39,-23.957449136054183,-46.32678770463664,SP,2,32.495000000000005,46.67,93.34,32.495000000000005,1.0,2,2,0.4362209570703185,56.40752941427327,1.0,3.0,10.293703703703704,0.0,2.0,51,1.0,0.0,0.0,0.0,0.0,0.0,0.0,0.0,0.0,0.0,0.0,0.0,0.0,0.0,0.0,1.0,2,141.0,141.0,141.0,0.0,0.0,2.935075885328837,0.6954403526132962
94a19681bf6faa3c6ce3e2df1c2d97cb,-23.592711454828745,-46.531928127205006,SP,3,49.23,67.24,201.72,49.23,1.0,2,3,0.365833841153768,212.697475062791,1.0,4.333333333333333,5.408217592592592,0.0,2.608928571428572,343,0.0879932579813603,0.0,0.9120067420186396,0.0,0.0,0.0,0.0,0.0,0.0,0.0,0.0,0.0,0.0,0.5267790642562123,0.4732209357437876,0.0,3,38.5,38.5,77.0,0.5,0.0,3.4567219152854514,0.6268654870269548
94cac7a901fa7a145722dfd0a147b050,-25.515653265177423,-49.32460039512081,PR,2,104.94,126.15,252.3,104.94,1.0,2,2,0.2021154945683247,635.5814961634967,1.0,5.0,6.987326388888889,0.0,2.0,18,0.0,0.0,0.0,0.0,0.0,0.0,0.0,0.0,0.0,0.6193062702496664,0.0,0.0,0.0,0.0,0.0,0.3806937297503335,2,22.0,22.0,22.0,0.0,0.0,1.558564040158199,0.308739132047206
94e5ea5a8c1bf546db2739673060c43f,-19.547220777898247,-44.1314058748802,MG,2,76.39,93.585,187.17,76.39,1.0,2,2,0.2250949077104333,497.1539231729863,6.5,5.0,15.533315972222224,0.0,1.0480631276901005,116,1.0,0.0,0.0,0.0,0.0,0.0,0.0,0.0,0.0,0.0,0.0,0.0,0.0,0.640659772221495,0.0,0.359340227778505,2,581.0,581.0,581.0,0.0,0.0,1.6880654890133564,0.3619969641144147
951008c1c9df3fe4fead603a9afdcb3b,-23.670354192877536,-46.70161495077745,SP,2,119.49,139.095,278.19,119.49,1.0,2,2,0.1640723073060507,156.51356997517524,4.5,5.0,15.717152777777777,0.0,2.0,205,1.0,0.0,0.0,0.0,0.0,0.2510251903925014,0.0,0.0,0.0,0.0,0.0,0.0,0.0,0.0,0.0,0.7489748096074985,2,71.0,71.0,71.0,0.0,0.0,0.358614963860129,0.6676324351934237
95160caf14611a705759de6bf13555b6,-30.0433149729081,-51.19565692297972,RS,2,84.94500000000001,125.825,251.65,84.94500000000001,1.0,2,2,0.4812525751957148,849.9221047053236,1.0,5.0,16.83997685185185,0.5,1.581168831168831,413,0.0,1.0,0.0,0.0,0.0,0.2942492200835835,0.7057507799164164,0.0,0.0,0.0,0.0,0.0,0.0,0.0,0.0,0.0,2,49.0,49.0,49.0,0.0,0.0,2.8071104387291985,0.6712807869082703
952bdd2866ddfc528203799b6b7a24e1,-22.900431764817597,-43.286456397020274,RJ,2,116.95,137.41,274.82,116.95,1.0,2,2,0.1749465583582727,728.7180337866162,5.5,4.0,15.755810185185185,0.0,1.6269487750556793,137,1.0,0.0,0.0,0.0,0.0,0.0,0.0,0.0,0.0,0.0,0.0,0.0,0.0,0.0,0.0,1.0,2,312.0,312.0,312.0,0.0,0.0,0.734427264121174,0.21654212468037196
954456f376f79dfa36460750500f7dc6,-27.58988501212751,-48.55115950994947,SC,2,199.935,226.43,452.86,133.29,1.5,1,2,0.1325180683722209,292.49428600251963,3.5,3.0,16.56662615740741,0.5,1.4938650306748464,135,1.0,0.0,0.0,0.0,0.0,0.0,0.0,0.0,1.0,0.0,0.0,0.0,0.0,0.0,0.0,0.0,2,354.0,354.0,354.0,1.0,0.0,2.9461484837922622,0.6974571766559358
9565b6eb599caea334238cf517c2408b,-23.172207438366566,-46.85072793904708,SP,2,48.85,62.440000000000005,124.88,32.56666666666667,1.5,2,2,0.2781985670419651,47.30647211671022,1.0,5.0,7.3058449074074066,0.0,1.760240963855422,36,0.0,0.2262972453555413,0.7737027546444587,0.0,0.0,0.0,0.0,0.8700102354145343,0.0,0.0,0.0,0.0,0.1299897645854657,0.0,0.0,0.0,2,380.0,380.0,380.0,0.0,0.0,3.4189667374380748,0.7741482953541383
95828271d6bee6d5eedcd00e639d67a6,-26.24031551438174,-49.36887447027449,SC,2,60.445,79.775,159.55,60.445,1.0,2,2,0.3197948548267019,407.3767453125781,7.5,4.0,11.039519675925929,0.0,2.0,18,1.0,0.0,0.0,0.0,0.0,0.0,0.0,0.0,0.0,0.0,0.0,0.8925469435023575,0.0,0.0,0.0,0.1074530564976424,2,211.0,211.0,211.0,0.0,0.0,4.679957280170879,0.9162472951583005
95c673245afd9e175e46590ea80fd159,-26.976965054168428,-48.644566572956194,SC,2,35.565,48.68,97.36,35.565,1.0,2,2,0.3687614227470828,358.2787657769779,2.0,5.0,6.878420138888889,0.0,2.0,120,1.0,0.0,0.0,0.0,0.0,0.0,0.0,0.0,0.0,0.0,0.0,0.0,0.0,0.0,0.0,1.0,2,196.0,196.0,196.0,0.0,0.0,0.8835364674018186,0.08744418288297069
95cfb39a7e263160308a934e42cfc4e0,-23.54816166111306,-46.29621539486716,SP,2,49.945,61.025000000000006,122.05,49.945,1.0,2,2,0.2218440284312744,92.51820746575356,1.0,2.5,4.998923611111112,0.0,2.0,287,0.0,1.0,0.0,0.0,0.0,0.0,0.0,0.0,0.400340374411853,0.5996596255881469,0.0,0.0,0.0,0.0,0.0,0.0,2,66.0,66.0,66.0,0.0,0.0,1.505645657975775,0.28539188890822886
95ec7fc6a1605502060075958c3f9852,-21.25067730605476,-50.64652522262236,SP,2,59.9,75.455,150.91,59.9,1.0,2,2,0.2596828046744574,249.8016954628892,1.5,5.0,10.077060185185186,0.0,1.525052192066806,355,1.0,0.0,0.0,0.0,0.0,0.0,0.0,0.0,0.0,0.0,0.5,0.0,0.5,0.0,0.0,0.0,2,124.0,124.0,124.0,0.0,0.0,0.9454686089983242,0.039640337743278624
95fc0e6f6939f521e44a588ff18eacb9,-23.173929129224923,-46.39849832934929,SP,2,154.95,170.73,341.46,154.95,1.0,2,2,0.101839303000968,32.10900893396715,1.0,4.5,10.507731481481482,0.0,1.9173228346456692,222,0.0,1.0,0.0,0.0,0.0,0.0,0.0,0.0,0.7744433688286545,0.0,0.0,0.0,0.0,0.2255566311713456,0.0,0.0,2,159.0,159.0,159.0,0.0,0.0,3.1697398949810722,0.7358913657894088
9620e26af0dfec5a16a52cd2afa81717,-25.492490569013757,-49.14226910216281,PR,2,119.99,137.325,274.65,119.99,1.0,2,2,0.1444703725310442,378.5835986019067,1.0,5.0,7.755162037037037,0.0,1.3757062146892656,391,1.0,0.0,0.0,0.0,0.0,0.3749895824652053,0.0,0.0,0.0,0.0,0.6250104175347946,0.0,0.0,0.0,0.0,0.0,2,140.0,140.0,140.0,0.0,0.0,1.558215350223547,0.30858845364288945
9627e55290c60f562fa06f399ec6b82f,-19.931996557590267,-43.93228112770116,MG,2,110.1,157.245,314.49,36.7,3.0,1,1,0.4282016348773841,489.3581655668102,1.0,3.5,8.482447916666667,0.0,2.0,171,0.0,1.0,0.0,0.0,0.0,0.0,0.0,0.0,1.0,0.0,0.0,0.0,0.0,0.0,0.0,0.0,2,49.0,49.0,49.0,1.0,1.0,0.9590730704541207,0.029544287909921536
962c6b5225cdd53c41509bc38d3a8217,-23.600542792275533,-46.619054442429096,SP,2,149.695,162.215,324.43,149.695,1.0,2,2,0.0836367280136277,193.535483106716,4.5,4.0,12.213038194444444,0.0,2.0,201,1.0,0.0,0.0,0.0,0.0,0.0,0.0,0.0,0.0,0.0,0.0,0.5995190220114233,0.0,0.0,0.0,0.4004809779885768,2,31.0,31.0,31.0,0.0,0.0,0.7171059595638828,0.23299237095472647
96701d73665eab8fc6fecb9863266efe,-23.54970610448732,-46.623089474891344,SP,2,126.45,139.26999999999998,278.54,126.45,1.0,2,2,0.1013839462238038,172.640943311165,3.0,5.0,10.619832175925923,0.0,1.5509554140127388,105,0.559057944998923,0.0,0.4409420550010771,0.0,0.4151838671411625,0.0,0.0,0.0,0.0,0.0,0.0,0.5848161328588375,0.0,0.0,0.0,0.0,2,366.0,366.0,366.0,0.0,0.0,0.7016311320178386,0.247972249537955
967eb85deeab5124df2165cdada917f3,-26.876411823459765,-52.40458658735514,SC,2,71.49,89.24000000000001,178.48000000000002,71.49,1.0,1,1,0.2482864736326759,696.3283600567315,1.0,4.0,11.36804398148148,0.0,1.6948955916473318,270,0.0,0.4915396683101747,0.0,0.0,0.0,0.0,0.0,0.0,0.0,0.0,1.0,0.0,0.0,0.0,0.0,0.0,2,161.0,161.0,161.0,1.0,1.0,1.0344238002963637,0.023929431635851307
967ee07cb69460a7e1d42c7747142572,-15.877711437579348,-52.27510390668422,MT,2,90.1,111.315,222.63,90.1,1.0,2,2,0.2354605993340732,1033.087598270021,6.0,3.0,15.341493055555556,0.0,1.2339527027027026,280,1.0,0.0,0.0,0.5493895671476138,0.0,0.0,0.0,0.0,0.0,0.0,0.0,0.0,0.0,0.4506104328523863,0.0,0.0,2,312.0,312.0,312.0,0.0,0.0,0.8305377405032067,0.13092099681314057
9689908caf4de73724feed92175d867a,-22.91269019469984,-42.47525363434982,RJ,3,106.32666666666668,146.46333333333334,439.39,79.745,1.3333333333333333,3,3,0.3774844817856919,852.7759534769615,8.666666666666666,3.6666666666666665,21.7969637345679,0.3333333333333333,3.0,30,1.0,0.0,0.0,0.0,0.0,0.2444667377265032,0.0,0.2570694087403599,0.0,0.0,0.0,0.0,0.0,0.0,0.0,0.4984638535331368,3,81.0,81.0,162.0,0.0,0.0,2.2571457428542567,0.4594701454781353
969e62a47aec03c735127e6f11ad6564,-22.859752983115943,-47.05396659673355,SP,2,184.485,223.16,446.32,92.2425,2.0,2,2,0.2096376399165243,348.0420527510754,8.5,5.0,19.25835648148148,0.5,1.5155601659751037,426,1.0,0.0,0.0,0.0,0.0,0.5122367672168469,0.0,0.0,0.4877632327831531,0.0,0.0,0.0,0.0,0.0,0.0,0.0,2,56.0,56.0,56.0,0.0,0.0,0.9569430438023414,0.031115740236834073
96f9204de777192f8feb7776d3cd09b4,-23.53012106648834,-46.79915789696047,SP,2,99.9,118.945,237.89,99.9,1.0,1,1,0.1906406406406406,226.7007415256544,1.0,5.0,6.535978009259259,0.0,2.0,24,0.0,1.0,0.0,0.0,0.0,0.0,1.0,0.0,0.0,0.0,0.0,0.0,0.0,0.0,0.0,0.0,2,59.0,59.0,59.0,1.0,1.0,1.718121572212066,0.37363202486505964
971e2252d557c5f6b2de810f6fcd52eb,-21.27730909084089,-47.85167237170555,SP,2,205.0,223.14,446.28,205.0,1.0,1,1,0.0884878048780487,289.8726978309488,8.5,5.0,5.1288425925925925,0.0,1.743436754176611,418,1.0,0.0,0.0,0.0,0.0,1.0,0.0,0.0,0.0,0.0,0.0,0.0,0.0,0.0,0.0,0.0,2,1.0,1.0,1.0,1.0,1.0,1.0,0.0
97258e1c1f77f32358eccd1c9ee5954d,-22.508320358247264,-41.924871315643145,RJ,2,124.995,144.875,289.75,124.995,1.0,2,2,0.1590463618544741,484.1993948950837,4.5,5.0,6.607922453703704,0.0,1.386148007590133,22,1.0,0.0,0.0,0.0,0.0,0.0,0.0,0.0,0.0,0.0,0.0,0.0,0.0,0.5599823992959718,0.0,0.4400176007040281,2,505.0,505.0,505.0,0.0,0.0,0.8552311435523113,0.1103550255228842
9735b1a02ad4d2b3747e9a74cad789a1,-16.163512734683835,-42.292924032468456,MG,2,49.495,65.945,131.89,49.495,1.0,2,2,0.3323568037175472,776.8572127716614,5.0,5.0,12.229513888888889,0.0,2.0,211,1.0,0.0,0.0,0.0,0.0,0.0,0.2019395898575613,0.0,0.0,0.0,0.0,0.0,0.0,0.0,0.0,0.7980604101424387,2,43.0,43.0,43.0,0.0,0.0,0.36250000000000004,0.6616962539543839
973f2fba63a7eb540f8860b0c75b63cb,-30.096642196546277,-51.13759126518862,RS,2,259.0,290.835,581.67,259.0,1.0,2,2,0.1229150579150579,626.2420934970519,3.5,5.0,26.26487847222222,0.5,2.0,66,1.0,0.0,0.0,0.0,0.0,0.2876447876447876,0.0,0.0,0.0,0.0,0.7123552123552124,0.0,0.0,0.0,0.0,0.0,2,222.0,222.0,222.0,0.0,0.0,0.49980661630095663,0.47164765066920533
974148f722b785f187ae13ec0040abcf,-33.68988966175978,-53.458837568924295,RS,2,189.45,206.505,413.01,189.45,1.0,1,2,0.0900237529691211,1302.8673002684488,2.5,5.0,11.796510416666669,0.0,1.4048076923076924,413,1.0,0.0,0.0,0.0,0.0,0.0,1.0,0.0,0.0,0.0,0.0,0.0,0.0,0.0,0.0,0.0,2,108.0,108.0,108.0,1.0,0.0,2.047369586069505,0.48605993844909534
976a39626eb2337ee3258d4ad73f1543,-30.08898400846811,-51.22571652348764,RS,2,123.945,167.405,334.81,82.63,1.5,3,3,0.350639396506515,769.4705887379108,8.0,3.0,10.03298611111111,0.0,1.2551546391752575,239,1.0,0.0,0.0,0.0,0.0,0.6853846464157489,0.0,0.0,0.2743152204606882,0.0,0.0,0.0,0.0,0.0,0.0,0.0403001331235628,2,343.0,343.0,343.0,0.0,0.0,4.581096849474912,0.907426598980353
97981245c3257ea9b14befffd560177b,-15.83268265788599,-48.003170947898,DF,2,103.895,123.495,246.99,103.895,1.0,1,2,0.188652004427547,761.1111353252791,1.0,3.5,18.78934027777778,0.5,1.8924870466321244,354,1.0,0.0,0.0,0.0,0.0,0.0,0.0,0.0,0.0,0.0,0.0,0.0,0.0,0.0,0.0,1.0,2,33.0,33.0,33.0,1.0,0.0,0.9726060218832362,0.019639469285961803
97bc08e526795b17e1d4f642f77ae304,-23.70276174366413,-46.62129987419276,SP,3,76.33333333333333,89.99000000000001,269.97,57.25,1.3333333333333333,3,3,0.1789082969432314,168.98510854784706,2.6666666666666665,3.6666666666666665,4.556400462962963,0.0,2.753140703517588,391,1.0,0.0,0.0,0.0,0.0,0.0,0.0,0.0,0.0,0.2576419213973799,0.3493449781659388,0.0,0.0,0.0,0.0,0.3930131004366812,3,3.0,3.0,6.0,0.0,0.0,0.7610837438423645,0.15242878111809932
97e5501feb2532ef0e124d2dc4e86537,-27.103819580009887,-52.62116763440417,SC,2,214.95,242.955,485.91,143.29999999999998,1.5,2,2,0.1302861130495464,711.1298923847686,1.0,5.0,19.27212962962963,0.0,2.0,86,0.0,1.0,0.0,0.0,0.0,0.2323796231681786,0.0,0.0,0.0,0.0,0.0,0.0,0.0,0.0,0.0,0.7676203768318214,2,108.0,108.0,108.0,0.0,0.0,3.123122613491727,0.7282220482010499
97f0fce3f9d7aad1b12499a4e4b10d07,-23.404370396440875,-46.83798658905219,SP,2,288.0,318.07,636.14,288.0,1.0,2,2,0.1044097222222222,74.89064448201721,9.0,5.0,9.430081018518518,0.0,1.3654205607476635,419,1.0,0.0,0.0,0.71875,0.0,0.0,0.0,0.0,0.0,0.0,0.0,0.0,0.0,0.0,0.0,0.28125,2,116.0,116.0,116.0,0.0,0.0,0.4689758688373167,0.5112279542291271
982f532d3e8e8177c57361a39d1b1492,-12.954480158888169,-38.438869462924174,BA,2,49.99,67.05,134.1,49.99,1.0,1,1,0.3412682536507301,1466.128216950806,1.0,5.0,26.006591435185182,1.0,2.0,143,1.0,0.0,0.0,0.0,0.0,0.0,0.0,0.0,0.0,0.0,0.0,0.0,0.0,0.0,0.0,1.0,2,27.0,27.0,27.0,1.0,1.0,1.0,0.0
9832ae2f7d3e5fa4c7a1a06e9551bc61,-22.677901559323,-43.25540412494455,RJ,3,326.16,342.03,1026.09,122.31,2.6666666666666665,1,2,0.0486571008094186,514.663180137596,2.0,2.6666666666666665,12.650208333333332,0.0,2.634014423076923,131,1.0,0.0,0.0,0.0,1.0,0.0,0.0,0.0,0.0,0.0,0.0,0.0,0.0,0.0,0.0,0.0,3,142.0,142.0,284.0,1.0,0.5,1.4365832614322693,0.4689067859278752
98341ec53bd2130c32390570d0929da9,-18.32583391535751,-53.71004660840088,MS,2,40.745000000000005,67.03,134.06,27.163333333333338,1.5,2,2,0.6451098294269235,948.5595412212213,1.5,5.0,13.530636574074071,0.0,2.0,74,1.0,0.0,0.0,0.0,0.0,0.0,0.0,0.0,0.0,0.0,0.0,0.0,0.0,0.0,0.0,1.0,2,127.0,127.0,127.0,0.0,0.0,1.1078616352201256,0.07236688824317038
983994b46a18dce5db8648ebf95754af,-19.86354834678422,-44.0386785514047,MG,2,102.4,123.48,246.96,102.4,1.0,2,2,0.2058593749999999,485.0351693402333,1.5,3.0,15.092795138888889,0.5,2.0,27,1.0,0.0,0.0,0.0,0.0,0.0,0.29248046875,0.0,0.0,0.0,0.0,0.0,0.0,0.0,0.0,0.70751953125,2,167.0,167.0,167.0,0.0,0.0,2.3341433778857836,0.5658915785297589
984503860d8d8dea530666eec07de95c,-21.20845512406071,-43.75917794829381,MG,2,46.75,64.365,128.73,46.75,1.0,1,2,0.3767914438502674,545.2556122345641,1.0,5.0,9.095133101851852,0.0,2.0,293,0.94500116522955,0.0,0.0549988347704497,0.0,0.0,0.0,0.0,0.0,0.0,0.0,0.0,0.0,0.0,0.0,0.0,1.0,2,33.0,33.0,33.0,1.0,0.0,0.7996644764434503,0.15742779731846845
98758d88bf4b8eef1372ddee45d63178,-9.78396600602061,-36.35068836619082,AL,2,459.55,498.98,997.96,459.55,1.0,2,2,0.0858013273854857,1655.877099278557,10.0,3.0,37.95290509259259,0.5,1.421206225680934,351,1.0,0.0,0.0,0.0,0.0,0.0,0.0,0.8803177020998804,0.0,0.0,0.1196822979001196,0.0,0.0,0.0,0.0,0.0,2,164.0,164.0,164.0,0.0,0.0,0.16940671908506075,1.0044719801207436
987fadd385777d8f27edac709bc9fb61,-23.632876114661915,-46.63767327959162,SP,2,206.5,251.125,502.25,59.0,3.5,1,1,0.2161016949152542,526.3916845812845,4.5,3.0,6.410966435185185,0.0,2.0,283,1.0,0.0,0.0,0.0,0.0,0.0,0.0,0.0,1.0,0.0,0.0,0.0,0.0,0.0,0.0,0.0,2,50.0,50.0,50.0,1.0,1.0,1.3333333333333333,0.20203050891044214
98883b9e1d9d9c46c298c69146db811a,-22.898533142275063,-43.56552697659895,RJ,2,43.9,56.94,113.88,43.9,1.0,2,2,0.2970387243735763,179.26756317124983,4.5,5.0,9.117528935185184,0.0,2.0,203,0.8648577449947313,0.0,0.1351422550052687,0.6822323462414579,0.0,0.0,0.0,0.3177676537585421,0.0,0.0,0.0,0.0,0.0,0.0,0.0,0.0,2,16.0,16.0,16.0,0.0,0.0,1.7114285714285713,0.37106341099146534
989aabc133cd6097fb2fc9c4a919af4b,-23.556516806064614,-46.67546209258915,SP,2,37.9,49.14,98.28,37.9,1.0,2,2,0.2965699208443272,151.4045119502006,3.5,5.0,8.517037037037037,0.0,1.7773722627737223,74,1.0,0.0,0.0,0.0,0.0,0.737467018469657,0.0,0.0,0.0,0.0,0.0,0.0,0.0,0.0,0.262532981530343,0.0,2,337.0,337.0,337.0,0.0,0.0,2.5505780346820806,0.6176032366407533
98a8081d6f922b47f0b48d0b10665047,-20.02923064018371,-40.74832030758145,ES,2,137.5,156.205,312.41,137.5,1.0,2,2,0.1360363636363636,725.0438897837657,1.5,5.0,11.628680555555556,0.0,2.0,24,0.3351365193175634,0.6648634806824365,0.0,0.0,0.0,0.0,0.6872727272727273,0.0,0.0,0.0,0.0,0.0,0.0,0.0,0.0,0.3127272727272727,2,208.0,208.0,208.0,0.0,0.0,0.5040681719705359,0.46630434064227305
98d2fc070f4afbd02c5788eacc6949c5,-12.985954415056923,-38.472100774363845,BA,2,248.5,311.99,623.98,165.66666666666666,1.5,1,1,0.2554929577464789,1456.4570907630907,3.0,4.0,19.205931712962965,0.0,1.478744939271255,487,1.0,0.0,0.0,0.0,0.0,0.0,0.0,0.0,1.0,0.0,0.0,0.0,0.0,0.0,0.0,0.0,2,7.0,7.0,7.0,1.0,1.0,0.3231128074639525,0.7234931462238203
98d9a0f7e940e0750fbf72f9aaab1210,-23.53392911179248,-46.81290218053812,SP,2,62.400000000000006,76.055,152.11,62.400000000000006,1.0,2,2,0.2188301282051282,313.1958824834802,2.5,3.5,8.536006944444445,0.0,1.5124223602484472,141,1.0,0.0,0.0,0.3597756410256409,0.0,0.0,0.0,0.0,0.6402243589743589,0.0,0.0,0.0,0.0,0.0,0.0,0.0,2,342.0,342.0,342.0,0.0,0.0,1.8874335611237663,0.43464916205997106
98e3117841a2431959d17808f04bf23c,-23.17157838502646,-46.97589459527797,SP,3,108.23333333333332,126.10333333333334,378.31,81.175,1.3333333333333333,3,3,0.1651062519248537,284.61874653186817,5.0,3.0,5.807067901234568,0.0,2.969512195121951,42,1.0,0.0,0.0,0.0,0.0,0.0,0.0,0.0,0.2309824453341545,0.0,0.0,0.0,0.0,0.0,0.0,0.7690175546658453,3,163.5,163.5,327.0,0.0,0.0,0.24712100378136817,0.742163966055803
9910e92c18776a14048773cef6592b91,-22.9838330172312,-43.207088132451375,RJ,2,120.67,133.07999999999998,266.16,120.67,1.0,1,2,0.102842462915389,266.1383949702853,4.0,3.5,6.547453703703704,0.0,1.5476694915254237,403,1.0,0.0,0.0,0.0,0.0,0.0,1.0,0.0,0.0,0.0,0.0,0.0,0.0,0.0,0.0,0.0,2,68.0,68.0,68.0,1.0,0.0,0.4110162752478397,0.590318330251168
9935b7e2683de890a208026f020e54d3,-23.56700982510195,-46.63949769356699,SP,2,123.95,136.115,272.23,123.95,1.0,1,2,0.0981444130697861,230.279407539654,1.5,5.0,2.9361689814814813,0.0,1.4021113243761998,238,1.0,0.0,0.0,0.0,0.0,0.0,1.0,0.0,0.0,0.0,0.0,0.0,0.0,0.0,0.0,0.0,2,283.0,283.0,283.0,1.0,0.0,0.8105214152700185,0.1480033221614425
9947c0ed8bf41cd508a78da36abc1d41,-23.188935219073763,-46.918232578239575,SP,3,49.833333333333336,63.77666666666666,191.33,37.375,1.3333333333333333,1,3,0.2797993311036789,183.65115683066256,2.6666666666666665,4.666666666666667,7.633761574074074,0.0,2.8684554973821985,313,1.0,0.0,0.0,0.0,0.0,0.0,0.0,0.0,0.0,0.0,0.0,0.0,0.0,0.0,0.0,1.0,3,34.5,34.5,69.0,1.0,0.5,1.2934131736526946,0.4424082926903928
995facb032e4446a511762f5f842eb11,-19.684057914354028,-44.8917690829729,MG,2,64.9,82.99000000000001,165.98000000000002,64.9,1.0,2,2,0.2787365177195685,492.4277755290731,1.0,3.5,10.618501157407408,0.0,2.0,181,0.0,1.0,0.0,0.0,0.0,0.0,0.0,0.0,0.0,0.0,0.0,0.0,0.0,0.0,0.0,1.0,2,151.0,151.0,151.0,0.0,0.0,2.4943157894736845,0.6047769529897715
995fe9426f030109b1614044edaf46d9,-23.4914984581636,-46.65198079801546,SP,2,89.94500000000001,109.47,218.94,89.94500000000001,1.0,2,2,0.2170771026738562,506.3626674364819,1.0,3.0,12.70447337962963,0.0,2.0,157,0.0,1.0,0.0,0.0,0.0,0.0,0.0,0.0,0.0,0.0,0.0,0.0,0.0,0.0,0.0,1.0,2,176.0,176.0,176.0,0.0,0.0,5.895748031496063,1.0040438299775003
996fdddf8cd5bbb99b221fcaf5ba1359,-3.800293232925237,-38.56665994126769,CE,2,77.44500000000001,97.045,194.09,77.44500000000001,1.0,2,2,0.2530828329782426,2123.335350722572,1.0,5.0,12.780769675925928,0.0,1.5675965665236051,410,0.0,0.6773661703333504,0.3226338296666495,0.0,0.0,0.0,0.0,0.0,0.0,0.0,0.290464200400284,0.0,0.0,0.0,0.0,0.7095357995997159,2,57.0,57.0,57.0,0.0,0.0,0.4763063816840344,0.5016672871832015
999bf1d2709dc80fcf55a92805ecc34f,-22.842360782688687,-47.10447361361512,SP,2,39.9,54.21,108.42,39.9,1.0,1,1,0.3586466165413534,546.3729517068699,1.5,4.0,14.989722222222223,0.0,1.5,465,0.5019369120088545,0.4980630879911455,0.0,0.0,0.0,0.0,1.0,0.0,0.0,0.0,0.0,0.0,0.0,0.0,0.0,0.0,2,22.0,22.0,22.0,1.0,1.0,0.992282249173098,0.005478414464090596
99b026061fefe9ff09cdd0e745a9233e,-22.93462983194668,-47.04135279003693,SP,2,159.9,180.545,361.09,159.9,1.0,1,1,0.1291119449656035,362.4423361873593,5.5,5.0,9.98636574074074,0.0,1.6125827814569538,342,1.0,0.0,0.0,0.0,0.0,0.0,1.0,0.0,0.0,0.0,0.0,0.0,0.0,0.0,0.0,0.0,2,111.0,111.0,111.0,1.0,1.0,0.9996123601727764,0.00027415588735813006
99b8ee09d642ffedf091951a7235faa0,-16.248903859646113,-47.9630273265547,GO,2,20.95,36.05,72.1,20.95,1.0,2,2,0.720763723150358,817.5837981737486,1.0,5.0,10.978362268518518,0.0,1.6602272727272729,200,0.0,0.0,1.0,0.5250596658711217,0.0,0.0,0.0,0.4749403341288782,0.0,0.0,0.0,0.0,0.0,0.0,0.0,0.0,2,240.0,240.0,240.0,0.0,0.0,1.06,0.04119068628271153
99bf2e03eb1ef8f29fd57ad10fd75e48,-3.745540045984489,-38.50388708035744,CE,2,201.9,287.18,574.36,201.9,1.0,2,2,0.4223873204556711,2577.0938278391595,6.0,1.5,36.27222800925926,0.5,2.0,124,1.0,0.0,0.0,0.0,0.0,0.0,0.7082714214957899,0.0,0.0,0.2917285785042099,0.0,0.0,0.0,0.0,0.0,0.0,2,32.0,32.0,32.0,0.0,0.0,0.715531660692951,0.2345039690793467
99d697dd68fad729283560abe0adae43,-22.827569265958036,-43.05486948642519,RJ,2,186.95,203.61,407.22,186.95,1.0,2,2,0.0891147365605777,376.4521592304056,2.0,5.0,15.116371527777778,0.0,1.4580838323353291,236,1.0,0.0,0.0,0.0,0.0,0.0,0.3182669162877775,0.0,0.0,0.0,0.0,0.0,0.0,0.6817330837122225,0.0,0.0,2,266.0,266.0,266.0,0.0,0.0,0.5034890160605501,0.46702873107394977
99da196553d9b67b1c762a712a8caaf6,-12.613335402339562,-38.30095545324636,BA,2,246.62,257.56,515.12,246.62,1.0,1,1,0.0443597437353012,31.458692511271856,1.0,5.0,5.409386574074074,0.0,2.0,283,0.0,1.0,0.0,0.0,0.0,0.0,0.0,0.0,0.0,0.0,0.0,0.0,0.0,0.0,0.0,1.0,2,5.0,5.0,5.0,1.0,1.0,1.0,0.0
9a30b2294f18ddcee9918dd3f3554407,-16.33854334867926,-48.92107385156258,GO,2,69.0,77.815,155.63,69.0,1.0,1,1,0.1277536231884058,50.75046901872828,1.0,5.0,5.20541087962963,0.0,2.0,58,1.0,0.0,0.0,0.0,0.0,0.0,1.0,0.0,0.0,0.0,0.0,0.0,0.0,0.0,0.0,0.0,2,85.0,85.0,85.0,1.0,1.0,1.004507985574446,0.0031804584388008435
9a57feadf40027e677c373d70108d57f,-23.00330081763093,-43.34319458062895,RJ,2,51.9,67.105,134.21,51.9,1.0,2,2,0.2929672447013487,314.1288063546285,3.5,5.0,7.04837962962963,0.0,1.560897435897436,373,1.0,0.0,0.0,0.0,0.0,0.0,0.2389210019267822,0.0,0.0,0.0,0.0,0.0,0.0,0.0,0.0,0.7610789980732178,2,95.0,95.0,95.0,0.0,0.0,0.4081418529010597,0.5944101561244788
9a6a921e2fdd2e6ba9c4fbdf24381248,-12.989205043327868,-38.48723859085748,BA,2,55.745,73.565,147.13,55.745,1.0,2,2,0.3196699255538613,1331.4540422901498,1.0,3.5,18.34593171296296,0.0,2.0,208,1.0,0.0,0.0,0.0,0.0,0.0,0.0,0.0,0.0,0.0,0.0,0.0,0.0,0.0,0.0,1.0,2,32.0,32.0,32.0,0.0,0.0,0.3834508697696286,0.6302588410575942
9a736b248f67d166d2fbb006bcb877c3,-23.587330449444924,-46.57204684418488,SP,2,77.49000000000001,116.745,233.49,38.745000000000005,2.0,3,3,0.5065814943863725,310.3084060931386,1.0,5.0,5.358153935185185,0.0,1.8171641791044773,390,0.0,0.0,1.0,0.0,0.0,0.167634533488192,0.0,0.0,0.2916505355529746,0.5407149309588334,0.0,0.0,0.0,0.0,0.0,0.0,2,12.0,12.0,12.0,0.0,0.0,2.2352778162671467,0.5399680461071626
9aaa6812e0daefa1f7edd5f772297d2e,-15.793175026659506,-47.8502642347384,DF,2,58.395,72.74000000000001,145.48000000000002,58.395,1.0,2,2,0.2456545937152153,721.0691621855403,1.0,5.0,7.579560185185185,0.0,2.0,56,0.6396755567775638,0.360324443222436,0.0,0.0,0.0,0.7174415617775495,0.0,0.0,0.0,0.0,0.0,0.0,0.0,0.0,0.0,0.2825584382224505,2,68.0,68.0,68.0,0.0,0.0,0.5632924994627122,0.3950621334536883
9ae2dda41ec3dae4c5c780e251223272,-23.50874753592084,-46.90120799246317,SP,2,24.4,33.28,66.56,24.4,1.0,1,1,0.3639344262295082,40.51518066894741,1.0,5.0,5.265162037037037,0.0,2.0,172,1.0,0.0,0.0,0.0,0.0,0.0,0.0,0.0,0.0,0.0,0.0,0.0,0.0,0.0,0.0,1.0,2,3.0,3.0,3.0,1.0,1.0,1.2350570852921423,0.1487303926774589
9af2c271654a36a48beefe342ba6208a,-29.927498600032703,-51.08044385611907,RS,2,66.6,81.32,162.64,66.6,1.0,2,2,0.221021021021021,597.2297143558468,2.5,5.0,18.44293981481481,0.0,2.0,255,1.0,0.0,0.0,0.0,0.0,0.0,0.0,0.0,0.0,0.0,0.4752252252252252,0.0,0.0,0.0,0.5247747747747749,0.0,2,87.0,87.0,87.0,0.0,0.0,0.9100411039342335,0.06660646758348453
9b22d6fe1f74d6e1aefec789415ec847,-23.496624662919192,-46.63305880829649,SP,2,40.49,56.155,112.31,26.99333333333333,1.5,2,2,0.3868856507779699,139.61144631228137,3.5,5.0,5.299351851851852,0.0,1.7992610837438423,168,1.0,0.0,0.0,0.0,0.0,0.2716720177821685,0.7283279822178316,0.0,0.0,0.0,0.0,0.0,0.0,0.0,0.0,0.0,2,237.0,237.0,237.0,0.0,0.0,0.4487874097007224,0.5380584589101802
9b352d0736779ff0e21fcbd59a7141b3,-22.98294824371053,-43.31571471069846,RJ,2,184.495,217.725,435.4500000000001,184.495,1.0,2,2,0.1801132822027697,373.55329726549417,1.0,1.0,10.73349537037037,0.5,2.0,26,0.0,1.0,0.0,0.0,0.0,0.4038049811648012,0.0,0.0,0.0,0.0,0.0,0.0,0.0,0.0,0.0,0.5961950188351988,2,22.0,22.0,22.0,0.0,0.0,0.8520330044232732,0.11298769051546666
9b7fcde05dd369caf4dea1f04ed39fcc,-23.46861132878542,-46.64974957787428,SP,2,82.75999999999999,99.84,199.68,82.75999999999999,1.0,2,2,0.2063798936684388,282.6675163761933,3.5,5.0,4.90765625,0.0,2.0,28,1.0,0.0,0.0,0.0,0.0,0.0,0.2750724987916868,0.0,0.7249275012083133,0.0,0.0,0.0,0.0,0.0,0.0,0.0,2,324.0,324.0,324.0,0.0,0.0,0.3707695476076063,0.6491727520388516
9b7fcfa05fb6f8b88fea3d74a6ba77d6,-23.83504509308929,-46.8141243529698,SP,2,34.95,52.150000000000006,104.3,23.3,1.5,2,2,0.4921316165951358,136.79013811751835,1.0,5.0,9.886354166666669,0.0,1.554255319148936,57,0.5741131351869606,0.4258868648130393,0.0,0.0,0.0,0.5722460658082975,0.0,0.0,0.0,0.0,0.0,0.4277539341917024,0.0,0.0,0.0,0.0,2,413.0,413.0,413.0,0.0,0.0,0.741816967267869,0.2096236018627809
9b8180cd4fe75a8acd576d0408ff8bf4,-23.62020802032187,-46.96215333417044,SP,2,54.45,65.105,130.21,54.45,1.0,1,2,0.195684113865932,148.05936534307912,1.5,4.5,4.1472395833333335,0.0,2.0,131,0.4653252438368789,0.0,0.5346747561631211,0.0,0.0,0.0,0.0,0.0,0.0,0.0,0.0,0.0,0.0,0.0,0.0,1.0,2,13.0,13.0,13.0,1.0,0.0,2.5781808189062927,0.6237484439527444
9bb5ee90bbf9e5dec4a866a9d1117328,-23.47006283599706,-46.854184868080544,SP,2,32.49,41.86,83.72,32.49,1.0,2,2,0.2883964296706679,46.71918911431239,3.0,4.5,6.1598090277777775,0.0,1.352777777777778,230,0.8883182035355949,0.0,0.1116817964644051,0.0,0.0,0.0,0.0,0.0,0.0,0.0,0.0,0.0,0.0,0.0,0.0,1.0,2,310.0,310.0,310.0,0.0,0.0,0.8219804134929272,0.13817805709761008
9bc158770d28e135f48b0c3fb2c21d27,-30.254781925783227,-54.92054897880419,RS,2,29.9,46.01,92.02,29.9,1.0,1,1,0.5387959866220736,1123.4349604606466,1.0,5.0,23.094756944444445,0.0,1.948,353,1.0,0.0,0.0,0.0,0.0,0.0,0.0,0.0,0.0,0.0,0.0,1.0,0.0,0.0,0.0,0.0,2,22.0,22.0,22.0,1.0,1.0,1.0,0.0
9bff551dd73fdb455a7c2ceb6bed2d39,-19.847308249462436,-44.02072940059756,MG,2,66.275,81.72,163.44,66.275,1.0,1,2,0.2330441342889475,501.356094129929,1.5,5.0,8.112407407407407,0.0,1.2793345008756567,380,1.0,0.0,0.0,1.0,0.0,0.0,0.0,0.0,0.0,0.0,0.0,0.0,0.0,0.0,0.0,0.0,2,191.0,191.0,191.0,1.0,0.0,1.0685989115301862,0.046898173691031435
9bff67cbd491a775eb1e262b778da4e6,-23.484817470883137,-46.68432304564826,SP,2,149.5,157.8,315.6,149.5,1.0,1,1,0.0555183946488294,28.958415564829707,2.5,1.0,17.838605324074074,1.0,2.0,229,1.0,0.0,0.0,0.0,0.0,0.0,0.0,0.0,0.0,0.0,0.0,0.0,0.0,0.0,0.0,1.0,2,19.0,19.0,19.0,1.0,1.0,1.0063572790845519,0.004481031566454674
9bff77a776574edf41418ddd01bcbb4e,-29.481789838978703,-51.80838831894323,RS,2,52.45,70.93,141.86,52.45,1.0,2,2,0.3523355576739752,973.0001488177776,1.0,4.5,17.15781828703704,0.0,2.0,140,0.4758212322007613,0.5241787677992387,0.0,0.0,0.0,0.0,0.0,0.0,0.5243088655862727,0.0,0.0,0.0,0.4756911344137273,0.0,0.0,0.0,2,69.0,69.0,69.0,0.0,0.0,1.1016296296296295,0.06838788268630643
9c08d6f85c7fcec4b08ead25590c0af7,-23.518609765750664,-46.41415473375324,SP,3,113.96333333333332,131.02666666666667,393.08,113.96333333333332,1.0,1,3,0.1497265202258036,241.2421564264548,6.0,4.333333333333333,8.775790895061728,0.0,3.0,94,1.0,0.0,0.0,0.0,0.0,0.0,1.0,0.0,0.0,0.0,0.0,0.0,0.0,0.0,0.0,0.0,3,8.5,8.5,17.0,1.0,0.0,0.13528458384974734,0.7100113252873239
9c18cd0ba86443dce5c2e5157cbd2eff,-27.54655250164613,-48.49769067542494,SC,2,79.4,109.34,218.68,52.93333333333334,1.5,2,2,0.3770780856423173,534.6145871453186,2.5,5.0,8.792251157407406,0.0,2.0,97,1.0,0.0,0.0,0.0,0.0,0.0,0.0,0.0,0.0,0.4395465994962216,0.0,0.0,0.0,0.0,0.0,0.5604534005037783,2,237.0,237.0,237.0,0.0,0.0,0.9616074632221027,0.027678955766219357
9c2014c8ebe041a98e9603375cd7bb6b,-20.357401684816484,-40.31502617791171,ES,2,38.945,55.395,110.79,38.945,1.0,2,2,0.4223905507767365,843.7986330599269,1.0,5.0,20.00028935185185,0.5,2.0,78,0.2998465565484249,0.0,0.700153443451575,0.0,0.0,0.0,0.0,0.0,0.0,0.0,0.0,0.0,0.7690332520220824,0.0,0.0,0.2309667479779175,2,231.0,231.0,231.0,0.0,0.0,0.42825834729921364,0.5661194285697876
9c3a23565ded3e71fc8979579e8f091c,-23.569991650229,-46.418547145766446,SP,2,26.99,34.77,69.54,26.99,1.0,2,1,0.2882549092256392,14.586630854185612,1.0,5.0,5.041591435185185,0.0,2.0,236,1.0,0.0,0.0,0.4444238606891441,0.0,0.0,0.0,0.0,0.0,0.0,0.0,0.0,0.0,0.0,0.0,0.5555761393108559,2,6.0,6.0,6.0,0.0,1.0,1.1888574126534468,0.12202015205980118
9c4220872289f4e0239410f49e02e189,-23.64889158520137,-46.608511222340695,SP,2,56.615,70.67,141.34,56.615,1.0,2,2,0.2482557626070829,318.6909746224851,5.5,4.0,20.79630208333333,0.0,2.0,99,1.0,0.0,0.0,0.0,0.0,0.7056433807294886,0.0,0.0,0.0,0.0,0.0,0.0,0.0,0.0,0.0,0.2943566192705113,2,110.0,110.0,110.0,0.0,0.0,1.9178364987613545,0.44485591469582436
9c540c186d344c460d85726b531b287b,-20.950932807355,-48.4880222511507,SP,2,76.45,93.815,187.63,76.45,1.0,2,2,0.227141922825376,410.2028684640004,1.5,5.0,14.269039351851852,0.0,1.5282426778242677,104,0.2463891701753451,0.753610829824655,0.0,0.0,0.0,0.816873773708306,0.0,0.0,0.0,0.0,0.0,0.1831262262916939,0.0,0.0,0.0,0.0,2,373.0,373.0,373.0,0.0,0.0,0.3269448373408769,0.717319750205444
9c760a39c48113c1450dd5b65958d7fa,-29.71734348292552,-52.43119950000143,RS,2,58.445,76.10499999999999,152.20999999999998,58.445,1.0,2,2,0.30216442809479,955.6290630264326,6.5,5.0,24.47747106481481,0.0,1.6269487750556793,363,1.0,0.0,0.0,0.0,0.0,0.4875523996920181,0.0,0.0,0.5124476003079819,0.0,0.0,0.0,0.0,0.0,0.0,0.0,2,86.0,86.0,86.0,0.0,0.0,1.0392550911039655,0.027223216199679122
9ca25c67e315e2a59b00eca2d4797734,-22.906992369909524,-43.28359017495626,RJ,2,132.245,147.6,295.2,132.245,1.0,2,2,0.1161102499149306,365.1450855390015,1.0,3.0,22.82542824074074,0.5,2.0,43,0.0,1.0,0.0,0.0,0.0,0.0,0.0,0.0,0.0,0.0,0.0,0.6786267911830315,0.0,0.0,0.0,0.3213732088169685,2,188.0,188.0,188.0,0.0,0.0,0.5177377892030849,0.4493673175833208
9cc5a07f169a1606fd347a56683e6ea6,-22.810296526690003,-43.19972920629696,RJ,4,91.425,104.8125,419.25,91.425,1.0,2,2,0.1464315012305168,112.06901263222026,1.0,5.0,5.19800636574074,0.0,4.0,12,0.146499701848539,0.8535002981514609,0.0,0.8742138364779874,0.0,0.0,0.1257861635220125,0.0,0.0,0.0,0.0,0.0,0.0,0.0,0.0,0.0,2,252.0,252.0,252.0,0.0,0.0,0.1716457535701311,0.9998498318974575
9cc73b2f1f13d58e4e11389fde3e2402,-23.669150273984144,-46.47676135641144,SP,2,101.995,118.915,237.83,101.995,1.0,1,2,0.1658904848276876,390.88437920996137,4.0,3.0,4.944618055555556,0.0,2.0,24,1.0,0.0,0.0,0.0,0.0,1.0,0.0,0.0,0.0,0.0,0.0,0.0,0.0,0.0,0.0,0.0,2,23.0,23.0,23.0,1.0,0.0,0.41447603187819676,0.5854153185705386
9ccfff93c79f3dd996cce15f26480c5b,-22.86007598011753,-43.39309198443078,RJ,2,59.9,70.275,140.55,59.9,1.0,1,1,0.1732053422370617,40.4808225523789,1.5,5.0,6.250983796296296,0.0,2.0,213,1.0,0.0,0.0,1.0,0.0,0.0,0.0,0.0,0.0,0.0,0.0,0.0,0.0,0.0,0.0,0.0,2,16.0,16.0,16.0,1.0,1.0,1.061757371277688,0.042361003896056355
9d1773d6d4fb3faaf3173924d181952a,-24.01408347670501,-46.43783704375947,SP,2,63.09,76.265,152.53,63.09,1.0,2,2,0.2088286574734506,141.00498452848947,1.0,5.0,15.06943287037037,0.0,2.0,165,0.2779781026683275,0.7220218973316724,0.0,0.7726264067205579,0.0,0.0,0.0,0.0,0.0,0.0,0.0,0.0,0.0,0.2273735932794421,0.0,0.0,2,61.0,61.0,61.0,0.0,0.0,0.3849995459911014,0.6279727567005161
9d2b062dc07734a1d7053478a7e83280,-23.968637489030144,-46.305116462814006,SP,2,29.85,41.52,83.03999999999999,19.9,1.5,1,1,0.3909547738693467,57.68131828022344,1.5,5.0,4.3291203703703705,0.0,2.0,284,1.0,0.0,0.0,0.0,0.0,0.0,0.0,0.0,0.0,0.0,0.0,0.0,0.0,1.0,0.0,0.0,2,7.0,7.0,7.0,1.0,1.0,2.0,0.4714045207910317
9d31457a03125fc870787a251760315a,-23.53432625028999,-46.6880286271514,SP,3,86.53333333333335,106.72333333333334,320.17,64.9,1.3333333333333333,1,2,0.2333204930662557,585.6350310691472,1.0,5.0,6.583946759259259,0.0,1.8827319587628863,368,1.0,0.0,0.0,1.0,0.0,0.0,0.0,0.0,0.0,0.0,0.0,0.0,0.0,0.0,0.0,0.0,3,107.0,107.0,214.0,1.0,0.5,0.9746987951807229,0.013150228869897654
9d42d5ee226121b6dc867197ce0529cc,-16.431841746136737,-51.81816134393013,GO,2,232.4,285.15,570.3,232.4,1.0,2,2,0.2269793459552496,799.4052974313504,6.5,4.5,11.484890046296297,0.0,2.0,72,1.0,0.0,0.0,0.0,0.0,0.1503872633390706,0.0,0.0,0.0,0.0,0.0,0.0,0.0,0.0,0.8496127366609295,0.0,2,53.0,53.0,53.0,0.0,0.0,5.627542126670541,0.9874449246659065
9d8130e675ce6c1f24cd519444f7642b,-25.22980960350924,-50.60436091054254,PR,2,99.4,116.8,233.6,99.4,1.0,1,2,0.1750503018108651,385.0871798684212,3.5,5.0,12.228119212962964,0.0,1.478744939271255,418,1.0,0.0,0.0,0.0,0.0,0.0,1.0,0.0,0.0,0.0,0.0,0.0,0.0,0.0,0.0,0.0,2,77.0,77.0,77.0,1.0,0.0,1.7625354777672657,0.3903616887920255
9e4accf95024aa6565ca1efcadb96752,-23.52198306496585,-46.341077825089386,SP,2,62.495,70.78,141.56,62.495,1.0,2,2,0.1325706056484518,162.02144009599564,1.0,4.5,5.57681712962963,0.0,2.0,113,0.7402514834699068,0.2597485165300933,0.0,0.0,0.7680614449155932,0.0,0.0,0.0,0.0,0.0,0.0,0.0,0.0,0.0,0.0,0.2319385550844067,2,251.0,251.0,251.0,0.0,0.0,2.8498776176230622,0.6795338126067952
9e527c9bc89a4228e5d8e136712ec63e,-27.58451586110161,-48.50093169079733,SC,2,124.35,156.09,312.18,62.175,2.0,1,2,0.2552472858866104,522.607199152901,3.0,5.0,11.082864583333333,0.0,1.9073107049608355,328,1.0,0.0,0.0,0.0,0.0,0.0,0.0,0.0,1.0,0.0,0.0,0.0,0.0,0.0,0.0,0.0,2,55.0,55.0,55.0,1.0,0.0,2.4698232744248085,0.5990633656487222
9eaed62db4e25ad2ac2fcdec58a8e6cc,-23.57651412764979,-46.69117717493798,SP,2,223.45,235.01,470.02,223.45,1.0,2,2,0.0517341687178339,273.4218661116826,5.0,5.0,6.3526851851851855,0.0,2.0,157,1.0,0.0,0.0,0.0,0.0,0.669053479525621,0.0,0.330946520474379,0.0,0.0,0.0,0.0,0.0,0.0,0.0,0.0,2,2.0,2.0,2.0,0.0,0.0,0.5262371736589168,0.43898931694445886
9eaee1fe94e2155bde44087d299c0b9d,-23.60498978074942,-46.61972711916796,SP,2,86.9,95.485,190.97,86.9,1.0,2,2,0.0987917146144994,56.71075228086906,1.0,1.0,4.145717592592593,0.0,2.0,117,0.0,0.0,1.0,0.7934407364787112,0.0,0.0,0.0,0.0,0.0,0.2065592635212888,0.0,0.0,0.0,0.0,0.0,0.0,2,69.0,69.0,69.0,0.0,0.0,3.2212643678160915,0.7441709215210364
9f10a450cddebea0e7cd86f67c894d1c,-29.684420784900013,-53.814001176264114,RS,2,52.445,69.76,139.52,52.445,1.0,2,2,0.3301554008961769,997.5791164488178,1.0,4.0,16.77777199074074,0.0,2.0,118,0.7126576834862385,0.2873423165137614,0.0,0.0,0.0,0.7617504051863858,0.0,0.0,0.0,0.0,0.0,0.0,0.0,0.0,0.0,0.2382495948136142,2,121.0,121.0,121.0,0.0,0.0,2.4801696183586928,0.6014867602581669
9f3495fec7de50e7f0e31d3f1ed3c526,-24.009817685377847,-46.4071950523603,SP,2,37.35,48.455,96.91,24.899999999999995,1.5,1,1,0.297322623828648,48.5220001579454,1.0,5.0,6.813686342592593,0.0,2.0,58,1.0,0.0,0.0,1.0,0.0,0.0,0.0,0.0,0.0,0.0,0.0,0.0,0.0,0.0,0.0,0.0,2,99.0,99.0,99.0,1.0,1.0,0.500619386807061,0.47062622419288325
9f37b1215df84eae065524290b66cba6,-23.31817634345101,-46.22628843894135,SP,2,26.0,34.56,69.12,26.0,1.0,2,1,0.3292307692307692,45.04337216962021,1.0,4.0,10.277662037037036,0.0,2.0,206,0.0,0.0,1.0,0.0,0.0,0.0,0.7673076923076922,0.0,0.0,0.0,0.0,0.0,0.2326923076923077,0.0,0.0,0.0,2,9.0,9.0,9.0,0.0,1.0,0.4037367993501218,0.6007133997580161
9f5e91d56f3c3c192a0ee7fa88de7113,-8.045263120469754,-34.89413529352071,PE,2,62.900000000000006,96.84,193.68,62.900000000000006,1.0,1,2,0.5395866454689984,2315.961249466346,5.5,3.0,32.44941550925926,0.5,2.0,269,1.0,0.0,0.0,0.0,0.0,1.0,0.0,0.0,0.0,0.0,0.0,0.0,0.0,0.0,0.0,0.0,2,85.0,85.0,85.0,1.0,0.0,0.45591220025558143,0.528504634678669
9f67aa18a87ea9a76854deeb9385c011,-23.53735860206612,-46.57654545921603,SP,2,103.35,130.9,261.8,51.675,2.0,2,2,0.266569908079342,243.68636565157055,2.0,5.0,9.161782407407408,0.0,2.0,30,1.0,0.0,0.0,0.0,0.0,0.0,0.0,0.0,0.0,0.0,0.0,0.2268988872762457,0.0,0.0,0.0,0.7731011127237543,2,58.0,58.0,58.0,0.0,0.0,0.3196894848270995,0.729038435362387
9f6a13c93d886acbefe16ad39bbfb85c,-6.772046485679327,-43.0227112393164,PI,2,103.4,141.67,283.34,103.4,1.0,2,2,0.3701160541586074,1876.5778205269908,10.0,4.0,15.026967592592596,0.0,1.7773722627737223,229,1.0,0.0,0.0,0.0,0.0,0.0,0.0,0.0,0.0,0.0,0.0,0.0,0.0,0.3762088974854932,0.0,0.6237911025145068,2,183.0,183.0,183.0,0.0,0.0,1.444904650962119,0.2573475375024944
9fa0a504d42412f2bc9878d90541121d,-23.30797578932859,-46.73024156626988,SP,2,27.465,55.05,110.1,27.465,1.0,2,2,1.004369197160022,1152.6650635708197,1.0,5.0,9.330763888888889,0.0,1.821695760598504,171,0.0,1.0,0.0,0.0,0.0,0.0,0.0,0.0,0.764609503003823,0.0,0.0,0.0,0.0,0.0,0.0,0.2353904969961769,2,230.0,230.0,230.0,0.0,0.0,0.9905984451274633,0.006679301112025558
9fe8cb705d35cf54025160f9f01b7cc4,-23.6794619489137,-46.61268006383487,SP,2,81.45,98.08,196.16,54.3,1.5,2,2,0.2041743400859422,165.590308906174,2.5,5.0,3.333067129629629,0.0,1.67545871559633,264,1.0,0.0,0.0,0.3984039287906691,0.6015960712093309,0.0,0.0,0.0,0.0,0.0,0.0,0.0,0.0,0.0,0.0,0.0,2,172.0,172.0,172.0,0.0,0.0,1.3748184019370462,0.22320581102707504
a00a13ac36037d575bb016caf8f50d53,-20.25928998065716,-40.29469227457133,ES,2,34.24,58.07,116.14,22.826666666666668,1.5,2,2,0.6959696261682243,751.7143319935245,4.5,5.0,10.044155092592591,0.0,1.3967495219885278,513,1.0,0.0,0.0,0.0,0.0,0.0,0.0,0.0,0.5622079439252337,0.4377920560747663,0.0,0.0,0.0,0.0,0.0,0.0,2,10.0,10.0,10.0,0.0,0.0,1.1483536810950794,0.09765793671630978
a029899dd8534557a81c369475ff80c8,-17.733108195856715,-49.11374034658263,GO,3,142.79999999999998,170.43,511.29,61.2,2.333333333333333,2,2,0.1934873949579832,394.4896855643034,1.0,5.0,12.871728395061728,0.0,3.0,124,0.0,1.0,0.0,0.0,0.0,0.0,0.0,0.0,0.2450980392156863,0.0,0.0,0.0,0.7549019607843137,0.0,0.0,0.0,3,9.0,9.0,18.0,0.5,0.5,1.43815225305396,0.25591561936571744
a0abd26659c9914690cbd3320d39fd96,-29.89786293131859,-51.147512998109846,RS,4,81.7975,106.53,426.12,65.438,1.25,4,4,0.3023625416424707,670.86061916096,5.0,5.0,13.533570601851851,0.0,3.1555075593952484,71,1.0,0.0,0.0,0.0,0.0,0.0,0.1433417891744857,0.0,0.0,0.0,0.0,0.0,0.0,0.0,0.0,0.8566582108255143,4,130.66666666666666,135.0,392.0,0.0,0.0,0.2684439467677333,0.7867131742793038
a0d44d593fe455c0ec7ed8f4715190cb,-23.57803920038099,-46.6865788067161,SP,2,89.9,111.61,223.22,89.9,1.0,1,1,0.2414905450500556,495.6789240948597,10.0,2.5,7.063721064814815,0.0,2.0,152,1.0,0.0,0.0,0.0,0.0,0.0,0.0,0.0,0.0,0.0,1.0,0.0,0.0,0.0,0.0,0.0,2,1.0,1.0,1.0,1.0,1.0,1.0,0.0
a0e0770d529c5da6dd71d5be8620aa3b,-7.912988588298242,-34.90425089245678,PE,2,56.99,74.67,149.34,56.99,1.0,1,1,0.3102298648885769,2144.505071516178,5.0,3.0,10.82494212962963,0.0,1.5378947368421052,452,1.0,0.0,0.0,0.0,0.0,0.0,0.0,0.0,0.0,0.0,0.0,0.0,0.0,0.0,0.0,1.0,2,23.0,23.0,23.0,1.0,1.0,1.0,0.0
a0ef77ac3d3662b055dc12b045da37ed,-23.49690659584323,-46.79774126476707,SP,2,83.45,98.215,196.43,83.45,1.0,2,2,0.1769322947872977,280.4144348196205,4.5,5.0,4.946811342592593,0.0,1.812655086848635,247,1.0,0.0,0.0,0.0,0.0,0.0,0.0,0.0,0.0,0.340922708208508,0.6590772917914919,0.0,0.0,0.0,0.0,0.0,2,156.0,156.0,156.0,0.0,0.0,1.9685658153241647,0.46142110274648296
a1044dd75b74fbc485b040575a14acf0,-23.034013821963825,-49.16277608958893,SP,2,831.5,868.94,1737.88,554.3333333333334,1.5,2,2,0.0450270595309681,306.7370640953338,5.5,3.0,9.907806712962962,0.0,2.0,256,1.0,0.0,0.0,0.0,0.0,0.0,0.9615153337342152,0.0,0.0,0.0,0.0,0.0,0.0,0.0,0.0,0.0384846662657847,2,8.0,8.0,8.0,0.0,0.0,18.816191562143672,1.2714804284166419
a10fe3c477989c968aa284bd448b1d5b,-23.166021744924358,-47.74685132764185,SP,2,139.94,166.325,332.65,93.29333333333334,1.5,2,2,0.1885450907531799,100.28492949828365,1.5,5.0,11.79275462962963,0.0,1.4156976744186045,491,0.6073049751991584,0.0,0.3926950248008417,0.0,0.0,0.0,0.0,0.0,0.0,0.6073317135915393,0.0,0.0,0.0,0.0,0.0,0.3926682864084608,2,25.0,25.0,25.0,0.0,0.0,0.6741318570709612,0.2752752988536237
a147b35c04951884b4bbd65a0085cf88,-23.734709580346028,-46.713590780293146,SP,2,99.45,111.15,222.3,99.45,1.0,2,2,0.1176470588235294,196.4085449426157,4.0,3.5,15.303443287037036,0.5,2.0,67,1.0,0.0,0.0,0.5525389643036702,0.4474610356963298,0.0,0.0,0.0,0.0,0.0,0.0,0.0,0.0,0.0,0.0,0.0,2,217.0,217.0,217.0,0.0,0.0,0.7724445861904002,0.18156390045041898
a1874c5550d2f0bc14cc122164603713,-22.92915134908306,-43.181939299733735,RJ,4,167.5975,197.6675,790.67,111.73166666666668,1.5,4,4,0.1794179507450886,342.86252693899854,7.0,4.25,10.946400462962965,0.0,3.4055944055944054,102,1.0,0.0,0.0,0.0,0.0,0.0,0.0,0.0,0.0,0.6175509777890482,0.0,0.0,0.0744342845209505,0.0,0.0,0.3080147376900014,4,109.0,91.0,327.0,0.0,0.0,0.223359173126615,1.029397060117687
a1a374f4c131638dc698c76bebd11769,-23.51716017027812,-46.61224749777829,SP,2,159.85000000000002,178.52,357.04,106.56666666666668,1.5,1,1,0.1167969971848608,140.2685320120304,1.0,5.0,5.676255787037038,0.0,2.0,213,0.0,1.0,0.0,0.0,0.0,1.0,0.0,0.0,0.0,0.0,0.0,0.0,0.0,0.0,0.0,0.0,2,7.0,7.0,7.0,1.0,1.0,0.45885429435319114,0.5245867247386643
a1c1665f040ebd05f327c8e9dc1cdf4f,-18.97752153791913,-49.48078094227245,MG,2,76.95,88.32,176.64,76.95,1.0,2,2,0.1477582846003898,448.7468335139406,3.5,4.0,8.502378472222222,0.0,2.0,126,1.0,0.0,0.0,0.0,0.0,0.0,0.0,0.7732293697205977,0.0,0.0,0.0,0.0,0.0,0.0,0.0,0.2267706302794022,2,167.0,167.0,167.0,0.0,0.0,2.5328,0.6135944713557179
a1c61f8566347ec44ea37d22854634a1,-21.55779723791944,-45.42250276318972,MG,2,54.94499999999999,72.235,144.47,54.94499999999999,1.0,2,2,0.3146783146783147,159.76114557041535,1.0,4.5,3.71802662037037,0.0,1.3705440900562853,8,1.0,0.0,0.0,0.0,0.0,0.0,0.0,0.0,0.0,0.0,0.0,0.1810901810901811,0.818909818909819,0.0,0.0,0.0,2,524.0,524.0,524.0,0.0,0.0,3.6814646791963708,0.8100378783579539
a1f6aec75e41168caba548372f245c68,-23.21565356854424,-44.70625430779405,RJ,2,107.0,124.065,248.13,107.0,1.0,1,1,0.1594859813084111,394.37353290731374,1.0,2.0,25.22883101851852,0.5,2.0,180,0.0,1.0,0.0,0.0,0.0,0.0,1.0,0.0,0.0,0.0,0.0,0.0,0.0,0.0,0.0,0.0,2,77.0,77.0,77.0,1.0,1.0,1.0255510204081633,0.017839392456485637
a2027a1c6f9e04a875c44ea09061d3f2,-23.49545409807267,-46.58919433039713,SP,2,111.395,136.695,273.39,74.26333333333334,1.5,2,2,0.2271197091431392,300.373147972004,7.0,3.0,8.120422453703704,0.0,2.0,107,1.0,0.0,0.0,0.0,0.0,0.5964809910678217,0.0,0.0,0.0,0.0,0.0,0.0,0.0,0.0,0.0,0.4035190089321783,2,53.0,53.0,53.0,1.0,1.0,1.5028838231255148,0.28414627814168075
a2370b590b2453d5a748d4c4c35f900b,-20.698539111736665,-44.826747744809545,MG,2,22.9,38.23,76.46000000000001,22.9,1.0,2,1,0.6694323144104803,378.79314866661537,3.5,5.0,8.021157407407408,0.0,1.478744939271255,293,1.0,0.0,0.0,0.0,0.0,0.0,0.631004366812227,0.0,0.0,0.0,0.0,0.0,0.3689956331877729,0.0,0.0,0.0,2,201.0,201.0,201.0,0.0,1.0,0.7197480881691408,0.2304616922203605
a239b8e2fbce33780f1f1912e2ee5275,-3.072879662354783,-60.00148881235231,AM,4,99.925,129.625,518.5,99.925,1.0,3,3,0.2972229171878909,2625.5287210493107,5.5,5.0,15.901880787037037,0.0,2.5497382198952883,562,1.0,0.0,0.0,0.0,0.0,0.5374030522892169,0.0,0.0,0.0,0.3750312734550913,0.0,0.0,0.0875656742556917,0.0,0.0,0.0,2,11.0,11.0,11.0,0.0,0.0,0.5285966981132076,0.43612873408574326
a253d10c681ebc4ee987907d2fd156ce,-22.897213252530264,-43.2733527983073,RJ,2,193.95,222.935,445.87,193.95,1.0,2,2,0.1494457334364527,734.5467810296226,1.0,4.5,8.13076388888889,0.0,2.0,111,0.0,1.0,0.0,0.0,0.0,0.0,0.0,0.0,0.0,0.0,0.0,0.0,0.0,0.0,0.0,1.0,2,49.0,49.0,49.0,0.0,0.0,0.8986118208141713,0.07552072335008723
a262442e3ab89611b44877c7aaf77468,-22.97517107056021,-43.24357160448603,RJ,2,73.95,88.915,177.83,73.95,1.0,2,2,0.20236646382691,631.7200897711376,3.5,5.0,10.970086805555557,0.0,1.2998220640569391,40,1.0,0.0,0.0,0.0,0.0,0.0,0.0,0.1413116970926301,0.0,0.0,0.0,0.0,0.0,0.0,0.0,0.8586883029073699,2,522.0,522.0,522.0,0.0,0.0,3.59746639089969,0.7989992499107285
a278e5ab3d212b2c8285bdfa911b25a7,-22.936712671809676,-43.37795808779223,RJ,2,112.45,144.515,289.03000000000003,112.45,1.0,2,2,0.2851489550911515,465.8552348881736,1.5,5.0,7.789166666666667,0.0,2.0,75,0.7286786838736463,0.2713213161263536,0.0,0.0,0.0,0.2663405958203645,0.0,0.0,0.7336594041796354,0.0,0.0,0.0,0.0,0.0,0.0,0.0,2,112.0,112.0,112.0,0.0,0.0,0.3723469920706519,0.6468009923194804
a2b7188b91416738f3f713f6e107f276,-30.073588215443007,-51.20922993832115,RS,2,177.4,201.77,403.54,118.26666666666668,1.5,2,2,0.1373731679819616,839.1009946469812,4.0,4.5,19.353252314814814,0.0,2.0,195,1.0,0.0,0.0,0.0,0.2113866967305524,0.0,0.0,0.0,0.0,0.0,0.7886133032694476,0.0,0.0,0.0,0.0,0.0,2,124.0,124.0,124.0,0.0,0.0,0.28409597148857635,0.788446665169993
a2c15de05ef380b5a7eaf915898926db,-22.92273583741293,-43.18931182539369,RJ,2,89.9,105.28,210.56,89.9,1.0,1,1,0.1710789766407119,510.06151138672345,2.0,4.0,18.750613425925927,0.0,2.0,275,1.0,0.0,0.0,0.0,0.0,0.0,0.0,0.0,0.0,0.0,0.0,0.0,0.0,0.0,0.0,1.0,2,14.0,14.0,14.0,1.0,1.0,1.0,0.0
a2d2201f14b81eb836de9fef6d305311,-27.593506267491907,-48.54416521865447,SC,2,94.99,123.92,247.84,94.99,1.0,1,1,0.3045583745657437,2827.043012155202,1.5,5.0,14.525694444444444,0.0,2.0,18,1.0,0.0,0.0,1.0,0.0,0.0,0.0,0.0,0.0,0.0,0.0,0.0,0.0,0.0,0.0,0.0,2,35.0,35.0,35.0,1.0,1.0,1.6160016888325945,0.33301123103653096
a2d8125361b16f316df65f4603b88e23,-29.921660853930582,-51.01773746334475,RS,2,209.2,249.11,498.22,139.46666666666667,1.5,2,2,0.190774378585086,1267.3463403388762,1.0,5.0,15.221087962962962,0.0,2.0,176,0.5276785355866886,0.4723214644133114,0.0,0.0,0.0,0.0,0.0,0.0,0.0,0.0,0.0,0.5474187380497132,0.0,0.0,0.0,0.4525812619502868,2,57.0,57.0,57.0,0.0,0.0,1.1172021077681455,0.07828672082664273
a2eb3545fdbc2c6687e8d66c78c206d6,-23.495800627202463,-46.46132416639186,SP,2,57.400000000000006,101.64,203.28,19.133333333333336,3.0,2,2,0.7707317073170731,322.70958874254643,1.0,5.0,7.5383101851851855,0.0,2.0,84,0.0,1.0,0.0,0.0,0.0,0.3257839721254356,0.0,0.0,0.0,0.0,0.0,0.0,0.0,0.0,0.0,0.6742160278745645,2,281.0,281.0,281.0,0.0,0.0,1.1867469879518073,0.12077305904563623
a2ee01609cebac76651bfc4814f5500e,-23.32830123460838,-46.71061618646544,SP,2,61.495,71.925,143.85,61.495,1.0,2,2,0.1696072851451337,243.7565160617514,1.0,4.0,5.743391203703704,0.0,2.0,85,1.0,0.0,0.0,0.0,0.0,0.0,0.0,0.3902756321652167,0.0,0.0,0.0,0.0,0.0,0.6097243678347833,0.0,0.0,2,46.0,46.0,46.0,0.0,0.0,0.7461762563729061,0.20556972950449368
a3021c629bd1d99347a8e75a9ab035d8,-23.611906434984807,-46.68823072461429,SP,3,66.53,92.46666666666664,277.4,39.918,1.6666666666666667,1,2,0.3898491908412245,374.5819694384505,1.0,3.333333333333333,10.042403549382716,0.0,2.6922604422604426,298,0.5961788031723144,0.4038211968276857,0.0,0.0,0.0,1.0,0.0,0.0,0.0,0.0,0.0,0.0,0.0,0.0,0.0,0.0,2,109.0,109.0,109.0,1.0,0.0,0.2381717550437422,0.8701440909366974
a30af9d68fbfcafb8451854c528587f5,-23.50225798937993,-46.63312447104626,SP,2,47.445,58.85,117.7,47.445,1.0,2,2,0.2403836020655495,175.74460365432208,5.5,4.5,3.347361111111111,0.0,2.0,40,1.0,0.0,0.0,0.0,0.0,0.0,0.7366424280746128,0.2633575719253873,0.0,0.0,0.0,0.0,0.0,0.0,0.0,0.0,2,90.0,90.0,90.0,0.0,0.0,0.38032133223877096,0.6348941770245909
a31ef19138e1e8ddad1c8c30612a044d,-23.50040034731132,-47.459054114524,SP,2,52.49,60.82000000000001,121.64,52.49,1.0,2,2,0.1586968946465993,93.81740318224044,3.5,4.0,5.375902777777778,0.0,2.0,87,1.0,0.0,0.0,0.0,0.0,0.7143265383882644,0.0,0.0,0.0,0.0,0.0,0.0,0.0,0.0,0.0,0.2856734616117355,2,195.0,195.0,195.0,0.0,0.0,2.220545406407201,0.5359688032341309
a32fd99e791dbe323486039bce9ac35e,-22.24803424740676,-45.935996701096265,MG,2,44.0,69.61,139.22,22.0,2.0,1,1,0.5820454545454545,141.81858104313702,1.0,5.0,6.976770833333333,0.0,2.0,69,1.0,0.0,0.0,0.0,0.0,0.0,0.0,0.0,0.0,0.0,0.0,0.0,0.0,0.0,0.0,1.0,2,44.0,44.0,44.0,1.0,1.0,3.001724633515378,0.7074115248072285
a35e6ad969a4298593c504f69c03efb4,-23.225880409887527,-45.88754843700765,SP,2,29.235,41.05,82.1,19.49,1.5,1,1,0.4041388746365657,102.47401626076127,1.0,4.5,4.098344907407407,0.0,2.0,32,0.333252131546894,0.0,0.0,0.0,0.0,0.0,1.0,0.0,0.0,0.0,0.0,0.0,0.0,0.0,0.0,0.0,2,58.0,58.0,58.0,1.0,1.0,2.000730994152047,0.4716341941263746
a366793a4999f8cc135855c4dd347421,-23.504075807523428,-46.41040121852347,SP,2,91.05,103.985,207.97,91.05,1.0,2,2,0.1420647995606809,229.9701117428425,5.0,5.0,9.76339699074074,0.0,2.0,85,1.0,0.0,0.0,0.2537067545304777,0.0,0.0,0.0,0.0,0.7462932454695221,0.0,0.0,0.0,0.0,0.0,0.0,0.0,2,113.0,113.0,113.0,0.0,0.0,0.4046332567877887,0.5994274439735939
a38b86dce31f7c014a0c958b548f6a64,-20.37493775664545,-43.41818882661167,MG,2,73.99000000000001,90.33,180.66,73.99000000000001,1.0,2,2,0.2208406541424516,466.8498833299181,1.0,5.0,10.201018518518518,0.0,1.4048076923076924,447,0.0,0.0,0.0,0.0,0.0,0.0,0.0,0.0,0.0,0.0,0.0,0.0,0.0,0.0,0.0,1.0,2,73.0,73.0,73.0,0.0,0.0,4.557059366348816,0.9052344534087498
a3ad86e859f1d0466bc1beb77fdf218c,-23.60893891961063,-46.741471653155486,SP,2,110.32,118.155,236.31,110.32,1.0,1,1,0.0710206671501087,92.52978846193209,5.0,3.0,7.287829861111112,0.5,2.0,32,1.0,0.0,0.0,1.0,0.0,0.0,0.0,0.0,0.0,0.0,0.0,0.0,0.0,0.0,0.0,0.0,2,72.0,72.0,72.0,1.0,1.0,1.0033062054933877,0.0023339820122953233
a3c22bbd3ae5d6200ac82078b67eec2a,-23.688263326398616,-46.50533446068932,SP,2,119.5,131.31,262.62,79.66666666666667,1.5,1,1,0.0988284518828452,25.85575305544548,7.5,5.0,6.916903935185185,0.0,2.0,264,1.0,0.0,0.0,0.0,1.0,0.0,0.0,0.0,0.0,0.0,0.0,0.0,0.0,0.0,0.0,0.0,2,5.0,5.0,5.0,1.0,1.0,3.6252201479394155,0.8026908598253505
a3cff19572a9d98802efdd6603792ce9,-22.254179754324813,-54.8114786369815,MS,2,41.5,57.46,114.92,41.5,1.0,2,2,0.384578313253012,756.2320392320839,4.5,3.0,7.237459490740742,0.0,2.0,236,1.0,0.0,0.0,0.0,0.0,0.0,0.0,0.3493975903614458,0.0,0.0,0.0,0.0,0.0,0.0,0.6506024096385542,0.0,2,6.0,6.0,6.0,0.0,0.0,1.6058956916099771,0.3288181899287251
a3dc27d87234f862d7e61a0148c77fa9,-23.46943099612784,-46.53754827011586,SP,3,154.76000000000002,209.5433333333333,628.63,42.20727272727273,3.6666666666666665,2,4,0.3539889721719652,581.4751276386368,1.0,5.0,11.063479938271604,0.0,3.0,142,0.0,1.0,0.0,0.7792280520375635,0.0,0.0,0.0,0.0,0.0,0.0,0.0,0.0,0.0,0.0,0.0,0.2207719479624364,2,49.0,49.0,49.0,1.0,0.0,2.6669777751852064,0.6428897916411233
a40096fc0a3862e9e12bc55b5f8e6ab2,-22.92356079323662,-43.26588926064144,RJ,3,120.85,152.39333333333337,457.18,45.31875,2.6666666666666665,4,5,0.2610398565715073,396.8931240412754,1.0,1.0,11.806601080246914,0.0,3.0,326,1.0,0.0,0.0,0.0,0.0,0.4239415253068542,0.0,0.0,0.4224244931733554,0.0,0.0,0.0,0.0,0.0,0.0,0.1536339815197903,2,1.0,1.0,1.0,1.0,0.0,3.985605234460196,0.8468948534636378
a4030b5e97ffc14114e66d82df860f6f,-23.688097726271145,-46.655106181548405,SP,2,24.4,33.480000000000004,66.96000000000001,24.4,1.0,2,2,0.3721311475409836,51.45622261796267,1.0,3.5,13.04949074074074,0.0,1.3757062146892656,93,1.0,0.0,0.0,0.0,0.0,0.0,0.5922131147540983,0.0,0.0,0.0,0.0,0.0,0.0,0.0,0.0,0.4077868852459016,2,438.0,438.0,438.0,0.0,0.0,1.339622641509434,0.2052890655057719
a43931660f8bbcc1c64db8ddf4b10dff,-22.947229781785992,-46.977727958340985,SP,2,52.400000000000006,64.365,128.73,52.400000000000006,1.0,2,2,0.2283396946564885,138.01119732199084,2.5,5.0,7.057662037037037,0.0,1.679310344827586,331,1.0,0.0,0.0,0.7146946564885496,0.0,0.0,0.0,0.0,0.0,0.0,0.0,0.0,0.0,0.0,0.0,0.2853053435114503,2,104.0,104.0,104.0,0.0,0.0,0.41383855024711697,0.5863169255329146
a4e456eca4b667dc31e1881a4b56b319,-23.59190328302429,-48.06905260227404,SP,2,69.9,82.84,165.68,69.9,1.0,2,2,0.1851216022889842,329.92773142557127,1.0,4.0,9.57265625,0.0,2.0,87,0.0,0.868722839208112,0.0,0.0,0.0,0.0,0.0,0.9291845493562232,0.0,0.0708154506437768,0.0,0.0,0.0,0.0,0.0,0.0,2,145.0,145.0,145.0,0.0,0.0,6.617471264367817,1.042905679929652
a4e71a98a7a1490fff07e7a65cf06be2,-20.831243248021067,-49.36971475398077,SP,2,130.4,150.97,301.94,130.4,1.0,2,2,0.1577453987730061,228.63582441369985,9.0,2.5,12.805769675925925,0.0,1.472782258064516,327,1.0,0.0,0.0,0.0,0.0,0.0,0.0,0.2910276073619632,0.0,0.7089723926380368,0.0,0.0,0.0,0.0,0.0,0.0,2,169.0,169.0,169.0,0.0,0.0,0.41503421126628554,0.5846265379062388
a4e8a2fb3d4d783c8eec5bf1ea80d3c6,-22.8135966053026,-45.19227935275556,SP,2,162.45,181.39,362.78,162.45,1.0,2,2,0.1165897199138196,861.3893149991774,6.0,5.0,20.987621527777776,0.0,2.0,168,1.0,0.0,0.0,0.0,0.0,0.0,0.0,0.0,0.0,0.0,0.0,0.0,0.0,0.0,0.0,1.0,2,78.0,78.0,78.0,0.0,0.0,0.45303801017342893,0.5323474394334579
a518c60e2e7f3a2820b4ef5cf5107189,-23.50765006746057,-46.4503316496916,SP,2,97.295,116.345,232.69,64.86333333333333,1.5,2,2,0.1957962896346163,211.53678183526972,10.0,4.5,6.35068287037037,0.0,2.0,321,1.0,0.0,0.0,0.0,0.0,0.0,0.0,0.0,0.3833701629066242,0.0,0.6166298370933758,0.0,0.0,0.0,0.0,0.0,2,26.0,26.0,26.0,0.0,0.0,0.7624024842838748,0.19065657936157118
a53c5bbb7be8b7a0f586d31c2bc499ef,-23.0918873336332,-47.20164061435001,SP,2,169.45,182.66,365.32,169.45,1.0,2,2,0.0779580997344349,81.63497138798853,5.5,5.0,4.764351851851852,0.0,2.0,9,1.0,0.0,0.0,0.0,0.0,0.2062555326054883,0.0,0.0,0.0,0.0,0.0,0.0,0.0,0.0,0.0,0.7937444673945117,2,15.0,15.0,15.0,0.0,0.0,3.616123325751832,0.8014857548278923
a54de86aa4370cc93031bb4e99d436b0,-23.642320903684134,-46.59936473436668,SP,2,58.0,89.23,178.46,38.66666666666666,1.5,2,2,0.538448275862069,339.93156672540664,1.0,3.0,7.277372685185185,0.0,2.0,100,0.0,1.0,0.0,0.0,0.0,0.0,0.0,0.0,0.0,0.0,0.0,0.0,0.0,0.0,0.0,1.0,2,33.0,33.0,33.0,0.0,0.0,2.467936261173727,0.5986198167749838
a55e19719dab7efad8d5b7b0bedf5326,-23.71126626801822,-46.69774857577142,SP,2,124.94,140.52,281.04,83.29333333333334,1.5,2,2,0.1246998559308468,24.27247019294204,7.0,5.0,3.989826388888889,0.0,2.0,75,0.5761101622544834,0.0,0.4238898377455167,0.0,0.0,0.6399071554346086,0.0,0.0,0.3600928445653914,0.0,0.0,0.0,0.0,0.0,0.0,0.0,2,102.0,102.0,102.0,0.0,0.0,0.6252602359472589,0.32607827655058547
a56df37f1251ec47d5ad53dab3043f38,-22.76601561892179,-41.906263209520965,RJ,2,636.4449999999999,660.815,1321.63,636.4449999999999,1.0,1,2,0.0382908185310592,483.0794825767056,8.0,3.0,14.796203703703704,0.0,2.0,74,1.0,0.0,0.0,0.0,1.0,0.0,0.0,0.0,0.0,0.0,0.0,0.0,0.0,0.0,0.0,0.0,2,18.0,18.0,18.0,1.0,0.0,1.222011129978648,0.1413004402982433
a5afb1cd8d3b8126d2d39a7a29880c09,-27.524073049928703,-52.89739489960556,RS,2,574.495,607.575,1215.15,574.495,1.0,1,2,0.0575810059269445,262.0442324665607,1.0,5.0,10.128292824074071,0.0,2.0,67,0.0,0.400995761840102,0.5990042381598979,0.0,0.0,1.0,0.0,0.0,0.0,0.0,0.0,0.0,0.0,0.0,0.0,0.0,2,28.0,28.0,28.0,1.0,0.0,1.4937919428653519,0.2800262726762872
a5c806ebe5b25d0ab1e7f0da0e17d6bc,-23.66089345781471,-46.60864515111856,SP,2,114.445,128.62,257.24,114.445,1.0,2,2,0.123858622045524,315.236620749918,3.0,4.0,7.349739583333333,0.0,1.263840830449827,507,1.0,0.0,0.0,0.0,0.0,0.0,0.480536502249989,0.0,0.0,0.0,0.0,0.0,0.0,0.0,0.0,0.519463497750011,2,71.0,71.0,71.0,0.0,0.0,1.0856169936760176,0.05805510503288714
a5c9660af607788526f45b6774ac2594,-23.688739051867856,-46.76617464995753,SP,2,121.45,136.625,273.25,121.45,1.0,2,2,0.124948538493207,484.9475776513015,5.0,4.5,12.797106481481482,0.0,1.760240963855422,407,1.0,0.0,0.0,0.0,0.0,0.0,0.4652120214079868,0.0,0.0,0.0,0.0,0.0,0.0,0.0,0.0,0.5347879785920132,2,8.0,8.0,8.0,0.0,0.0,1.1113429145418021,0.07457938676595183
a5d3bfee5b23b430b95c4ae295e1028a,-22.3833748416877,-46.94814213967389,SP,2,54.45,106.85,213.7,9.9,5.5,1,1,0.962534435261708,143.1619498924325,1.0,1.0,8.180815972222222,0.0,1.238135593220339,587,1.0,0.0,0.0,0.0,0.0,0.0,0.0,0.0,1.0,0.0,0.0,0.0,0.0,0.0,0.0,0.0,2,2.0,2.0,2.0,1.0,1.0,0.9533820840950639,0.0337505342447487
a61a0484f0c42f81f6299b8d89123823,-21.13192227347989,-51.10300715867034,SP,2,53.435,66.495,132.99,53.435,1.0,2,2,0.2444090951623467,493.9252302953752,2.0,4.0,11.587824074074074,0.0,2.0,24,1.0,0.0,0.0,0.888930476279592,0.0,0.0,0.0,0.0,0.0,0.0,0.0,0.0,0.0,0.0,0.0,0.1110695237204079,2,3.0,3.0,3.0,0.0,0.0,4.39294403892944,0.8897454602884192
a660768f87f5460dead886e622dd5741,-29.93967587593965,-51.01369519770389,RS,2,81.745,109.695,219.39,54.49666666666667,1.5,1,2,0.3419169368157073,809.6984489163327,2.0,5.0,19.77842013888889,0.0,2.0,104,1.0,0.0,0.0,0.0,0.0,0.0,0.0,0.0,0.0,0.0,0.0,0.0,0.0,0.0,0.0,1.0,2,75.0,75.0,75.0,1.0,0.0,2.28378985181859,0.5528834370059729
a66315c850c3712707754c1eca7a8069,-23.552729845159,-46.55667270394507,SP,3,187.63333333333333,223.82,671.46,70.36250000000001,2.6666666666666665,1,2,0.1928584117960561,307.530266110616,8.666666666666666,4.833333333333333,8.756134259259259,0.0,2.321504237288136,130,1.0,0.0,0.0,0.0,0.0,1.0,0.0,0.0,0.0,0.0,0.0,0.0,0.0,0.0,0.0,0.0,3,171.0,171.0,342.0,1.0,0.5,0.6727652381425873,0.45462284400660624
a69d31a5f6011df99d415808d6d640b9,-5.170513794291167,-38.10980206135396,CE,2,44.99,72.215,144.43,44.99,1.0,1,2,0.6051344743276283,2213.4187997839986,3.5,2.5,19.876614583333332,0.0,2.0,191,1.0,0.0,0.0,0.0,0.0,0.0,0.0,0.0,0.0,0.0,0.0,0.0,0.0,0.0,1.0,0.0,2,1.0,1.0,1.0,1.0,0.0,0.6854942233632864,0.2638860036415904
a6e56ce065f297714559452de03a2ca6,-18.97641871433003,-49.462962167001685,MG,2,165.85,197.995,395.99,110.56666666666666,1.5,2,2,0.1938197166113958,569.408798859176,1.0,5.0,6.7037962962962965,0.0,2.0,50,1.0,0.0,0.0,0.2411516430509496,0.0,0.0,0.0,0.7588483569490504,0.0,0.0,0.0,0.0,0.0,0.0,0.0,0.0,2,10.0,10.0,10.0,0.0,0.0,0.33177507230779585,0.7095888600921998
a6ea57f856565adf869941339028fa05,-23.49869379300157,-46.692495688534045,SP,2,139.55,160.595,321.19,93.03333333333336,1.5,2,3,0.1508061626657112,370.7076128712402,7.5,3.5,10.923119212962964,0.0,2.0,221,1.0,0.0,0.0,0.4084557506270154,0.0,0.0,0.0,0.0,0.0,0.0,0.0,0.0,0.0,0.0,0.0,0.5915442493729846,2,61.0,61.0,61.0,1.0,0.0,0.8722821334887787,0.09647068449078286
a72a2d4e19868dba726c0e6f49198c7e,-16.57947859275541,-50.30573527791656,GO,3,129.29666666666665,179.44333333333336,538.33,129.29666666666665,1.0,3,3,0.387841913944675,850.7982639857861,7.0,3.0,11.777415123456793,0.0,3.0,19,1.0,0.0,0.0,0.0,0.0,0.0,0.0,0.0,0.0,0.0,0.0,0.0,0.1286447188635953,0.0,0.0,0.8713552811364047,3,156.0,156.0,312.0,0.0,0.0,0.7391832766164317,0.7018665316361876
a73c5464692d3bc09d64e3edefae9015,-23.64060181097464,-46.4941834761079,SP,4,64.8725,80.1525,320.61,64.8725,1.0,3,4,0.2355389417703957,484.1513611993652,1.5,5.0,9.141611689814814,0.0,3.69873417721519,78,1.0,0.0,0.0,0.0,0.0,0.0,0.0,0.0,0.0,0.0,0.0,0.0,0.0986165170141431,0.0,0.0,0.9013834829858568,3,158.5,158.5,317.0,0.0,0.0,4.602564102564103,0.6318707127529425
a74c55db1520986fe4c117a54a0fc287,-28.387887512074148,-53.9162054786276,RS,2,29.985,48.215,96.43,29.985,1.0,1,2,0.607970651992663,909.5560723632536,4.0,4.0,15.97898726851852,0.0,2.0,123,1.0,0.0,0.0,0.0,0.0,0.0,0.0,0.0,0.0,0.0,0.0,0.0,0.0,0.0,0.0,1.0,2,21.0,21.0,21.0,1.0,0.0,1.0002074258452602,0.00014665701154960216
a74cca5b53aa3fb9a6841f847033dcc1,-19.92590729197994,-43.92686256472545,MG,2,65.4,82.88,165.76,65.4,1.0,1,1,0.2672782874617737,494.50437734188125,1.0,4.5,10.227164351851853,0.0,2.0,68,0.0,1.0,0.0,0.0,0.0,0.0,0.0,0.0,0.0,1.0,0.0,0.0,0.0,0.0,0.0,0.0,2,131.0,131.0,131.0,1.0,1.0,1.1094426062611353,0.07337256658065051
a74e3f2f887f14862e34c61ed0e4c5d0,-21.733298606766333,-48.10993919251068,SP,2,14.995,28.47,56.94,14.995,1.0,1,2,0.8986328776258752,427.2309138355595,1.0,3.0,19.07472222222222,0.5,2.0,181,0.0,0.0,1.0,0.0,0.0,0.0,0.0,0.0,0.0,0.0,0.0,0.0,0.0,0.0,0.0,1.0,2,69.0,69.0,69.0,1.0,0.0,0.4199501246882793,0.577706488598493
a7657330b1c135f3acd420326e335b2c,-18.476114447525084,-47.19592749585145,MG,4,142.37,166.78,667.12,81.35428571428572,1.75,1,3,0.1714546603919365,397.9036363969186,9.25,4.5,10.137939814814814,0.0,3.0953389830508478,299,0.8733661110444897,0.0,0.1266338889555102,0.0,0.0,0.0,0.0,0.0,0.0,0.0,0.0,0.0,0.0,0.0,0.0,1.0,4,57.666666666666664,22.0,173.0,1.0,0.6666666666666666,0.9639435870143694,0.5672057165383373
a783997c6d6e57782d4d2dcbc5c9edaf,-16.432324999791483,-39.0762041372904,BA,2,124.45,147.01,294.02,124.45,1.0,2,2,0.1812776215347529,1353.13961385663,5.5,3.0,24.99517939814815,0.5,1.4129593810444874,179,1.0,0.0,0.0,0.0,0.0,0.0,0.0,0.6022498995580554,0.0,0.0,0.0,0.0,0.0,0.0,0.0,0.3977501004419445,2,338.0,338.0,338.0,0.0,0.0,1.4473114699517229,0.2584852623696691
a7bbfaf8a288c45dc38d4693535dd63f,-21.132931182890957,-47.84624616337724,SP,2,47.400000000000006,63.66,127.32,47.400000000000006,1.0,1,1,0.3430379746835442,418.9002218054145,1.0,4.0,9.458344907407408,0.0,1.257314974182444,572,0.0,1.0,0.0,0.0,0.0,0.0,0.0,0.0,0.0,0.0,0.0,0.0,0.0,0.0,0.0,1.0,2,9.0,9.0,9.0,1.0,1.0,0.5358262967430639,0.4274186135730184
a7f8b23aaf522616c6c7daa2a3753247,-7.128837957735639,-34.822695973730774,PB,2,219.495,252.41,504.82,219.495,1.0,2,2,0.1499578578099729,1980.95373282338,5.5,3.0,28.82093171296296,0.5,2.0,273,0.4590943306525098,0.5409056693474902,0.0,0.0,0.0,0.0,0.0,0.0,0.0,0.4327889017973074,0.0,0.0,0.0,0.0,0.0,0.5672110982026926,2,12.0,12.0,12.0,0.0,0.0,0.8487511902146048,0.1156987047383401
a8060584a077038962852f3184a4571e,-19.49859517467776,-42.545674045289736,MG,2,211.95,244.38,488.76,211.95,1.0,2,2,0.1530077848549186,474.4187502826394,3.5,5.0,8.096412037037037,0.0,2.0,30,1.0,0.0,0.0,0.0,0.0,0.0,0.0,0.0,0.0,0.0,0.0,0.0,0.0587402689313517,0.0,0.0,0.9412597310686484,2,2.0,2.0,2.0,0.0,0.0,10.321751216122307,1.1643911567439662
a80a048ab08d27168131328d4e2fde1c,-22.641448735341008,-47.18959750240023,SP,2,60.495,77.59,155.18,60.495,1.0,1,2,0.2825853376312092,195.37573523119485,1.0,5.0,7.772077546296296,0.0,2.0,70,0.8403144735146282,0.1596855264853718,0.0,0.0,0.0,1.0,0.0,0.0,0.0,0.0,0.0,0.0,0.0,0.0,0.0,0.0,2,4.0,4.0,4.0,1.0,0.0,0.19003067484662578,0.9625546878324933
a80bfbd1e59358c3afb4b2980455f171,-21.15706411800398,-47.82483072767025,SP,2,139.9,155.565,311.13,139.9,1.0,2,2,0.1119728377412437,231.72063178160283,4.5,5.0,4.706660879629629,0.0,2.0,63,1.0,0.0,0.0,0.0,0.0,0.7859185132237312,0.0,0.0,0.0,0.0,0.0,0.0,0.0,0.0,0.0,0.2140814867762687,2,260.0,260.0,260.0,0.0,0.0,0.3064455175309679,0.7507654488386337
a82d9e16794b2921f600796767322a9f,-21.200521075516946,-42.86565369917497,MG,2,162.7,193.77,387.54,162.7,1.0,2,2,0.1909649661954517,893.1688116233075,4.5,5.0,11.022609953703704,0.0,1.4757575757575756,473,1.0,0.0,0.0,0.0,0.0,0.0,0.0,0.0,0.5221266133988938,0.0,0.0,0.0,0.0,0.0,0.0,0.4778733866011063,2,22.0,22.0,22.0,0.0,0.0,0.8009201171058135,0.15633201479089487
a8333c0243253bb6d89193af79807384,-18.874301289004496,-48.27390434500248,MG,2,107.4,139.005,278.01,107.4,1.0,2,2,0.2942737430167598,740.585262256928,7.5,3.0,15.409600694444446,0.0,1.3679775280898878,200,1.0,0.0,0.0,0.0,0.0,0.0,0.0,0.0,0.0,0.0,0.0,0.0,0.0,0.0,0.6978584729981377,0.3021415270018622,2,334.0,334.0,334.0,0.0,0.0,0.4119349923819197,0.5890140224710647
a865a3f8b39809ab1ba53cd0e8122999,-23.61230417780568,-46.68568934968602,SP,2,65.0,79.475,158.95,65.0,1.0,2,2,0.2226923076923077,255.9499530331441,1.0,5.0,11.12648726851852,0.0,2.0,228,1.0,0.0,0.0,0.0,0.0,0.693076923076923,0.0,0.0,0.3069230769230769,0.0,0.0,0.0,0.0,0.0,0.0,0.0,2,14.0,14.0,14.0,0.0,0.0,0.5421558164354323,0.41985994343118177
a8cb771f0d1d230407948d4ce2af5c3e,-23.47880697451169,-46.72273483662175,SP,2,159.06,174.64,349.28,159.06,1.0,1,1,0.0979504589463095,214.83055509692957,9.5,5.0,21.890150462962964,0.0,1.5030864197530864,417,0.899937013284471,0.0,0.1000629867155291,0.0,0.0,0.0,0.0,0.0,0.0,0.0,0.0,0.0,0.0,0.0,0.0,1.0,2,69.0,69.0,69.0,1.0,1.0,2.685943436048966,0.64685856254216
a8df4001abe77cf8473902c2b7efe418,-23.486067528687972,-46.75665569304552,SP,2,22.445,31.305,62.61,22.445,1.0,2,2,0.3947427043885052,30.12434021788968,1.5,4.5,5.6451215277777775,0.0,1.835427135678392,318,1.0,0.0,0.0,0.0,0.0,0.0,0.0,0.0,0.0,0.0,0.0,0.0,0.3319224771664067,0.0,0.0,0.6680775228335932,2,80.0,80.0,80.0,0.0,0.0,1.5205314009661837,0.2920584788609507
a900ff99a192cbaf6ae8e867a95117a3,-23.493035609898914,-46.869837534303294,SP,2,72.5,86.285,172.57,72.5,1.0,2,2,0.1901379310344827,267.81697668574213,1.0,5.0,5.039126157407408,0.0,2.0,29,0.7016283247377876,0.0,0.2983716752622125,0.0,0.0,0.0,0.0,0.0,0.0,0.0,0.0,0.2758620689655172,0.0,0.0,0.0,0.7241379310344828,2,21.0,21.0,21.0,0.0,0.0,0.3968755059090173,0.6106104915826582
a914b2be4782207abc6758095ec9e8aa,-23.60498978074942,-46.61972711916796,SP,2,114.8,140.79,281.58,32.8,3.5,2,2,0.2263937282229965,42.250414690782975,1.0,5.0,2.818738425925926,0.0,2.0,27,1.0,0.0,0.0,0.0,0.0,0.0,0.0,0.0,0.0,0.0,0.0,0.0,0.0,0.0,0.0,1.0,2,83.0,83.0,83.0,0.0,0.0,1.4617940199335548,0.2652843254653984
a944a93bfa1d65b1523c45f9ccb01ec0,-26.880894869538857,-48.70460298681083,SC,2,52.945,69.08000000000001,138.16000000000005,52.945,1.0,2,2,0.3047502124846538,533.9802515442748,1.0,2.0,13.252158564814811,0.0,2.0,277,0.0,1.0,0.0,0.0,0.0,0.5382000188875248,0.0,0.0,0.0,0.0,0.0,0.0,0.0,0.0,0.4617999811124752,0.0,2,46.0,46.0,46.0,0.0,0.0,0.8887218045112782,0.08332149969395623
a97d43b24d76819903192611aca17914,-19.7448465567695,-47.95471537219474,MG,2,72.4,87.655,175.31,72.4,1.0,1,1,0.2107044198895027,438.55620166007407,2.5,5.0,11.38267361111111,0.0,2.0,247,1.0,0.0,0.0,0.0,0.0,0.0,0.0,0.0,0.0,0.0,0.0,0.0,0.0,0.0,0.0,1.0,2,12.0,12.0,12.0,1.0,1.0,1.1886392009987516,0.12189131782247142
a9e070f61d35aa13e420c8597b5ccb3d,-19.827784895378187,-43.94702152255304,MG,3,35.2,54.66666666666666,164.0,26.4,1.3333333333333333,2,2,0.5530303030303031,493.3710111373126,1.6666666666666667,4.333333333333333,22.45296682098765,0.3333333333333333,3.0,217,0.2158536585365853,0.0,0.7841463414634146,0.0,0.5492424242424243,0.0,0.0,0.0,0.0,0.0,0.0,0.0,0.0,0.0,0.0,0.4507575757575758,2,8.0,8.0,8.0,1.0,1.0,0.27527216174183516,0.803687219592515
a9e4348b76f85861ada324e72dc92aca,-16.475936081826074,-54.617234943037694,MT,2,154.945,188.575,377.15,154.945,1.0,2,2,0.21704475781729,1091.4442888038352,5.0,5.0,12.191325231481482,0.0,2.0,143,1.0,0.0,0.0,0.0,0.7421665752363743,0.0,0.0,0.0,0.2578334247636258,0.0,0.0,0.0,0.0,0.0,0.0,0.0,2,122.0,122.0,122.0,0.0,0.0,2.4645416130810216,0.597820676784151
aa3bf249b773d47a88cd191c16152086,-27.589226287056125,-48.52283750224415,SC,2,124.9,150.825,301.65,124.9,1.0,1,1,0.2075660528422737,590.8959415782441,1.5,5.0,23.65858796296296,0.5,2.0,66,1.0,0.0,0.0,0.0,0.0,0.0,1.0,0.0,0.0,0.0,0.0,0.0,0.0,0.0,0.0,0.0,2,118.0,118.0,118.0,1.0,1.0,1.2263635692671044,0.14378892742576765
aa591348866497ba6bf83de62e4f8813,-16.361440556732518,-49.49676761619579,GO,2,25.4,40.59,81.18,25.4,1.0,2,2,0.5980314960629921,795.3788228857625,3.0,3.5,13.152771990740742,0.0,1.8827319587628868,25,1.0,0.0,0.0,0.0,0.0,0.4901574803149606,0.0,0.0,0.0,0.0,0.0,0.0,0.0,0.0,0.0,0.5098425196850394,2,363.0,363.0,363.0,0.0,0.0,1.0295,0.02055644251786464
aa89a987e1e092c318fbdc4b0e3dcc44,-23.66471101650981,-46.54963628156522,SP,2,45.45,62.650000000000006,125.3,45.45,1.0,1,2,0.3784378437843785,271.4527526292977,1.0,3.5,14.56818287037037,0.5,2.0,28,0.1921787709497206,0.4938547486033519,0.3139664804469274,0.0,0.0,0.0,0.0,0.0,1.0,0.0,0.0,0.0,0.0,0.0,0.0,0.0,2,175.0,175.0,175.0,1.0,0.0,1.0248868778280542,0.017381395738663725
aaad6d68de5490cba508e4203ddc87de,-23.003980512503716,-46.82491208965755,SP,2,158.45,175.57999999999998,351.16,158.45,1.0,1,1,0.1081098138213947,60.606839765689664,1.0,5.0,8.154502314814815,0.0,1.4877800407331976,431,0.0,1.0,0.0,0.0,0.0,0.0,0.0,0.0,0.0,0.0,0.0,1.0,0.0,0.0,0.0,0.0,2,61.0,61.0,61.0,1.0,1.0,0.8731530378193845,0.0957683065076666
aab0cf2b7b1d9c3fd242397d73ed044b,-23.27276972063295,-46.72997813536462,SP,2,49.5,63.185,126.37,49.5,1.0,2,2,0.2764646464646464,452.9635319244955,2.0,4.5,9.513333333333334,0.0,1.6197339246119733,213,1.0,0.0,0.0,0.0,0.0,0.0,0.5959595959595959,0.0,0.0,0.0,0.0,0.0,0.0,0.0,0.0,0.404040404040404,2,237.0,237.0,237.0,0.0,0.0,0.6274307791371538,0.32375720787729406
aaf97f99c731d8d84810ff16e6ded10d,-15.830017948893982,-47.97916448123262,DF,2,149.89999999999998,190.765,381.53,149.89999999999998,1.0,2,2,0.2726150767178119,540.5613375600451,1.0,4.0,12.961903935185186,0.0,1.7860635696821514,360,1.0,0.0,0.0,0.0,0.0,0.0,0.0,0.0,0.0,0.0,0.0,0.0,0.0,0.0,0.0,1.0,2,49.0,49.0,49.0,0.0,0.0,0.16843781582090467,1.0064776258516146
ab0f956f72812ae4636be4e15b58031e,-23.60358695087453,-46.66671989328656,SP,2,45.225,61.675,123.35,45.225,1.0,2,2,0.3637368711995577,489.23475696422366,1.5,5.0,11.816689814814817,0.0,1.6269487750556793,432,0.6948520470206729,0.0,0.3051479529793271,0.0,0.8684355997788833,0.0,0.0,0.0,0.0,0.0,0.0,0.0,0.0,0.0,0.0,0.1315644002211166,2,17.0,17.0,17.0,0.0,0.0,0.2802283341982356,0.7951010178400821
ab0faabf48c8c0108c13277d2b701f16,-16.003196617804647,-43.04639069878896,MG,2,112.5,128.54500000000002,257.09000000000003,112.5,1.0,2,2,0.1426222222222222,975.9695275854524,4.0,3.5,9.62316550925926,0.0,2.0,228,1.0,0.0,0.0,0.0,0.0,0.3111111111111111,0.0,0.0,0.0,0.0,0.0,0.0,0.0,0.0,0.0,0.6888888888888889,2,2.0,2.0,2.0,0.0,0.0,1.9807536231884058,0.46531691330327934
ab243cd9e788d689cc822380f59616e1,-22.814991502465247,-47.02162529994165,SP,3,238.3,262.93666666666667,788.8100000000001,238.3,1.0,2,3,0.1033850888236116,398.9943811430426,3.0,4.333333333333333,12.158545524691355,0.0,3.0,213,1.0,0.0,0.0,0.0,0.0,0.0,0.7803888655756049,0.219611134424395,0.0,0.0,0.0,0.0,0.0,0.0,0.0,0.0,2,130.0,130.0,130.0,0.0,0.0,3.5901076520221125,0.7980129546378575
ab58f2fb5f71caac6366303095c0cd41,-25.430063083040565,-49.26112022032338,PR,2,111.695,133.38,266.76,111.695,1.0,2,2,0.1941447692376561,1597.211174366095,3.5,5.0,11.826886574074074,0.0,2.0,120,1.0,0.0,0.0,0.2909261829088141,0.0,0.0,0.0,0.0,0.0,0.0,0.7090738170911859,0.0,0.0,0.0,0.0,0.0,2,240.0,240.0,240.0,0.0,0.0,0.5308160220360382,0.4334461720633688
ab6ec178286e6a6d70e9bfe90378bd95,-23.477173230038783,-46.749554288474165,SP,2,11.245,19.59,39.18,11.245,1.0,1,2,0.7421076033792797,68.40640723060284,1.0,4.5,4.329421296296296,0.0,2.0,74,1.0,0.0,0.0,0.0,0.0,0.0,0.0,0.0,0.0,0.0,0.0,0.0,0.0,0.0,0.0,1.0,2,54.0,54.0,54.0,1.0,0.0,1.0763116057233704,0.05197722128170632
ab744045d2445f5bae53b57a4b99bfbf,-23.62925274871981,-46.52409666085136,SP,3,74.33333333333333,82.17,246.51,74.33333333333333,1.0,1,1,0.1054260089686098,23.79433813397908,1.6666666666666667,3.6666666666666665,3.5722145061728394,0.0,3.0,259,1.0,0.0,0.0,0.0,1.0,0.0,0.0,0.0,0.0,0.0,0.0,0.0,0.0,0.0,0.0,0.0,3,38.5,38.5,77.0,1.0,1.0,1.043403338718363,0.26871751932276
abc9e5b32caf6ec0c8fa356117b66d66,-22.655722612185563,-50.395888149743534,SP,2,147.445,166.17000000000002,332.34000000000003,147.445,1.0,2,2,0.1269965071721659,574.7936624663707,6.5,3.5,7.23833912037037,0.0,2.0,30,1.0,0.0,0.0,0.0,0.0,0.0,0.0,0.0,0.0,0.0,0.0,0.0,0.0,0.508630336735732,0.0,0.491369663264268,2,262.0,262.0,262.0,0.0,0.0,1.0045841124313892,0.003234044374446589
ac2606825161d003acfbe4f43af273b1,-23.488947794062646,-46.570841140662885,SP,2,59.99,68.87,137.74,59.99,1.0,1,1,0.1480246707784631,115.50375222946197,2.0,2.0,13.227523148148148,1.0,2.0,162,1.0,0.0,0.0,0.0,0.0,0.0,1.0,0.0,0.0,0.0,0.0,0.0,0.0,0.0,0.0,0.0,2,1.0,1.0,1.0,1.0,1.0,1.0,0.0
ac95cdab584cac0e86ce97a5399ecf79,-17.224249770525788,-46.87426005019532,MG,2,377.9,443.06,886.1199999999999,125.96666666666664,3.0,1,4,0.1724265678750992,609.6590896770812,10.0,3.0,10.13226851851852,0.0,2.0,147,1.0,0.0,0.0,0.0,0.0,1.0,0.0,0.0,0.0,0.0,0.0,0.0,0.0,0.0,0.0,0.0,2,79.0,79.0,79.0,1.0,0.0,2.0922668900055834,0.49953600530715786
ac987d464574ee0f743f9b630f937a27,-8.02861676183967,-34.90741351708333,PE,3,149.9,171.79,515.37,149.9,1.0,1,1,0.1460306871247498,629.5392123765378,3.333333333333333,5.0,15.609834104938273,0.3333333333333333,2.4679054054054053,337,1.0,0.0,0.0,0.0,0.0,0.0,0.0,0.0,0.0,0.0,0.0,0.0,0.0,0.0,0.0,1.0,3,53.5,53.5,107.0,1.0,1.0,1.0,0.0
acaf5177d6de60fda7ce77c48abb5230,-23.54177607541567,-46.312248189072086,SP,3,208.5666666666667,231.0666666666667,693.2,125.14,1.6666666666666667,3,3,0.1078791753236375,415.5444484326157,1.0,5.0,11.287368827160494,0.0,3.0,144,0.0,1.0,0.0,0.0879015502637046,0.0,0.0,0.0,0.0,0.0,0.0,0.0,0.0,0.0,0.0,0.0,0.9120984497362954,3,26.0,26.0,52.0,0.0,0.0,0.11037376450553887,1.2688506826581936
acc374bd9024806a83121b1d2565db2f,-32.0796306984776,-52.17837950521574,RS,2,92.0,113.06,226.12,92.0,1.0,2,2,0.2289130434782608,825.2515800573251,1.0,3.5,16.251006944444445,0.0,1.67162471395881,175,0.0,1.0,0.0,0.0,0.0,0.0,0.0,0.0,0.375,0.0,0.0,0.0,0.0,0.0,0.0,0.625,2,262.0,262.0,262.0,0.0,0.0,0.7319240196078431,0.21889914506924787
acc4424c209233de519e034152f30304,-22.895572237363908,-43.57780869646701,RJ,2,144.655,164.74,329.48,144.655,1.0,2,2,0.1388476029172859,852.3841505130722,2.0,4.5,12.318229166666669,0.0,2.0,120,1.0,0.0,0.0,0.0,0.0,0.0,0.0,0.5008468424872974,0.0,0.0,0.4991531575127026,0.0,0.0,0.0,0.0,0.0,2,73.0,73.0,73.0,0.0,0.0,1.0355863091560606,0.024723413012228402
accd68fd87adda3d6360d77daafd964d,-22.796064156289603,-43.38287174994098,RJ,2,148.49,172.905,345.81,148.49,1.0,2,2,0.1644218465889958,172.36288591780132,2.0,3.0,10.88349537037037,1.0,2.0,29,1.0,0.0,0.0,0.0,0.0,0.0,0.0,0.5050508451747593,0.0,0.0,0.0,0.0,0.0,0.0,0.0,0.4949491548252407,2,243.0,243.0,243.0,0.0,0.0,0.8165152072280296,0.14284861552208503
acd7af4da419afee85373166387d5799,-22.90815024214936,-43.27649720007846,RJ,2,329.945,356.11,712.22,329.945,1.0,2,2,0.0793010956371516,367.1366154857106,1.0,3.0,6.9836631944444445,0.0,2.0,13,0.0526943921821908,0.0,0.0,0.0,0.0,0.0,0.0,0.0,0.0,0.0,0.0,0.954689417933292,0.045310582066708,0.0,0.0,0.0,2,7.0,7.0,7.0,0.0,0.0,17.977351452171597,1.2651713142029728
acea13a79aeaf715ba68122e9deb330a,-30.073588215443007,-51.20922993832115,RS,2,102.5,174.675,349.35,41.0,2.5,1,1,0.7041463414634146,860.5444637725523,5.0,5.0,14.704386574074071,0.5,2.0,20,1.0,0.0,0.0,0.0,0.0,0.0,0.0,0.0,0.0,0.0,0.0,0.0,0.0,0.0,0.0,1.0,2,68.0,68.0,68.0,1.0,1.0,1.4169779991697802,0.2439806824222884
acea6bd29b8c1e3c6a8b266a8fb4475e,-8.795361168248315,-63.867614229569966,RO,4,123.62,161.7475,646.99,70.64,1.75,2,1,0.3084250121339589,2457.641359408039,1.25,3.0,21.15210648148148,0.0,3.9701086956521743,121,0.3373313343328336,0.6626686656671664,0.0,0.0,0.0,0.0,0.0,0.0,0.0,0.0,0.0,0.0,0.0,0.8687510111632422,0.1312489888367578,0.0,4,82.33333333333333,73.0,247.0,1.0,1.0,3.962280084447572,0.649282899921255
acf91aaa6f337456d3c506a5a494552c,-20.52043215066093,-43.704761149318,MG,2,67.89500000000001,82.50999999999999,165.01999999999998,67.89500000000001,1.0,2,2,0.215258855585831,170.20645725819008,3.0,4.5,16.38098958333333,0.0,1.238135593220339,128,0.6339231608289905,0.3660768391710096,0.0,0.0,0.0,0.0,0.0,0.0,0.3379483025259591,0.0,0.0,0.0,0.0,0.0,0.0,0.6620516974740407,2,462.0,462.0,462.0,0.0,0.0,1.731666942559179,0.37879190072046304
ad0ab3a7b55bde26410aff17192f6699,-23.69183137091365,-46.52339069209749,SP,2,15.45,23.28,46.56,15.45,1.0,2,2,0.5067961165048543,44.08278139866181,2.0,4.5,3.185920138888889,0.0,2.0,155,1.0,0.0,0.0,0.0,0.0,0.0,0.0,0.0,0.0,0.0,0.0,0.0,0.0,0.4174757281553398,0.0,0.5825242718446603,2,46.0,46.0,46.0,0.0,0.0,0.7723639132089836,0.18163653571716298
ad155bc0931cb6bab63d4ff2515c3159,-22.920060829545072,-43.53019005504293,RJ,2,51.475,70.37,140.74,51.475,1.0,1,2,0.3670713938805245,560.1253681001791,2.5,4.5,10.349195601851852,0.0,2.0,36,1.0,0.0,0.0,0.0,0.0,1.0,0.0,0.0,0.0,0.0,0.0,0.0,0.0,0.0,0.0,0.0,2,55.0,55.0,55.0,1.0,0.0,0.9455349737351396,0.03959074488951251
ad7fda75731aed4991eb80d939db8115,-23.57776685399471,-46.800681159906986,SP,2,34.0,61.86,123.72,17.0,2.0,1,1,0.8194117647058823,93.55320815874644,1.0,4.5,4.051770833333333,0.0,2.0,11,1.0,0.0,0.0,0.0,0.0,0.0,0.0,0.0,1.0,0.0,0.0,0.0,0.0,0.0,0.0,0.0,2,9.0,9.0,9.0,1.0,1.0,2.8149861239592973,0.67281450275849
ad97668eed5826a5d800b15351bea269,-23.61197835003809,-46.49744226072341,SP,2,220.265,257.335,514.67,146.84333333333333,1.5,2,2,0.1682972782784373,119.40009055390708,5.5,4.0,7.048466435185185,0.0,2.0,62,1.0,0.0,0.0,0.0,0.0,0.1510680316891017,0.0,0.0,0.0,0.0,0.0,0.0,0.0,0.0,0.0,0.8489319683108982,2,124.0,124.0,124.0,0.0,0.0,0.1876817279734158,0.9672553599218008
ada6236b6bba2b0c3588aea846e43afb,-23.69127345608089,-46.62892967650053,SP,2,94.9,110.64,221.28,94.9,1.0,2,2,0.165858798735511,246.8889505280075,1.0,4.0,7.649351851851852,0.0,2.0,18,1.0,0.0,0.0,0.0,0.0,0.5263435194942044,0.0,0.0,0.0,0.4736564805057955,0.0,0.0,0.0,0.0,0.0,0.0,2,344.0,344.0,344.0,0.0,0.0,0.9475444464002816,0.038090712363266714
ade4eefdf0232fa26f1988cb56edc58c,-19.458110967354493,-44.24812806575353,MG,2,86.45,111.175,222.35,57.63333333333333,1.5,2,2,0.2860034702139965,542.2643888445373,1.5,5.0,13.709189814814817,0.0,2.0,222,1.0,0.0,0.0,0.0,0.0,0.0,0.0,0.0,0.0,0.0,0.0,0.0,0.6824754193175245,0.0,0.3175245806824754,0.0,2,54.0,54.0,54.0,0.0,0.0,0.45023480302635016,0.5361100120190159
ae0ef1d2e3a62b54a83dadad4db14f5d,-23.573666245957604,-46.728438760872656,SP,2,135.0,149.14,298.28,135.0,1.0,1,1,0.1047407407407407,330.40638525776683,1.0,4.5,6.139276620370371,0.0,2.0,123,1.0,0.0,0.0,0.0,0.0,0.0,1.0,0.0,0.0,0.0,0.0,0.0,0.0,0.0,0.0,0.0,2,107.0,107.0,107.0,1.0,1.0,1.002282338725918,0.0016120176049579495
ae11ab40faeb1f8b85f6308e052bd710,-29.70462072824143,-52.4259616553913,RS,2,114.9,130.72500000000002,261.45000000000005,114.9,1.0,1,1,0.1377284595300261,1216.6078327417322,1.5,3.0,21.35910300925926,0.5,2.0,116,1.0,0.0,0.0,1.0,0.0,0.0,0.0,0.0,0.0,0.0,0.0,0.0,0.0,0.0,0.0,0.0,2,68.0,68.0,68.0,1.0,1.0,1.0387554585152838,0.02688331002101465
ae207cf8119fd10e3b9ac24570089fad,-30.017367747130933,-51.18976488171576,RS,2,124.85,140.75,281.5,124.85,1.0,2,2,0.1273528233880656,258.99643387179,9.5,5.0,6.932349537037037,0.0,1.664009111617312,364,1.0,0.0,0.0,0.0,0.0,0.0,0.0,0.5602723267921507,0.4397276732078494,0.0,0.0,0.0,0.0,0.0,0.0,0.0,2,75.0,75.0,75.0,0.0,0.0,0.8755413418615497,0.09384550389033543
ae20947231d4d44dde1680a7ab14d90a,-22.983884984434187,-43.19333867597136,RJ,3,92.33,111.71666666666664,335.15,92.33,1.0,2,2,0.2099714791147694,443.0606649805779,3.0,5.0,9.274255401234567,0.0,3.0,356,1.0,0.0,0.0,0.0,0.0,0.3862594317484385,0.0,0.0,0.0,0.6137405682515614,0.0,0.0,0.0,0.0,0.0,0.0,2,9.0,9.0,9.0,1.0,1.0,0.4567305602642674,0.5274132572311299
ae3e48f07b8242fa45f29dca1ce36a08,-21.21038107909351,-43.77906256100021,MG,2,84.45,117.795,235.59,42.225,2.0,1,2,0.3948490230905861,401.6466087526035,1.0,5.0,8.114537037037037,0.0,2.0,86,0.5152595611019143,0.4847404388980856,0.0,0.0,1.0,0.0,0.0,0.0,0.0,0.0,0.0,0.0,0.0,0.0,0.0,0.0,2,201.0,201.0,201.0,1.0,1.0,1.0629597197898424,0.043160556532376375
ae44510fbe1ff7826298182f9f21aee9,-22.983040958833158,-43.22503798447633,RJ,2,143.4,166.38,332.76,143.4,1.0,1,1,0.1602510460251046,546.0655612786536,3.0,5.0,24.302019675925926,0.0,2.0,166,1.0,0.0,0.0,0.0,1.0,0.0,0.0,0.0,0.0,0.0,0.0,0.0,0.0,0.0,0.0,0.0,2,3.0,3.0,3.0,1.0,1.0,0.8585790884718499,0.10760874924656436
ae72fc322c436d955bae749b31ef4b97,-23.63101603538533,-46.68162962037082,SP,2,43.445,55.545,111.09,43.445,1.0,2,2,0.278513062492807,173.74059847148624,1.0,4.0,6.899149305555556,0.0,2.0,143,1.0,0.0,0.0,0.0,0.0,0.0,0.7469213948670733,0.0,0.0,0.0,0.0,0.0,0.0,0.0,0.0,0.2530786051329267,2,143.0,143.0,143.0,0.0,0.0,2.73160900235136,0.6562490695862189
ae74c314b9c383e5d7bcd99d54ffbc71,-21.176502163807363,-47.74275283842704,SP,3,101.05333333333334,119.63,358.89,75.79,1.3333333333333333,3,3,0.1838303206227734,299.34796890491833,7.666666666666667,3.333333333333333,11.278535879629633,0.0,2.2686335403726705,452,1.0,0.0,0.0,0.0,0.0920306108985354,0.5124686634120597,0.0,0.0,0.0,0.3955007256894049,0.0,0.0,0.0,0.0,0.0,0.0,2,30.0,30.0,30.0,0.0,0.0,0.13976753048780488,1.067368908690686
ae7b79796d47ab59f417a154efcdbb77,-23.048557365215235,-50.23049478428882,PR,2,99.895,116.115,232.23,99.895,1.0,2,2,0.1623704890134641,405.4180594067733,2.5,5.0,8.968391203703703,0.0,1.3502772643253236,344,1.0,0.0,0.0,0.0,0.0,0.0,0.0,0.0,0.0,0.0,0.0,0.0,0.0,0.0,0.0,1.0,2,197.0,197.0,197.0,0.0,0.0,0.2402798547318949,0.8662613755654858
ae899cddd0d9a9ae7f10099595241089,-19.973065569645865,-43.97277598977353,MG,2,34.445,50.22,100.44,34.445,1.0,2,2,0.457976484250254,549.5124388540843,3.0,3.0,13.71386574074074,0.0,2.0,89,1.0,0.0,0.0,0.0,0.0,0.0,0.0,0.0,0.0,0.0,0.492088837276818,0.0,0.0,0.0,0.0,0.5079111627231819,2,18.0,18.0,18.0,0.0,0.0,1.0,0.0
aebc1c715aad58419ecb2d919f449127,-16.6693067722627,-49.26848657136527,GO,2,37.9,54.565,109.13,37.9,1.0,2,2,0.4397097625329815,892.3692738930761,1.0,5.0,12.706359953703704,0.0,2.0,127,0.0,1.0,0.0,0.0,0.0,0.0,0.0,0.0,0.5263852242744064,0.0,0.0,0.0,0.0,0.4736147757255937,0.0,0.0,2,158.0,158.0,158.0,0.0,0.0,0.7441265782323798,0.20747328079898514
aebdb8f05f5ebf99f858c1a75fb7035a,-25.159795271741835,-50.14447360672931,PR,2,149.95,241.3,482.6,29.99,5.0,1,1,0.6092030676892297,403.8425457396185,1.0,3.5,14.733055555555556,0.0,2.0,54,0.0,1.0,0.0,0.0,0.0,0.0,0.0,0.0,0.0,0.0,0.0,0.0,0.0,0.0,0.0,1.0,2,75.0,75.0,75.0,1.0,1.0,1.0016590626296142,0.0011721620906532243
af0450a3075f107a38cd7daadc98f990,-23.496589946807152,-46.6229360117536,SP,2,41.885,51.155,102.31,41.885,1.0,2,2,0.2213202817237674,6.181380485334816,1.0,5.0,5.226354166666667,0.0,2.0,149,0.0,1.0,0.0,0.0,0.0,0.5228602124865703,0.0,0.0,0.0,0.0,0.0,0.0,0.0,0.0,0.0,0.4771397875134296,2,21.0,21.0,21.0,0.0,0.0,1.1602618243243243,0.1049152667228208
af0f26435fade1ca984d9affda307199,-23.67062712389394,-46.450778598073136,SP,2,132.35000000000002,153.885,307.77,88.23333333333333,1.5,3,3,0.1627125047223271,293.4770974548521,4.5,3.5,5.866597222222223,0.0,1.9850543478260871,242,1.0,0.0,0.0,0.0,0.0,0.5100113335851907,0.0408009066868152,0.0,0.0,0.0,0.0,0.0,0.0,0.0,0.0,0.4491877597279939,2,126.0,126.0,126.0,0.0,0.0,0.9380982367758186,0.045169182565316775
afed5a21e94b4e3e5fbe6c7e4bc92f4c,-23.19171786480833,-47.29007869418136,SP,2,167.18,198.645,397.29,83.59,2.0,3,3,0.1882402201220241,224.39408911968755,7.0,5.0,17.364612268518517,0.5,2.0,131,1.0,0.0,0.0,0.0,0.0,0.0,0.0,0.0,0.0,0.0,0.0,0.0,0.0,0.0,0.0,1.0,2,151.0,151.0,151.0,0.0,0.0,0.6783828313125766,0.270996195483057
aff7f8b5669fbc5d6f6097ce45e63b19,-26.043345140097195,-50.82866901963383,PR,2,69.94500000000001,95.15,190.3,46.63,1.5,2,3,0.3603545643005217,666.0964651627803,7.0,4.5,10.048559027777776,0.0,1.5443974630021142,59,1.0,0.0,0.0,0.0,0.0,0.0,0.0,0.0,0.0,0.0,0.0,0.0,0.0,0.0,0.0,1.0,2,414.0,414.0,414.0,0.0,0.0,0.3401408450704225,0.6963311129498634
b03155da610163a1626f1b99d4787774,-12.672033726632431,-38.5446804138388,BA,2,109.0,145.16,290.32,109.0,1.0,2,1,0.331743119266055,1805.4437389331483,2.5,3.0,12.731105324074075,0.0,2.0,39,1.0,0.0,0.0,0.0,0.0,0.0,0.0,0.0,0.0,0.0,0.0,0.0,0.6376146788990825,0.0,0.0,0.3623853211009174,2,12.0,12.0,12.0,0.0,1.0,0.6443135478024468,0.305912826250449
b045295488236fa73d8d9c37dc4b03e7,-5.068141476811651,-42.78887981410248,PI,2,587.49,623.5649999999999,1247.13,391.66,1.5,2,2,0.0614053005157534,2028.9095369237027,1.0,3.5,9.74175347222222,0.0,1.5880434782608697,354,0.0,1.0,0.0,0.0,0.0,0.0,0.0,0.0,0.0,0.0,0.0,0.0,0.0,0.3191458578018349,0.6808541421981651,0.0,2,106.0,106.0,106.0,1.0,0.0,0.08370698644421272,1.1957420438250685
b0468c2f2573d7b6bc5bc33479785e2a,-27.826690670874136,-50.32810916210023,SC,2,50.02,68.36000000000001,136.72000000000003,50.02,1.0,2,2,0.3666533386645342,691.0321411261582,1.0,4.5,14.180931712962964,0.0,2.0,24,0.4785693387946167,0.5214306612053832,0.0,0.0,0.0,0.0,0.469812075169932,0.0,0.0,0.0,0.0,0.0,0.0,0.0,0.0,0.530187924830068,2,123.0,123.0,123.0,0.0,0.0,0.9178005330340862,0.06061506345455189
b04b3653ac441004b247e96ac0829d0c,-23.54510925562216,-46.56366751873381,SP,2,59.55,70.865,141.73,59.55,1.0,2,2,0.1900083963056255,321.55404833372904,1.0,3.0,6.581273148148148,0.0,2.0,122,1.0,0.0,0.0,0.0,0.0,0.0,0.7514693534844669,0.0,0.0,0.2485306465155332,0.0,0.0,0.0,0.0,0.0,0.0,2,38.0,38.0,38.0,0.0,0.0,0.3726876513317191,0.6462895112884031
b079e8a1977edd900b4522be9dec0245,-22.89371110123467,-43.25243948402978,RJ,2,145.0,179.36,358.72,145.0,1.0,2,2,0.2369655172413793,364.9343408441475,1.5,5.0,10.987824074074076,0.0,2.0,220,1.0,0.0,0.0,0.0,0.0,0.0,0.0,0.5137931034482759,0.0,0.0,0.0,0.0,0.0,0.0,0.0,0.4862068965517241,2,38.0,38.0,38.0,0.0,0.0,1.1182167109536463,0.07892661551825762
b08fab27d47a1eb6deda07bfd965ad43,-18.718648412982823,-39.85504686780233,ES,4,101.2,119.335,477.34,101.2,1.0,2,3,0.1791996047430829,1091.542415274344,1.0,4.5,12.613776041666666,0.0,4.0,348,0.0,1.0,0.0,0.0,0.0,0.0,0.0,0.0,0.0,0.0,0.0,0.0,0.0,0.0985671936758893,0.0,0.9014328063241108,3,7.5,7.5,15.0,0.5,0.5,6.768,1.16011250263252
b0b057559c54c99e41a21c40c08f7780,-23.58296114210615,-46.64702836834831,SP,2,100.495,128.54500000000002,257.09000000000003,100.495,1.0,2,2,0.2791183640977163,63.76617306798616,1.0,3.5,7.846886574074075,0.0,1.3403669724770642,454,1.0,0.0,0.0,0.0,0.0,0.0,0.0,0.0,0.0,0.3532514055425643,0.0,0.0,0.0,0.0,0.0,0.6467485944574357,2,91.0,91.0,91.0,0.0,0.0,0.4545403111739746,0.5303369619525851
b0f47d39f0e55621071ec1e93ca6b74d,-2.5424847666243027,-44.22555592099364,MA,2,39.945,67.595,135.19,39.945,1.0,1,2,0.6922017774439855,2033.1001593280755,6.5,4.5,14.003443287037037,0.0,1.5777537796976242,449,1.0,0.0,0.0,0.0,0.0,0.0,0.0,0.0,0.0,0.0,0.0,0.0,0.0,0.0,0.0,1.0,2,13.0,13.0,13.0,1.0,0.0,1.2144144144144144,0.13693361588478303
b1153ed93605e954b8710b36c8c5f5e8,-8.11494899331008,-34.896294812132425,PE,2,90.5,125.405,250.81,90.5,1.0,2,2,0.3856906077348066,1956.8783320983905,1.5,2.5,13.68242476851852,0.0,2.0,132,0.6848610501973605,0.3151389498026394,0.0,0.0,0.0,0.0,0.7679558011049724,0.0,0.0,0.0,0.0,0.0,0.0,0.0,0.0,0.2320441988950276,2,10.0,10.0,10.0,0.0,0.0,2.1732034412955463,0.5228660086872816
b17ed96ffdf66518b4cf65e328298e7b,-22.726479108886856,-43.43943248136496,RJ,2,175.995,208.435,416.87,175.995,1.0,2,2,0.1843234182789283,502.8629183433157,1.0,2.0,31.21341435185185,0.5,2.0,178,0.0,1.0,0.0,0.0,0.0,0.0,0.0,0.0,0.0,0.0,0.4119151112247507,0.0,0.0,0.0,0.0,0.5880848887752493,2,20.0,20.0,20.0,0.0,0.0,0.6458209956966324,0.304337320220909
b18c8cbd9616a95055ef4146f3f805e1,-23.560068627682572,-46.68514949874962,SP,2,81.7,121.095,242.19,18.155555555555555,4.5,2,2,0.4821909424724601,48.81183894009021,1.0,4.0,4.197552083333333,0.0,2.0,90,1.0,0.0,0.0,0.0,0.0,0.2809057527539779,0.0,0.0,0.0,0.719094247246022,0.0,0.0,0.0,0.0,0.0,0.0,2,55.0,55.0,55.0,1.0,1.0,4.494328493647913,0.899423242133564
b197f4af65829575f2f333bd0e9fd204,-8.907578141458554,-36.480663669704185,PE,2,84.9,113.89,227.78,84.9,1.0,1,1,0.3414605418138987,2013.025941872933,2.0,5.0,22.55742476851852,0.0,2.0,323,0.5,0.5,0.0,0.0,0.0,0.0,0.0,0.0,0.0,0.0,0.0,0.0,0.0,0.0,0.0,1.0,2,28.0,28.0,28.0,1.0,1.0,1.0,0.0
b1a82c8d03f1811eb03d6cb6555ea68e,-23.53133169838159,-46.82919248747782,SP,2,62.7,75.07,150.14,62.7,1.0,2,2,0.1972886762360446,268.5187115172746,4.5,5.0,6.38021412037037,0.0,2.0,44,1.0,0.0,0.0,0.0,0.0,0.60207336523126,0.0,0.0,0.0,0.0,0.0,0.0,0.0,0.0,0.39792663476874,0.0,2,182.0,182.0,182.0,0.0,0.0,0.7211968359509342,0.22907735338293383
b1addddee0c4b35550114227d2328cc4,-22.01334407101607,-47.41518185119247,SP,2,73.495,86.09,172.18,73.495,1.0,2,2,0.1713722021906251,152.1611902672692,2.0,5.0,7.151412037037037,0.0,2.0,65,1.0,0.0,0.0,0.0,0.0,0.0,0.7279406762364786,0.0,0.0,0.0,0.0,0.0,0.0,0.0,0.0,0.2720593237635213,2,162.0,162.0,162.0,0.0,0.0,0.4438574423480084,0.5447243783051671
b222983612ccf9940049ebca9c555130,-12.985247261906451,-38.51391591559918,BA,2,60.44500000000001,78.295,156.59,60.44500000000001,1.0,2,2,0.2953097857556456,1456.839839000482,1.0,5.0,20.596793981481483,0.0,2.0,72,0.5396896353534709,0.4603103646465291,0.0,0.0,0.0,0.0,0.5451236661427744,0.0,0.0,0.0,0.0,0.0,0.0,0.0,0.0,0.4548763338572255,2,15.0,15.0,15.0,0.0,0.0,1.1724472807991122,0.11225924120504234
b248c92ec54199bedb1d603e0e6f98c6,-22.88185930476769,-48.45128428712663,SP,2,721.3,741.63,1483.26,721.3,1.0,2,2,0.0281852211285179,452.826447391212,1.0,5.0,12.027100694444444,0.0,2.0,194,0.0,0.961099200409908,0.0389007995900921,0.0,0.9704699847497574,0.0,0.0,0.0,0.0,0.0295300152502426,0.0,0.0,0.0,0.0,0.0,0.0,2,89.0,89.0,89.0,0.0,0.0,0.04047532197873117,1.3041854856381632
b25a21b56a2d74da49e04cadbc9e0dd8,-12.79223227673966,-38.39230405572618,BA,2,47.995000000000005,63.81,127.62,47.995000000000005,1.0,2,2,0.3295134909886446,1478.808866769532,1.0,4.0,16.61578125,0.0,1.7817073170731703,222,0.0,0.0,1.0,0.0,0.4062923221168871,0.0,0.0,0.0,0.0,0.0,0.0,0.0,0.0,0.0,0.0,0.5937076778831127,2,188.0,188.0,188.0,0.0,0.0,0.7522998764245503,0.1999092043975132
b26fa76ddf33e534491e4ec46f51bc64,-20.320201603010396,-40.3339473481422,ES,2,104.8,139.36,278.72,52.4,2.0,2,2,0.3297709923664122,957.9787874788976,1.0,5.0,8.52435185185185,0.0,1.584598698481562,384,0.0,0.0,1.0,0.0,0.0,0.0,0.6192748091603053,0.0,0.3807251908396946,0.0,0.0,0.0,0.0,0.0,0.0,0.0,2,77.0,77.0,77.0,0.0,0.0,1.4236521739130434,0.24720323176957942
b2bd387fdc3cf05931f0f897d607dc88,-21.223452623490328,-47.82864419487736,SP,4,136.785,159.6925,638.77,78.16285714285713,1.75,1,3,0.167470848411741,483.9494206656146,1.0,2.5,15.02353298611111,0.0,4.0,181,1.0,0.0,0.0,0.0,0.0,0.0,0.0,1.0,0.0,0.0,0.0,0.0,0.0,0.0,0.0,0.0,2,6.0,6.0,6.0,1.0,0.0,0.4150550497330586,0.5845971024697713
b2c913a0723c7737e11067861e061913,-22.49112555551568,-43.18326114266719,RJ,2,147.0,205.45,410.9,73.5,2.0,2,2,0.3976190476190476,586.2473116213093,3.0,3.0,8.21134837962963,0.0,2.0,48,1.0,0.0,0.0,0.0,0.0,0.0,0.0,0.0,0.5306122448979592,0.0,0.0,0.0,0.0,0.0,0.0,0.4693877551020408,2,168.0,168.0,168.0,0.0,0.0,1.3911778398510242,0.2313541875461656
b2e9a05d23ea17713b5d7799f2004f8e,-23.47572022522938,-46.62427728915881,SP,3,233.4233333333333,260.88,782.64,77.80777777777777,3.0,1,2,0.117626058520285,112.510793094958,1.6666666666666667,5.0,4.292827932098766,0.0,3.0,36,0.7711335991004804,0.2288664008995196,0.0,0.0,0.0,0.0,0.0,1.0,0.0,0.0,0.0,0.0,0.0,0.0,0.0,0.0,2,3.0,3.0,3.0,1.0,1.0,0.06068901959721357,1.2523805783112858
b316e256ce45161d3ab81f74834376e8,-21.19097277107631,-48.15635253001893,SP,2,109.9,125.465,250.93,109.9,1.0,2,2,0.1416287534121929,406.8949545633244,5.0,5.0,12.950561342592591,0.0,1.581168831168831,186,1.0,0.0,0.0,0.0,0.0,0.0,0.0,0.0,0.0,0.0,0.0,0.0,0.4545040946314831,0.0,0.0,0.5454959053685168,2,276.0,276.0,276.0,0.0,0.0,0.8855575593627891,0.08583458556148034
b3806e7118d02476c96b3dd8578dd07f,-19.921375589837066,-43.90611074343838,MG,2,74.9,91.855,183.71,74.9,1.0,1,1,0.2263684913217623,827.6723186824737,3.0,4.0,6.470515046296296,0.0,1.357806691449814,494,1.0,0.0,0.0,0.0,0.0,0.0,1.0,0.0,0.0,0.0,0.0,0.0,0.0,0.0,0.0,0.0,2,44.0,44.0,44.0,1.0,1.0,0.7175579655946148,0.23255887931681019
b39dde6dd619943190a8cc9aa6db38a4,-23.69118591688793,-46.54383391746785,SP,4,170.39999999999998,192.4525,769.81,170.39999999999998,1.0,4,4,0.1294160798122066,261.2904052161944,4.5,5.0,11.426747685185186,0.0,2.767045454545454,194,1.0,0.0,0.0,0.0629401408450704,0.1759096244131455,0.0,0.0,0.0,0.0,0.0,0.0,0.0,0.0,0.0,0.0,0.7611502347417841,4,111.33333333333333,74.0,334.0,0.0,0.0,0.1004439511653718,1.0992589863672901
b3a34bbf1a1d11885918ad3ad99083ae,-13.366252889368514,-39.07029425491336,BA,2,149.9,180.365,360.73,99.93333333333334,1.5,2,2,0.2032354903268846,1388.5787333287174,2.0,4.0,14.46103587962963,0.0,2.0,45,1.0,0.0,0.0,0.0,0.0,0.0,0.7264843228819213,0.0,0.0,0.0,0.0,0.0,0.0,0.0,0.0,0.2735156771180787,2,69.0,69.0,69.0,1.0,1.0,0.5674372121317459,0.3902779367788694
b3a6549b3cd47a7117094faafce8b10d,-23.970911532108573,-46.18985109662181,SP,3,50.3,59.7,179.1,50.3,1.0,3,3,0.1868787276341948,77.86946021580785,1.0,5.0,6.283287037037037,0.0,3.0,154,0.0,1.0,0.0,0.0,0.0,0.0,0.1855533465871437,0.0,0.6494367130550033,0.1650099403578528,0.0,0.0,0.0,0.0,0.0,0.0,3,28.0,28.0,56.0,0.0,0.0,0.3187426821579753,0.7449536088514972
b434a4f306b4eb09c0d57b76f0c4684d,-23.68073464230816,-46.65655307879352,SP,2,42.245,50.04,100.08,42.245,1.0,2,2,0.1845188779737247,27.15116767266346,2.0,3.0,4.319027777777778,0.0,2.0,69,1.0,0.0,0.0,0.0,0.7693218132323353,0.0,0.2306781867676648,0.0,0.0,0.0,0.0,0.0,0.0,0.0,0.0,0.0,2,43.0,43.0,43.0,0.0,0.0,2.6578947368421053,0.640974492298597
b4418ae2225a81808d6c5a61f3a719ff,-22.570718664841195,-47.40307139831325,SP,2,61.62,93.855,187.71,61.62,1.0,2,2,0.5231256085686465,273.4244046920609,1.0,5.0,13.296539351851852,0.0,2.0,57,0.1046294816472217,0.8953705183527783,0.0,0.0,0.0,0.0,0.0,0.0,0.9006004543979228,0.0,0.0,0.0,0.0,0.0,0.0,0.0993995456020772,2,238.0,238.0,238.0,0.0,0.0,0.11685607187481407,1.1182766984339594
b47715fad5cbc17bfb21e9ab646fdfb2,-20.737222706375025,-49.58224447403391,SP,2,415.99,431.92,863.84,415.99,1.0,1,1,0.038294189764177,452.3624991608244,1.0,4.0,7.311678240740741,0.0,2.0,233,0.0,1.0,0.0,0.0,0.0,0.0,0.0,0.0,0.0,0.0,0.0,0.0,0.0,0.0,0.0,1.0,2,8.0,8.0,8.0,1.0,1.0,1.0,0.0
b495d807ccbd38ea1be486a826c88008,-24.01407176611311,-46.28313434416642,SP,3,138.29666666666665,154.69,464.07,138.29666666666665,1.0,2,3,0.1185374436597652,79.14086562473199,4.0,3.6666666666666665,8.583559027777778,0.0,3.0,60,1.0,0.0,0.0,0.0,0.0,0.0,0.0,0.0,0.6025693557328449,0.3974306442671552,0.0,0.0,0.0,0.0,0.0,0.0,3,109.0,109.0,218.0,0.5,0.0,0.12157158776375858,0.7900072850739589
b4afb55d2d38d9bbe0b83ec108c3e77e,-23.51042733802465,-46.528633857468655,SP,2,175.315,186.675,373.35,175.315,1.0,2,2,0.0647976499443858,81.53476233646279,5.0,5.0,2.1684375,0.0,1.743436754176611,315,1.0,0.0,0.0,0.0,0.0,0.0,0.0,0.3707612012662921,0.0,0.0,0.0,0.0,0.0,0.0,0.0,0.6292387987337079,2,105.0,105.0,105.0,0.0,0.0,0.5874399421744122,0.36754022219649496
b4b0901bb872cf9972b32a05733b3394,-21.592160969164,-45.44710738316118,MG,2,181.81,231.645,463.29,181.81,1.0,2,1,0.2741048347175623,584.9636633187353,6.0,5.0,9.77523148148148,0.0,2.0,36,1.0,0.0,0.0,0.0,0.0,0.0,0.0,0.0,0.0,0.1881084648809196,0.0,0.0,0.0,0.0,0.0,0.8118915351190804,2,79.0,79.0,79.0,0.0,1.0,3.0038890329271455,0.7077936038063622
b4be8ffe5a39196f0098f30316f7d7a1,-20.966532635341125,-42.04147745238675,RJ,2,236.8,271.4,542.8,118.4,2.0,1,2,0.1461148648648648,1054.3523583332408,2.0,4.5,19.027060185185185,0.0,1.5949781659388649,99,1.0,0.0,0.0,0.0,0.0,0.0,0.0,1.0,0.0,0.0,0.0,0.0,0.0,0.0,0.0,0.0,2,358.0,358.0,358.0,1.0,0.0,1.3593845083891158,0.21541484402543756
b4d20b907a61795e8c8f3a7966c6cfb9,-23.501578551409715,-46.86703187573575,SP,2,94.8,124.8,249.6,37.92,2.5,2,2,0.3164556962025316,224.9793939598981,1.0,5.0,2.9262384259259258,0.0,2.0,80,1.0,0.0,0.0,0.0,0.0,0.0,0.0,0.630801687763713,0.0,0.0,0.0,0.0,0.0,0.0,0.0,0.3691983122362869,2,249.0,249.0,249.0,0.0,0.0,0.46513266024888467,0.5162786049817164
b4e4f24de1e8725b74e4a1f4975116ed,-21.765967083293752,-43.33040190440252,MG,5,40.056,54.99,274.95,40.056,1.0,3,4,0.3728280407429599,454.43326974298463,2.8,4.2,13.522460648148147,0.2,5.0,156,1.0,0.0,0.0,0.0,0.0,0.0,0.2271819452766127,0.0,0.0,0.0,0.0,0.0,0.0,0.0,0.0,0.7728180547233873,3,17.5,17.5,35.0,1.0,0.5,0.6160700568443693,0.7505680729811007
b52b8debdefe66d4c0d7f44d9b4ff088,-22.76601561892179,-41.906263209520965,RJ,2,166.985,234.56,469.12,111.32333333333332,1.5,2,2,0.4046770668024074,472.7449111388402,1.5,2.5,33.191180555555555,0.5,2.0,26,1.0,0.0,0.0,0.0,0.0,0.0,0.0,0.0,0.0,0.0,0.0,0.2993981495343893,0.0,0.0,0.0,0.7006018504656107,2,138.0,138.0,138.0,0.0,0.0,0.34750387775033037,0.6847986716163716
b530945168f12f82a3f9be3a5e243afa,-22.84541600783546,-47.67735934299706,SP,2,27.995,40.685,81.37,27.995,1.0,2,2,0.453295231291302,106.04955764660669,1.5,3.5,8.409403935185185,0.0,1.9274406332453824,324,1.0,0.0,0.0,0.0,0.0,0.4641900339346312,0.0,0.0,0.0,0.0,0.0,0.0,0.0,0.0,0.0,0.5358099660653689,2,55.0,55.0,55.0,0.0,0.0,1.1036711478800414,0.06969394598889159
b56c60ed244eed72ff5640a41bf254d5,-20.41022536716159,-42.8993095333992,MG,2,60.925,77.44,154.88,60.925,1.0,2,2,0.2710709889208043,745.8067728072981,1.0,4.5,12.90347800925926,0.0,1.290636042402827,285,0.5803202479338843,0.4196797520661157,0.0,0.0,0.0,0.0,0.0,0.4095199015182602,0.0,0.0,0.0,0.0,0.0,0.0,0.0,0.5904800984817399,2,280.0,280.0,280.0,0.0,0.0,0.7231864708500223,0.22717996792253745
b593353aa4c093b71235ece9689ce7e4,-22.886668839836336,-43.2790840583768,RJ,2,114.9,135.5,271.0,114.9,1.0,2,2,0.1792863359442994,474.419341420565,2.0,3.0,22.75625,1.0,2.0,258,0.7601476014760148,0.2398523985239852,0.0,0.0,0.0,0.7828546562228024,0.0,0.0,0.0,0.0,0.0,0.0,0.0,0.0,0.0,0.2171453437771975,2,20.0,20.0,20.0,0.0,0.0,3.169230769230769,0.7358085324524221
b5b46581465f851df3529a30d2503f59,-21.55022833982037,-42.193044092356295,RJ,2,205.98,248.19,496.38,102.99,2.0,1,2,0.2049228080396155,555.5423526027589,6.5,5.0,12.848130787037036,0.0,2.0,334,1.0,0.0,0.0,0.0,0.0,1.0,0.0,0.0,0.0,0.0,0.0,0.0,0.0,0.0,0.0,0.0,2,7.0,7.0,7.0,1.0,0.0,0.20427968363336407,0.9344328220055758
b608532e04a3070b4b31178948f5c43b,-23.669150273984144,-46.47676135641144,SP,2,161.395,169.465,338.93,161.395,1.0,2,2,0.0500015489947024,69.83506216068145,1.0,5.0,2.4051388888888887,0.0,2.0,115,0.0,1.0,0.0,0.1666408500882926,0.8333591499117072,0.0,0.0,0.0,0.0,0.0,0.0,0.0,0.0,0.0,0.0,0.0,2,8.0,8.0,8.0,0.0,0.0,0.22027002700270026,0.9036563042608834
b619178eb4f697c3283943612910230a,-21.804092165313147,-48.16047347190232,SP,2,59.9,77.685,155.37,59.9,1.0,1,1,0.2969115191986644,590.8798764036479,1.0,4.0,14.95226273148148,0.0,2.0,165,1.0,0.0,0.0,0.0,0.0,0.0,1.0,0.0,0.0,0.0,0.0,0.0,0.0,0.0,0.0,0.0,2,31.0,31.0,31.0,1.0,1.0,1.042192429022082,0.029218160103093558
b6216e2929abf9261e14d2e40f9a4d17,-23.676257121129435,-46.514580485550326,SP,2,60.91,73.80000000000001,147.60000000000002,60.91,1.0,1,2,0.2116237071088491,169.2826717977979,1.0,4.0,6.017673611111111,0.0,1.9376657824933683,228,1.0,0.0,0.0,0.0,0.0,0.0,0.0,0.0,1.0,0.0,0.0,0.0,0.0,0.0,0.0,0.0,2,149.0,149.0,149.0,1.0,0.0,1.2841225626740946,0.17591436995372642
b62777d3969196b3329205b4d8e1ba0a,-24.828673269117804,-49.26386895816619,PR,2,27.49,43.6,87.2,27.49,1.0,1,1,0.5860312841033103,635.7821306452499,1.5,5.0,13.653420138888889,0.0,1.868286445012788,388,1.0,0.0,0.0,0.0,0.0,0.0,0.0,0.0,0.0,0.0,0.0,0.0,0.0,1.0,0.0,0.0,2,3.0,3.0,3.0,1.0,1.0,1.2301790281329923,0.14596240896052587
b64064e3ae051f50b6f1eb12552d30e4,-23.34606164882721,-46.75207347921868,SP,2,37.7,49.505,99.01,37.7,1.0,2,2,0.313129973474801,115.68870335419145,1.0,3.5,10.880804398148149,0.0,1.4817444219066938,207,1.0,0.0,0.0,0.0,0.0,0.0,0.3037135278514588,0.0,0.0,0.0,0.0,0.0,0.0,0.0,0.0,0.6962864721485411,2,286.0,286.0,286.0,0.0,0.0,0.540771864301276,0.4215073449715184
b643c19d91a65d73f94ba8e037668986,-22.956840582772774,-43.1999976700109,RJ,2,149.495,181.91,363.82,149.495,1.0,2,2,0.2168299943141911,347.8388236184564,2.0,2.5,19.82103587962963,0.0,1.2726480836236935,234,0.4848276620306744,0.5151723379693255,0.0,0.0,0.0,0.0,0.0,0.0,0.0,0.0,0.0,0.0,0.0,0.0,0.0,1.0,2,340.0,340.0,340.0,0.0,0.0,1.0625885821191678,0.04291385225825682
b64d39d1e77c4d9a7e7d002ad7552178,-20.221594761416554,-40.27551192522555,ES,2,177.405,193.745,387.49,177.405,1.0,1,1,0.0921056340012964,758.3004745244994,4.5,1.5,20.92162037037037,0.0,2.0,52,0.5584660249296756,0.4415339750703244,0.0,0.0,1.0,0.0,0.0,0.0,0.0,0.0,0.0,0.0,0.0,0.0,0.0,0.0,2,2.0,2.0,2.0,1.0,1.0,0.7906192236598891,0.16536689078718145
b68a98377d20140feaa17eeb61687459,-20.754545000481134,-42.87786978525557,MG,2,19.945,34.755,69.51,19.945,1.0,2,2,0.7425419904738029,500.535302868328,1.0,5.0,7.706782407407407,0.0,1.337912087912088,430,1.0,0.0,0.0,0.0,0.0,0.0,0.0,0.0,0.0,0.3507144647781399,0.0,0.0,0.64928553522186,0.0,0.0,0.0,2,116.0,116.0,116.0,0.0,0.0,0.7196932211776348,0.23051416575582176
b698379306c3fad0ab64d82a63a770a2,-22.17259810825615,-47.373334100570304,SP,2,42.0,53.870000000000005,107.74,42.0,1.0,1,1,0.2826190476190476,176.31421668700796,2.5,4.5,12.302442129629627,0.0,2.0,275,1.0,0.0,0.0,0.0,1.0,0.0,0.0,0.0,0.0,0.0,0.0,0.0,0.0,0.0,0.0,0.0,2,14.0,14.0,14.0,1.0,1.0,0.6107041411272238,0.34180546838867076
b6aa5a87f6c08e2510324edca009810f,-25.346661296353712,-49.20973891522151,PR,2,35.95,50.55,101.1,35.95,1.0,2,2,0.4061196105702364,308.75114386841904,1.0,5.0,6.9486689814814815,0.0,2.0,327,1.0,0.0,0.0,0.0,0.0,0.0,0.0,0.0,0.0,0.0,0.0,0.0,0.0,0.0,0.0,1.0,2,28.0,28.0,28.0,0.0,0.0,0.6022187004754358,0.3511054442686913
b6bb8e4780df00a25fa34335d3dc1330,-23.4567522355436,-46.54195399580728,SP,2,45.0,52.78,105.56,45.0,1.0,1,1,0.1728888888888889,30.866139821631407,4.5,5.0,3.7058796296296297,0.0,2.0,352,1.0,0.0,0.0,0.0,1.0,0.0,0.0,0.0,0.0,0.0,0.0,0.0,0.0,0.0,0.0,0.0,2,3.0,3.0,3.0,1.0,1.0,0.6814272061165977,0.26794497202976414
b6c083700ca8c135ba9f0f132930d4e8,-23.53459263775117,-46.286765013887646,SP,2,64.9,78.475,156.95,64.9,1.0,2,2,0.2091679506933744,294.64417287877194,1.0,4.0,5.231950231481481,0.0,2.0,279,1.0,0.0,0.0,0.0,0.6155624036979969,0.0,0.0,0.0,0.0,0.384437596302003,0.0,0.0,0.0,0.0,0.0,0.0,2,83.0,83.0,83.0,0.0,0.0,0.6062839013407021,0.34663775561957927
b7474898d0dccad79a77bf2b0d23bbab,-23.733176292040795,-46.690490836223695,SP,2,79.2,94.185,188.37,79.2,1.0,2,2,0.1892045454545454,42.55891130572018,2.0,4.5,11.946111111111112,0.0,2.0,86,1.0,0.0,0.0,0.2518939393939394,0.0,0.0,0.0,0.0,0.0,0.0,0.0,0.0,0.0,0.0,0.0,0.7481060606060606,2,255.0,255.0,255.0,0.0,0.0,2.874331550802139,0.6841709504648308
b7737cd1c12adf6a0bc2de497ce2935d,-22.887702368976925,-47.03879517360688,SP,2,108.8,117.725,235.45,108.8,1.0,1,1,0.08203125,112.2702851583708,1.0,5.0,3.523935185185185,0.0,2.0,24,0.0,1.0,0.0,0.0,0.0,0.0,1.0,0.0,0.0,0.0,0.0,0.0,0.0,0.0,0.0,0.0,2,51.0,51.0,51.0,1.0,1.0,1.0154939222735833,0.010871635370122344
b7b162291adff744d6f3c6450557ffee,-27.520769187258253,-49.68503956191387,SC,3,155.28333333333333,173.08,519.24,155.28333333333333,1.0,2,3,0.1146077063432435,599.9907078977031,4.666666666666667,4.666666666666667,13.189922839506172,0.0,2.698891625615764,38,1.0,0.0,0.0,0.0,0.0,0.3581624986583664,0.6418375013416335,0.0,0.0,0.0,0.0,0.0,0.0,0.0,0.0,0.0,2,369.0,369.0,369.0,0.0,0.0,1.5955511122219443,0.3244923423101659
b7b68a8bb6ca48aefdd5790e04cda817,-15.890187826996073,-47.79018575916772,DF,2,109.0,124.26,248.52,109.0,1.0,1,2,0.14,867.7925327240196,3.0,4.5,10.181707175925926,0.0,2.0,81,1.0,0.0,0.0,0.0,1.0,0.0,0.0,0.0,0.0,0.0,0.0,0.0,0.0,0.0,0.0,0.0,2,101.0,101.0,101.0,1.0,0.0,4.766125290023202,0.9236888195895735
b7e2b4e7e5bbfc11eb1b22e6d822926b,-23.542241641563283,-46.603630231523766,SP,2,49.0,62.355,124.71,49.0,1.0,2,2,0.2725510204081632,127.2836150508938,3.5,5.0,5.3891782407407405,0.0,2.0,121,0.5740518001764093,0.0,0.4259481998235908,0.0,0.0,0.0,0.0,0.0,0.5,0.0,0.0,0.0,0.0,0.0,0.0,0.5,2,3.0,3.0,3.0,0.0,0.0,0.82538056206089,0.13528640685679588
b824f6981f2ee1c30533c4138572428c,-22.398079045619017,-42.93477971033892,RJ,2,93.4,111.82,223.64,93.4,1.0,2,2,0.1972162740899357,650.4460791226975,6.5,4.5,41.39760416666667,0.5,1.238135593220339,404,1.0,0.0,0.0,0.0,0.0,0.0,0.0,0.0,0.6204496788008566,0.3795503211991435,0.0,0.0,0.0,0.0,0.0,0.0,2,187.0,187.0,187.0,0.0,0.0,0.6567153122453515,0.29303638204421945
b854c56e1163bced9c3ebf1e4a6576f3,-21.775219369192417,-43.34072444164519,MG,2,83.45,121.23,242.46,41.725,2.0,2,2,0.4527261833433194,447.1162267974454,1.0,1.5,22.092002314814813,0.5,2.0,166,0.0410789408562237,0.0,0.6805246226181638,0.0,0.0,0.0,0.0,0.0,0.701018573996405,0.0,0.0,0.0,0.2989814260035949,0.0,0.0,0.0,2,27.0,27.0,27.0,0.0,0.0,2.592,0.6267895298713718
b896655e2083a1d76b7b85df8fc86e40,-23.292662389847365,-46.7338828918877,SP,4,109.85,126.765,507.06,109.85,1.0,1,1,0.1539827036868457,217.29243656805133,1.0,5.0,10.137002314814817,0.0,4.0,58,0.0,1.0,0.0,0.0,0.0,0.0,1.0,0.0,0.0,0.0,0.0,0.0,0.0,0.0,0.0,0.0,4,94.66666666666667,63.0,284.0,1.0,1.0,1.7480818414322252,0.22240931016420182
b8b3c435a58aebd788a477bed8342910,-29.537405207090966,-49.88291629193329,RS,3,167.32333333333335,306.4466666666667,919.34,125.4925,1.3333333333333333,2,4,0.6085622646771718,774.6462703448402,12.0,5.0,13.980096450617282,0.0,2.2546296296296298,374,1.0,0.0,0.0,0.0,0.0,0.0,0.0,0.0,0.0,0.1035918481184134,0.0,0.0,0.0,0.0,0.0,0.8964081518815865,3,55.5,55.5,111.0,0.5,0.0,8.364450867052023,0.8374033384376235
b8f77228f32fce5c13df55da21fad23b,-18.891550305501266,-48.29041482421861,MG,2,129.0,147.52,295.04,129.0,1.0,1,1,0.1435658914728682,492.0697576830282,7.0,5.0,11.82117476851852,0.0,2.0,206,1.0,0.0,0.0,0.0,0.0,0.0,0.0,0.0,0.0,1.0,0.0,0.0,0.0,0.0,0.0,0.0,2,28.0,28.0,28.0,1.0,1.0,1.0,0.0
b918da4934c7eabcda6e45b4e18aba53,-23.433756618856695,-46.53139620340809,SP,2,93.445,107.835,215.67,93.445,1.0,1,2,0.1539943282144577,300.67821450347554,1.0,3.0,11.736805555555556,0.0,1.472782258064516,482,0.0,1.0,0.0,0.0,0.0,0.0,0.0,0.0,1.0,0.0,0.0,0.0,0.0,0.0,0.0,0.0,2,14.0,14.0,14.0,1.0,0.0,0.3825886274761202,0.6315338628096295
b9544dcc09004b3b28e388ed130e50f1,-22.92273583741293,-43.18931182539369,RJ,2,199.9,224.585,449.17,199.9,1.0,1,1,0.1234867433716858,452.5539647953223,9.0,3.0,25.209016203703705,0.5,2.0,172,1.0,0.0,0.0,0.0,0.0,1.0,0.0,0.0,0.0,0.0,0.0,0.0,0.0,0.0,0.0,0.0,2,23.0,23.0,23.0,1.0,1.0,1.0252040218224447,0.017600137617529234
b9833a43443ed9fad7a66f9ffb80684c,-23.66301880389794,-46.632990562245546,SP,2,90.435,103.805,207.61,90.435,1.0,2,2,0.1478409907668491,157.85277998622615,2.0,5.0,4.88765625,0.0,2.0,46,1.0,0.0,0.0,0.0,0.0,0.0,0.1708409354785204,0.0,0.8291590645214795,0.0,0.0,0.0,0.0,0.0,0.0,0.0,2,91.0,91.0,91.0,0.0,0.0,4.4220423086967875,0.8925601034523705
b9bab1d3bf90360ff3942299971001ef,-22.859752983115943,-47.05396659673355,SP,2,113.73,126.34,252.68,113.73,1.0,2,2,0.1108766376505759,270.4553828280164,10.5,4.5,11.140335648148149,0.0,2.0,18,1.0,0.0,0.0,0.0,0.0,0.0,0.0,0.0,0.7670359623670095,0.0,0.0,0.0,0.2329640376329904,0.0,0.0,0.0,2,142.0,142.0,142.0,0.0,0.0,0.3259169858844519,0.7189721158083259
b9badb100ff8ecc16a403111209e3a06,-23.538346670794525,-46.601047181386974,SP,2,252.9,285.34,570.68,126.45,2.0,3,2,0.1282720442862791,566.5685996727509,3.0,3.5,6.343136574074074,0.0,1.9584450402144773,28,0.110254433307633,0.889745566692367,0.0,0.0968762356662712,0.0,0.7174772637406089,0.0,0.0,0.1856465005931198,0.0,0.0,0.0,0.0,0.0,0.0,0.0,2,345.0,345.0,345.0,0.0,0.0,0.12391681109185443,1.1023669325822663
b9fba7ed7a4f5761ffd6c407ad764503,-22.76287427435325,-47.62837005699293,SP,2,80.0,89.31,178.62,80.0,1.0,2,1,0.116375,143.19077565654072,2.0,5.0,5.831041666666667,0.0,2.0,73,1.0,0.0,0.0,0.0,0.0,0.0,0.0,0.0,0.5,0.0,0.0,0.0,0.0,0.0,0.0,0.5,2,8.0,8.0,8.0,0.0,1.0,1.0,0.0
b9fd889214fcb1a45e4cd51f5af6cba3,-23.49428851329372,-46.89616631017783,SP,2,103.87,116.7,233.4,103.87,1.0,2,2,0.1235197843458168,205.2476098525582,4.5,5.0,5.302951388888889,0.0,1.7392857142857143,154,1.0,0.0,0.0,0.0,0.3176566862424184,0.0,0.0,0.0,0.0,0.0,0.0,0.0,0.0,0.0,0.0,0.6823433137575816,2,266.0,266.0,266.0,0.0,0.0,1.9942270686337393,0.46958676556947243
ba0c0e497661b804dbb590a6c5660b77,-23.559993979357763,-46.61977157814169,SP,2,26.2,34.665,69.33,26.2,1.0,1,2,0.3230916030534351,77.76278040211179,1.0,5.0,5.2329282407407405,0.0,2.0,112,0.4837732583297274,0.5162267416702726,0.0,0.0,0.0,1.0,0.0,0.0,0.0,0.0,0.0,0.0,0.0,0.0,0.0,0.0,2,25.0,25.0,25.0,1.0,0.0,0.9371332774518022,0.045896156286448345
ba54ee5be417c0558c060a3186451248,-22.288145356178884,-46.61200126172022,MG,2,180.5,200.635,401.27,180.5,1.0,1,2,0.1115512465373961,210.08382210346664,5.5,4.0,13.705202546296295,0.0,1.679310344827586,398,1.0,0.0,0.0,0.0,0.0,0.0,1.0,0.0,0.0,0.0,0.0,0.0,0.0,0.0,0.0,0.0,2,37.0,37.0,37.0,1.0,0.0,1.021409500780817,0.014978462481834312
ba77e9b6506636dcbd03e463d4786f24,-29.116168772113053,-51.12537662742017,RS,3,74.29333333333334,89.88,269.64,74.29333333333334,1.0,3,3,0.2097989949748743,657.1692992536153,4.0,4.333333333333333,11.91116512345679,0.0,2.1655138339920947,427,1.0,0.0,0.0,0.3584888729361091,0.0,0.0,0.0,0.0,0.0,0.3858129935391242,0.0,0.0,0.0,0.0,0.0,0.2556981335247667,2,79.0,79.0,79.0,0.0,0.0,1.636034803011047,0.3412280609998277
baa8144c90cc484cda27858b86a32f99,-23.51671094156181,-46.78692852437119,SP,2,48.94,68.765,137.53,32.626666666666665,1.5,2,2,0.4050878626890069,31.50565283829278,3.0,5.0,4.934195601851852,0.0,2.0,70,1.0,0.0,0.0,0.0,0.0,0.4893747445852063,0.0,0.0,0.0,0.0,0.0,0.0,0.0,0.0,0.0,0.5106252554147936,2,246.0,246.0,246.0,0.0,0.0,0.7075987087161658,0.24216337812758232
baad97a77fafd04f72a7f874dd67b37e,-23.55164293199529,-46.48666563061848,SP,2,119.445,134.745,269.49,119.445,1.0,2,2,0.1280924274770815,505.8081475768725,4.0,5.0,2.672783564814815,0.0,1.4938650306748464,104,1.0,0.0,0.0,0.7907405081836828,0.0,0.0,0.0,0.0,0.0,0.2092594918163171,0.0,0.0,0.0,0.0,0.0,0.0,2,384.0,384.0,384.0,0.0,0.0,0.29344852411807054,0.7725198653639961
baffecbd1fcc31f8a415cef1cd8cf772,-23.10494399450075,-45.706082670163234,SP,2,134.0,147.665,295.33,134.0,1.0,1,2,0.1019776119402985,199.96629755329417,2.5,5.0,8.686822916666667,0.0,2.0,130,0.6291606000067721,0.0,0.3708393999932279,1.0,0.0,0.0,0.0,0.0,0.0,0.0,0.0,0.0,0.0,0.0,0.0,0.0,2,79.0,79.0,79.0,1.0,0.0,1.6202643953509006,0.33477015591204107
bb656eab01a34ac497457c5a92f5bd07,-23.22366481811968,-47.95776813373915,SP,2,164.9,186.545,373.09,164.9,1.0,1,1,0.1312613705275924,283.7739554891224,2.0,5.0,9.270376157407409,0.0,1.5282426778242677,361,1.0,0.0,0.0,0.0,0.0,0.0,1.0,0.0,0.0,0.0,0.0,0.0,0.0,0.0,0.0,0.0,2,117.0,117.0,117.0,1.0,1.0,0.9474371019939449,0.0381707646227374
bb6d785b806cb1eef824812b06b9f15b,-23.609844835775185,-46.50817828189471,SP,2,32.4,40.805,81.61,32.4,1.0,2,2,0.2594135802469136,90.60773418168314,1.0,5.0,6.630202546296296,0.0,2.0,25,0.0,1.0,0.0,0.4614197530864197,0.0,0.0,0.0,0.0,0.0,0.0,0.0,0.0,0.0,0.0,0.0,0.5385802469135802,2,162.0,162.0,162.0,0.0,0.0,0.8447106690777576,0.1190497141710963
bb804ab3b59099c10245f17159faf55e,-17.518672391435402,-49.450984646099,GO,2,202.5,244.36,488.72,202.5,1.0,2,2,0.206716049382716,740.0169406266685,1.5,4.5,13.282627314814814,0.0,2.0,39,1.0,0.0,0.0,0.0,0.0,0.0,0.0,0.0,0.5555555555555556,0.0,0.0,0.0,0.0,0.0,0.0,0.4444444444444444,2,7.0,7.0,7.0,0.0,0.0,1.3949818680780164,0.23323296187443013
bb8486cad0e431659227f6fb18fc6a72,-20.259043295520197,-40.267021874934905,ES,2,83.60000000000001,101.405,202.81,83.60000000000001,1.0,2,2,0.2129784688995215,770.6545514701434,1.5,2.0,18.87063078703704,0.5,2.0,282,0.84976085991815,0.0,0.15023914008185,0.0,0.0,0.0,0.0,0.0,0.0,0.0,0.0,0.0,0.0,0.0,0.0,1.0,2,5.0,5.0,5.0,0.0,0.0,0.21581439961632995,0.9121506636458979
bb99e6ae642f462d7bf05db05fc9aa11,-23.578715093442312,-46.76012749144727,SP,2,92.395,102.99,205.98,92.395,1.0,2,2,0.1146707072893554,53.7274600815428,1.5,5.0,5.4690625,0.0,2.0,149,1.0,0.0,0.0,0.0,0.0,0.0,0.5406136695708642,0.4593863304291357,0.0,0.0,0.0,0.0,0.0,0.0,0.0,0.0,2,180.0,180.0,180.0,0.0,0.0,0.820415377817057,0.13951266913011603
bba29bdc2bd4deeb7bba3c61ea98e012,-16.65985581208256,-49.33033353719972,GO,2,159.9,183.56,367.12,159.9,1.0,1,1,0.1479674796747967,916.0721030637455,1.0,1.0,10.484201388888888,0.0,2.0,50,1.0,0.0,0.0,1.0,0.0,0.0,0.0,0.0,0.0,0.0,0.0,0.0,0.0,0.0,0.0,0.0,2,1.0,1.0,1.0,1.0,1.0,0.6356426821118288,0.31503155679579353
bbe8686a830c0caaf68452997d73d396,0.0751046578405612,-51.04760066161481,AP,2,234.85,302.915,605.83,117.425,2.0,1,2,0.2898232914626357,2499.003964298546,1.0,4.5,18.60501736111111,0.0,1.8730769230769229,365,0.0,1.0,0.0,0.0,0.0,1.0,0.0,0.0,0.0,0.0,0.0,0.0,0.0,0.0,0.0,0.0,2,25.0,25.0,25.0,1.0,0.0,1.6019154784401306,0.32715783432083134
bbf65e7823171a84e70a495dd6c34ceb,-23.98493570001955,-46.30290196145685,SP,2,250.315,295.99,591.98,125.1575,2.0,3,2,0.1824700876895112,247.0857975068654,1.0,5.0,4.442910879629629,0.0,1.9274406332453824,81,1.0,0.0,0.0,0.4407246868945129,0.0,0.0,0.0,0.3195773325609732,0.0,0.0,0.0,0.0,0.2396979805445139,0.0,0.0,0.0,2,299.0,299.0,299.0,0.0,0.0,0.6692420482743063,0.28022441782891994
bbfa16828a49c356b46dcbea56ded834,-15.825216401860724,-48.06041042482752,DF,2,65.155,80.64,161.28,65.155,1.0,2,2,0.2376640319238738,682.7625598089869,1.0,4.5,10.038379629629633,0.0,2.0,50,1.0,0.0,0.0,0.8465965773923719,0.0,0.0,0.0,0.0,0.0,0.0,0.0,0.0,0.0,0.0,0.0,0.1534034226076279,2,149.0,149.0,149.0,0.0,0.0,3.5961812482188655,0.798827229242243
bc0cc7fd03864119501b931413dde0df,-8.107246022550653,-35.00842223383535,PE,2,69.99,97.03,194.06,69.99,1.0,1,1,0.3863409058436919,1862.9743977157916,3.0,4.0,17.311967592592595,0.0,2.0,116,1.0,0.0,0.0,1.0,0.0,0.0,0.0,0.0,0.0,0.0,0.0,0.0,0.0,0.0,0.0,0.0,2,3.0,3.0,3.0,1.0,1.0,1.0,0.0
bc0d7bb032bbf422fc74bb279c47de1e,-23.629898726810964,-46.73409652094725,SP,2,61.445,72.23,144.46,61.445,1.0,2,2,0.1755228252909105,140.83012115854964,1.0,5.0,5.342112268518518,0.0,1.8446969696969693,355,1.0,0.0,0.0,0.0,0.0,0.8942957116120108,0.0,0.0,0.0,0.0,0.0,0.0,0.0,0.1057042883879892,0.0,0.0,2,42.0,42.0,42.0,0.0,0.0,0.16791979949874686,1.0075512933645225
bc2387c48428a2e128eaa3d5b18b3591,-22.3409238948661,-43.12867214021685,RJ,2,57.400000000000006,71.97,143.94,57.400000000000006,1.0,1,1,0.2538327526132404,377.2566171153419,1.0,3.0,10.597523148148149,0.0,1.2423469387755102,542,0.0,1.0,0.0,0.0,0.0,0.0,0.0,0.0,0.0,0.0,0.0,0.0,0.0,1.0,0.0,0.0,2,46.0,46.0,46.0,1.0,1.0,1.2343992548897857,0.1483578212577027
bc3e7032668d3f411c227eec09221362,-19.798216238050163,-44.01743066770502,MG,3,42.63333333333333,63.35999999999999,190.08,42.63333333333333,1.0,3,3,0.4861610633307271,513.4194583945343,1.0,5.0,7.569753086419753,0.0,3.0,20,0.0,1.0,0.0,0.0,0.0,0.7271305707584049,0.0,0.0,0.1329163408913213,0.1399530883502736,0.0,0.0,0.0,0.0,0.0,0.0,3,29.5,29.5,59.0,0.0,0.0,0.7160630970895356,0.6837872603965931
bc7b9e0d078c0c01f622b38cfcd7ee9c,-21.75726110105384,-41.3316593500822,RJ,2,175.9,192.155,384.31,175.9,1.0,2,2,0.0924104604889141,776.555405924614,7.0,3.5,8.493263888888889,0.0,1.3757062146892656,300,1.0,0.0,0.0,0.0,0.4798180784536668,0.0,0.0,0.0,0.5201819215463331,0.0,0.0,0.0,0.0,0.0,0.0,0.0,2,231.0,231.0,231.0,0.0,0.0,0.9255937468684236,0.054646174705941804
bc877a9f97bb3f3d4fcd5f86028f81a9,-25.50110902007209,-49.29032653810762,PR,2,79.72500000000001,95.775,191.55,53.150000000000006,1.5,2,2,0.2013170272812794,213.5185651606644,1.0,4.5,11.23671875,0.0,1.808168316831683,209,1.0,0.0,0.0,0.0,0.0,0.0,0.9143932267168392,0.0,0.0,0.0,0.0,0.0,0.0,0.0,0.0,0.0856067732831608,2,195.0,195.0,195.0,0.0,0.0,0.1694139194139194,1.0044570877622532
bc98051cee7c0111167e6f40a4ed76f6,-30.007242421671855,-51.17447481510855,RS,2,229.85,258.755,517.51,153.23333333333335,1.5,2,2,0.1257559277789862,882.3355738175678,1.0,5.0,15.617662037037036,0.0,2.0,171,1.0,0.0,0.0,0.0,0.0,0.0,0.0,0.0,0.0,0.0,0.260822275396998,0.0,0.0,0.0,0.7391777246030019,0.0,2,18.0,18.0,18.0,0.0,0.0,0.35900735294117647,0.667031339374406
bcabe34e299eaf51bb601e89401e25e4,-27.63599551298851,-52.27286590091149,RS,2,97.45,118.335,236.67,97.45,1.0,1,2,0.214315033350436,886.9436223166538,1.0,5.0,16.677054398148147,0.0,2.0,62,0.0,1.0,0.0,0.0,0.0,0.0,0.0,0.0,0.0,0.0,0.0,0.0,0.0,0.0,1.0,0.0,2,294.0,294.0,294.0,1.0,0.0,0.5984735917871133,0.355241459767104
bcc9a08b533971412be737fd5bd918b3,-27.58478572451399,-48.5803100064531,SC,2,178.03,202.1,404.2,178.03,1.0,2,2,0.1352019322586081,378.5448022918628,6.5,3.0,19.69035879629629,0.0,1.5777537796976242,278,1.0,0.0,0.0,0.9160253889793856,0.0,0.0,0.0,0.0,0.0,0.0,0.0,0.0,0.0,0.0,0.0,0.0839746110206145,2,185.0,185.0,185.0,0.0,0.0,7.980226616307488,1.09925189764072
bce006e903be688f122a39f45b210090,-30.13116094053473,-51.23230196847396,RS,2,122.4,144.255,288.51,81.60000000000001,1.5,1,2,0.1785539215686274,751.2928894953026,2.5,3.0,31.38523726851852,0.5,2.0,114,1.0,0.0,0.0,0.0,0.0,0.0,0.0,1.0,0.0,0.0,0.0,0.0,0.0,0.0,0.0,0.0,2,92.0,92.0,92.0,1.0,0.0,0.5998114672285683,0.35376171639272913
bcf0a5f0f3ec8639f940749aab360d8f,-19.958332780348087,-43.97736309485882,MG,2,201.44,225.86,451.72,134.29333333333332,1.5,3,3,0.1212271644162033,454.1473581895671,5.5,3.0,8.050572916666667,0.0,1.7188235294117646,333,1.0,0.0,0.0,0.0,0.0,0.1735007942811755,0.0,0.0,0.0,0.0,0.0322428514694201,0.0,0.0,0.7942563542494043,0.0,0.0,2,92.0,92.0,92.0,0.0,0.0,2.98904980572236,0.705165728302745
bcfc9032cea53ef734a6008742d954fc,-23.53080445534529,-46.72680217391849,SP,2,59.94499999999999,68.21,136.42,59.94499999999999,1.0,1,2,0.1378763866877971,46.530684453379806,1.0,5.0,3.9905671296296297,0.0,2.0,210,1.0,0.0,0.0,0.0,0.0,0.0,0.0,0.0,0.0,0.0,0.0,0.0,0.0,0.0,0.0,1.0,2,8.0,8.0,8.0,1.0,0.0,1.8611577181208052,0.42565319506699373
bd0512ab6c631a62fdc974a682600f56,-14.053955395027408,-52.16616645305988,MT,2,142.445,178.88,357.76,142.445,1.0,2,2,0.2557829337639089,1213.0095350106012,1.0,4.5,22.106082175925927,0.0,1.9584450402144773,342,0.0,1.0,0.0,0.298325669556671,0.0,0.0,0.701674330443329,0.0,0.0,0.0,0.0,0.0,0.0,0.0,0.0,0.0,2,31.0,31.0,31.0,0.0,0.0,2.506763379729465,0.6076501252459532
bd0f8d6b6bc185debdf79f91ba30fdc6,-23.53483871958455,-46.68428160225822,SP,2,110.0,124.53,249.06,110.0,1.0,1,1,0.1320909090909091,345.92928889981573,1.0,4.0,4.507893518518518,0.0,1.3067978533094813,550,1.0,0.0,0.0,0.0,0.0,0.0,0.0,0.0,0.0,0.0,0.0,0.0,0.0,0.0,0.0,1.0,2,9.0,9.0,9.0,1.0,1.0,1.0,0.0
bd748b6890efcaa0e79187653b2d6a91,-19.92590729197994,-43.92686256472545,MG,2,79.16499999999999,95.235,190.47,79.16499999999999,1.0,2,2,0.2029937472367839,415.188556786752,7.0,4.5,14.798379629629627,0.0,2.0,103,1.0,0.0,0.0,0.0,0.0,0.0,0.0,0.0,0.0,0.0,0.0,0.0,0.0,0.0,0.0,1.0,2,34.0,34.0,34.0,0.0,0.0,0.27132559070885065,0.8105722402702303
bd86b1862fe796149a4d2af57bd85451,-13.00910117780522,-38.525978987269255,BA,3,90.96666666666664,119.98,359.94,90.96666666666664,1.0,2,3,0.3189446683766948,1302.720444761835,3.0,4.0,18.370709876543213,0.3333333333333333,3.0,87,1.0,0.0,0.0,0.0,0.0,0.0,0.0,0.0,0.0,0.0,0.0,0.0,0.0,0.8204470502015391,0.0,0.1795529497984609,3,35.5,35.5,71.0,0.5,0.0,1.777652687869406,0.38404979362612046
bd8e0f3ea9fb694fc53c7a358643fc06,-16.665128826886352,-49.30077909495409,GO,2,149.49,175.745,351.49,149.49,1.0,2,2,0.1756304769549802,810.2986928064537,6.5,5.0,14.417008101851852,0.0,2.0,30,0.6239153318728841,0.0,0.376084668127116,0.16385711418824,0.0,0.0,0.0,0.0,0.0,0.0,0.0,0.0,0.0,0.0,0.0,0.83614288581176,2,204.0,204.0,204.0,0.0,0.0,0.22444785062356304,0.8957477179752543
bd9faf610de6660a02b39510406c8e9f,-22.229221089376427,-50.894533203119614,SP,2,67.495,80.505,161.01,67.495,1.0,2,2,0.1927550188902881,353.6350680855148,5.0,5.0,8.556938657407407,0.0,2.0,71,1.0,0.0,0.0,0.0,0.0,0.5111489739980739,0.0,0.0,0.0,0.0,0.0,0.488851026001926,0.0,0.0,0.0,0.0,2,226.0,226.0,226.0,0.0,0.0,1.0655548428479795,0.044883120947310826
bdb40fdb1df62064c8ee38b845459e77,-23.534984374751897,-46.66787180942207,SP,2,29.45,44.98,89.96000000000001,29.45,1.0,2,2,0.5273344651952462,215.5111506720669,3.0,3.0,6.9129803240740735,0.0,2.0,60,1.0,0.0,0.0,0.0,0.0,0.0,0.0,0.0,0.0,0.4923599320882852,0.0,0.0,0.0,0.0,0.0,0.5076400679117148,2,152.0,152.0,152.0,0.0,0.0,1.1122329185254753,0.0751438509131101
bdbc3238ae12ff1aab4853dbcbc2241c,-19.96434907396022,-43.94822459569601,MG,2,56.41,79.88,159.76,37.60666666666666,1.5,1,2,0.4160609820953732,483.8032343121336,1.0,4.0,7.180624999999999,0.0,2.0,144,1.0,0.0,0.0,0.0,0.0,0.0,0.0,0.0,0.0,0.0,0.0,0.0,0.0,0.0,0.0,1.0,2,28.0,28.0,28.0,1.0,0.0,0.7850279329608939,0.17031465285464661
bdde9ce1c27b88a7fe3ef13ad6a80b5f,-23.490305046758998,-46.58030554255724,SP,2,33.375,51.15,102.3,22.25,1.5,2,2,0.5325842696629213,295.3700926067784,3.0,5.0,10.197042824074074,0.0,2.0,281,1.0,0.0,0.0,0.0,0.0,0.4764044943820225,0.0,0.5235955056179775,0.0,0.0,0.0,0.0,0.0,0.0,0.0,0.0,2,33.0,33.0,33.0,0.0,0.0,0.8432432432432432,0.12027036160944214
be08ef2ebaeb41941a53aa75db874099,-20.38160026722361,-44.44218380126648,MG,2,24.445,38.235,76.47,24.445,1.0,2,2,0.564123542646758,249.07326547065605,3.0,5.0,8.736585648148148,0.0,2.0,280,1.0,0.0,0.0,0.734301493147883,0.0,0.0,0.0,0.0,0.265698506852117,0.0,0.0,0.0,0.0,0.0,0.0,0.0,2,4.0,4.0,4.0,0.0,0.0,0.5806118230673832,0.3752372588014921
be33ce67f6c02b468b94afa895a955fe,-19.885495972269524,-43.665151997909206,MG,2,144.495,163.21,326.42,144.495,1.0,1,2,0.1295200525969756,629.2844165336968,9.0,5.0,11.355167824074073,0.0,2.0,111,1.0,0.0,0.0,0.0,0.0,0.0,1.0,0.0,0.0,0.0,0.0,0.0,0.0,0.0,0.0,0.0,2,121.0,121.0,121.0,1.0,0.0,0.37747394184917926,0.6391299084654095
beceaa52fb2f761e647222b3cf7ce0b2,-27.239372715824462,-48.63676546024551,SC,2,147.5,164.24,328.48,147.5,1.0,2,2,0.1134915254237288,517.1606422304683,7.5,4.0,18.583015046296296,0.0,1.3783018867924528,229,0.6955674622503653,0.0,0.3044325377496347,0.5288135593220339,0.0,0.0,0.0,0.0,0.0,0.0,0.0,0.0,0.0,0.0,0.0,0.4711864406779661,2,301.0,301.0,301.0,0.0,0.0,0.9180193857293005,0.0604467803693322
bf087cbc0138d7066e1c41d1a97973dd,-22.77033528730493,-43.42236114675775,RJ,2,160.0,179.22,358.44,160.0,1.0,1,1,0.120125,658.7341977249113,8.0,3.5,5.032008101851852,0.0,2.0,66,1.0,0.0,0.0,1.0,0.0,0.0,0.0,0.0,0.0,0.0,0.0,0.0,0.0,0.0,0.0,0.0,2,5.0,5.0,5.0,1.0,1.0,1.0,0.0
bf1dd33f93c58ea45d677d7e871e098e,-23.50109325733045,-46.74862979094387,SP,2,499.95,517.985,1035.97,499.95,1.0,2,2,0.036073607360736,221.2100731425467,6.5,3.5,5.552673611111112,0.0,2.0,87,1.0,0.0,0.0,0.0,0.0,0.0,0.0,0.0,0.0,0.0,0.0,0.0599059905990599,0.0,0.0,0.0,0.94009400940094,2,57.0,57.0,57.0,0.0,0.0,12.909371643394199,1.2108666968740012
bf429f20c75a39eab83442cda8e59832,-28.31198230140296,-54.26142459204557,RS,2,314.85,377.31,754.62,104.95,3.0,1,2,0.1983801810385898,919.31293436671,2.0,5.0,12.652858796296297,0.0,2.0,156,0.5110916752802735,0.4889083247197265,0.0,0.0,0.0,0.0,1.0,0.0,0.0,0.0,0.0,0.0,0.0,0.0,0.0,0.0,2,126.0,126.0,126.0,1.0,0.0,1.045373231419743,0.031371995221602424
bf448042b40749d8b95fe00c08a9b5cb,-19.78879906924328,-43.93967011069671,MG,2,144.45,165.995,331.99,144.45,1.0,1,1,0.1491519556940118,547.8488402359326,5.5,5.0,10.600069444444443,0.0,2.0,214,1.0,0.0,0.0,0.0,0.0,0.0,1.0,0.0,0.0,0.0,0.0,0.0,0.0,0.0,0.0,0.0,2,69.0,69.0,69.0,1.0,1.0,1.257513939888481,0.16131891806099316
bf482716881b0c14af9efda1fc58a649,-22.901777467187745,-43.21894626018585,RJ,2,141.4,163.745,327.49,94.26666666666668,1.5,2,2,0.158026874115983,325.1401543741483,6.0,1.5,25.05320601851852,0.5,1.5915032679738563,185,1.0,0.0,0.0,0.0,0.0,0.0,0.0,0.0,0.0,0.0,0.0,0.0,0.0,0.0,0.0,1.0,2,274.0,274.0,274.0,0.0,0.0,4.2820967741935485,0.8787392525185536
bf6504419e536f7c4c2461ebb0689d48,-23.579289418439306,-46.736983436973205,SP,2,113.99,128.79,257.58,75.99333333333334,1.5,2,2,0.1298359505219756,19.393626053648937,4.5,5.0,4.533165509259259,0.0,1.581168831168831,431,1.0,0.0,0.0,0.5965435564523204,0.0,0.0,0.0,0.0,0.0,0.0,0.4034564435476796,0.0,0.0,0.0,0.0,0.0,2,32.0,32.0,32.0,0.0,0.0,0.7385259179265659,0.2126975440885694
bf6656ef50e6fd00e7517b01d615b4f3,-20.36873871084715,-40.30788517695972,ES,3,79.24666666666667,98.27666666666666,294.83,79.24666666666667,1.0,3,3,0.2401362833347354,897.3182120225665,8.0,4.333333333333333,11.276157407407409,0.0,1.9922727272727272,373,1.0,0.0,0.0,0.0,0.0,0.0,0.2523344830487086,0.0,0.416421300580466,0.0,0.0,0.0,0.0,0.3312442163708252,0.0,0.0,3,89.0,89.0,178.0,0.0,0.0,1.2952985229873102,0.2569570835093881
bf7e07e4ccc7df0889db4653d60c3f27,-23.498785561398712,-47.50005588002265,SP,2,13.99,21.38,42.76,13.99,1.0,1,1,0.5282344531808434,103.70437385506736,1.0,5.0,3.5551504629629638,0.0,2.0,150,1.0,0.0,0.0,0.0,0.0,0.0,0.0,0.0,0.0,0.0,0.0,0.0,0.0,0.0,0.0,1.0,2,3.0,3.0,3.0,1.0,1.0,1.0,0.0
bfb33fedf91eb21f6d32ad5345989a6e,-23.60067045345088,-46.63987375102621,SP,2,115.95,130.245,260.49,115.95,1.0,2,2,0.1232858990944372,224.8988145748125,1.0,4.5,12.446614583333332,0.5,1.6948955916473318,319,0.0,1.0,0.0,0.0,0.0,0.0,0.0,0.6463993100474342,0.0,0.0,0.0,0.0,0.0,0.3536006899525657,0.0,0.0,2,112.0,112.0,112.0,0.0,0.0,0.5625337412272808,0.3959407082954042
bfc84496b1100cbbd83a6f8087526168,-23.56572138684516,-46.49171544844327,SP,2,125.48,160.435,320.87,50.192,2.5,2,2,0.2785702900860695,305.37500586534674,5.0,4.5,10.762297453703702,0.0,1.509297520661157,439,1.0,0.0,0.0,0.0,0.0,0.0,0.0,0.0,0.0,0.0,0.0,0.0,0.6055148230793752,0.0,0.0,0.3944851769206248,2,45.0,45.0,45.0,0.0,0.0,0.5109719344509324,0.45771209041806943
bfcdddab5a2fe5dd1d1b8330795f4061,-23.64212577872556,-46.80036467756545,SP,2,112.74,126.18,252.36,112.74,1.0,2,2,0.1192123469930814,204.90968989237803,4.0,5.0,6.321695601851852,0.0,1.6564625850340138,252,1.0,0.0,0.0,0.0,0.0,0.0,0.0,0.0,0.0,0.7450328188752883,0.0,0.0,0.0,0.0,0.0,0.2549671811247117,2,190.0,190.0,190.0,0.0,0.0,0.3646244524955389,0.6584644697211867
bfe14bfa136397036c4fd0cade75c68c,-20.36293999715164,-40.37490496796689,ES,2,214.9,242.27,484.54,214.9,1.0,1,1,0.1273615635179153,756.0526378988402,4.0,5.0,10.468408564814816,0.0,2.0,32,1.0,0.0,0.0,0.0,0.0,0.0,0.0,0.0,0.0,0.0,0.0,0.0,1.0,0.0,0.0,0.0,2,178.0,178.0,178.0,1.0,1.0,1.1435080734350807,0.09468173517848516
bfe1ecef0f01ad67e5e0cf1860e94e60,-21.68482527052844,-51.07590950501798,SP,2,75.95,104.81,209.62,75.95,1.0,2,2,0.3799868334430546,807.2655919043839,1.0,4.0,6.8050752314814815,0.0,1.5476694915254237,348,0.0,1.0,0.0,0.0,0.0,0.0,0.0,0.0,0.1112574061882817,0.0,0.0,0.0,0.8887425938117182,0.0,0.0,0.0,2,124.0,124.0,124.0,0.0,0.0,0.16436149530633784,1.0149522389247612
c0118e2c0a037c31aeca71d0b81f66a1,-22.2748862278148,-46.9524916672699,SP,3,115.16666666666669,133.49333333333334,400.48,115.16666666666669,1.0,2,3,0.1591316931982633,152.71947735622652,1.0,5.0,6.855771604938272,0.0,2.8024296675191813,157,1.0,0.0,0.0,0.0,0.0,0.0,0.0,0.0,0.2193921852387843,0.0,0.0,0.0,0.0,0.0,0.0,0.7806078147612155,2,234.0,234.0,234.0,0.0,0.0,2.488501742160279,0.6034279203413766
c0394cfa96258a94e368499f919a3ba6,-23.62081304158892,-46.69165646874752,SP,2,45.99,59.36,118.72,45.99,1.0,1,1,0.2907153729071537,301.7233319893018,1.0,2.5,10.082517361111112,0.0,2.0,145,0.5,0.0,0.5,0.0,0.0,1.0,0.0,0.0,0.0,0.0,0.0,0.0,0.0,0.0,0.0,0.0,2,88.0,88.0,88.0,1.0,1.0,1.0,0.0
c04a6c1c190e47ec62b4bb139921331a,-22.85768419484983,-43.26382511328308,RJ,2,19.3,34.47,68.94,19.3,1.0,2,2,0.7860103626943005,350.7705892139616,1.0,5.0,9.818483796296295,0.0,1.7560096153846152,18,0.6543371047287496,0.0,0.0,0.7772020725388601,0.0,0.0,0.0,0.0,0.0,0.0,0.0,0.0,0.0,0.0,0.0,0.2227979274611398,2,398.0,398.0,398.0,0.0,0.0,0.5282642429616493,0.436531253369589
c05e676aa7a9139b522ba75149226825,-23.624274092666504,-46.75479161872551,SP,2,24.99,32.38,64.76,24.99,1.0,1,1,0.295718287314926,14.547542517159506,1.0,5.0,4.080237268518518,0.0,2.0,112,1.0,0.0,0.0,0.0,0.0,0.0,0.0,0.0,0.0,0.0,0.0,0.0,0.0,0.0,0.0,1.0,2,13.0,13.0,13.0,1.0,1.0,1.0,0.0
c0842fc6a034863db2d8479df8435492,-23.587330449444924,-46.57204684418488,SP,2,154.0,178.425,356.85,154.0,1.0,2,2,0.1586038961038961,97.29924779832535,1.0,5.0,7.013061342592593,0.0,1.5915032679738563,118,0.0,0.0584279108869272,0.0,0.0,0.0,0.0,0.0292207792207792,0.0,0.0,0.9707792207792209,0.0,0.0,0.0,0.0,0.0,0.0,2,341.0,341.0,341.0,0.0,0.0,16.115107913669064,1.2489544743782568
c0ceb197de4a31388883a6369ec291d6,-23.593956811683537,-46.57919054652371,SP,2,26.445,34.575,69.15,26.445,1.0,2,2,0.3074305161656268,33.750579063425896,1.0,5.0,6.405717592592593,0.0,2.0,67,0.0,1.0,0.0,0.0,0.0,0.0,0.0,0.0,0.0,0.7543959160521837,0.0,0.0,0.0,0.0,0.0,0.2456040839478162,2,140.0,140.0,140.0,0.0,0.0,2.1851681252878854,0.5262142438157589
c0fc2e3595c750de75d36e7db9399e83,-22.275735921464307,-51.49813124041996,SP,2,192.45,213.25,426.5,192.45,1.0,1,1,0.1080800207846193,527.3928559020344,1.0,5.0,11.289189814814817,0.0,1.743436754176611,359,0.0,1.0,0.0,0.0,0.0,0.0,0.0,0.0,0.0,0.0,0.0,1.0,0.0,0.0,0.0,0.0,2,60.0,60.0,60.0,1.0,1.0,0.6167551175132675,0.33523327351915577
c0fcb07a9959ae14f01bad208e445cc4,-22.999729789317986,-43.40102857081416,RJ,2,169.89999999999998,186.26,372.52,169.89999999999998,1.0,2,2,0.096291936433196,636.8160387165273,1.0,5.0,10.87037037037037,0.0,1.2952127659574468,322,1.0,0.0,0.0,0.0,0.0,0.0,0.0,0.9120070629782224,0.0,0.0,0.0,0.0,0.0,0.0,0.0,0.0879929370217775,2,242.0,242.0,242.0,0.0,0.0,7.464439900022723,1.0800594826993062
c143eafe10719dcc7dc0a855b2e3554d,-22.9543389768221,-43.35949880254507,RJ,2,443.72,539.08,1078.16,147.90666666666667,3.0,1,1,0.2149103037951861,343.6832938701893,1.0,2.5,18.95586226851852,0.5,2.0,193,0.0,1.0,0.0,0.0,0.0,0.0,0.0,1.0,0.0,0.0,0.0,0.0,0.0,0.0,0.0,0.0,2,120.0,120.0,120.0,1.0,1.0,0.48335259479390236,0.492566480802798
c17526359e1068290ebf7dd22a856de7,-23.243401530196397,-46.82761412611824,SP,2,214.45,235.125,470.25,214.45,1.0,2,2,0.0964094194450921,607.5127572975297,5.0,5.0,12.209496527777777,0.0,1.4757575757575756,153,1.0,0.0,0.0,0.0,0.0,0.3494987176498018,0.6505012823501982,0.0,0.0,0.0,0.0,0.0,0.0,0.0,0.0,0.0,2,342.0,342.0,342.0,0.0,0.0,0.5934196259148821,0.3608537700141365
c17dec01473d89441bb6a93fcb58e663,-21.84173244379715,-43.8035202900461,MG,2,139.5,169.61,339.22,139.5,1.0,2,2,0.21584229390681,334.0418109665367,1.0,5.0,21.19183449074074,0.5,2.0,173,0.0,1.0,0.0,0.0,0.0,0.0,0.0,0.6451612903225806,0.0,0.0,0.0,0.0,0.3548387096774194,0.0,0.0,0.0,2,120.0,120.0,120.0,0.0,0.0,1.421616219303255,0.24622207709968444
c1977e8e3ea0900e70cd1dd70123d382,-20.398296722821552,-49.97328091454506,SP,2,179.835,208.585,417.17,89.9175,2.0,2,2,0.1598687685934328,518.3618778651497,5.0,5.0,16.720399305555556,0.0,2.0,272,1.0,0.0,0.0,0.0,0.0,0.4161314538326799,0.58386854616732,0.0,0.0,0.0,0.0,0.0,0.0,0.0,0.0,0.0,2,39.0,39.0,39.0,0.0,0.0,0.7984566304535264,0.15848331385512426
c1d43ef6f70aff50201a1b882176a346,-16.762387036164824,-49.29359056814226,GO,2,214.5,242.15,484.3,143.0,1.5,1,1,0.1289044289044289,557.5308883693426,10.0,2.0,17.61623263888889,0.0,1.4156976744186045,491,1.0,0.0,0.0,0.0,0.0,1.0,0.0,0.0,0.0,0.0,0.0,0.0,0.0,0.0,0.0,0.0,2,25.0,25.0,25.0,1.0,1.0,1.7278359806240848,0.3773377586823278
c1ef581a9af244904429f1828f2747b8,-21.196353498426785,-50.44267910129136,SP,2,89.9,104.855,209.71,89.9,1.0,1,1,0.1663515016685205,471.5419750240088,2.0,5.0,13.364340277777778,0.0,2.0,205,1.0,0.0,0.0,0.0,0.0,0.0,1.0,0.0,0.0,0.0,0.0,0.0,0.0,0.0,0.0,0.0,2,72.0,72.0,72.0,1.0,1.0,1.0252052148720425,0.017600960363329254
c2551ea089b7ebbc67a2ea8757152514,-12.669575109908289,-39.10375410905095,BA,2,63.400000000000006,84.11,168.22,63.400000000000006,1.0,1,2,0.3266561514195583,1452.4594670629003,2.5,4.0,11.178420138888889,0.0,1.5346638655462184,463,1.0,0.0,0.0,0.0,0.0,0.0,1.0,0.0,0.0,0.0,0.0,0.0,0.0,0.0,0.0,0.0,2,13.0,13.0,13.0,1.0,0.0,2.068588106530463,0.49247788897762407
c25d2fb6d22e04ce43c3652e3cacadad,-22.936712671809676,-43.37795808779223,RJ,3,44.99333333333333,59.52,178.56,44.99333333333333,1.0,2,2,0.322862646317973,311.381508324147,4.666666666666667,3.6666666666666665,14.027480709876544,0.0,2.698891625615764,363,0.8112679211469535,0.0,0.1887320788530466,0.8147873759075418,0.0,0.0,0.0,0.1852126240924581,0.0,0.0,0.0,0.0,0.0,0.0,0.0,0.0,2,43.0,43.0,43.0,0.0,0.0,0.2896143290481005,0.7790213149362547
c27a30338b5d9d59399825f77e7dcc61,-2.553849461545433,-44.31737182959794,MA,3,102.66666666666669,129.14666666666668,387.44,102.66666666666669,1.0,2,2,0.2579220779220779,2076.0857285596226,1.0,3.333333333333333,19.314953703703704,0.0,3.0,84,0.3780198224241172,0.3109900887879413,0.3109900887879413,0.3571428571428571,0.0,0.0,0.0,0.6428571428571429,0.0,0.0,0.0,0.0,0.0,0.0,0.0,0.0,3,106.0,106.0,212.0,0.5,0.5,1.201427504357208,0.10490579383027021
c28b1528e093df4b2a5d47f6f2b0d5fb,-23.00981589443748,-46.85420355830101,SP,2,80.945,92.535,185.07,80.945,1.0,2,2,0.1431836432145284,64.49310434175078,7.0,4.0,3.190787037037037,0.0,2.0,15,1.0,0.0,0.0,0.0,0.0,0.0,0.0,0.0,0.7721292235468529,0.2278707764531472,0.0,0.0,0.0,0.0,0.0,0.0,2,20.0,20.0,20.0,0.0,0.0,0.3518626734842951,0.6780308498912019
c2919fbdb45366551c1e80d5cb35cd3f,-19.709708606923712,-47.9665219557884,MG,3,37.33,56.09666666666666,168.29,27.9975,1.3333333333333333,2,2,0.5027234574515582,234.71642812072105,1.0,5.0,10.083074845679011,0.0,3.0,163,0.0,1.0,0.0,0.0,0.0,0.0,0.0,0.8036431824270025,0.0,0.0,0.0,0.0,0.0,0.0,0.0,0.1963568175729975,3,99.0,99.0,198.0,0.5,0.5,0.9421410166315296,0.4526144887885193
c297bb9230dc3152522d0c2b4caa7a1a,-23.514441607948815,-46.1923505919337,SP,2,204.0,230.135,460.27,204.0,1.0,2,2,0.1281127450980392,418.836552938263,5.0,5.0,6.304375,0.0,2.0,193,1.0,0.0,0.0,0.0,0.0,0.0,0.0,0.0,0.0,0.0,0.0,0.0,0.0,0.0,0.0,1.0,2,79.0,79.0,79.0,0.0,0.0,2.1432766509595025,0.5143795869313226
c2a444c39a2d87b50039f910db917e3d,-22.228652559666266,-45.9450136750165,MG,2,54.495000000000005,67.375,134.75,54.495000000000005,1.0,2,2,0.2363519588953114,174.2903845855262,2.0,5.0,8.696950231481482,0.0,2.0,72,1.0,0.0,0.0,0.5504174694926139,0.4495825305073859,0.0,0.0,0.0,0.0,0.0,0.0,0.0,0.0,0.0,0.0,0.0,2,165.0,165.0,165.0,0.0,0.0,0.852233676975945,0.11282223224868848
c2b85086965c0fed46df434ddd474a9a,-12.954690851886934,-38.45036084089041,BA,2,46.495,62.35,124.7,46.495,1.0,2,2,0.3410044090762448,1469.8599581435765,5.0,5.0,20.600196759259266,0.0,2.0,259,1.0,0.0,0.0,0.2579847295408108,0.7420152704591892,0.0,0.0,0.0,0.0,0.0,0.0,0.0,0.0,0.0,0.0,0.0,2,1.0,1.0,1.0,0.0,0.0,0.46844088553933116,0.511929432281648
c2b85b27ebd380c2c156e3e8773bd4c6,-21.70393621623736,-47.482584515626186,SP,2,35.47,47.790000000000006,95.58,35.47,1.0,2,2,0.347335776712715,185.42060900499865,1.5,5.0,10.050833333333332,0.0,2.0,133,1.0,0.0,0.0,0.0,0.0,0.6477304764589795,0.0,0.0,0.0,0.0,0.0,0.0,0.0,0.0,0.0,0.3522695235410206,2,128.0,128.0,128.0,0.0,0.0,1.5944625407166122,0.3240351225776394
c2e9a50bcf76b5783bc96f906f95bceb,-20.295724625216813,-42.34461467864492,MG,2,149.9,164.39,328.78,149.9,1.0,1,2,0.0966644429619746,433.3327278137954,3.0,2.5,8.836493055555556,0.0,1.8400503778337527,352,1.0,0.0,0.0,0.0,0.0,1.0,0.0,0.0,0.0,0.0,0.0,0.0,0.0,0.0,0.0,0.0,2,45.0,45.0,45.0,1.0,0.0,2.1229103343465043,0.5085112456467769
c2f7ac13c2e0937f956659002e5d5783,-5.072174730284629,-42.814236661708605,PI,2,61.945,87.63499999999999,175.26999999999998,61.945,1.0,2,2,0.4147227379126644,2240.9463487871026,2.5,5.0,8.708362268518519,0.0,2.0,320,1.0,0.0,0.0,0.1936395189280813,0.0,0.0,0.0,0.0,0.0,0.0,0.0,0.0,0.8063604810719187,0.0,0.0,0.0,2,28.0,28.0,28.0,0.0,0.0,2.8828090385467435,0.6857648808472034
c32c120fa230c291ecc017406aa2f39d,-22.936712671809676,-43.37795808779223,RJ,2,81.95,109.79,219.58,54.63333333333333,1.5,2,2,0.3397803538743136,618.2960934005984,6.0,3.0,48.61302083333334,0.5,2.0,13,1.0,0.0,0.0,0.0,0.0,0.0,0.0,0.0,0.5125076266015863,0.0,0.0,0.0,0.0,0.0,0.0,0.4874923733984136,2,149.0,149.0,149.0,0.0,0.0,0.8996452980361622,0.07471025286240966
c35ffdd9679e194c3673533720b5e00c,-21.70393621623736,-47.482584515626186,SP,2,209.95,225.35,450.7000000000001,209.95,1.0,2,2,0.0733507978090021,347.3759881397006,4.5,5.0,6.51796875,0.0,1.421206225680934,381,0.7781229199023741,0.0,0.2218770800976258,0.0,0.0,0.0,0.1428911645629912,0.0,0.0,0.0,0.0,0.8571088354370088,0.0,0.0,0.0,0.0,2,133.0,133.0,133.0,0.0,0.0,5.34520625087991,0.9684554557151809
c36acb527b8f2c464abd036b879f4ec8,-22.919106518058552,-43.21702925881826,RJ,2,279.495,376.87,753.74,279.495,1.0,1,1,0.3483962146013345,347.6637852988612,4.5,3.5,11.008402777777778,0.0,1.868286445012788,91,1.0,0.0,0.0,0.0,0.0,0.0,0.0,0.0,0.0,0.0,0.0,0.0,1.0,0.0,0.0,0.0,2,300.0,300.0,300.0,1.0,1.0,1.1238095238095238,0.08244294309798311
c37449d8b51eefa148cd87b2c605a1c1,-22.58648199262717,-47.514327623272806,SP,2,56.44500000000001,68.255,136.51,56.44500000000001,1.0,2,2,0.2092302241119673,148.23110151908747,3.0,4.0,6.17552662037037,0.0,1.421206225680934,486,1.0,0.0,0.0,0.0,0.0,0.6191868190273717,0.0,0.0,0.3808131809726282,0.0,0.0,0.0,0.0,0.0,0.0,0.0,2,28.0,28.0,28.0,0.0,0.0,0.669234531670335,0.28023204792463724
c37cc6c1a59d81460a3059744f7ada1c,-27.584855462162363,-50.36487261734861,SC,4,143.6175,165.755,663.02,143.6175,1.0,2,2,0.1541420787856633,666.2892024899129,4.25,3.75,18.46844328703704,0.25,3.421545667447307,73,0.9493831256975658,0.0,0.0506168743024343,0.0,0.0,0.2261214684839939,0.0,0.0,0.7738785315160062,0.0,0.0,0.0,0.0,0.0,0.0,0.0,4,118.0,57.0,354.0,0.6666666666666666,0.6666666666666666,0.9164139057396175,0.04220227961155407
c3a1aa867de7bbc426695e756107ed38,-22.81516576279175,-47.28648675114565,SP,2,132.49,150.64,301.28,132.49,1.0,1,1,0.1369914710544192,120.00799490136032,7.0,5.0,13.317476851851852,0.0,1.7560096153846152,413,1.0,0.0,0.0,0.0,0.0,0.0,0.0,0.0,0.0,0.0,0.0,0.0,0.0,0.0,0.0,1.0,2,4.0,4.0,4.0,1.0,1.0,0.8402150012215979,0.12279549519277805
c3a8c3c742829113458555ed8d300404,-23.64190174826667,-46.78549368511203,SP,2,344.945,363.055,726.1099999999999,344.945,1.0,2,2,0.0525011233674933,276.88333635492194,2.5,4.5,7.494079861111111,0.0,2.0,145,1.0,0.0,0.0,0.1304410848106219,0.0,0.0,0.0,0.0,0.0,0.0,0.0,0.0,0.0,0.869558915189378,0.0,0.0,2,133.0,133.0,133.0,0.0,0.0,6.302725535552649,1.026902398756682
c3efecdc2ca34416d845120af0bfca09,-19.827784895378187,-43.94702152255304,MG,2,24.24,46.89,93.78,16.16,1.5,1,1,0.9344059405940592,425.3252828637703,1.0,4.0,9.31574074074074,0.0,2.0,311,1.0,0.0,0.0,0.0,0.0,0.0,0.0,1.0,0.0,0.0,0.0,0.0,0.0,0.0,0.0,0.0,2,30.0,30.0,30.0,1.0,1.0,2.0,0.4714045207910317
c4063084f01f085897c04bcbd81fcb69,-30.015612339415885,-51.17903534921111,RS,2,346.4,379.09,758.18,173.2,2.0,2,2,0.0943706697459584,863.1402632994151,1.0,3.0,9.134212962962962,0.0,1.8827319587628868,135,0.0,1.0,0.0,0.7476905311778291,0.0,0.2523094688221709,0.0,0.0,0.0,0.0,0.0,0.0,0.0,0.0,0.0,0.0,2,253.0,253.0,253.0,0.0,0.0,2.644920917263593,0.6382222064702026
c40b4a21d854ab194280dadc8998061f,-15.822816784210987,-47.956252862233896,DF,2,109.9,127.92,255.84,109.9,1.0,1,1,0.1639672429481346,766.2607992642471,3.5,5.0,12.61954861111111,0.0,1.6564625850340138,430,1.0,0.0,0.0,0.0,0.0,1.0,0.0,0.0,0.0,0.0,0.0,0.0,0.0,0.0,0.0,0.0,2,11.0,11.0,11.0,1.0,1.0,0.8540473947387491,0.11132841286035863
c411c8b6dbaffd467263f87a23f2cf52,-23.60604766081825,-46.63115700831141,SP,2,94.495,104.675,209.35,94.495,1.0,2,2,0.1077305677549076,60.74376247482391,1.0,4.5,4.936290509259259,0.0,1.7188235294117646,236,0.0223549080487222,0.9004060186290901,0.0772390733221877,0.0,0.952378432721308,0.0,0.0476215672786919,0.0,0.0,0.0,0.0,0.0,0.0,0.0,0.0,0.0,2,188.0,188.0,188.0,0.0,0.0,9.040767386091126,1.1325192440021465
c45ece361aab055ea6c55b61eb2d99c0,-23.50003745633768,-46.15180912578668,SP,2,209.15,229.525,459.05,139.43333333333334,1.5,2,2,0.097418120965814,259.9567191292826,6.5,4.0,9.803894675925926,0.0,1.5777537796976242,335,1.0,0.0,0.0,0.0,0.0,0.0,0.0,0.0,0.0,0.0,0.0,0.0,0.0,0.0,0.0,1.0,2,128.0,128.0,128.0,0.0,0.0,0.07430376784460566,1.2185865909959215
c499023d38f0db1bcf3db96b3c8a5dee,-28.855682762731544,-51.28221094461962,RS,2,39.4,56.095,112.19,39.4,1.0,2,2,0.4237309644670051,589.4687940693514,1.0,3.0,17.290775462962962,0.0,1.6125827814569538,178,0.688029236117301,0.311970763882699,0.0,0.2525380710659898,0.0,0.0,0.0,0.0,0.0,0.0,0.0,0.0,0.0,0.0,0.0,0.7474619289340102,2,275.0,275.0,275.0,0.0,0.0,2.2054285714285715,0.5318269916794801
c4a0864ef7d2deb7cdb86898faf6ffa6,-22.4597373067017,-46.97589512394661,SP,2,24.99,37.47,74.94,24.99,1.0,1,1,0.4993997599039616,521.4474994739362,1.0,5.0,13.616672453703703,0.0,2.0,211,1.0,0.0,0.0,0.0,0.0,0.0,0.0,0.0,0.0,0.0,0.0,0.0,0.0,0.0,0.0,1.0,2,51.0,51.0,51.0,1.0,1.0,1.0,0.0
c4cf9b10d2668bfabb498d93004ab4a0,-16.72263016395299,-43.86290975751637,MG,2,97.49,115.42,230.84,97.49,1.0,1,1,0.1839162991076008,852.560103961905,3.5,5.0,12.87728587962963,0.0,2.0,274,1.0,0.0,0.0,1.0,0.0,0.0,0.0,0.0,0.0,0.0,0.0,0.0,0.0,0.0,0.0,0.0,2,15.0,15.0,15.0,1.0,1.0,1.0,0.0
c4de6c1719eff03b6d30aff09571e272,-22.926392906158146,-43.23205184603426,RJ,2,86.2,114.19,228.38,86.2,1.0,1,2,0.3247099767981438,715.4417596835559,2.5,5.0,11.752488425925923,0.0,2.0,49,1.0,0.0,0.0,0.0,0.0,0.0,0.0,1.0,0.0,0.0,0.0,0.0,0.0,0.0,0.0,0.0,2,258.0,258.0,258.0,1.0,0.0,0.2923999773640428,0.7742940005216385
c4fe9fc8b5e1b4f9992db983d0429854,-22.1106683538602,-43.19714298028236,RJ,3,105.0,121.62,364.86,105.0,1.0,3,3,0.1582857142857142,649.4786466014294,5.333333333333333,5.0,11.0623649691358,0.0,2.1915,484,1.0,0.0,0.0,0.0,0.0,0.0,0.2853968253968254,0.0,0.0,0.1203174603174603,0.0,0.0,0.0,0.0,0.0,0.5942857142857142,3,8.0,8.0,16.0,0.0,0.0,0.521499878256635,0.6371769741434405
c51a1ea9fa9851c70f89d1178c861150,-23.020087016836275,-43.46440943108979,RJ,2,37.35,59.13,118.26,24.899999999999995,1.5,2,1,0.583132530120482,402.9382429460088,1.0,3.0,11.249328703703704,0.0,1.277097902097902,516,0.0,1.0,0.0,0.0,0.0,0.0,0.0,0.0,0.0,0.0,0.0,0.4672021419009371,0.0,0.0,0.0,0.532797858099063,2,56.0,56.0,56.0,0.0,1.0,1.3929583164710644,0.23223429207919422
c51a1f42780144ae12d0e529abc3f83f,-12.992508162477955,-38.49313331922336,BA,2,229.935,320.61,641.22,114.9675,2.0,2,2,0.3943505773370735,1249.9858502889824,1.0,3.0,28.512824074074075,0.5,2.0,276,0.0,1.0,0.0,0.0,0.0,0.0,0.0,0.0,0.0,0.0,0.0,0.0,0.5870572118207319,0.0,0.0,0.412942788179268,2,14.0,14.0,14.0,0.0,0.0,0.5213894227347142,0.4448943573218252
c5400d2fca348bd1313426efe4b10a51,-27.592261933725844,-48.55228263080095,SC,2,83.41,118.58,237.16000000000005,55.60666666666666,1.5,1,2,0.4216520800863206,485.2665069982169,4.0,5.0,20.572222222222223,0.0,2.0,134,1.0,0.0,0.0,0.0,0.0,0.0,0.0,0.0,0.0,1.0,0.0,0.0,0.0,0.0,0.0,0.0,2,103.0,103.0,103.0,1.0,0.0,0.254682044228124,0.8400843593654985
c5cc0bee4b73138ed973a1720df085aa,-23.55058331137291,-46.54105387021214,SP,2,20.9,28.74,57.48,20.9,1.0,2,2,0.3751196172248804,81.36156905839769,1.0,5.0,5.895815972222223,0.0,2.0,16,0.0,0.0,1.0,0.0,0.0,0.0,0.0,0.0,0.0,0.715311004784689,0.0,0.0,0.0,0.0,0.0,0.284688995215311,2,91.0,91.0,91.0,0.0,0.0,0.5051060487038492,0.46500759096818883
c5f6047fb345ffd234cf5b26268988be,-24.013619948030524,-48.34196394994545,SP,2,167.55,191.725,383.45,83.775,2.0,1,2,0.1442852879737391,255.8221841651944,6.5,4.0,8.685613425925926,0.0,1.5282426778242677,453,1.0,0.0,0.0,0.0,0.0,1.0,0.0,0.0,0.0,0.0,0.0,0.0,0.0,0.0,0.0,0.0,2,25.0,25.0,25.0,1.0,0.0,2.1386592453139066,0.5130558056114779
c60635e3c36e27ff9222fdac1ef3e17f,-16.67456894903097,-49.2595588954174,GO,2,134.9,152.165,304.33,134.9,1.0,2,2,0.1279836916234247,783.1365324742308,1.0,4.0,13.540445601851852,0.0,2.0,134,1.0,0.0,0.0,0.6667902149740549,0.0,0.0,0.0,0.0,0.0,0.0,0.0,0.0,0.0,0.0,0.0,0.3332097850259451,2,91.0,91.0,91.0,0.0,0.0,0.5533380971825235,0.406656684662273
c644c379a96ef9468f073699ae37a84b,-14.874446622349584,-40.84631165181402,BA,2,42.925,62.54,125.08,42.925,1.0,2,2,0.4569598136284216,1364.5233334083205,1.5,4.0,17.51842013888889,0.0,1.3914285714285717,182,1.0,0.0,0.0,0.0,0.0,0.0,0.8491555037856726,0.0,0.0,0.0,0.0,0.0,0.0,0.0,0.0,0.1508444962143273,2,343.0,343.0,343.0,0.0,0.0,0.3119362282357877,0.7417045865979776
c658495c41a24ef33a852db6840738a1,-24.334720547262776,-50.62524491480455,PR,2,32.49,47.3,94.6,32.49,1.0,2,2,0.4558325638658048,376.4830875290052,4.0,5.0,19.731921296296296,0.0,1.281578947368421,235,1.0,0.0,0.0,0.0,0.0,0.6154201292705448,0.0,0.0,0.0,0.0,0.0,0.0,0.0,0.0,0.0,0.3845798707294551,2,335.0,335.0,335.0,0.0,0.0,1.3943305492280438,0.23291170509273604
c694ffd0ff6d172ecf34fcd4202c8693,-22.791501048914217,-47.080669236792616,SP,2,139.4,166.435,332.87,139.4,1.0,1,1,0.1939383070301291,,4.0,4.0,3.860266203703704,0.0,2.0,13,1.0,0.0,0.0,0.0,0.0,0.0,0.0,0.0,0.0,0.0,1.0,0.0,0.0,0.0,0.0,0.0,2,117.0,117.0,117.0,1.0,1.0,1.1436759402369912,0.09478506496993948
c6b2ccbe75ac5addb40fcff5db96a5c1,-17.34138532318693,-44.93394143968492,MG,2,298.0,334.02,668.04,149.0,2.0,2,2,0.1208724832214764,670.0137422403193,2.0,5.0,8.194299768518519,0.0,2.0,57,1.0,0.0,0.0,0.0,0.0,0.0,0.0,0.0,0.0,0.0,0.0,0.2651006711409396,0.0,0.0,0.0,0.7348993288590604,2,274.0,274.0,274.0,0.0,0.0,2.542099681866384,0.6156964739844785
c6df3869c263531ebd51f0454a353605,-31.756574676776943,-52.341603382320365,RS,3,13.566666666666668,29.616666666666664,88.85,13.566666666666668,1.0,1,1,1.183046683046683,1165.0386909688411,1.0,5.0,22.361446759259263,0.0,2.003199268738574,528,0.0,1.0,0.0,0.0,0.0,1.0,0.0,0.0,0.0,0.0,0.0,0.0,0.0,0.0,0.0,0.0,2,20.0,20.0,20.0,1.0,1.0,1.9666110183639398,0.4607932766539235
c731a46dd44dfe456ccfa8968206943d,-21.2003188296746,-47.80235431595072,SP,2,65.95,79.49,158.98,65.95,1.0,2,2,0.2053070507960576,261.2954862140972,3.0,5.0,7.287546296296297,0.0,1.743436754176611,405,1.0,0.0,0.0,0.0,0.0,0.0,0.0,0.0,0.0,0.0,0.0,0.7505686125852918,0.0,0.0,0.0,0.249431387414708,2,14.0,14.0,14.0,0.0,0.0,0.4105225800727531,0.5910199338537453
c76762dfb642ac154475239639f7f8f4,-22.923110075910635,-43.24673279281247,RJ,3,65.47666666666667,85.62,256.86,65.47666666666667,1.0,2,2,0.3076413989716438,453.1817925394278,1.0,4.333333333333333,7.940439814814815,0.0,1.8892241379310344,571,1.0,0.0,0.0,0.0,0.0,0.4706002138166267,0.0,0.0,0.0,0.0,0.0,0.0,0.0,0.0,0.0,0.5293997861833731,2,9.0,9.0,9.0,1.0,1.0,0.35040218705641135,0.6802936532228436
c76dbe63126a89c815fe9716acfdb4a1,-24.958865574594327,-53.4627184937334,PR,2,158.95,178.23,356.46,158.95,1.0,2,2,0.1212960050330292,632.8551702801321,5.5,5.0,13.906238425925928,0.0,1.67162471395881,106,1.0,0.0,0.0,0.0,0.0,0.0,0.0,0.0,0.0,0.8965083359547028,0.0,0.0,0.1034916640452972,0.0,0.0,0.0,2,331.0,331.0,331.0,0.0,0.0,6.058613861386138,1.0135078175498817
c7819760e70376028f519e3b57e6c441,-24.01063036030515,-53.1516091993086,PR,2,49.94499999999999,69.14,138.28,49.94499999999999,1.0,2,2,0.3843227550305336,416.3533784900836,6.0,2.0,13.996892361111112,0.0,1.5378947368421052,30,1.0,0.0,0.0,0.0,0.0,0.7006707378115928,0.0,0.0,0.0,0.0,0.0,0.0,0.0,0.0,0.0,0.2993292621884073,2,445.0,445.0,445.0,0.0,0.0,2.072888888888889,0.4937679403483731
c7c19110042036e6266adc998cbf1289,-2.8905909990421788,-40.10983231993736,CE,3,129.23,171.85,515.55,96.9225,1.3333333333333333,2,3,0.3297995821403698,1724.4323107169885,4.666666666666667,4.666666666666667,15.734494598765432,0.0,3.0,29,1.0,0.0,0.0,0.3172379994325362,0.0,0.0,0.0,0.0,0.0,0.0,0.0,0.0,0.0,0.0,0.0,0.6827620005674637,3,141.0,141.0,282.0,0.5,0.0,0.6577761427388944,0.23248922873705574
c7fb8ec1ea35af7e89f989b6e17e2bd8,-23.501079405286063,-46.50494904274996,SP,2,472.3,486.485,972.97,314.8666666666666,1.5,2,1,0.0300338767732373,108.72651809869176,2.5,5.0,5.965896990740741,0.0,2.0,302,1.0,0.0,0.0,0.0,0.3967817065424519,0.0,0.6032182934575482,0.0,0.0,0.0,0.0,0.0,0.0,0.0,0.0,0.0,2,1.0,1.0,1.0,1.0,1.0,2.3077341492435837,0.5591185042067675
c83c41456526926a16e2f95d3652b6d3,-20.65306864338222,-40.48822196336065,ES,2,109.45,127.48,254.96,109.45,1.0,2,2,0.1647327546825034,982.7243436972334,5.5,5.0,18.15361111111111,0.0,1.9325396825396823,213,1.0,0.0,0.0,0.0,0.0,0.0,0.0,0.0,0.0,0.7263590680676107,0.0,0.0,0.2736409319323892,0.0,0.0,0.0,2,164.0,164.0,164.0,0.0,0.0,2.2868376949851745,0.5536821375748445
c8460e4251689ba205045f3ea17884a1,-30.001172127177743,-51.09688764050553,RS,4,1020.0,1163.9775,4655.91,170.0,6.0,1,1,0.1411470588235294,2311.2712796578458,6.0,4.0,12.139427083333334,0.0,4.0,25,1.0,0.0,0.0,0.0,0.0,0.0,0.0,0.0,0.0,0.0,0.0,0.0,0.0,0.0,0.0,1.0,2,1.0,1.0,1.0,1.0,1.0,1.068714093387185,0.0469743030730833
c85df1c6ef6f7bb605e1c49d34f172ee,,,MT,2,89.4,118.885,237.77,59.6,1.5,1,1,0.3298098434004474,,1.0,2.0,23.44524884259259,0.0,2.0,267,0.6692181519956261,0.0,0.330781848004374,0.0,0.0,0.0,0.0,0.0,0.0,0.0,0.0,0.0,1.0,0.0,0.0,0.0,2,34.0,34.0,34.0,1.0,1.0,0.494281045751634,0.47862121110385225
c863f613022e5ce024c630ffa65ab51d,-23.56057824658505,-46.47364638041831,SP,2,69.95,85.67,171.34,69.95,1.0,2,2,0.2247319513938527,444.5523646873645,2.0,4.5,8.461215277777779,0.0,2.0,172,1.0,0.0,0.0,0.0,0.0,0.0,0.0,0.0,0.0,0.0,0.0,0.0,0.0,0.3209435310936382,0.0,0.6790564689063616,2,61.0,61.0,61.0,0.0,0.0,0.4392272154556909,0.5510265987161657
c893e6fe915add1b28ef934048f0023e,-22.40877700303038,-47.56372736808629,SP,2,274.9,291.66,583.3199999999999,274.9,1.0,2,2,0.0609676245907602,215.45207087886297,8.0,5.0,5.859791666666667,0.0,2.0,61,1.0,0.0,0.0,0.0,0.0,0.0,0.0,0.0,0.0,0.3090214623499455,0.0,0.0,0.0,0.6909785376500546,0.0,0.0,2,135.0,135.0,135.0,0.0,0.0,0.480282190529361,0.4965215277617945
c89d91308d60d2f2076d20296962f2c3,-25.42751250399749,-49.23437134707412,PR,2,24.49,38.59,77.18,24.49,1.0,2,2,0.5757452021233157,334.91735993975385,2.0,4.5,10.28546875,0.0,2.0,202,1.0,0.0,0.0,0.4897917517354022,0.0,0.0,0.0,0.0,0.0,0.0,0.0,0.0,0.0,0.0,0.0,0.5102082482645978,2,133.0,133.0,133.0,0.0,0.0,1.0262536098713573,0.018323575568451607
c8abffe7e68de3d6c4b6dd6d4c320dd4,-23.528812257219897,-46.72981070249657,SP,2,62.400000000000006,76.04,152.08,62.400000000000006,1.0,2,2,0.2185897435897436,235.22003851953028,1.5,5.0,4.752974537037037,0.0,2.0,45,1.0,0.0,0.0,0.1995192307692307,0.0,0.0,0.0,0.0,0.0,0.0,0.0,0.0,0.0,0.0,0.0,0.8004807692307692,2,81.0,81.0,81.0,0.0,0.0,3.7098172808919174,0.8136749520492229
c8e2ea7e324f7dd660e7481ec85bef3c,-23.51510237255741,-46.70593246836528,SP,2,66.94500000000001,78.38499999999999,156.76999999999998,66.94500000000001,1.0,2,2,0.1708865486593472,27.220588212224225,1.0,3.0,16.775885416666668,0.5,2.0,91,0.4793008866492314,0.5206991133507687,0.0,0.0,0.0,0.0,0.0,0.4779296437373963,0.0,0.5220703562626036,0.0,0.0,0.0,0.0,0.0,0.0,2,167.0,167.0,167.0,0.0,0.0,0.9204949160847729,0.05854593365950999
c92f31f36283b5e3c4b4657734ea8c16,-23.54765961415793,-46.45656183398382,SP,2,77.44500000000001,89.285,178.57,77.44500000000001,1.0,2,2,0.1528826909419588,437.07763904054747,7.0,5.0,28.972905092592597,0.5,2.0,195,1.0,0.0,0.0,0.0,0.0,0.0,0.0,0.0,0.0,0.0,0.0,0.0,0.0,0.2259022532119568,0.7740977467880431,0.0,2,60.0,60.0,60.0,0.0,0.0,0.37913191226444243,0.6366614116546625
c937a5d7fe89380c128d9b8746495474,-22.712391336872635,-43.43412758496895,RJ,2,219.99,241.625,483.25,219.99,1.0,2,2,0.0983453793354243,173.74290723431764,1.0,5.0,12.016215277777777,0.0,2.0,220,0.3483290222452147,0.6516709777547853,0.0,0.0,0.0,0.0,0.0,0.0,0.0,0.0,0.0,0.0,0.0,0.6818264466566663,0.0,0.3181735533433338,2,52.0,52.0,52.0,0.0,0.0,0.5345167026546425,0.4289903075184108
c957b57bcaff0ed3a494d95c865de4a1,-25.453825043757977,-52.91012349203909,PR,2,106.4,131.25,262.5,106.4,1.0,2,2,0.2335526315789473,864.5458464007589,1.0,4.0,13.618825231481482,0.0,2.0,290,0.0,1.0,0.0,0.6903195488721804,0.0,0.3096804511278195,0.0,0.0,0.0,0.0,0.0,0.0,0.0,0.0,0.0,0.0,2,22.0,22.0,22.0,0.0,0.0,2.196541646371164,0.5293738081477345
c968cdb924339d7a42e0c448153b72cc,-22.87541126207702,-43.25989619481541,RJ,2,324.495,394.08,788.16,324.495,1.0,1,2,0.2144409004761244,538.0155225545109,6.0,5.0,15.45109375,0.0,2.0,321,1.0,0.0,0.0,1.0,0.0,0.0,0.0,0.0,0.0,0.0,0.0,0.0,0.0,0.0,0.0,0.0,2,19.0,19.0,19.0,1.0,0.0,0.1798979026632135,0.9829659888084006
c988628b7bc5d9c645eb7a3a66f31b46,-19.924775965269745,-43.94694516882144,MG,2,66.45,82.675,165.35,66.45,1.0,1,2,0.2441685477802859,546.7345027551943,1.5,5.0,13.143333333333334,0.0,2.0,188,1.0,0.0,0.0,0.0,0.0,1.0,0.0,0.0,0.0,0.0,0.0,0.0,0.0,0.0,0.0,0.0,2,37.0,37.0,37.0,1.0,0.0,0.718457701101642,0.23169667616986483
c9b3b24308b1a4587ffa3e60fafc2b1f,-23.969384651330724,-46.32235409282855,SP,3,167.66333333333333,184.38333333333333,553.15,167.66333333333333,1.0,2,2,0.0997236525577049,636.3575111153356,2.333333333333333,5.0,9.665806327160494,0.0,2.071361058601134,301,0.8203922986531683,0.1796077013468317,0.0,0.0,0.0,0.0,0.0,0.8310304379808744,0.0,0.1689695620191256,0.0,0.0,0.0,0.0,0.0,0.0,3,114.0,114.0,228.0,0.5,0.5,2.2838449924509314,0.3993909075393841
c9c6d353f4101827b3dbc83b093b2fe6,-21.557831648855228,-45.46190979322346,MG,2,67.44500000000001,91.475,182.95,67.44500000000001,1.0,2,2,0.3562903106234709,169.64995020356895,5.5,5.0,11.953726851851853,0.0,1.3114901256732496,514,1.0,0.0,0.0,0.0,0.0,0.0,0.0,0.0,0.2593965453332345,0.0,0.7406034546667655,0.0,0.0,0.0,0.0,0.0,2,43.0,43.0,43.0,0.0,0.0,1.5501812099247283,0.30510527087655676
c9ec7638cb8f2dd8e4439fa8374d89e4,-30.058044592251115,-51.07895774466466,RS,2,59.94499999999999,88.395,176.79,59.94499999999999,1.0,2,2,0.3338059888230878,994.2118332194528,8.5,3.0,30.52947337962963,0.5,2.0,245,1.0,0.0,0.0,0.0,0.0,0.0,0.7506047209942448,0.0,0.2493952790057552,0.0,0.0,0.0,0.0,0.0,0.0,0.0,2,114.0,114.0,114.0,0.0,0.0,0.40599650071576265,0.5974750323753972
c9f3502cccf5585cea25aa7de58f6cb5,-23.62004776971976,-46.64032620032096,SP,2,466.11,525.0,1050.0,133.17428571428573,3.5,1,2,0.1263435669691703,488.3581813660394,1.0,4.5,12.649091435185184,0.0,2.0,122,0.6406857142857143,0.3593142857142857,0.0,0.0,0.0,0.0,0.0,1.0,0.0,0.0,0.0,0.0,0.0,0.0,0.0,0.0,2,210.0,210.0,210.0,1.0,0.0,0.5608276846236175,0.39791929035000695
ca0cd77819a2427d6ca0e0d0e92de58b,-21.51184685408701,-51.43553684389453,SP,2,82.4,98.825,197.65,82.4,1.0,2,2,0.1993325242718446,865.0208698282464,2.0,4.0,12.639675925925925,0.0,1.4551792828685255,306,0.7470275739944346,0.0,0.2529724260055654,0.7882281553398058,0.0,0.0,0.0,0.0,0.0,0.0,0.0,0.0,0.0,0.0,0.0,0.2117718446601941,2,195.0,195.0,195.0,0.0,0.0,0.3386386725364036,0.6986994908461054
ca12da7d856692d5cf4960c5edd99756,-22.87651516612979,-43.42444453151009,RJ,2,81.95,130.09,260.18,32.78,2.5,2,2,0.587431360585723,378.2676608032375,1.0,5.0,6.064490740740741,0.0,2.0,58,1.0,0.0,0.0,0.0,0.0,0.0,0.0,0.0,0.0,0.0,0.0,0.0,0.0,0.0,0.0,1.0,2,51.0,51.0,51.0,0.0,0.0,0.6580423145551875,0.2916699967597058
ca26c28cab4d8cef1f2bc24e9bc78380,-22.48685387910371,-42.19138385016205,RJ,2,125.995,143.285,286.57,125.995,1.0,2,2,0.1372276677645938,473.681118473382,4.0,4.5,8.10070023148148,0.0,2.0,132,1.0,0.0,0.0,0.0,0.0,0.0,0.0,0.0,0.0,0.0,0.0,0.0,0.0,0.0,0.0,1.0,2,62.0,62.0,62.0,0.0,0.0,6.331030954208237,1.0283978234390525
ca55f9ebddc988ee65f4dea1a93ebc98,-23.56094770450729,-46.218829259632415,SP,2,63.995,73.75,147.5,63.995,1.0,2,2,0.1524337838893663,44.05660502706832,1.5,5.0,3.0438483796296296,0.0,1.5777537796976242,194,0.5743728813559322,0.0,0.4256271186440678,0.0,0.4297210719587468,0.0,0.0,0.0,0.0,0.0,0.5702789280412532,0.0,0.0,0.0,0.0,0.0,2,269.0,269.0,269.0,0.0,0.0,1.3494743548900923,0.21035827497264883
ca6d9bc2e717c2a0aa19d77a3bfa5398,-22.810296526690003,-43.19972920629696,RJ,2,599.0,618.695,1237.39,599.0,1.0,2,2,0.0328797996661101,315.7870905767489,8.0,1.0,31.929346064814816,0.5,1.4580838323353291,423,1.0,0.0,0.0,0.0,0.6669449081803005,0.0,0.0,0.0,0.0,0.0,0.0,0.0,0.0,0.0,0.0,0.3330550918196995,2,78.0,78.0,78.0,0.0,0.0,0.51205474430256,0.4563715704759216
ca77025e7201e3b30c44b472ff346268,-8.125757307633663,-34.902933708889016,PE,7,115.23,160.38857142857142,1122.72,67.2175,1.7142857142857142,4,6,0.3918994309517611,2102.0440145765465,1.0,5.0,16.810312500000002,0.1428571428571428,7.0,93,0.658623699586718,0.341376300413282,0.0,0.0,0.0,0.1560853448382738,0.0,0.0,0.2875739204820173,0.1672307558795452,0.3891099788001636,0.0,0.0,0.0,0.0,0.0,7,39.166666666666664,22.0,235.0,0.5,0.16666666666666666,0.32587262600754147,0.48051365517296796
ca994abc57b0bd7981d91d0061b3d8d6,-30.02180871259129,-51.202290695633984,RS,3,163.29333333333332,195.43333333333337,586.3000000000001,163.29333333333332,1.0,2,2,0.196823711929452,923.498474256332,1.0,3.0,44.647129629629625,0.6666666666666666,2.634014423076923,377,0.0,0.7247654784240151,0.275234521575985,0.0,0.0,0.5713440026128848,0.0,0.0,0.0,0.0,0.0,0.0,0.0,0.0,0.0,0.4286559973871152,2,39.0,39.0,39.0,1.0,1.0,0.3797566658037794,0.6357327758810387
caa3d56b7a6777daaa2793053bdf2309,-23.68143991397067,-46.62268210114378,SP,2,32.495,41.055,82.11,32.495,1.0,2,2,0.2634251423295892,17.412848553445908,1.5,5.0,3.68990162037037,0.0,1.9376657824933683,273,1.0,0.0,0.0,0.0,0.0,0.0,0.0,0.0,0.0,0.0,0.0,0.1537159563009694,0.0,0.0,0.0,0.8462840436990307,2,104.0,104.0,104.0,0.0,0.0,0.27618899595896795,0.8020938448388143
cabef558b42bd1d2578afc81048e8415,-23.25110298418001,-45.899329771613104,SP,2,32.445,44.14,88.28,32.445,1.0,2,2,0.3604561565726614,434.6982924217225,2.0,4.5,8.385619212962963,0.0,2.0,147,1.0,0.0,0.0,0.0,0.0,0.0,0.0,0.0,0.229619355832948,0.0,0.0,0.0,0.0,0.0,0.0,0.770380644167052,2,94.0,94.0,94.0,0.0,0.0,1.9426666666666668,0.4530353369269498
cb06773dbb3415543b78720a3986344e,-30.096642196546277,-51.13759126518862,RS,2,56.35,77.575,155.15,56.35,1.0,2,2,0.3766637089618456,1153.193891175385,3.5,2.5,40.345590277777774,1.0,2.0,168,1.0,0.0,0.0,0.0,0.0,0.7710736468500444,0.0,0.0,0.0,0.2289263531499556,0.0,0.0,0.0,0.0,0.0,0.0,2,87.0,87.0,87.0,0.0,0.0,2.572415381072991,0.6224727307409517
cb36d0f12c99d07935b706269045f613,-32.03474706992407,-52.09718516703497,RS,2,82.445,99.59,199.18,82.445,1.0,2,2,0.2079568196979805,988.7613843692086,3.5,5.0,10.33615162037037,0.0,1.3914285714285717,93,1.0,0.0,0.0,0.0,0.0,0.0,0.4845654678876828,0.0,0.0,0.0,0.0,0.0,0.0,0.5154345321123173,0.0,0.0,2,432.0,432.0,432.0,0.0,0.0,0.9967919799498748,0.0022720571340464945
cb4253d36367737b6baa4f8ca58fac62,-29.949963892773045,-51.16837995659396,RS,2,58.45,71.4,142.8,58.45,1.0,2,2,0.2215568862275448,681.8438841060408,2.0,4.5,13.448935185185183,0.0,1.6378923766816145,122,0.5822128851540616,0.4177871148459383,0.0,0.0,0.0,0.0,0.0,0.0,0.0,0.0,0.0,0.0,0.5808383233532934,0.0,0.0,0.4191616766467065,2,323.0,323.0,323.0,0.0,0.0,0.7175847967284099,0.23253315437339125
cb4f48aa5b4657435b012a65f2a122eb,-19.96194144024734,-43.410614913519495,MG,2,459.95,481.625,963.25,459.95,1.0,2,2,0.0471246874660289,521.8461295076565,2.5,,7.413020833333334,0.0,1.9325396825396823,197,1.0,0.0,0.0,0.8695510381563213,0.0,0.0,0.0,0.0,0.0,0.1304489618436786,0.0,0.0,0.0,0.0,0.0,0.0,2,181.0,181.0,181.0,0.0,0.0,0.17433709234989334,0.9943172957354566
cb57be427d5e8c06c10cdd1540df1e00,-22.948924854085774,-43.1921686096862,RJ,2,199.9,242.615,485.23,199.9,1.0,2,2,0.2136818409204602,534.367885438028,9.0,3.0,20.164392361111112,0.5,1.835427135678392,272,1.0,0.0,0.0,0.0,0.0,0.0,0.0,0.0,0.0,0.0,0.0,0.0,0.0,0.0,0.0,1.0,2,126.0,126.0,126.0,0.0,0.0,0.6713626343345275,0.27807455430624034
cb5c545d96f39390b7f372aaa88c4a7e,-23.215203337805672,-46.86029086422993,SP,2,39.0,54.1,108.2,39.0,1.0,1,1,0.3871794871794872,525.8290263962233,5.0,5.0,13.035040509259256,0.0,2.0,305,1.0,0.0,0.0,0.0,0.0,0.0,0.0,0.0,0.0,0.0,0.0,0.0,0.0,0.0,0.0,1.0,2,6.0,6.0,6.0,1.0,1.0,1.0376647834274952,0.026140731282312295
cbc71e02efb1d43b84f80b2a64d6013c,-23.543113835557907,-46.55073839838085,SP,2,99.945,111.555,223.11,99.945,1.0,1,2,0.1161638901395767,46.37101090320471,2.5,5.0,4.421469907407407,0.0,2.0,132,0.5279458563040652,0.0,0.4720541436959347,0.0,0.0,0.0,0.0,0.0,1.0,0.0,0.0,0.0,0.0,0.0,0.0,0.0,2,52.0,52.0,52.0,1.0,0.0,0.9956171735241504,0.0031059327038806387
cbd08b04b3f301152b7570da5e9c8cc4,-25.43401658480678,-49.297219284159816,PR,3,396.5666666666666,416.6233333333333,1249.87,396.5666666666666,1.0,1,1,0.0505757754055644,1054.4362176223574,1.0,4.666666666666667,13.191257716049384,0.0,3.0,351,0.0,1.0,0.0,0.0,0.0,0.0,0.0,0.0,0.0,0.0,0.0,0.0,0.0,0.0,0.0,1.0,2,3.0,3.0,3.0,1.0,1.0,0.38815833314822634,0.6233257133747625
cbe71e4cb0b82b97bbec5cd51e0fa3ea,-20.496403434333185,-47.4180122931017,SP,2,102.85,115.9,231.8,102.85,1.0,2,2,0.12688381137579,243.67831078517017,1.5,4.5,10.800636574074074,0.0,2.0,182,1.0,0.0,0.0,0.0,0.0,0.0,0.0,0.0,0.8546426835196889,0.0,0.0,0.0,0.0,0.0,0.1453573164803111,0.0,2,43.0,43.0,43.0,0.0,0.0,0.21967903183372794,0.9047794275234253
cbebce165db72a2bfba9e81a3411bdf7,-23.56185732804354,-46.641877138248525,SP,2,158.2,194.175,388.35,105.46666666666664,1.5,2,2,0.227402022756005,1349.4565409525146,5.5,5.0,12.280063657407409,0.0,1.337912087912088,481,0.8989313763357796,0.0,0.0,0.0,0.0,0.0865992414664981,0.0,0.0,0.913400758533502,0.0,0.0,0.0,0.0,0.0,0.0,0.0,2,65.0,65.0,65.0,0.0,0.0,0.11243196791750214,1.1283483257404494
cc025521d96a3005316b61cde71907db,-22.887283893530576,-43.55947348770792,RJ,2,206.95,225.39,450.78,206.95,1.0,2,2,0.0891036482242087,637.7594871489329,7.5,3.0,29.06096064814815,0.5,1.9274406332453824,194,1.0,0.0,0.0,0.1568011597004107,0.8431988402995894,0.0,0.0,0.0,0.0,0.0,0.0,0.0,0.0,0.0,0.0,0.0,2,185.0,185.0,185.0,0.0,0.0,4.328998699609882,0.8834521033858281
cc0472ed54d7ef34d66a4cad6bf2e666,-25.55574858361466,-49.253466006043546,PR,2,84.4,99.95,199.9,84.4,1.0,2,2,0.1842417061611374,1411.0019409299246,6.5,5.0,13.623130787037038,0.0,1.9690026954177895,189,1.0,0.0,0.0,0.0,0.0,0.0,0.0,0.8880331753554502,0.0,0.0,0.0,0.0,0.0,0.0,0.0,0.1119668246445497,2,182.0,182.0,182.0,0.0,0.0,5.057575757575758,0.9472896248211978
cc14ea7099959d91a17c9d7c3a46721d,-19.3922772170972,-40.04831165467508,ES,2,97.65,121.0,242.0,97.65,1.0,1,1,0.2391193036354326,808.2542021032779,6.0,5.0,12.992372685185185,0.0,1.5282426778242677,471,1.0,0.0,0.0,0.0,0.0,0.0,0.0,0.0,0.0,0.0,0.0,1.0,0.0,0.0,0.0,0.0,2,7.0,7.0,7.0,1.0,1.0,1.4434571890145396,0.2566622299976295
cc22ee560df02b4c4f088ac4233fa87d,-23.179038126333506,-45.85470307573846,SP,2,63.495000000000005,72.545,145.09,63.495000000000005,1.0,1,1,0.1425309079455075,83.31555098384378,1.0,5.0,9.446111111111112,0.0,2.0,69,1.0,0.0,0.0,0.0,0.0,0.0,0.0,0.0,0.0,0.0,0.0,0.0,0.0,0.0,0.0,1.0,2,38.0,38.0,38.0,1.0,1.0,1.1067228110933642,0.07164153065988173
cc2bef54fa72102dca9777ff483f75a5,-23.25729021217008,-45.88760002714837,SP,2,195.0,212.985,425.97,130.0,1.5,1,1,0.0922307692307692,84.36645079687256,9.5,5.0,5.6517939814814815,0.0,2.0,59,0.8826208418433223,0.0,0.1173791581566777,0.0,0.0,0.0,0.0,1.0,0.0,0.0,0.0,0.0,0.0,0.0,0.0,0.0,2,275.0,275.0,275.0,1.0,1.0,1.9974667511082962,0.4706077246434871
cc44d1f72587f44e3af25f68f1db8cd2,-16.576951006737882,-39.55927810804774,BA,2,69.9,92.82,185.64,69.9,1.0,2,2,0.3278969957081545,1109.829913008244,1.0,5.0,14.596221064814817,0.0,2.0,55,1.0,0.0,0.0,0.0,0.0,0.6430615164520744,0.0,0.0,0.3569384835479255,0.0,0.0,0.0,0.0,0.0,0.0,0.0,2,63.0,63.0,63.0,0.0,0.0,1.5797665369649807,0.3178247674111482
cc47f99364c6a2b50a87c1bbb3e4f0f8,-22.96506484849636,-43.2150840697187,RJ,2,149.8,183.965,367.93,74.9,2.0,1,1,0.2280707610146862,725.5953135861679,1.0,4.0,14.21853009259259,0.0,2.0,150,0.0,1.0,0.0,0.0,0.0,0.0,0.0,0.0,0.0,0.0,0.0,1.0,0.0,0.0,0.0,0.0,2,70.0,70.0,70.0,1.0,1.0,0.3450683629450903,0.6885993523201153
cc492df9ae61715ec0ede787f6f086d9,-14.751516572412672,-50.56756713151115,GO,2,33.9,53.655,107.31,33.9,1.0,2,2,0.5827433628318583,848.0384367067691,2.5,4.5,17.645011574074076,0.0,2.0,81,1.0,0.0,0.0,0.0,0.0,0.0,0.0,0.0,0.4705014749262536,0.5294985250737463,0.0,0.0,0.0,0.0,0.0,0.0,2,231.0,231.0,231.0,0.0,0.0,1.235159341803791,0.14878828738414165
ccafc1c3f270410521c3c6f3b249870f,-16.706658492804785,-49.24882030538303,GO,2,87.19500000000001,103.755,207.51,87.19500000000001,1.0,2,2,0.1899191467400653,382.2225485147633,6.5,5.0,15.86101273148148,0.0,1.049568965517241,87,1.0,0.0,0.0,0.0,0.0,0.0,0.0,0.0,0.0,0.0,0.0,0.0,0.0,0.2407821549400768,0.0,0.7592178450599232,2,609.0,609.0,609.0,0.0,0.0,2.3984605306256137,0.5819463933836373
cd04cd9aa9eb0b51b40a2b124f3a93f3,-23.577077266282803,-46.613441560141695,SP,2,109.45,124.58,249.16,109.45,1.0,2,2,0.1382366377341251,218.08741059138185,2.5,5.0,9.661932870370372,0.0,2.0,320,1.0,0.0,0.0,0.0,0.0,0.0,0.0,0.0,0.7263590680676107,0.0,0.0,0.0,0.2736409319323892,0.0,0.0,0.0,2,26.0,26.0,26.0,0.0,0.0,2.3973275156803924,0.5816688307593304
cd0e1d42225b7f4cf78a382e4f57e704,-23.632911782494325,-46.70686062407934,SP,2,249.5,271.935,543.87,249.5,1.0,2,2,0.0899198396793587,300.62394081471245,4.5,4.0,7.816956018518518,0.0,2.0,70,1.0,0.0,0.0,0.0,0.0,0.0,0.0,0.0,0.0,0.0,0.0,0.3987975951903807,0.0,0.0,0.0,0.6012024048096193,2,98.0,98.0,98.0,0.0,0.0,1.4015101337925553,0.23644333981757681
cd11a0920c498edb1da9ecd2d31aa599,-23.626155018575997,-46.47160463200774,SP,3,55.9,67.32000000000001,201.96,55.9,1.0,1,3,0.204293381037567,222.33000716177392,2.333333333333333,4.666666666666667,13.498996913580248,0.0,3.0,212,0.7264804911863735,0.2735195088136264,0.0,0.0,0.0,1.0,0.0,0.0,0.0,0.0,0.0,0.0,0.0,0.0,0.0,0.0,2,103.0,103.0,103.0,1.0,0.0,0.3764994547437296,0.6405835644973793
cd6c68c5fad15e0a5a5c1150546704e0,-22.56555260151656,-47.38433368475618,SP,2,318.45,348.71,697.42,318.45,1.0,2,2,0.0950227665253572,277.76314272868024,5.0,5.0,7.611157407407407,0.0,1.6305803571428572,20,1.0,0.0,0.0,0.0,0.0,0.0,0.0,0.0,0.0,0.1018998272884283,0.8981001727115717,0.0,0.0,0.0,0.0,0.0,2,428.0,428.0,428.0,0.0,0.0,0.1446813399642195,1.0567161418139246
cd86f2b40a6183a8212f9053bb0aaf8a,-22.55579913408973,-47.42067186559312,SP,2,262.74,279.655,559.31,175.16,1.5,1,2,0.0643792342239476,274.3338549850155,1.0,1.0,14.703362268518518,0.5,2.0,167,0.0,1.0,0.0,0.0,0.0,0.0,0.0,1.0,0.0,0.0,0.0,0.0,0.0,0.0,0.0,0.0,2,31.0,31.0,31.0,1.0,0.0,2.2817579064718654,0.5523501326641802
cd915c60db8686f9a3dc35745aa1691c,-25.461806603337436,-49.23990006030815,PR,2,61.95,81.14,162.28,61.95,1.0,2,2,0.3097659402744148,802.4302441609783,1.0,5.0,12.193501157407407,0.0,2.0,18,1.0,0.0,0.0,0.0,0.0,0.5238095238095238,0.0,0.0,0.0,0.0,0.0,0.0,0.4761904761904761,0.0,0.0,0.0,2,254.0,254.0,254.0,0.0,0.0,1.1168797286720586,0.07808327285471371
cdc8b0d152b868db7e28de59f642c94a,-8.285099800760584,-35.97075615496189,PE,2,174.245,216.28,432.56,174.245,1.0,2,2,0.2412407816580103,1336.4816316572042,3.0,5.0,6.626631944444444,0.0,2.0,59,0.7001340854447937,0.0,0.2998659145552061,0.0,0.0,0.0,0.0,0.0,0.0,0.0,0.0,0.515050647077391,0.4849493529226089,0.0,0.0,0.0,2,127.0,127.0,127.0,0.0,0.0,1.2894040436117287,0.17877103197373972
cde37fe3a24ad875f5ff1482fd80a43e,-23.501200541547465,-46.65303504701175,SP,2,72.17,83.66499999999999,167.32999999999998,72.17,1.0,1,2,0.159276707773313,160.29423176995104,1.0,5.0,6.180167824074074,0.5,2.0,33,0.0,1.0,0.0,0.0,0.0,0.0,0.0,0.0,0.0,0.0,0.0,1.0,0.0,0.0,0.0,0.0,2,57.0,57.0,57.0,1.0,0.0,3.539609332609875,0.7911583790936797
cde6577300fbd06655ff162902f15b2a,-26.92254299975847,-49.06626830071616,SC,2,131.45,154.45999999999998,308.92,131.45,1.0,2,2,0.1750475465956637,555.3999081445236,6.5,4.5,11.73742476851852,0.0,2.0,17,1.0,0.0,0.0,0.0,0.0,0.0,0.4298212248003043,0.0,0.0,0.0,0.0,0.0,0.0,0.0,0.5701787751996957,0.0,2,120.0,120.0,120.0,0.0,0.0,1.3461684514316095,0.20866196482249677
ce41a50f9ff95ef577cb759483fe9165,-18.038445080462026,-41.68327317684285,MG,2,69.445,86.425,172.85,69.445,1.0,2,2,0.2445100439196486,467.75212977894114,5.5,3.0,16.78559027777778,0.0,2.0,80,1.0,0.0,0.0,0.0,0.7199222406220751,0.0,0.0,0.0,0.0,0.0,0.0,0.0,0.0,0.0,0.0,0.280077759377925,2,199.0,199.0,199.0,0.0,0.0,0.4955009517217512,0.47707719306899143
ce6160651998b40db0a0f3b9d69f7f3d,-23.62122895658325,-46.52726700772707,SP,2,292.37,317.66,635.3199999999999,194.91333333333333,1.5,2,2,0.0864999828983821,50.72124603145424,10.0,5.0,3.3028935185185184,0.0,2.0,23,1.0,0.0,0.0,0.0,0.0,0.0,0.0,0.0,0.0,0.0,0.0,0.2299996579676437,0.0,0.0,0.0,0.7700003420323562,2,248.0,248.0,248.0,0.0,0.0,3.4233098934762936,0.7747767621349549
ce8b665ad7a00dfee2a4fbd19dedb82a,-22.91456473061436,-43.24584028835053,RJ,2,228.325,245.295,490.59,228.325,1.0,2,2,0.0743238804335924,207.69358839448208,6.5,3.0,45.55844328703704,0.5,2.0,189,1.0,0.0,0.0,0.0,0.0,0.0,0.0,0.0,0.0,0.0,0.0,0.0,0.0,0.0,0.0,1.0,2,11.0,11.0,11.0,0.0,0.0,0.059955924293492356,1.2542248697546015
cecc19ff12c206e6368dd1e9c22a848d,-24.004298595600314,-48.3499286807204,SP,3,246.13,273.17333333333335,819.52,246.13,1.0,3,3,0.1098741857284091,343.01309407188484,3.0,5.0,10.452766203703703,0.0,1.9922727272727272,167,0.8711562866067942,0.1288437133932057,0.0,0.0,0.0,0.2383428811332764,0.0,0.0,0.0,0.0,0.0,0.0,0.6363845664215387,0.0,0.0,0.1252725524451848,3,191.5,191.5,383.0,0.0,0.0,0.5493184892310894,0.8037175294349591
cee4e6509d99d45518c65d26971c1cbb,-23.531747586141005,-46.708448870551656,SP,2,97.945,110.9,221.8,97.945,1.0,2,2,0.1322681096533769,359.62522880823104,1.0,3.0,5.932673611111111,0.0,1.7476076555023925,411,0.6493688007213706,0.3506311992786293,0.0,0.0,0.0,0.0,0.3572923579559957,0.0,0.0,0.0,0.0,0.0,0.0,0.0,0.0,0.6427076420440043,2,6.0,6.0,6.0,0.0,0.0,0.5399569534124835,0.42247876755113295
cee86ef4954e9d77f02cbc2276dd75e7,-22.415256539428334,-49.406069912187206,SP,2,319.85,345.96500000000003,691.9300000000001,213.23333333333332,1.5,1,1,0.0816476473346881,181.73711769932115,8.0,3.0,4.005810185185185,0.0,2.0,106,1.0,0.0,0.0,0.0,0.0,1.0,0.0,0.0,0.0,0.0,0.0,0.0,0.0,0.0,0.0,0.0,2,5.0,5.0,5.0,1.0,1.0,1.888819305277221,0.43511905148441055
cef2883537239067f21cf38c1b2abb32,-23.157404732730136,-46.91626595238439,SP,2,39.9,51.65,103.3,39.9,1.0,2,2,0.2944862155388471,267.717267705825,1.5,5.0,6.509930555555556,0.0,2.0,169,1.0,0.0,0.0,0.0,0.449874686716792,0.0,0.0,0.0,0.0,0.0,0.0,0.0,0.0,0.0,0.0,0.550125313283208,2,120.0,120.0,120.0,0.0,0.0,0.9861565083637762,0.009857054839386514
cef29e793e232d30250331804cdb7000,-19.983701201016697,-44.00153216464833,MG,3,570.9066666666666,635.5600000000001,1906.68,428.18,1.3333333333333333,2,2,0.1132467653790462,260.38208439498635,1.0,5.0,8.751311728395061,0.0,2.021678966789668,227,0.0,1.0,0.0,0.0,0.0,0.9745434163202392,0.0254565836797608,0.0,0.0,0.0,0.0,0.0,0.0,0.0,0.0,0.0,3,157.5,157.5,315.0,0.5,0.5,0.06550878268868544,0.7846800029154598
cef42836ff25476d55c9a3e58f8da99d,-16.059236412504923,-47.98004785981976,GO,2,67.95,85.575,171.15,67.95,1.0,2,2,0.2593818984547461,825.986849267987,6.5,5.0,8.547881944444445,0.0,2.0,32,1.0,0.0,0.0,0.0,0.0,0.0,0.0,0.0,0.2788815305371596,0.0,0.0,0.0,0.0,0.0,0.0,0.7211184694628403,2,5.0,5.0,5.0,0.0,0.0,0.4654508091446185,0.5158594957578284
cef44ce121b124fdc3438472b1ac4e9a,-23.312555098328687,-51.1673124203088,PR,2,38.25,54.36,108.72,38.25,1.0,1,1,0.4211764705882352,473.30135109526674,1.0,5.0,11.537563657407407,0.0,2.0,205,1.0,0.0,0.0,0.0,0.0,0.0,0.0,0.0,0.0,0.0,0.0,0.0,0.0,1.0,0.0,0.0,2,32.0,32.0,32.0,1.0,1.0,1.0,0.0
cf26c0ed98d29abab5c9fe2643f88d19,-5.650552655953402,-48.1207008125323,TO,2,14.99,32.77,65.54,14.99,1.0,1,1,1.186124082721815,1445.7992155718605,1.0,5.0,17.929895833333333,0.0,1.355287569573284,521,0.0,0.4847421422032346,0.5152578577967654,0.0,0.0,0.0,0.0,0.0,0.0,1.0,0.0,0.0,0.0,0.0,0.0,0.0,2,18.0,18.0,18.0,1.0,1.0,1.0629524708844824,0.043155738857891285
cf32aeb4e8a323e6499a573ac5c90326,-23.609665897645357,-46.66088684105944,SP,2,94.7,112.285,224.57,63.13333333333333,1.5,2,2,0.1856916578669482,206.3911681433237,1.5,5.0,5.778194444444445,0.0,1.7310426540284358,384,1.0,0.0,0.0,0.0,0.0,0.0,0.0,0.0,0.261351636747624,0.0,0.7386483632523759,0.0,0.0,0.0,0.0,0.0,2,39.0,39.0,39.0,0.0,0.0,1.999065170940171,0.47111064078519505
cf56ccfd32ac8a510501a6fa69972c74,-22.761840290126045,-43.44135234299461,RJ,2,68.75,89.68,179.36,68.75,1.0,2,2,0.3044363636363636,691.7604179872517,1.0,5.0,7.789571759259259,0.0,2.0,15,0.0,1.0,0.0,0.0,0.0,0.6472727272727272,0.0,0.0,0.0,0.0,0.0,0.0,0.0,0.0,0.3527272727272727,0.0,2,17.0,17.0,17.0,0.0,0.0,0.5954456502401707,0.3585996477293062
cf7d5df4ee5ebe39ed41f0c5c1584b1c,-22.956840582772774,-43.1999976700109,RJ,2,84.5,99.85,199.7,84.5,1.0,1,2,0.1816568047337278,428.74313860690177,5.0,5.0,9.026597222222222,0.0,1.7147887323943662,401,1.0,0.0,0.0,0.0,0.0,0.0,1.0,0.0,0.0,0.0,0.0,0.0,0.0,0.0,0.0,0.0,2,25.0,25.0,25.0,1.0,0.0,1.8471628172226975,0.42079404044170915
cfa69922f9968e0e6271647abda09b09,-5.050955605856212,-42.77145195556501,PI,3,29.99,52.866666666666674,158.60000000000002,29.99,1.0,1,1,0.762809825497388,2037.0681416724144,1.0,4.666666666666667,15.431828703703705,0.0,3.0,31,0.0,0.6668348045397225,0.0,0.0,0.0,0.0,0.0,0.0,0.0,0.0,0.0,0.0,0.0,0.0,0.0,1.0,3,41.5,41.5,83.0,1.0,1.0,1.0015140045420137,0.0008736700164281666
cfb025f193db116549c9c23e4d58e3e3,-22.92068842561606,-47.05721286157362,SP,2,45.4,56.005,112.01,45.4,1.0,2,2,0.233590308370044,207.2371682988366,3.5,5.0,8.556886574074074,0.0,2.0,249,1.0,0.0,0.0,0.0,0.0,0.0,0.0,0.0,0.4504405286343612,0.0,0.0,0.0,0.5495594713656388,0.0,0.0,0.0,2,1.0,1.0,1.0,0.0,0.0,0.7686720353702826,0.18496766975061016
cfdaaa0caea59b06efb4b0fb8c700684,-22.293707285667487,-51.910281857240925,SP,2,84.9,98.745,197.49,84.9,1.0,2,2,0.1630742049469964,323.1090324199876,1.5,5.0,12.290902777777776,0.0,1.330601092896175,548,1.0,0.0,0.0,0.0,0.0,0.411660777385159,0.0,0.0,0.588339222614841,0.0,0.0,0.0,0.0,0.0,0.0,0.0,2,1.0,1.0,1.0,0.0,0.0,1.4148936170212765,0.24297061203766826
d0145502f422d4a9387f75186674f29a,-22.288145356178884,-46.61200126172022,MG,2,83.45,110.145,220.29,83.45,1.0,2,2,0.3198921509886159,471.8145041787104,4.5,4.0,14.067089120370367,0.0,1.9376657824933683,165,1.0,0.0,0.0,0.0,0.0,0.0,0.0,0.0,0.2810065907729179,0.0,0.0,0.0,0.0,0.0,0.0,0.7189934092270821,2,212.0,212.0,212.0,0.0,0.0,2.3984881209503244,0.5819531500709114
d0175fc564515a47e95bcfdf40e6bc07,-29.930775560244687,-51.02505030770532,RS,2,219.95,237.305,474.61,219.95,1.0,2,2,0.078904296431007,719.0758621997674,6.0,3.5,11.786886574074074,0.0,2.0,82,1.0,0.0,0.0,0.8160945669470334,0.0,0.0,0.0,0.0,0.0,0.0,0.0,0.0,0.0,0.0,0.0,0.1839054330529666,2,262.0,262.0,262.0,0.0,0.0,0.2590794535084229,0.8322110908644608
d02cbb85434c84acabb8e81bbf064d3e,-22.741070713194706,-46.89673892811871,SP,3,42.56666666666666,52.59,157.76999999999998,42.56666666666666,1.0,1,2,0.2354737666405638,113.83130459829074,1.0,5.0,6.578653549382715,0.0,3.0,150,0.0732078341890093,0.0,0.9267921658109908,0.0,0.0,0.0,0.0,0.0,0.0,0.0,0.0,0.0,0.0,0.0,0.0,1.0,3,100.5,100.5,201.0,1.0,0.5,0.8164016736401674,0.11798832560392378
d0401aa66d5c33ae752ece32f8474d3c,-22.912718874842284,-43.18854638490027,RJ,2,92.445,112.035,224.07,92.445,1.0,2,2,0.2119097841960084,498.8273301091457,4.5,4.5,12.000653935185184,0.0,2.0,117,1.0,0.0,0.0,0.0,0.0,0.8377954459408297,0.0,0.1622045540591703,0.0,0.0,0.0,0.0,0.0,0.0,0.0,0.0,2,205.0,205.0,205.0,0.0,0.0,0.2528375733855186,0.8434032147985749
d052fe86655dae0e952c1bacbbb99d7a,-23.39343735407113,-45.6605016267635,SP,2,84.945,102.045,204.09,84.945,1.0,2,2,0.2013067278827477,97.50336376332064,1.0,5.0,8.11050925925926,0.0,2.0,119,0.0,1.0,0.0,0.0,0.0,0.0,0.0,0.0,0.4114426982164931,0.0,0.0,0.0,0.588557301783507,0.0,0.0,0.0,2,122.0,122.0,122.0,0.0,0.0,1.4595083152566883,0.2642165864730565
d059a0ec4c911c7abb10602099670325,-23.623045698450948,-46.93762677683279,SP,2,113.025,138.41,276.82,56.5125,2.0,2,3,0.2245963282459633,224.6163180911148,1.5,3.0,7.072743055555556,0.0,1.2465870307167235,399,1.0,0.0,0.0,0.0,0.0,0.3817297058172971,0.0,0.0,0.6182702941827029,0.0,0.0,0.0,0.0,0.0,0.0,0.0,2,187.0,187.0,187.0,1.0,0.0,7.941214470284238,1.0978776625748796
d05fdf65460ea1bf8735cd5843c3d97d,-22.469488139526177,-44.4498726180055,RJ,2,140.5,163.08499999999998,326.17,140.5,1.0,2,2,0.1607473309608541,725.5674647901261,2.0,3.0,21.548240740740734,0.5,1.3477859778597785,174,0.6311126099886563,0.3688873900113438,0.0,0.0,0.0,0.0,0.6476868327402135,0.3523131672597864,0.0,0.0,0.0,0.0,0.0,0.0,0.0,0.0,2,369.0,369.0,369.0,0.0,0.0,1.7108543882978724,0.3708424624881836
d0813c57df04369487ff42ab24dd0ac7,-15.657433548348276,-47.79646538919318,DF,2,37.135,53.215,106.43,37.135,1.0,2,2,0.4330146761814999,877.4821045938511,5.0,1.0,23.456105324074077,0.5,1.466867469879518,285,1.0,0.0,0.0,0.0,0.0,0.0,0.0,0.0,0.0,0.0,0.0,0.0,0.0,0.3402450518378888,0.0,0.6597549481621112,2,213.0,213.0,213.0,0.0,0.0,0.6361260568793237,0.31452067106427845
d08c29302907086e8fe823369542f3ae,-23.00798346681564,-44.31714081043027,RJ,2,209.39,244.23,488.46,104.695,2.0,3,3,0.1663880796599646,301.1110017925868,5.5,2.5,7.681516203703703,0.0,1.7644927536231885,10,1.0,0.0,0.0,0.0,0.4536749605998376,0.0,0.0,0.0,0.0,0.0,0.4751659582597067,0.0,0.0,0.0,0.0,0.0711590811404556,2,404.0,404.0,404.0,0.0,0.0,0.15693983893889155,1.030535100911189
d0924cc48eeb9e613a31e365ba1db47d,-23.80165200153483,-45.40529431905006,SP,2,100.95,113.925,227.85,100.95,1.0,2,2,0.1285289747399702,359.54901743488387,1.0,4.0,8.611967592592592,0.0,1.726950354609929,216,0.0,1.0,0.0,0.0,0.2327885091629519,0.0,0.7672114908370481,0.0,0.0,0.0,0.0,0.0,0.0,0.0,0.0,0.0,2,207.0,207.0,207.0,0.0,0.0,0.34822485207100595,0.6836762075725101
d0b2f9c9f13d9048969517d02237b432,-22.9756621483002,-43.19238190739006,RJ,2,21.99,36.1,72.19999999999999,21.99,1.0,1,1,0.6416552978626648,342.74745018255845,2.0,4.5,7.986776620370371,0.0,1.2975133214920072,558,0.7439058171745152,0.0,0.2560941828254847,0.0,0.0,0.0,0.0,0.0,0.0,0.0,0.0,0.0,0.0,0.0,0.0,1.0,2,5.0,5.0,5.0,1.0,1.0,1.0,0.0
d0c62583f73531eba6338b2390e7a861,-21.990631498723253,-47.41637061876224,SP,2,102.4,120.04,240.08,102.4,1.0,2,2,0.172265625,213.59257482706903,7.0,5.0,14.455920138888889,0.0,2.0,103,1.0,0.0,0.0,0.0,0.0,0.0,0.0,0.0,0.0,0.0,0.0,0.0,0.0,0.0,0.0,1.0,2,258.0,258.0,258.0,0.0,0.0,0.6999221128655385,0.24964333044556716
d0f6a442ee95ea8674c2d8ba325f41c0,-29.942625455356414,-51.107653696172406,RS,2,374.5,385.365,770.73,374.5,1.0,1,2,0.0290120160213618,1025.7727882415454,3.5,5.0,15.182974537037037,0.0,2.0,126,1.0,0.0,0.0,0.0,1.0,0.0,0.0,0.0,0.0,0.0,0.0,0.0,0.0,0.0,0.0,0.0,2,28.0,28.0,28.0,1.0,0.0,0.3480663949766498,0.6839228018934305
d132b863416f85f2abb1a988ca05dd12,-23.672940652802428,-46.48962850368023,SP,3,400.91,425.50666666666666,1276.52,240.546,1.6666666666666667,2,3,0.0613520906604142,157.04660289537026,2.0,5.0,10.625038580246914,0.0,2.853515625,43,1.0,0.0,0.0,0.0,0.0,0.8096081414781372,0.0,0.0,0.0,0.1903918585218627,0.0,0.0,0.0,0.0,0.0,0.0,3,170.5,170.5,341.0,0.5,0.0,0.4823652706679028,0.3825441519648394
d16f2966cda34d01f661bfc50635edb2,-23.56185732804354,-46.641877138248525,SP,2,350.34000000000003,379.295,758.59,140.136,2.5,3,2,0.0826482845236056,16.851530795572568,7.0,4.5,6.450590277777778,0.0,2.0,65,1.0,0.0,0.0,0.0,0.0,0.0,0.0,0.0,0.2832962265228064,0.0,0.0,0.0,0.0,0.0,0.0,0.7167037734771936,2,184.0,184.0,184.0,0.0,0.0,0.056782246492902214,1.2622385961796907
d21fb1e8aee69c608f5c2fb5b6c28cad,-23.60604766081825,-46.63115700831141,SP,2,83.475,151.7,303.4,20.86875,4.0,1,2,0.8173105720275532,599.3436259663886,2.0,4.0,8.229288194444445,0.0,2.0,119,1.0,0.0,0.0,0.0,0.0,0.0,0.0,0.0,0.0,0.0,0.0,0.0,0.0,0.0,0.0,1.0,2,71.0,71.0,71.0,1.0,0.0,1.8092592592592593,0.40739045929930295
d24e1d0902dac57dd313bcf4f9c80160,-23.49350736222169,-46.57454591156251,SP,2,67.5,84.51,169.02,33.75,2.0,2,2,0.2519999999999999,94.57065536465628,3.0,5.0,4.82957175925926,0.0,1.8171641791044773,132,1.0,0.0,0.0,0.0,0.6444444444444445,0.3555555555555555,0.0,0.0,0.0,0.0,0.0,0.0,0.0,0.0,0.0,0.0,2,270.0,270.0,270.0,0.0,0.0,1.82406015037594,0.412667216283523
d2560fea402745a0f20f542f829c6109,-29.587263955679656,-51.36225427816535,RS,2,13.98,31.335,62.67,13.98,1.0,1,1,1.0801144492131616,826.0039876111698,2.0,5.0,14.470480324074074,0.0,1.6197339246119733,447,1.0,0.0,0.0,0.0,0.0,0.0,0.0,0.0,0.0,0.0,0.0,0.0,0.0,0.0,0.0,1.0,2,3.0,3.0,3.0,1.0,1.0,0.8657338493599284,0.10177282856714004
d26c616e241736e0c1c1ab14150239e7,-22.869184665256235,-43.10004877181156,RJ,3,171.96666666666667,193.26,579.78,171.96666666666667,1.0,2,2,0.1238224462105059,417.05773040955336,1.0,1.6666666666666667,41.79322916666666,1.0,3.0,110,0.0,0.6502293973576184,0.3497706026423816,0.0,0.0,0.6939329327389029,0.0,0.0,0.0,0.0,0.0,0.0,0.0,0.0,0.0,0.3060670672610971,2,76.0,76.0,76.0,1.0,1.0,0.5379187776864107,0.4249129024205616
d270eb25f6d487d94778d358b01c651f,-23.428849785201788,-46.51276058328166,SP,2,16.425,26.8,53.6,16.425,1.0,1,1,0.6316590563165906,65.11929610699173,1.5,5.0,4.026545138888888,0.0,1.6452702702702702,378,1.0,0.0,0.0,0.0,0.0,0.0,1.0,0.0,0.0,0.0,0.0,0.0,0.0,0.0,0.0,0.0,2,66.0,66.0,66.0,1.0,1.0,1.1753246753246753,0.11398139159424946
d27295915d486516b99c3aed8628e83b,-22.92978201310041,-43.24394297999688,RJ,2,442.95,472.285,944.57,442.95,1.0,1,2,0.0662264363923693,617.5041427880367,1.0,4.5,20.150358796296292,0.0,1.570967741935484,139,0.0,1.0,0.0,0.0,0.0,0.0,0.0,1.0,0.0,0.0,0.0,0.0,0.0,0.0,0.0,0.0,2,326.0,326.0,326.0,1.0,0.0,0.14190210229814187,1.0627300556952335
d2c30c00f9787faf7349ea558c153613,-11.411074224466844,-39.46263618260987,BA,2,144.89,182.12,364.24,144.89,1.0,1,2,0.2569535509697011,1666.9145723326735,2.5,5.0,24.81608796296296,0.5,2.0,77,1.0,0.0,0.0,0.0,0.0,0.0,1.0,0.0,0.0,0.0,0.0,0.0,0.0,0.0,0.0,0.0,2,39.0,39.0,39.0,1.0,0.0,0.6407946303887562,0.3096018819010285
d2ecc28fac1b377eefe7b209a895626a,-22.91181963855165,-43.37588553233871,RJ,2,532.0,591.73,1183.46,133.0,4.0,1,1,0.1122744360902255,349.56097684537247,7.5,5.0,16.17621527777778,0.0,2.0,272,1.0,0.0,0.0,0.0,0.0,0.0,0.0,1.0,0.0,0.0,0.0,0.0,0.0,0.0,0.0,0.0,2,10.0,10.0,10.0,1.0,1.0,0.6218445936686309,0.32974337147113714
d2f38262a9f66d15aa9fc2b60ea873d9,-23.513396180172364,-46.550260187267895,SP,2,74.94500000000001,85.235,170.47,74.94500000000001,1.0,2,2,0.1373006871705917,16.67302291672809,1.0,5.0,6.041388888888889,0.0,1.236040609137056,457,0.0,1.0,0.0,0.0,0.0,0.0,0.0,0.0,0.4002268330108746,0.5997731669891253,0.0,0.0,0.0,0.0,0.0,0.0,2,134.0,134.0,134.0,0.0,0.0,0.6854854656911212,0.2638947229371042
d3359a56d96666ac0c21bb01e7a61c95,-23.5511456371504,-46.60434936033783,SP,4,89.22999999999999,107.095,428.38,50.98857142857143,1.75,3,3,0.200212932870111,209.09803729580855,6.75,4.75,6.6895543981481485,0.0,3.9064171122994655,165,1.0,0.0,0.0,0.2577608427658859,0.0,0.0,0.4061414322537263,0.0,0.0,0.0,0.0,0.0,0.0,0.0,0.0,0.3360977249803877,3,104.5,104.5,209.0,0.5,0.5,1.0330258055889825,0.11360587652969387
d366cfc097d250c153a712cebfc7d94a,-27.67809611974323,-48.68795206057967,SC,2,178.4,209.465,418.93,89.2,2.0,3,3,0.1741311659192825,386.09579836316857,10.0,1.0,21.167002314814816,0.0,2.0,210,1.0,0.0,0.0,0.3195067264573991,0.0,0.0,0.0,0.0,0.0,0.0,0.0,0.0,0.0,0.4201233183856503,0.0,0.2603699551569507,2,29.0,29.0,29.0,0.0,0.0,1.489925705794948,0.2782651611162109
d375c3a3a6bff030c08c6d4109b3f226,-23.606402872017902,-46.51676601943245,SP,2,67.45,83.42,166.84,67.45,1.0,2,2,0.2367679762787249,476.8751784645364,4.0,5.0,12.229774305555557,0.0,1.7644927536231885,295,1.0,0.0,0.0,0.0,0.0,0.0,0.0,0.7783543365455893,0.0,0.2216456634544106,0.0,0.0,0.0,0.0,0.0,0.0,2,119.0,119.0,119.0,0.0,0.0,0.3075235109717869,0.7489805224843363
d37b5d5b492f667ea230e377a97fe859,-15.79950134488491,-48.13558448555976,DF,2,72.7,90.46,180.92,72.7,1.0,2,2,0.2442916093535075,619.3425668173836,1.0,5.0,17.554050925925928,0.0,2.0,216,0.0,0.4287530400176874,0.5712469599823127,0.0,0.0,0.5880330123796423,0.0,0.0,0.0,0.0,0.0,0.0,0.4119669876203576,0.0,0.0,0.0,2,86.0,86.0,86.0,0.0,0.0,1.3323449787288901,0.2015168341696794
d3857f98166ef23ca95d44cbe9b1828c,-16.659970038557166,-49.26166240847048,GO,2,269.45,310.66,621.32,269.45,1.0,2,2,0.1529411764705882,1324.2353249942307,4.5,5.0,14.41523148148148,0.0,2.0,118,0.9195261700894868,0.0,0.080473829910513,0.0,0.0,0.0,0.0,0.0,0.9259602894785676,0.0,0.0,0.0,0.0,0.0,0.0,0.0740397105214325,2,44.0,44.0,44.0,0.0,0.0,10.270088880827137,1.1632459653421652
d387ea85dc301a91740e31360d355686,-22.003690956319296,-46.81785633249739,SP,3,405.6333333333334,430.29333333333335,1290.88,304.225,1.3333333333333333,2,2,0.060793820363218,515.9997255035812,2.6666666666666665,5.0,17.155690586419755,0.3333333333333333,3.0,97,1.0,0.0,0.0,0.0,0.9836469718136248,0.0,0.0,0.0163530281863752,0.0,0.0,0.0,0.0,0.0,0.0,0.0,0.0,3,62.5,62.5,125.0,0.5,0.5,0.04576991405387238,0.9239777352341878
d393419796111dfaf317ca354f6c30e6,-26.500976872894807,-49.08548501728742,SC,2,38.25,48.19,96.38,38.25,1.0,1,1,0.2598692810457516,62.438575779673776,1.5,5.0,3.09125,0.0,2.0,265,1.0,0.0,0.0,0.0,0.0,0.0,0.0,0.0,0.0,0.0,0.0,0.0,0.0,1.0,0.0,0.0,2,9.0,9.0,9.0,1.0,1.0,1.0,0.0
d3e6520dde5fda9917fb56ffc3066d66,-28.25008429925101,-52.42701134605617,RS,2,168.45,221.385,442.77,168.45,1.0,2,2,0.3142475512021371,736.2331974200905,3.5,5.0,17.511811342592594,0.0,2.0,162,1.0,0.0,0.0,0.0,0.0,0.0,0.0,0.0,0.0,0.4096170970614426,0.0,0.0,0.0,0.0,0.0,0.5903829029385574,2,53.0,53.0,53.0,0.0,0.0,1.5141672818125036,0.2892179643446569
d3f15df5924e63131bcdac6364b6a6fd,-23.67092454125697,-46.617914747209575,SP,2,86.69999999999999,121.92,243.84,28.899999999999995,3.0,1,1,0.4062283737024222,191.3254802910364,1.0,3.0,5.591608796296296,0.0,1.357806691449814,514,0.0,0.5,0.5,0.0,0.0,0.0,1.0,0.0,0.0,0.0,0.0,0.0,0.0,0.0,0.0,0.0,2,24.0,24.0,24.0,1.0,1.0,1.0,0.0
d42abb03c8796ea293a48772c24843c1,-20.716373805979742,-48.53553007846859,SP,2,90.65,105.27,210.54,90.65,1.0,2,2,0.1612796469939326,119.68155141433712,3.5,5.0,10.167523148148147,0.0,1.7860635696821514,204,1.0,0.0,0.0,0.0,0.0,0.4489795918367347,0.0,0.0,0.5510204081632653,0.0,0.0,0.0,0.0,0.0,0.0,0.0,2,205.0,205.0,205.0,0.0,0.0,0.8114084143508561,0.14723834562182123
d42d80a0e58167c0dbb59315c93788bc,-14.053955395027408,-52.16616645305988,MT,2,72.95,113.12,226.24,48.63333333333333,1.5,2,2,0.5506511309115832,1045.8359388869806,5.5,3.0,18.088871527777776,0.0,2.0,75,1.0,0.0,0.0,0.0,0.0,0.0,0.0,0.0,0.3420150788211103,0.0,0.0,0.0,0.0,0.0,0.0,0.6579849211788896,2,266.0,266.0,266.0,0.0,0.0,2.3358891182542023,0.5663355231214746
d43c6aa82fc6dc2c43d6813a4822081f,-23.609380378430863,-46.87629947661672,SP,2,39.725,52.61,105.22,39.725,1.0,2,2,0.324354940213971,153.55231943701688,1.0,4.5,5.05615162037037,0.0,2.0,231,1.0,0.0,0.0,0.0,0.0,0.6286972938955318,0.0,0.0,0.0,0.0,0.3713027061044682,0.0,0.0,0.0,0.0,0.0,2,10.0,10.0,10.0,0.0,0.0,0.6797573435504469,0.2696172216423141
d44ccec15f5f86d14d6a2cfa67da1975,-4.5674995004697205,-37.76354567524662,CE,3,96.93333333333334,117.45,352.35,96.93333333333334,1.0,3,3,0.2116574965612104,1043.456155465131,3.333333333333333,5.0,14.629706790123455,0.0,2.3820652173913044,296,0.9926209734638852,0.0,0.0073790265361146,0.0,0.0,0.0,0.1127922971114167,0.0,0.0,0.0,0.6843191196698761,0.0,0.0,0.202888583218707,0.0,0.0,3,82.0,82.0,164.0,0.0,0.0,1.8722814498933904,0.7590087537612602
d44f553a3663a6323c901cf1f0a47c87,-23.500100044744485,-46.43448261679782,SP,2,89.95,109.965,219.93,59.96666666666667,1.5,2,2,0.2225125069483046,18.37173183266074,3.5,4.5,4.221435185185185,0.0,2.0,6,0.4734233619788114,0.0,0.0,0.0,0.0,0.0,0.0,0.0,0.0,0.405780989438577,0.0,0.0,0.0,0.594219010561423,0.0,0.0,2,48.0,48.0,48.0,0.0,0.0,1.112274298885901,0.07517008386369062
d4a5e9f19897de65433c9d97bf4b9f8e,-23.586612512118577,-46.63223665178246,SP,3,180.33,212.3033333333333,636.91,108.198,1.6666666666666667,3,4,0.1772860866189763,205.0674528903304,1.6666666666666667,5.0,5.134297839506172,0.0,3.0,47,1.0,0.0,0.0,0.0,0.0,0.280947891827945,0.0,0.0,0.2939056174790661,0.0,0.0,0.0,0.0,0.0,0.0,0.4251464906929887,3,38.0,38.0,76.0,0.0,0.0,0.7715260997967245,0.20691215128463347
d4e5ada242c876e58b2dbbcfaa80d977,-23.781058805424227,-46.71707145815247,SP,2,84.99000000000001,99.935,199.87,84.99000000000001,1.0,2,2,0.1758442169667019,361.41245691321024,5.5,5.0,10.635966435185184,0.0,2.0,148,1.0,0.0,0.0,0.0,0.0,0.0,0.2352629721143664,0.0,0.0,0.0,0.0,0.0,0.0,0.0,0.0,0.7647370278856336,2,207.0,207.0,207.0,0.0,0.0,2.695137733407284,0.6487679068093716
d5419994a02a55d4b7cd00e77fabdbae,-23.365043470668,-47.67726978931142,SP,2,570.415,614.715,1229.43,570.415,1.0,2,2,0.0776627543104581,160.36375225882432,7.0,4.0,11.52519675925926,0.0,2.0,270,1.0,0.0,0.0,0.0,0.1672729503957645,0.0,0.0,0.0,0.0,0.0,0.8327270496042356,0.0,0.0,0.0,0.0,0.0,2,33.0,33.0,33.0,0.0,0.0,5.03638238326705,0.9456502830509242
d567f29ec5fa447c99e949f337f3a35c,-19.8699978513841,-44.59305917629273,MG,2,66.445,82.17,164.34,66.445,1.0,1,2,0.2366619008202273,386.7557690053221,1.0,5.0,11.47730324074074,0.0,1.948,261,0.0,1.0,0.0,0.0,0.0,0.0,0.0,0.0,0.0,0.0,0.0,0.0,0.0,0.0,0.0,1.0,2,114.0,114.0,114.0,1.0,0.0,1.6085714285714285,0.329931532076089
d58760239457cc420d92744d97087921,-22.91376423540487,-42.84223165979399,RJ,2,106.34,138.995,277.99,70.89333333333333,1.5,2,2,0.3070810607485424,392.5539976043465,4.5,3.0,6.452841435185185,0.0,2.0,61,1.0,0.0,0.0,0.0,0.0,0.0,0.929941696445364,0.0,0.0,0.0,0.0,0.0,0.0,0.0,0.0,0.070058303554636,2,99.0,99.0,99.0,0.0,0.0,8.226352472618654,1.1076539405571926
d5b4fce33a7ef8e6025bff334e6bbf1d,-22.407485158693497,-43.667737631511045,RJ,2,90.95,114.11,228.22,90.95,1.0,2,2,0.2546454095656954,516.0778344530428,5.5,5.0,8.600052083333333,0.0,2.0,96,0.5772938392778898,0.0,0.4227061607221102,0.0,0.0,0.0,0.6157229246838922,0.0,0.3842770753161078,0.0,0.0,0.0,0.0,0.0,0.0,0.0,2,39.0,39.0,39.0,0.0,0.0,0.7322201138519924,0.21861999158935586
d5f79f616536f08c3946ee6ac810a43a,-23.201400752228217,-45.9063710738638,SP,2,67.11500000000001,84.06,168.12,67.11500000000001,1.0,2,2,0.2524770915592639,408.7301604811372,4.0,5.0,9.049351851851853,0.0,1.478744939271255,334,1.0,0.0,0.0,0.0,0.0,0.0,0.0,0.0,0.0,0.0,0.4792520300975936,0.0,0.0,0.0,0.5207479699024062,0.0,2,160.0,160.0,160.0,0.0,0.0,1.0889662027833003,0.06022941414817604
d60483078c0c81748581f80d355bbcba,-23.429851309275467,-46.49793467210024,SP,2,236.95,245.67,491.34,236.95,1.0,1,2,0.0368010128719139,60.76451755686267,2.0,4.0,3.877563657407407,0.0,2.0,55,1.0,0.0,0.0,0.0,1.0,0.0,0.0,0.0,0.0,0.0,0.0,0.0,0.0,0.0,0.0,0.0,2,96.0,96.0,96.0,1.0,0.0,0.707108609547634,0.2426389125820244
d64023c35e5c1452ce568e993ac12c86,-23.502288004463825,-46.45232284379858,SP,3,73.33333333333333,93.54666666666668,280.64,73.33333333333333,1.0,2,2,0.2756363636363636,338.5249523004582,1.3333333333333333,4.333333333333333,7.884089506172839,0.0,3.0,76,1.0,0.0,0.0,0.0,0.0,0.0,0.1,0.0,0.0,0.0,0.9,0.0,0.0,0.0,0.0,0.0,3,59.0,59.0,118.0,0.5,0.5,0.28530448323907875,0.5438515045380199
d65921a138c59000aff343f8c991b896,-15.76954115828401,-51.10262093953786,GO,2,119.945,171.78500000000005,343.57000000000005,119.945,1.0,2,2,0.4321980907916128,1375.8861957719723,1.5,4.0,24.443055555555556,0.0,2.0,96,0.5910876968303402,0.4089123031696597,0.0,0.0,0.0,0.0,0.0,0.6248697319604819,0.0,0.0,0.0,0.0,0.3751302680395181,0.0,0.0,0.0,2,165.0,165.0,165.0,0.0,0.0,1.4455121360950958,0.25763491244559195
d66f438b3fcdcf22e7224aaeaf525443,-23.58179645135091,-46.581319173673805,SP,2,73.5,85.17,170.34,49.0,1.5,1,1,0.1587755102040816,19.496799832829947,1.5,4.5,3.542060185185185,0.0,1.9796747967479675,282,1.0,0.0,0.0,0.0,1.0,0.0,0.0,0.0,0.0,0.0,0.0,0.0,0.0,0.0,0.0,0.0,2,87.0,87.0,87.0,1.0,1.0,0.37860148915506636,0.6374504950041461
d6903bc66ac9ae94d0bec00ea5c39568,-22.40877700303038,-47.56372736808629,SP,2,124.45,135.67000000000002,271.34000000000003,124.45,1.0,2,2,0.0901566894335074,155.72000242264076,2.5,4.0,5.36708912037037,0.0,1.7860635696821514,103,1.0,0.0,0.0,0.0,0.0,0.0,0.0,0.0,0.0,0.0,0.0,0.0,0.0,0.0,0.4817195660907995,0.5182804339092004,2,306.0,306.0,306.0,0.0,0.0,1.0389239555154792,0.026997959213874108
d6caf670c8bf91aed723f242cafb71c8,-20.85508631940301,-41.1085210323489,ES,2,73.35,93.71,187.42,36.675,2.0,2,3,0.2775732788002726,976.269204107322,5.0,3.0,9.950439814814814,0.0,1.7560096153846152,121,1.0,0.0,0.0,0.0,0.0,0.0,0.0,0.0,0.0,0.0,0.0,0.0,0.7348329925017042,0.0,0.0,0.2651670074982958,2,295.0,295.0,295.0,0.0,0.0,1.3539311730720924,0.21263759570842922
d6db3091e8c13023bf1e6d367b8c0847,-27.217643494121628,-50.9763341535747,SC,2,47.25,65.14,130.28,47.25,1.0,2,2,0.3786243386243386,609.271770213863,4.5,5.0,11.364444444444445,0.0,1.6090308370044053,45,0.7067853853239177,0.0,0.2932146146760823,0.0,0.0,0.7248677248677249,0.0,0.0,0.0,0.0,0.0,0.0,0.0,0.0,0.0,0.2751322751322751,2,409.0,409.0,409.0,0.0,0.0,2.093801947280931,0.4999898425153881
d75a854dd5534f42bfac3299ac2d0b33,-5.611812459132888,-47.65558880708683,TO,2,157.45,238.135,476.27,78.725,2.0,2,2,0.5124483963162909,1946.5569462246,10.0,3.0,23.24193287037037,0.5,1.5314465408805031,173,1.0,0.0,0.0,0.0,0.0,0.4760241346459194,0.0,0.0,0.5239758653540807,0.0,0.0,0.0,0.0,0.0,0.0,0.0,2,304.0,304.0,304.0,0.0,0.0,0.8073391013964785,0.15075403145627903
d75acd4c5b7b4dfd32b9d9172b195419,-23.49454438078345,-46.60680141406355,SP,3,86.26666666666667,103.43666666666668,310.31,51.760000000000005,1.6666666666666667,4,5,0.1990340030911901,83.40426175041067,8.333333333333334,4.666666666666667,5.324567901234568,0.0,3.0,90,1.0,0.0,0.0,0.0,0.0,0.0,0.0,0.1773570324574961,0.0,0.2782071097372488,0.0,0.0,0.0,0.0,0.0,0.544435857805255,3,34.5,34.5,69.0,0.0,0.0,0.6746822172716551,0.47325257008140365
d7a86208b8dd2e697ddf825c386a0402,-23.216957492424097,-45.9076769413174,SP,2,125.895,139.9,279.8,125.895,1.0,2,2,0.1112434965645974,683.2122182845793,1.0,5.0,12.88829861111111,0.0,2.0,259,1.0,0.0,0.0,0.0,0.0,0.0,0.0,0.2851582668096429,0.0,0.0,0.0,0.0,0.0,0.714841733190357,0.0,0.0,2,93.0,93.0,93.0,0.0,0.0,0.451621271076524,0.5342472249565267
d7a9f47a1c943e087a775dc2f9d43eb3,-23.627621004262824,-46.77844003211785,SP,2,54.99,63.405,126.81,54.99,1.0,2,2,0.1530278232405892,21.07382780234008,3.0,5.0,2.626730324074074,0.0,2.0,138,1.0,0.0,0.0,0.0,0.0,0.0,0.0,0.0,0.0,0.0,0.0,0.0,0.0,0.8182396799418077,0.0,0.1817603200581924,2,78.0,78.0,78.0,0.0,0.0,0.27536960675852357,0.8035177601843823
d7b4f3c9c89ba771ef099693c61d7085,-19.638052954515956,-43.89926225888461,MG,2,38.95,55.315,110.63,38.95,1.0,2,2,0.4201540436456995,520.5103809088746,1.0,4.0,13.447719907407407,0.0,1.2975133214920072,263,0.6104130886739583,0.3895869113260418,0.0,0.0,0.0,0.0,0.6277278562259306,0.0,0.0,0.0,0.0,0.0,0.0,0.0,0.0,0.3722721437740693,2,300.0,300.0,300.0,0.0,0.0,0.6382348585813713,0.3122953749324298
d7bf7cfe09c3d0f40e1cabde2dc17fd4,-23.510325277306556,-47.47811880370714,SP,2,162.79500000000002,179.245,358.49,162.79500000000002,1.0,2,2,0.1010473294634356,246.38442131450483,4.5,4.5,4.362633101851852,0.0,2.0,66,1.0,0.0,0.0,0.9324610706717036,0.0,0.0,0.0,0.0,0.0,0.0,0.0,0.0,0.0,0.0,0.0,0.0675389293282963,2,184.0,184.0,184.0,0.0,0.0,11.041988579106484,1.1793331598411023
d7c6335139cb055ed0ce1125ddc788d8,-23.59185712676859,-46.61374152569297,SP,2,168.41,189.48,378.96,112.27333333333333,1.5,2,2,0.1251113354313877,471.4137147397757,2.0,5.0,10.58457175925926,0.0,1.687066974595843,278,1.0,0.0,0.0,0.0,0.0,0.0,0.0,0.8070185855946796,0.1929814144053203,0.0,0.0,0.0,0.0,0.0,0.0,0.0,2,155.0,155.0,155.0,0.0,0.0,3.7848484848484847,0.8230919973533087
d7e0432688bbd72d3567568903f6117c,-22.97358985452769,-45.54834506571985,SP,2,89.15,109.965,219.93,59.43333333333334,1.5,1,3,0.2334828939988782,283.4411172526438,1.5,3.0,7.620833333333334,0.0,2.0,214,0.4022643568408129,0.0,0.597735643159187,0.0,0.0,1.0,0.0,0.0,0.0,0.0,0.0,0.0,0.0,0.0,0.0,0.0,2,18.0,18.0,18.0,1.0,0.0,1.1323443862710878,0.08777345121808192
d821b0981be9795c42ff1b2dece149cb,-23.51202153461433,-46.58436042412897,SP,2,99.945,113.3,226.6,99.945,1.0,2,2,0.1336234929211066,156.5927930807326,6.5,5.0,14.936105324074074,0.0,2.0,252,1.0,0.0,0.0,0.0,0.0,0.9004452448846866,0.0,0.0,0.0995547551153134,0.0,0.0,0.0,0.0,0.0,0.0,0.0,2,1.0,1.0,1.0,0.0,0.0,0.16294585578650245,1.0179092322288252
d83257348027bd8c59a228cc034de5e3,-20.322781768756787,-48.31680643764396,SP,2,84.94500000000001,98.865,197.73,84.94500000000001,1.0,2,2,0.1638707398905173,264.045163106174,4.5,5.0,6.810028935185185,0.0,1.7730582524271843,83,1.0,0.0,0.0,0.0,0.0,0.3236800282535758,0.0,0.0,0.0,0.0,0.0,0.0,0.0,0.0,0.0,0.6763199717464241,2,329.0,329.0,329.0,0.0,0.0,0.5442830365510778,0.4173335425300667
d8a89dc47bde7dc0b83a3434cc017ee1,-6.480152638243342,-35.43253085148646,RN,2,217.49,252.25,504.5,217.49,1.0,1,1,0.1598234401581681,2238.919837504594,10.0,5.0,11.860694444444444,0.0,1.3477859778597785,300,1.0,0.0,0.0,0.0,0.0,0.0,0.0,0.0,0.0,0.0,1.0,0.0,0.0,0.0,0.0,0.0,2,241.0,241.0,241.0,1.0,1.0,1.0142936995927492,0.010035450056086536
d8ad2c0c09bb419ee20bbbda66ed6d9c,-23.363578312468174,-46.859120318159874,SP,2,52.45,62.01,124.02,52.45,1.0,2,2,0.1822688274547187,34.36934279109339,1.5,4.0,5.292135416666667,0.0,1.5346638655462184,170,0.658200290275762,0.341799709724238,0.0,0.0,0.0,0.0,0.0,0.0,0.0,0.0,0.0,0.0,0.0,0.0,0.0,1.0,2,306.0,306.0,306.0,0.0,0.0,0.5192943770672547,0.4474579921586861
d8ca95d946a44bf4af460bc5eea8c00f,-23.56537704055728,-46.760016924977606,SP,2,97.6,116.955,233.91000000000005,65.06666666666666,1.5,1,1,0.1983094262295082,347.9264982579848,2.0,5.0,6.105752314814815,0.0,2.0,109,1.0,0.0,0.0,1.0,0.0,0.0,0.0,0.0,0.0,0.0,0.0,0.0,0.0,0.0,0.0,0.0,2,51.0,51.0,51.0,1.0,1.0,0.3480290456431535,0.6839809341681341
d8dc373219d0f95053c8d65df85a7f1c,-21.772214519153177,-48.18072354451076,SP,2,128.895,159.945,319.89,64.4475,2.0,2,2,0.2409325419915435,312.93363525003895,6.5,5.0,6.818726851851851,0.0,2.0,25,1.0,0.0,0.0,0.228480546181,0.0,0.0,0.0,0.0,0.0,0.0,0.0,0.0,0.0,0.0,0.0,0.771519453819,2,56.0,56.0,56.0,0.0,0.0,0.3192428241504454,0.7297640837191747
d8e4bf349af9df104faeef494ad2c6de,-23.99530054012352,-46.259498153733134,SP,2,59.945,77.245,154.49,59.945,1.0,2,2,0.2885978813912753,330.7865501714702,1.0,5.0,6.543483796296296,0.0,2.0,334,0.0,1.0,0.0,0.0,0.0,0.0,0.5003753440653933,0.0,0.0,0.0,0.0,0.0,0.0,0.0,0.0,0.4996246559346067,2,29.0,29.0,29.0,0.0,0.0,0.8141146077970879,0.14490906008392834
d8f3c4f441a9b59a29f977df16724f38,-23.71490890647304,-46.55426130827551,SP,2,56.35,79.255,158.51,28.175,2.0,2,2,0.4064773735581189,317.3741831870516,1.0,4.5,7.053755787037037,0.0,1.2339527027027026,9,0.0,0.3213046495489243,0.6786953504510757,0.3371783496007098,0.0,0.0,0.0,0.0,0.6628216503992901,0.0,0.0,0.0,0.0,0.0,0.0,0.0,2,583.0,583.0,583.0,0.0,0.0,0.4734151329243354,0.5054267762818487
d8f979fcfc0ce686f6abf5af5f5217d4,-5.213575095251643,-37.33587231056259,RN,2,142.9,186.31,372.62,142.9,1.0,1,2,0.3037788663400979,2277.3700593597687,5.0,5.0,14.23488425925926,0.0,1.525052192066806,318,1.0,0.0,0.0,1.0,0.0,0.0,0.0,0.0,0.0,0.0,0.0,0.0,0.0,0.0,0.0,0.0,2,160.0,160.0,160.0,1.0,0.0,1.0670105952182836,0.045847511763906834
d970a2354b55cfb67fa5840b9b4936ed,-25.5829327759417,-49.313297981537154,PR,2,107.5,130.34,260.68,107.5,1.0,2,2,0.2124651162790697,614.0505017293018,1.0,4.0,19.751516203703705,0.0,2.0,35,0.4943609022556391,0.5056390977443609,0.0,0.0,0.0,0.0,0.0,0.0,0.0,0.0,0.0,0.0,0.0,0.0,0.0,1.0,2,146.0,146.0,146.0,0.0,0.0,0.9776951672862454,0.01594977701924542
d9ad5b8ce105bd3baced4648987fbbfc,-23.534909443887468,-46.60956018616707,SP,2,164.95,177.365,354.73,164.95,1.0,2,2,0.075265231888451,216.14693587524349,1.0,5.0,10.53960648148148,0.0,2.0,104,0.0,1.0,0.0,0.0,0.0,0.0,0.90906335253107,0.0,0.0,0.0,0.0,0.0,0.0,0.0,0.0,0.0909366474689299,2,49.0,49.0,49.0,0.0,0.0,0.14322085790711914,1.0598727921430027
d9e6c750121d4d84ba6f2cdc6cc80008,-23.365043470668,-47.67726978931142,SP,2,49.495,77.965,155.93,49.495,1.0,2,2,0.5752096171330439,218.85864466033337,1.5,4.0,14.157627314814814,0.0,2.0,251,1.0,0.0,0.0,0.0,0.0,0.0,0.0,0.0,0.0,0.0,0.0,0.0,0.9090817254268108,0.0,0.0,0.0909182745731892,2,31.0,31.0,31.0,0.0,0.0,6.478657074340528,1.0360136935155433
d9e97e176fab9b275f9665eef6151a7b,-19.930993408518585,-43.93580226744408,MG,2,68.27499999999999,88.31,176.62,68.27499999999999,1.0,2,2,0.2934456243134383,1145.2204425072543,1.0,5.0,21.531215277777772,0.5,2.0,119,1.0,0.0,0.0,0.878725741486635,0.0,0.0,0.0,0.0,0.0,0.0,0.0,0.0,0.0,0.0,0.0,0.121274258513365,2,145.0,145.0,145.0,0.0,0.0,4.578648136449779,0.9072041479836468
da1e7179b9c5a1494d78528cbcf05aa0,-27.11422899332861,-52.60143236483243,SC,2,699.95,733.935,1467.87,699.95,1.0,2,2,0.0485534681048646,1449.798381445446,4.0,3.0,13.788883101851852,0.0,1.5509554140127388,297,0.0518302029471274,0.9481697970528724,0.0,0.0,0.0,0.0,0.0,0.0,0.0427887706264733,0.0,0.0,0.0,0.0,0.0,0.0,0.9572112293735268,2,174.0,174.0,174.0,0.0,0.0,18.293769716088327,1.2676156104763399
da29b8a3970adddb9ed2dc8a492065af,-20.308479226547064,-40.34675490597854,ES,2,57.45,72.71000000000001,145.42000000000002,57.45,1.0,1,2,0.2656222802436901,837.1698494903626,3.0,4.5,18.677019675925926,0.5,1.664009111617312,349,1.0,0.0,0.0,1.0,0.0,0.0,0.0,0.0,0.0,0.0,0.0,0.0,0.0,0.0,0.0,0.0,2,90.0,90.0,90.0,1.0,0.0,0.3169715631226227,0.7334616068916161
da2b78576894a7f95d45bfd20250cc54,-23.657118435803294,-46.61272993069965,SP,3,124.71666666666664,136.23333333333332,408.7,124.71666666666664,1.0,3,3,0.0923426433248697,147.4423039569201,6.666666666666667,3.6666666666666665,6.550297067901234,0.0,1.94281914893617,272,1.0,0.0,0.0,0.0,0.7748229319791528,0.0,0.0,0.0,0.1185353467860483,0.0,0.0,0.0,0.1066417212347988,0.0,0.0,0.0,3,146.0,146.0,292.0,0.0,0.0,5.900904443570586,1.0421198195915735
da5bbfd583efb762f6fda762f1aaf4a9,-23.33163238178456,-51.17635361032298,PR,2,52.25,66.86,133.72,52.25,1.0,2,2,0.2796172248803827,543.3654523833417,4.5,2.5,39.71599537037037,0.5,1.236040609137056,495,0.670804666467245,0.329195333532755,0.0,0.0,0.0,0.0,0.0,0.7177033492822966,0.0,0.0,0.0,0.0,0.0,0.0,0.0,0.2822966507177033,2,96.0,96.0,96.0,0.0,0.0,2.0377101317582915,0.4831085516691817
da8198ea45b815ac5588df1dc7f66661,-22.921740101814866,-46.540085714934,SP,2,74.99,87.22,174.44,74.99,1.0,1,1,0.1630884117882384,87.61750037452472,1.0,5.0,4.258246527777778,0.0,2.0,199,0.0,1.0,0.0,0.0,0.0,0.0,1.0,0.0,0.0,0.0,0.0,0.0,0.0,0.0,0.0,0.0,2,3.0,3.0,3.0,1.0,1.0,1.0,0.0
da8ac849037c7201a41a4db0b1fa963e,-23.52862905636651,-46.48463863707254,SP,2,350.0,363.975,727.95,350.0,1.0,1,1,0.0399285714285714,418.8992175051205,10.0,5.0,9.25461226851852,0.0,1.3940839694656488,98,1.0,0.0,0.0,0.0,0.0,0.0,0.0,0.0,0.0,0.0,0.0,0.0,0.0,0.0,0.0,1.0,2,425.0,425.0,425.0,1.0,1.0,1.0050404891753428,0.003555204092510119
da8f764b90a3b800f31d093c22cd3074,-23.21186152067523,-46.76228778069986,SP,2,117.445,145.55,291.1,117.445,1.0,2,2,0.239303503767721,69.6592859075084,3.5,4.5,10.27667824074074,0.0,2.0,240,0.73555479216764,0.0,0.26444520783236,0.3618289412065222,0.0,0.0,0.0,0.0,0.0,0.0,0.0,0.0,0.0,0.0,0.0,0.6381710587934779,2,40.0,40.0,40.0,0.0,0.0,1.9728349673202614,0.46278936431350404
da938ecdfde4d90f6c247bfa5233c66a,-21.950693746413013,-48.00206978588494,SP,2,99.46,117.535,235.07,66.30666666666666,1.5,1,1,0.1817313492861451,179.67452827560805,5.5,5.0,9.09478587962963,0.0,1.6564625850340138,415,1.0,0.0,0.0,0.0,0.0,0.0,1.0,0.0,0.0,0.0,0.0,0.0,0.0,0.0,0.0,0.0,2,26.0,26.0,26.0,1.0,1.0,1.228574137277209,0.14504908745826914
dad9e634284872d012677965e512b57d,-21.208310512673343,-50.440240195666846,SP,2,129.45,143.73,287.46,129.45,1.0,2,2,0.1103128621089223,359.6963668687041,3.5,3.0,7.972280092592593,0.0,2.0,82,1.0,0.0,0.0,0.7300115874855158,0.0,0.0,0.0,0.0,0.0,0.0,0.0,0.0,0.0,0.0,0.0,0.2699884125144844,2,90.0,90.0,90.0,0.0,0.0,2.4026988636363633,0.5829830485674938
db03954a9a1cc5e71f6e0f73e81a628c,-20.934874378396803,-54.96285315170477,MS,3,161.0,191.98,575.94,161.0,1.0,1,3,0.1924223602484472,892.9882105533881,5.0,4.666666666666667,12.63153935185185,0.0,3.0,332,1.0,0.0,0.0,0.0,0.0,0.0,1.0,0.0,0.0,0.0,0.0,0.0,0.0,0.0,0.0,0.0,3,9.0,9.0,18.0,1.0,0.0,0.6425150186718622,0.2476347111936071
db07fd2ad9869f8356b1fbeefdac31e8,-23.287990761494843,-45.96229863790623,SP,3,74.96666666666667,87.93333333333334,263.8,44.98,1.6666666666666667,1,2,0.1729657625611382,101.16082956408376,1.0,4.666666666666667,3.2747029320987657,0.0,3.0,163,1.0,0.0,0.0,0.0,1.0,0.0,0.0,0.0,0.0,0.0,0.0,0.0,0.0,0.0,0.0,0.0,3,48.0,48.0,96.0,1.0,0.5,2.1664329125759703,0.4887457913598428
db094faaa9628ba9f5e5da127407f139,-18.32583391535751,-53.71004660840088,MS,2,45.35,84.865,169.73,45.35,1.0,2,2,0.8713340683572216,724.8909164226975,3.5,5.0,7.687609953703704,0.0,2.0,68,1.0,0.0,0.0,0.0,0.0,0.2183020948180815,0.0,0.0,0.0,0.0,0.7816979051819184,0.0,0.0,0.0,0.0,0.0,2,1.0,1.0,1.0,0.0,0.0,0.28886020198952084,0.7803046021106483
db539c729198334582efc7b53c803c79,-22.834410685901656,-43.2768594171534,RJ,2,34.445,50.045,100.09,34.445,1.0,2,2,0.4528959210335317,286.50637138194963,1.5,5.0,8.537725694444443,0.0,1.4102316602316602,517,0.669297632131082,0.330702367868918,0.0,0.0,0.0,0.7243431557555523,0.0,0.0,0.0,0.0,0.0,0.0,0.0,0.0,0.0,0.2756568442444476,2,1.0,1.0,1.0,0.0,0.0,2.0238670694864047,0.4788460148748544
db856e8cb7586dd746d36ee69f7dbe68,-23.50928855827108,-46.5210168406167,SP,2,64.875,78.19,156.38,43.25,1.5,2,2,0.2052408477842003,114.43500204760336,1.0,5.0,4.998778935185185,0.0,2.0,160,0.6048087990791662,0.3951912009208339,0.0,0.0,0.0,0.384971098265896,0.0,0.0,0.0,0.0,0.0,0.0,0.0,0.0,0.0,0.6150289017341041,2,80.0,80.0,80.0,0.0,0.0,1.53042071197411,0.296444050227587
dbc19912d7a5ce777b71178146f803f8,-23.609819429467947,-46.52966687427144,SP,2,41.995,49.83500000000001,99.67000000000002,41.995,1.0,2,2,0.1866888915347065,10.258925735648797,4.5,4.0,5.96375,0.0,2.0,147,1.0,0.0,0.0,0.0,0.0,0.0,0.0,0.0,0.0,0.0,0.0,0.0,0.0,0.0,0.0,1.0,2,10.0,10.0,10.0,0.0,0.0,0.48120077277455786,0.49533656528990416
dc1e294dceea9fbe6bd8646954e03c95,-22.420070226947395,-43.420168904197645,RJ,2,149.95,180.835,361.67,99.96666666666664,1.5,2,2,0.2059686562187395,689.583681162334,1.0,5.0,12.536828703703703,0.0,2.0,212,0.0,1.0,0.0,0.203401133711237,0.0,0.796598866288763,0.0,0.0,0.0,0.0,0.0,0.0,0.0,0.0,0.0,0.0,2,5.0,5.0,5.0,0.0,0.0,3.578101265822785,0.7963969260611283
dc450fdb03562a6d52752858f7855348,-19.82848842292957,-43.9889076238863,MG,2,233.4,263.425,526.85,155.6,1.5,2,2,0.1286418166238218,514.0644398123612,7.0,4.5,10.46099537037037,0.0,1.2838312829525482,563,1.0,0.0,0.0,0.0,0.0,0.8993144815766924,0.0,0.0,0.1006855184233076,0.0,0.0,0.0,0.0,0.0,0.0,0.0,2,6.0,6.0,6.0,0.0,0.0,0.13474337159964678,1.0783562957428936
dc48b0a1b0e6abb6586f322c189f6b93,-12.98862210611302,-38.52132319678336,BA,3,84.56666666666668,109.13,327.39,63.425,1.3333333333333333,4,4,0.2904611746156878,1027.7505511762372,8.666666666666666,4.333333333333333,6.709328703703704,0.0,2.321504237288136,13,1.0,0.0,0.0,0.0,0.0,0.2167914860070949,0.0,0.0,0.0,0.1296807252660622,0.0,0.0,0.0,0.0,0.0,0.6535277887268427,3,229.5,229.5,459.0,0.0,0.0,2.093701034158571,0.3599605384064001
dc6502a8fc5ef5239994a36192e7a0ca,-10.18806146563439,-48.32034367060546,TO,2,159.695,187.82,375.64,159.695,1.0,2,2,0.1761169729797426,1430.9009343702114,5.0,4.5,11.477459490740742,0.0,2.0,116,1.0,0.0,0.0,0.0,0.0,0.0,0.0,0.0,0.0,0.0,0.4380224803531732,0.5619775196468269,0.0,0.0,0.0,0.0,2,198.0,198.0,198.0,0.0,0.0,1.1318955732122589,0.08749420506216256
dc813062e0fc23409cd255f7f53c7074,-8.89308097065684,-36.49465726391488,PE,6,114.62666666666668,182.43833333333336,1094.63,62.52363636363636,1.8333333333333333,3,6,0.5028789112481098,1855.4089570836,10.5,4.5,16.39172453703704,0.1666666666666666,5.108391608391608,11,1.0,0.0,0.0,0.0,0.2399092706758171,0.0,0.0,0.0,0.0,0.0,0.2907991159706874,0.0,0.0,0.4692916133534954,0.0,0.0,6,83.6,38.0,418.0,0.6,0.0,0.3626856803327391,0.5906940504377362
dca9a13536adcef18c6c5859487347b1,-23.561293924034008,-46.63305882665813,SP,2,197.9,218.54,437.08,197.9,1.0,1,2,0.1042950985346134,369.19933153002535,5.5,5.0,6.524056712962962,0.0,2.0,169,1.0,0.0,0.0,0.0,0.0,0.0,0.0,0.0,0.0,0.0,0.0,1.0,0.0,0.0,0.0,0.0,2,81.0,81.0,81.0,1.0,0.0,6.03266291230893,1.0120291892538131
dcae10a371a35e87b7e88b8724a7bbea,-22.963522473962165,-43.17764342517429,RJ,2,54.45,71.33,142.66,54.45,1.0,2,2,0.3100091827364554,634.5640003701624,1.0,3.0,14.228952546296297,0.0,2.0,319,1.0,0.0,0.0,0.0,0.4499540863177226,0.0,0.0,0.0,0.5500459136822773,0.0,0.0,0.0,0.0,0.0,0.0,0.0,2,14.0,14.0,14.0,0.0,0.0,1.2608557844690966,0.16317086244680462
dcc9c0fd8dbf091ca2965710ef45c16c,-23.48968612723078,-47.44969067451856,SP,2,47.995,60.255,120.51,47.995,1.0,2,2,0.2554432753411814,316.0684205113635,1.0,3.5,5.759184027777778,0.0,1.7560096153846152,407,1.0,0.0,0.0,0.0,0.0,0.9063444108761328,0.0,0.0,0.0,0.0,0.0,0.0,0.0,0.0,0.0,0.093655589123867,2,9.0,9.0,9.0,0.0,0.0,4.002490660024907,0.8488097831420295
dcd27efb93b723b301f8bac00e5d7e01,-30.015593599965847,-51.16179254586413,RS,2,146.4,160.95,321.9,146.4,1.0,2,2,0.0993852459016393,926.1985714489848,1.0,4.0,8.66806712962963,0.0,2.0,111,1.0,0.0,0.0,0.0,0.3278688524590163,0.0,0.0,0.0,0.6721311475409836,0.0,0.0,0.0,0.0,0.0,0.0,0.0,2,12.0,12.0,12.0,0.0,0.0,0.5146809712027103,0.45312825977993487
dce6dc77c19d239bfbe9d77dd4d0ef98,-23.5099527787246,-46.87704340009595,SP,2,70.95,93.92,187.84,70.95,1.0,2,2,0.3237491190979563,209.16051934283664,2.0,5.0,4.918697916666667,0.0,2.0,123,1.0,0.0,0.0,0.0,0.0,0.0,0.0,0.0,0.0,0.0,0.0,0.492600422832981,0.0,0.0,0.0,0.507399577167019,2,69.0,69.0,69.0,0.0,0.0,1.2520081524997004,0.15825579791888028
dcee1e44ded6f1bfc5b4988d771243da,-1.4322723157295565,-48.46987313578949,PA,2,358.95,396.785,793.5699999999999,358.95,1.0,2,2,0.1054046524585596,2345.304758565256,6.0,2.5,27.384438657407408,0.5,2.0,272,0.5782980707436017,0.0,0.4217019292563983,0.0,0.9736732135394902,0.0,0.0,0.0,0.0,0.0,0.0,0.0,0.0,0.0,0.0,0.0263267864605098,2,6.0,6.0,6.0,0.0,0.0,11.949902088772845,1.1958005500308362
dd20866f2a6d0f83a61cf8887a09528d,-19.45843447667466,-44.230747063076734,MG,2,77.9,107.525,215.05,77.9,1.0,2,1,0.3802952503209242,542.5650527138669,10.0,5.0,5.532534722222222,0.0,2.0,27,1.0,0.0,0.0,0.0,0.0,0.5,0.0,0.0,0.0,0.0,0.0,0.0,0.0,0.0,0.0,0.5,2,6.0,6.0,6.0,0.0,1.0,1.1239506172839506,0.08253141226590253
dd25b514ee922669e5de2d638199a3e3,-22.98527070896865,-43.20422973204828,RJ,2,81.4,98.975,197.95,81.4,1.0,2,2,0.2159090909090908,817.2121810397659,3.0,5.0,14.922829861111111,0.0,2.0,233,1.0,0.0,0.0,0.0,0.0,0.0,0.4477886977886978,0.5522113022113022,0.0,0.0,0.0,0.0,0.0,0.0,0.0,0.0,2,46.0,46.0,46.0,0.0,0.0,1.1757529127280721,0.11423730670545988
dd47740f3c285d15d8c9c72fc204e78a,-19.898823123963872,-43.91995942778065,MG,2,79.9,102.025,204.05,79.9,1.0,2,2,0.2769086357947434,184.84879532981495,5.5,5.0,5.9590046296296295,0.0,1.990463215258856,52,1.0,0.0,0.0,0.0,0.0,0.0,0.0,0.1871088861076345,0.0,0.0,0.0,0.0,0.0,0.0,0.0,0.8128911138923655,2,315.0,315.0,315.0,0.0,0.0,4.3683241252302025,0.8873401734409574
dd6ca4bccbd21803d32139af5b908fd7,-15.839708668573218,-48.01180539681379,DF,2,62.400000000000006,78.11,156.22,62.400000000000006,1.0,1,1,0.2517628205128205,764.6389920301579,1.0,1.0,27.52654513888889,1.0,2.0,264,1.0,0.0,0.0,0.0,0.0,1.0,0.0,0.0,0.0,0.0,0.0,0.0,0.0,0.0,0.0,0.0,2,89.0,89.0,89.0,1.0,1.0,1.6036666666666666,0.327888972149235
dd6e665621eca3de5e37b072f7d50f0c,-23.56531059990745,-46.537781147359816,SP,2,59.75,96.98,193.96,39.833333333333336,1.5,2,2,0.6230962343096234,73.78824386818694,4.5,3.5,5.866365740740741,0.0,1.854060913705584,340,1.0,0.0,0.0,0.0,0.0,0.0,0.0,0.0,0.601673640167364,0.0,0.0,0.0,0.0,0.0,0.0,0.398326359832636,2,54.0,54.0,54.0,0.0,0.0,0.48287461773700296,0.4931810958904731
dd7b0e9b51e5377bd9c1fd3e286c7b9d,-22.834410685901656,-43.2768594171534,RJ,2,5.99,20.09,40.18,5.99,1.0,1,1,2.353923205342237,351.2903998687475,1.0,2.5,14.75888310185185,0.5,2.0,188,0.0022399203583872,0.0,0.9977600796416126,0.0,0.0,0.0,1.0,0.0,0.0,0.0,0.0,0.0,0.0,0.0,0.0,0.0,2,41.0,41.0,41.0,1.0,1.0,1.0,0.0
dd8253fe17486f2e2cbff105e36e4a55,-22.29250520601293,-48.57807517313707,SP,2,418.45,432.985,865.97,418.45,1.0,2,2,0.0347353327757199,186.125323428396,1.0,3.5,8.723969907407408,0.0,2.0,230,1.0,0.0,0.0,0.0,0.9761022822320468,0.0,0.0,0.0,0.0,0.0,0.0,0.0238977177679531,0.0,0.0,0.0,0.0,2,23.0,23.0,23.0,0.0,0.0,26.18901098901099,1.3101852427740717
dd9b235dbe7d48c82caca4da097a2240,-22.01514247783847,-47.889909857064126,SP,2,218.945,243.355,486.71,109.4725,2.0,3,3,0.1114891867820685,146.68380734280672,1.0,3.5,4.728969907407407,0.0,2.0,109,0.0,1.0,0.0,0.0,0.0,0.1824659160976501,0.0,0.0,0.7262097787115486,0.0,0.0,0.0,0.0,0.0,0.0,0.0913243051908013,2,15.0,15.0,15.0,0.0,0.0,4.187699850778086,0.8689956033344733
ddcbd9c87bce192fc14812129a7894da,-23.59880901366041,-46.52658736915733,SP,2,219.95,235.1,470.2,219.95,1.0,2,2,0.0688792907478972,243.2894121689168,1.5,5.0,9.254832175925928,0.0,2.0,156,0.4147384091875797,0.5852615908124202,0.0,0.409183905433053,0.0,0.5908160945669471,0.0,0.0,0.0,0.0,0.0,0.0,0.0,0.0,0.0,0.0,2,46.0,46.0,46.0,0.0,0.0,1.411158402133224,0.24115619615286
ddeb6f3566dcf17cb455271ac103a73f,-21.980948734105475,-46.80058605944576,SP,2,174.395,212.245,424.49,174.395,1.0,2,2,0.2170360388772613,135.4672287073115,7.0,4.5,8.377471064814815,0.0,2.0,214,1.0,0.0,0.0,0.0,0.0,0.0,0.0,0.0,0.0,0.2861320565383181,0.0,0.0,0.0,0.0,0.0,0.7138679434616818,2,29.0,29.0,29.0,0.0,0.0,0.4601334617501376,0.5228882155397236
de226a12fac20b56580d731ec8ab8623,-23.454909880016785,-46.52574242242053,SP,2,80.45,96.585,193.17,80.45,1.0,2,2,0.2005593536357986,354.24495144090224,5.0,5.0,8.022783564814816,0.0,2.0,70,1.0,0.0,0.0,0.0,0.7520198881292728,0.0,0.0,0.0,0.0,0.0,0.0,0.0,0.0,0.2479801118707271,0.0,0.0,2,108.0,108.0,108.0,0.0,0.0,2.4359658484525077,0.5910310135651496
de34b16117594161a6a89c50b289d35a,-23.688263326398616,-46.50533446068932,SP,5,97.2,106.076,530.38,97.2,1.0,2,2,0.0913168724279835,23.74874856982532,1.8,3.4,9.185136574074075,0.2,5.0,228,1.0,0.0,0.0,0.0,0.3950617283950617,0.0,0.6049382716049383,0.0,0.0,0.0,0.0,0.0,0.0,0.0,0.0,0.0,5,18.75,8.0,75.0,0.75,0.75,0.18479463646423225,1.0670427179727004
de73179fb08ccaa16bfbf6c139879855,-15.585171597375464,-56.069764604992585,MT,2,37.5,64.57,129.14,37.5,1.0,2,2,0.7218666666666667,1323.32122843176,3.0,4.5,16.969866898148148,0.0,2.0,76,0.5046461204893914,0.0,0.0,0.0,0.0,0.0,0.3933333333333333,0.0,0.0,0.6066666666666667,0.0,0.0,0.0,0.0,0.0,0.0,2,133.0,133.0,133.0,0.0,0.0,0.9815866196102501,0.013141213217033593
de8ce480b6119f2835ce8ad07c326793,-23.669150273984144,-46.47676135641144,SP,2,120.0,133.41,266.82,80.0,1.5,2,2,0.11175,22.41293493016217,1.5,5.0,2.532083333333333,0.0,1.835427135678392,152,1.0,0.0,0.0,0.0,0.0,0.0,0.0,0.0,0.0,0.0,0.175,0.0,0.0,0.825,0.0,0.0,2,246.0,246.0,246.0,0.0,0.0,4.260646687697161,0.8765558764157951
dec5217f924eab1dae338b9b54f53558,-21.46979859023029,-49.22220561413068,SP,2,59.45,72.22999999999999,144.45999999999998,59.45,1.0,2,2,0.2149705634987384,348.5821418726965,1.0,5.0,7.004832175925927,0.0,2.0,194,0.0,1.0,0.0,0.0,0.0,0.0,0.832632464255677,0.0,0.0,0.0,0.0,0.0,0.0,0.0,0.0,0.1673675357443229,2,63.0,63.0,63.0,0.0,0.0,3.5499212598425194,0.7925704694013967
dec8632530ce2c58e688e63cbc5105e6,-22.85397121007797,-42.06186331923,RJ,2,142.85,163.18,326.36,142.85,1.0,2,2,0.1423171158557928,313.3410062634092,4.0,5.0,9.931122685185183,0.0,1.8924870466321244,266,1.0,0.0,0.0,0.0,0.0,0.0,0.0584529226461323,0.0,0.0,0.0,0.0,0.0,0.0,0.0,0.0,0.9415470773538678,2,120.0,120.0,120.0,0.0,0.0,0.10361152441498714,1.14866935627485
ded4351942c7fc292b88e5b090af2b46,-23.54954747395509,-46.63640612884046,SP,2,136.9,148.84,297.68,136.9,1.0,2,2,0.0872169466764061,458.408431458242,10.0,5.0,5.618443287037037,0.0,2.0,27,1.0,0.0,0.0,0.0,0.5657414170927685,0.0,0.0,0.0,0.0,0.0,0.0,0.0,0.0,0.0,0.0,0.4342585829072315,2,121.0,121.0,121.0,0.0,0.0,0.8279398219220142,0.13311698474097722
df2a9226267aa1598b499b3ea09fcf60,-12.914798385006725,-38.373122394777376,BA,2,100.0,120.65,241.3,100.0,1.0,1,1,0.2065,1446.257220030329,3.0,5.0,8.485920138888888,0.0,2.0,50,1.0,0.0,0.0,0.0,0.0,0.0,0.0,0.0,1.0,0.0,0.0,0.0,0.0,0.0,0.0,0.0,2,15.0,15.0,15.0,1.0,1.0,1.0,0.0
df5ff0c899dd19ed568e3e0f716cbe20,-22.93036543290248,-43.3937201085758,RJ,2,139.94,170.76,341.52,139.94,1.0,1,1,0.2202372445333714,310.0843541831341,2.0,3.25,28.514837962962964,0.0,2.0,132,0.5,0.0,0.5,0.0,0.0,0.0,0.0,0.0,0.0,0.0,0.0,0.0,0.0,0.0,0.0,1.0,2,53.0,53.0,53.0,1.0,1.0,1.0,0.0
df946ef265626b1e0a425292815ddead,-23.92766203022103,-46.409735768525984,SP,3,42.99,50.803333333333335,152.41,42.99,1.0,1,2,0.1817476932619989,37.55294683750499,1.0,5.0,6.859664351851852,0.3333333333333333,2.6856617647058827,397,0.0,1.0,0.0,1.0,0.0,0.0,0.0,0.0,0.0,0.0,0.0,0.0,0.0,0.0,0.0,0.0,2,11.0,11.0,11.0,1.0,0.0,4.69331341053418,0.9174154905309881
dff33bfc45ae0becc55ce9b50acd4073,-3.082698498706071,-60.01149520051952,AM,2,482.9,637.885,1275.77,137.97142857142856,3.5,2,2,0.320925657486022,2449.1561082272774,1.0,2.5,29.8537037037037,0.0,2.0,195,0.0,1.0,0.0,0.0,0.0,0.0,0.0,0.439014288672603,0.0,0.0,0.0,0.0,0.0,0.0,0.0,0.5609857113273969,2,152.0,152.0,152.0,0.0,0.0,0.9975730435599537,0.001718202357539551
dff5ff8f411dd1d77875f7e17a3eb512,-23.50765006746057,-46.4503316496916,SP,2,59.45,72.22999999999999,144.45999999999998,59.45,1.0,1,1,0.2149705634987384,45.78039296157724,2.0,5.0,7.278026620370371,0.0,1.8924870466321244,340,0.5264433061054964,0.0,0.4735566938945037,0.0,0.0,0.0,0.0,0.0,0.0,0.0,0.0,0.0,0.0,1.0,0.0,0.0,2,46.0,46.0,46.0,1.0,1.0,3.5499212598425194,0.7925704694013967
e016365b624d1755f3e2d0e8f1631ebb,-7.312984408737577,-50.04719647999035,PA,3,117.62666666666668,145.19,435.57,117.62666666666668,1.0,2,3,0.2343289503513942,1675.5968614836995,3.6666666666666665,3.6666666666666665,21.736211419753086,0.0,2.341346153846154,198,1.0,0.0,0.0,0.7934141917932442,0.0,0.2065858082067558,0.0,0.0,0.0,0.0,0.0,0.0,0.0,0.0,0.0,0.0,2,270.0,270.0,270.0,0.0,0.0,3.4135170736650116,0.77335796409681
e0233c751408137ec5cdde0c37e6a61a,-22.24803424740676,-45.935996701096265,MG,2,124.495,147.58,295.16,124.495,1.0,2,2,0.1854291337001486,221.2846529940052,2.5,3.5,9.72103587962963,0.0,1.5476694915254237,261,1.0,0.0,0.0,0.1967950520101208,0.0,0.0,0.0,0.0,0.0,0.0,0.8032049479898791,0.0,0.0,0.0,0.0,0.0,2,212.0,212.0,212.0,0.0,0.0,0.25969868976996285,0.831106804882901
e05757dc57fc38f5156c82e9e4444f8f,-22.881844671496097,-43.615808525491865,RJ,2,238.995,322.295,644.5899999999999,238.995,1.0,2,2,0.3485428565451159,687.955088373013,7.0,2.0,28.396903935185183,1.0,2.0,223,1.0,0.0,0.0,0.0,0.0,0.0,0.0,0.0,0.0,0.0,0.0,0.0,0.0,0.0,0.0,1.0,2,55.0,55.0,55.0,0.0,0.0,0.9223703438609048,0.057109137635662534
e06e62694cd8ce637a1c3f4a624c647e,-17.535873501189737,-43.016459669774186,MG,2,309.99,331.94,663.88,309.99,1.0,1,1,0.0708087357656698,1080.7800145764002,3.5,4.5,11.66113425925926,0.0,1.4551792828685255,368,1.0,0.0,0.0,0.0,0.0,0.0,0.0,0.0,0.0,0.0,0.0,0.0,0.0,0.0,0.0,1.0,2,134.0,134.0,134.0,1.0,1.0,0.9967516843118381,0.0023006426573522333
e0836a97eaae86ac4adc26fbb334a527,-22.912938132396395,-47.04872907211689,SP,3,20.993333333333336,29.42333333333333,88.27,20.993333333333336,1.0,2,1,0.4015560495395363,137.67666712864553,1.0,5.0,4.974587191358025,0.0,3.0,6,0.4933726067746686,0.5066273932253313,0.0,0.4601460781200381,0.0,0.0,0.0,0.0,0.0,0.0,0.0,0.0,0.0,0.0,0.0,0.5398539218799618,3,31.0,31.0,62.0,0.5,1.0,1.947674418604651,0.41579422921020176
e09e509936d44d03ec876c40b0f6dd3f,-28.29114495927747,-54.26966346999369,RS,2,37.445,54.11,108.22,37.445,1.0,2,2,0.4450527440245693,941.669931381696,3.5,3.5,12.376770833333332,0.0,2.0,137,1.0,0.0,0.0,0.0,0.0,0.0,0.0,0.0,0.0,0.0,0.0,0.0,0.0,0.4660168246761917,0.0,0.5339831753238082,2,120.0,120.0,120.0,0.0,0.0,0.9644218551461246,0.025613182242203544
e0a435b6106cae0bc42a2cef0565b622,-23.54077820840398,-46.38607079587094,SP,2,42.9,51.62,103.24,42.9,1.0,1,1,0.2032634032634032,12.502413968814148,1.0,5.0,8.761273148148149,0.0,1.90234375,327,0.0,1.0,0.0,0.0,0.0,0.0,1.0,0.0,0.0,0.0,0.0,0.0,0.0,0.0,0.0,0.0,2,57.0,57.0,57.0,1.0,1.0,1.123406005758947,0.0821898622068827
e0c99ffdcd8891130985ac90cd2d8eec,-20.438748612768357,-44.76410954766161,MG,3,150.29666666666665,196.23666666666668,588.71,150.29666666666665,1.0,3,3,0.3056621348887755,383.5423449023492,1.3333333333333333,5.0,15.037295524691356,0.0,2.672560975609756,341,0.478996449864959,0.0,0.5210035501350411,0.0,0.0,0.0,0.0,0.0,0.0,0.0,0.0,0.0,0.0,0.1772050832797356,0.0,0.8227949167202644,3,34.5,34.5,69.0,0.0,0.0,0.3755621324518584,0.4411943141726908
e10b68125f54adc15562b1fa412e655a,-22.649975597714988,-44.577827382273234,SP,2,58.845,73.78,147.56,58.845,1.0,2,2,0.2538023621378197,491.6484564269836,7.0,4.0,23.189681712962965,0.0,1.6090308370044053,237,1.0,0.0,0.0,0.0,0.0,0.424759962613646,0.0,0.0,0.0,0.575240037386354,0.0,0.0,0.0,0.0,0.0,0.0,2,218.0,218.0,218.0,0.0,0.0,1.3541799617102743,0.21276457769505763
e11a1b428e150830944b665cb6b2d5da,-12.94810563839189,-38.45552276864605,BA,2,134.985,210.735,421.47,89.99,1.5,1,1,0.561173463718191,1184.6228606799737,6.0,3.0,35.466765046296295,0.5,2.0,258,1.0,0.0,0.0,0.0,0.0,0.0,0.0,0.0,0.0,0.0,0.0,0.0,1.0,0.0,0.0,0.0,2,53.0,53.0,53.0,1.0,1.0,2.0,0.4714045207910317
e1224167b1a3f92781c2ff55b0b794be,-23.46647367404035,-46.66335271413222,SP,3,37.2,47.14000000000001,141.42000000000002,37.2,1.0,2,2,0.2672043010752688,10.608550473139774,1.3333333333333333,3.6666666666666665,6.360084876543209,0.0,3.0,199,1.0,0.0,0.0,0.0,0.0,0.0,0.0,0.0,0.0,0.0,0.0,0.8342293906810035,0.0,0.0,0.0,0.1657706093189964,3,38.0,38.0,76.0,0.5,0.5,0.15629657228017885,1.1063353632135284
e12f7f1e96f1f9f6361572028a1fad5a,-22.87800155634413,-43.329688179883625,RJ,3,226.56666666666663,243.24666666666667,729.74,226.56666666666663,1.0,2,2,0.0736207150213329,339.338744541895,1.0,4.333333333333333,17.74876929012346,0.3333333333333333,2.898809523809524,307,1.0,0.0,0.0,0.0,0.0,0.0,0.0,0.1175518611151979,0.0,0.0,0.0,0.0,0.0,0.0,0.0,0.8824481388848021,3,35.5,35.5,71.0,0.5,0.5,3.292039077114945,0.5234555939118593
e14705d2e06ab8ee7c665f21c72f874f,-25.09419479376676,-50.16095107518058,PR,2,138.0,153.715,307.43,138.0,1.0,1,1,0.1138768115942029,579.3609122388413,1.0,3.0,20.765028935185185,0.5,1.521875,290,0.0,1.0,0.0,1.0,0.0,0.0,0.0,0.0,0.0,0.0,0.0,0.0,0.0,0.0,0.0,0.0,2,190.0,190.0,190.0,1.0,1.0,1.3368044998479782,0.20383112561803285
e14b8cd578c1f576594719bce2ee1aa2,-22.940648413872538,-43.19102523661572,RJ,2,42.5,58.92999999999999,117.86,42.5,1.0,2,2,0.3865882352941176,745.3398980164659,1.0,5.0,11.550538194444444,0.0,1.5575692963752663,171,1.0,0.0,0.0,0.0,0.0,0.0,0.0,0.0,0.0,0.0,0.0,0.0,0.0,0.5882352941176471,0.4117647058823529,0.0,2,298.0,298.0,298.0,0.0,0.0,0.7427177288185717,0.20878428631674747
e1b59a2032b34097d0c1c8d320f40832,-19.92590729197994,-43.92686256472545,MG,2,139.45,159.20999999999998,318.42,139.45,1.0,2,2,0.1416995338831122,426.059786739468,4.0,4.5,9.86619212962963,0.0,1.2508561643835616,273,1.0,0.0,0.0,0.1756902115453567,0.0,0.0,0.0,0.0,0.8243097884546433,0.0,0.0,0.0,0.0,0.0,0.0,0.0,2,311.0,311.0,311.0,0.0,0.0,0.2644746247319514,0.8226262044555764
e1cc1be2730188040748affa422b2803,-22.325417105888885,-49.09414175447687,SP,2,33.45,46.11,92.22,33.45,1.0,2,2,0.3784753363228699,412.2647678520227,1.0,5.0,5.535295138888889,0.0,1.9850543478260871,166,0.3985035783994795,0.6014964216005205,0.0,0.0,0.0,0.0,0.0,0.0,0.0,0.6278026905829596,0.0,0.0,0.0,0.3721973094170403,0.0,0.0,2,202.0,202.0,202.0,0.0,0.0,1.5093877551020407,0.2870752319195872
e208e280c8d8debab258793b0ce264ba,-22.90365989654492,-43.10725580140319,RJ,2,82.4,103.31,206.62,82.4,1.0,2,2,0.2537621359223301,439.0666368966703,2.0,5.0,10.150457175925926,0.0,2.0,130,1.0,0.0,0.0,0.0,0.0,0.0,0.0,0.0,0.0,0.120752427184466,0.0,0.0,0.0,0.879247572815534,0.0,0.0,2,4.0,4.0,4.0,0.0,0.0,4.4188303173354315,0.8922508953197013
e219a439f6ca99e32824bcc7153969c9,-22.899260752962785,-43.13009566583335,RJ,2,142.0,171.255,342.51,142.0,1.0,2,2,0.2060211267605633,638.1928443761403,6.0,5.0,6.6122453703703705,0.0,1.4184466019417474,46,1.0,0.0,0.0,0.0,0.0,0.0,0.7359154929577465,0.0,0.0,0.2640845070422535,0.0,0.0,0.0,0.0,0.0,0.0,2,469.0,469.0,469.0,0.0,0.0,0.40470819833490546,0.599320015703059
e226254ce0c6d5b7a7ef7218c9b5b518,-22.36887094138245,-47.3629241507148,SP,3,194.86666666666667,216.8733333333333,650.62,146.15,1.3333333333333333,3,3,0.1129319192610331,157.7705409523305,7.0,5.0,12.395046296296297,0.3333333333333333,2.4029605263157894,117,0.9231502259383356,0.0,0.0768497740616642,0.0,0.0,0.0,0.6667807047553883,0.0,0.0,0.0,0.187991789257612,0.0,0.0,0.0,0.0,0.1452275059869996,3,169.5,169.5,339.0,0.0,0.0,3.1600808960796516,0.7568367372995752
e23daf58ce481f3d38066e654ef610cb,-20.73240442991062,-42.02985018888283,MG,2,35.0,49.52,99.04,35.0,1.0,1,1,0.4148571428571428,564.365301585972,1.5,2.0,7.059328703703704,0.0,1.290636042402827,551,0.2525242326332795,0.0,0.7474757673667205,0.0,0.0,0.0,0.0,0.0,0.0,0.0,0.0,0.0,0.0,0.0,0.0,1.0,2,16.0,16.0,16.0,1.0,1.0,1.0,0.0
e2439c7b04c3500e7a4aa7a208e78f70,-23.549669376614087,-46.537969544146144,SP,2,57.9,68.985,137.97,38.6,1.5,2,2,0.1914507772020725,16.342549800709353,1.0,5.0,3.9352083333333336,0.0,2.0,90,0.0,1.0,0.0,0.0,0.0,0.0,0.6200345423143351,0.379965457685665,0.0,0.0,0.0,0.0,0.0,0.0,0.0,0.0,2,20.0,20.0,20.0,0.0,0.0,0.5935550935550936,0.3607028720729812
e246473a236ca29747182e7986dbdb7a,-23.409887282698747,-46.386349927019474,SP,2,554.9,593.29,1186.58,277.45,2.0,1,1,0.0691836366912957,414.95714998709786,1.0,2.5,11.633628472222222,0.0,2.0,215,0.0,1.0,0.0,0.0,0.0,0.0,0.0,1.0,0.0,0.0,0.0,0.0,0.0,0.0,0.0,0.0,2,134.0,134.0,134.0,1.0,1.0,0.996265141318977,0.002645884903224654
e2492e4188991b6276a4a62a287a5451,-23.519975947056054,-46.18756607644843,SP,3,183.66666666666663,212.26666666666665,636.8,110.2,1.6666666666666667,1,2,0.1557168784029038,325.4345297684107,1.0,2.0,14.9236612654321,0.0,3.0,146,0.0,1.0,0.0,0.0,1.0,0.0,0.0,0.0,0.0,0.0,0.0,0.0,0.0,0.0,0.0,0.0,3,34.0,34.0,68.0,1.0,0.5,0.9852655440414508,0.2690288501543061
e271fa40aa8fea4e0f304b3768b65d6a,-23.5353374619496,-46.56554054499679,SP,2,599.99,612.54,1225.08,599.99,1.0,1,1,0.020917015283588,17.257579227365436,4.5,3.5,5.4457002314814815,0.0,2.0,116,0.5,0.0,0.5,0.0,1.0,0.0,0.0,0.0,0.0,0.0,0.0,0.0,0.0,0.0,0.0,0.0,2,10.0,10.0,10.0,1.0,1.0,1.0,0.0
e2889baccec81ed3bed4d66c1c675cb2,-30.013180981170404,-51.32450951616652,RS,2,86.6,110.805,221.61,86.6,1.0,2,2,0.2795034642032333,1026.6107070812548,5.5,3.0,16.0396875,0.0,1.5642398286937902,279,1.0,0.0,0.0,0.0,0.0,0.51905311778291,0.0,0.0,0.0,0.4809468822170901,0.0,0.0,0.0,0.0,0.0,0.0,2,188.0,188.0,188.0,0.0,0.0,1.1049582066869301,0.07051604108218354
e2af42f42a86805055a8e71af58ee71e,-20.39040558078619,-43.505816230713535,MG,2,38.945,54.045,108.09,38.945,1.0,2,2,0.3877262806522018,487.6076430095211,1.5,3.0,7.486689814814815,0.0,1.5777537796976242,302,1.0,0.0,0.0,0.0,0.0,0.0,0.0,0.0,0.0,0.0,0.0,0.0,0.0,0.0,0.0,1.0,2,161.0,161.0,161.0,0.0,0.0,0.68890625,0.2604958092964041
e2c87a07e54c863d60af789a9233bdb5,-29.10842822273192,-49.635401751693095,SC,2,122.85,145.83499999999998,291.67,81.9,1.5,1,2,0.1870980870980871,727.8218116145553,2.5,4.5,21.599641203703705,0.5,1.7730582524271843,191,1.0,0.0,0.0,0.0,0.0,0.0,0.0,1.0,0.0,0.0,0.0,0.0,0.0,0.0,0.0,0.0,2,221.0,221.0,221.0,1.0,0.0,0.5317193572103771,0.43235651029179856
e30b83af13d6ff0b0f427b2a67c43b39,-21.79293012708139,-46.56648701605854,MG,3,254.46666666666667,280.3833333333333,841.15,152.68,1.6666666666666667,2,2,0.1018470002619858,169.37954231336255,7.666666666666667,4.666666666666667,9.091836419753086,0.0,1.854060913705584,278,1.0,0.0,0.0,0.0,0.0,0.0,0.0,0.0,0.6659680377259628,0.0,0.0,0.0,0.0,0.0,0.0,0.3340319622740372,3,156.5,156.5,313.0,0.5,0.5,0.5651667152312368,0.698346903076539
e325e139452a1ca05f5a33acedd7d94f,-23.60999409406486,-46.63356745148372,SP,3,89.90000000000002,101.4,304.2,89.90000000000002,1.0,1,1,0.1279199110122358,136.42726873799845,1.6666666666666667,5.0,4.685142746913581,0.0,3.0,241,1.0,0.0,0.0,0.0,0.0,1.0,0.0,0.0,0.0,0.0,0.0,0.0,0.0,0.0,0.0,0.0,2,38.0,38.0,38.0,1.0,1.0,0.5852006253256904,0.37005719778073104
e3301490c373db9263c15a73172d0c6f,-23.52685911826483,-46.471342649384,SP,3,129.26,147.83666666666667,443.51,96.945,1.3333333333333333,1,3,0.1437155087936459,311.8984081712545,10.0,4.5,24.428101851851853,0.6666666666666666,2.0991379310344827,500,1.0,0.0,0.0,0.0,0.0,1.0,0.0,0.0,0.0,0.0,0.0,0.0,0.0,0.0,0.0,0.0,2,22.0,22.0,22.0,1.0,0.0,2.414241724403387,0.5857932708249223
e35b2a3c980b6e0fc66c66b8e1122e93,-20.53539287198547,-47.43534914981271,SP,2,599.8,633.6,1267.2,299.9,2.0,1,1,0.0563521173724574,566.9504044661633,1.0,3.5,16.20898726851852,0.0,2.0,179,0.0,1.0,0.0,0.0,0.0,0.0,0.0,1.0,0.0,0.0,0.0,0.0,0.0,0.0,0.0,0.0,2,148.0,148.0,148.0,1.0,1.0,1.0003157063930546,0.00022320289810186497
e374f0ed9ec35b9af339460a75c4d096,-16.761126610107635,-49.33575080381576,GO,2,321.495,347.275,694.55,321.495,1.0,2,2,0.0801878722841723,627.7816861360267,5.0,3.5,17.45791666666667,0.0,1.4817444219066938,197,1.0,0.0,0.0,0.0,0.0,0.0,0.7247391094729312,0.0,0.0,0.0,0.2752608905270688,0.0,0.0,0.0,0.0,0.0,2,296.0,296.0,296.0,0.0,0.0,0.40597165991902834,0.5975105750174714
e38a9d13896946501404c6d82790728c,-29.80405803815614,-50.04657104488443,RS,2,157.495,182.08,364.16,157.495,1.0,2,2,0.1561001936569415,1172.867066241008,4.5,5.0,15.153559027777778,0.0,1.461,265,1.0,0.0,0.0,0.0,0.0,0.0,0.0,0.0,0.2381027969141877,0.0,0.7618972030858122,0.0,0.0,0.0,0.0,0.0,2,235.0,235.0,235.0,0.0,0.0,2.5701960784313727,0.621980569391682
e38bf9a883752b0b65407a103fd7ef30,-22.877937075648354,-43.52979828857644,RJ,2,114.95,130.575,261.15,114.95,1.0,2,2,0.1359286646367986,446.78684013530005,1.0,4.5,14.804369212962962,0.0,2.0,243,0.0,0.0,1.0,0.0,0.0,0.1344062635928664,0.0,0.0,0.0,0.0,0.0,0.0,0.0,0.0,0.0,0.8655937364071336,2,34.0,34.0,34.0,0.0,0.0,4.677173913043478,0.916003155563504
e3c95cff4b8cca496061b369eaa006f7,-23.537396817743502,-46.6679320501141,SP,2,147.495,170.26999999999998,340.54,147.495,1.0,2,2,0.1544120139665751,443.7020113642316,1.0,5.0,7.36478587962963,0.0,2.0,118,0.0,1.0,0.0,0.0,0.0,0.2711617342960778,0.0,0.0,0.0,0.7288382657039222,0.0,0.0,0.0,0.0,0.0,0.0,2,41.0,41.0,41.0,0.0,0.0,2.830596175478065,0.6758357759458433
e3cf594a99e810f58af53ed4820f25e5,-28.387887512074148,-53.9162054786276,RS,2,79.99,95.805,191.61,79.99,1.0,2,2,0.1977122140267533,896.6967194899237,4.5,5.0,16.71471064814815,0.0,2.0,350,1.0,0.0,0.0,0.0,0.0,0.0,0.0,0.0,0.0,0.0,0.0,0.0,0.0,0.0,0.0,1.0,2,10.0,10.0,10.0,0.0,0.0,0.8011844331641287,0.1561015439913937
e43c9920240823d6c97bedc723c25281,-23.558870627364712,-46.68244560544801,SP,2,116.45,128.15,256.3,116.45,1.0,2,2,0.1004723057106054,27.629142054444173,1.0,5.0,5.156898148148148,0.0,1.7107728337236534,32,0.0,0.6362075692547795,0.0,0.0,0.0,0.0,0.0,0.0,0.0,0.0,0.0,0.0,0.0,0.639759553456419,0.0,0.3602404465435809,2,394.0,394.0,394.0,0.0,0.0,0.5718140561756409,0.3852531834759637
e43e7031cd89dd0ac61dd44b840c311f,-20.53768599199392,-43.9830928377482,MG,2,96.775,124.09,248.18,96.775,1.0,2,2,0.2822526478946008,1059.5686951080895,1.0,3.0,11.413107638888889,0.0,2.0,25,0.0,0.1158433395116447,0.0,0.0,0.0,0.0,0.0,0.9294755877034356,0.0,0.0,0.0,0.0,0.0,0.0,0.0,0.0705244122965642,2,245.0,245.0,245.0,0.0,0.0,7.632347826086956,1.086559118677177
e44110c2ff342e5bbda6c2224d94bbe6,-23.533772555182345,-46.648197202667816,SP,2,286.35,308.985,617.97,190.9,1.5,1,2,0.0790466212676794,202.45710609225924,1.0,5.0,11.054033564814816,0.0,1.5061855670103093,477,1.0,0.0,0.0,0.0,0.0,0.0,0.0,0.0,1.0,0.0,0.0,0.0,0.0,0.0,0.0,0.0,2,8.0,8.0,8.0,1.0,0.0,0.5001456522794582,0.4712214421869088
e4419ca71e493f57fce5809d2039e9ba,-22.36887094138245,-47.3629241507148,SP,2,37.395,58.415,116.83,24.93,1.5,1,3,0.562107233587378,416.9493408359126,1.0,3.5,6.765491898148148,0.0,2.0,333,0.0,1.0,0.0,0.0,0.0,0.0,0.0,0.0,0.0,0.0,0.0,0.0,0.0,0.0,0.0,1.0,2,1.0,1.0,1.0,1.0,0.0,1.92075,0.44582286657708714
e45b0c7dd75287df589a26fdb7c2fcaf,-22.711972287554357,-42.630201171688654,RJ,2,38.97,54.575,109.15,38.97,1.0,1,1,0.4004362329997434,329.989631774817,3.5,5.0,8.198385416666667,0.0,1.6831797235023045,221,1.0,0.0,0.0,0.0,0.0,0.0,0.0,0.0,0.0,0.0,0.0,0.0,0.0,0.0,1.0,0.0,2,213.0,213.0,213.0,1.0,1.0,1.0186794895505826,0.013086172221684133
e47e3ecbe9ae12ecbfc5651bd62d7733,-23.013945234739644,-43.46302017493874,RJ,2,79.9,97.87,195.74,79.9,1.0,2,2,0.2249061326658322,610.5177001283462,1.0,5.0,17.776047453703704,0.0,1.7517985611510791,272,0.0,1.0,0.0,0.3748435544430538,0.0,0.6251564455569462,0.0,0.0,0.0,0.0,0.0,0.0,0.0,0.0,0.0,0.0,2,145.0,145.0,145.0,0.0,0.0,1.513031197843112,0.28870937954648446
e4951b10e341a56871ef584deab3f2ef,-22.488836738837342,-47.20945249793251,SP,2,79.94500000000001,88.63000000000001,177.26000000000002,79.94500000000001,1.0,2,2,0.1086371880667959,138.34362287781067,3.0,2.0,5.012523148148148,0.0,2.0,8,1.0,0.0,0.0,0.0,0.0,0.0,0.0,0.0,0.0,0.0,0.0,0.7498905497529551,0.0,0.0,0.0,0.2501094502470448,2,258.0,258.0,258.0,0.0,0.0,2.7106970902239897,0.6519775037635639
e4971a4defaf07a1d7f2ff615a32c809,-23.559259507358263,-46.58801953093691,SP,2,164.25,179.7,359.4,164.25,1.0,1,2,0.0940639269406392,44.26303717694572,2.0,3.0,11.433292824074076,0.5,2.0,25,1.0,0.0,0.0,0.0,0.0,0.0,0.0,1.0,0.0,0.0,0.0,0.0,0.0,0.0,0.0,0.0,2,285.0,285.0,285.0,1.0,0.0,0.8898879949518852,0.08239741790788149
e4b98eebb8983cade8610c0def59f705,-23.009098887918885,-43.34471642859258,RJ,3,227.66333333333333,253.33666666666667,760.01,170.7475,1.3333333333333333,3,4,0.1127688545952356,563.5101869113081,1.0,1.6666666666666667,16.764375,0.0,2.083174904942966,488,0.0,1.0,0.0,0.0,0.0,0.1610418893395218,0.0,0.0,0.7232902385100807,0.0,0.0,0.0,0.0,0.0,0.0,0.1156678721503975,2,38.0,38.0,38.0,0.0,0.0,0.20795651413767346,0.9272839101293199
e4d18909afd252a0289765acc614d3e0,-23.504667311613776,-46.60546916827984,SP,2,244.45,282.04,564.08,244.45,1.0,2,2,0.1537737778686848,276.7647693496304,5.5,2.0,4.127106481481482,0.0,2.0,55,1.0,0.0,0.0,0.0,0.0,0.265698506852117,0.0,0.0,0.0,0.0,0.0,0.0,0.7343014931478831,0.0,0.0,0.0,2,283.0,283.0,283.0,0.0,0.0,0.3358910597986975,0.7030452545040832
e4d800060f85d896b83b4c3e3570065b,-23.754905590413788,-46.69157301120545,SP,2,88.45,103.78,207.56,88.45,1.0,2,2,0.1733182589033352,185.04165131315705,2.0,5.0,14.23507523148148,0.0,2.0,164,1.0,0.0,0.0,0.0,0.8586772187676653,0.0,0.0,0.0,0.0,0.0,0.0,0.0,0.0,0.1413227812323346,0.0,0.0,2,198.0,198.0,198.0,0.0,0.0,4.507031042716902,0.9006106604089212
e53821a413d5b137cd9005b41f09dfe0,-23.54681831172538,-46.76751950549985,SP,2,80.4,97.625,195.25,53.6,1.5,2,3,0.2142412935323383,187.52736138378577,2.5,3.5,11.873778935185184,0.0,2.0,318,1.0,0.0,0.0,0.0,0.0,0.0,0.0,0.0,0.0,0.6274875621890548,0.0,0.0,0.3725124378109452,0.0,0.0,0.0,2,14.0,14.0,14.0,0.0,0.0,0.6015913378722009,0.3517969409703519
e53fd5575f1418397aae732c5755b6fc,-22.76965635588157,-47.33949812492517,SP,3,31.66,44.01,132.03,31.66,1.0,2,3,0.3900821225521163,113.23611912978237,2.0,5.0,7.12162037037037,0.0,2.16980198019802,13,1.0,0.0,0.0,0.0,0.0,0.0,0.0,0.0,0.0,0.0,0.0,0.0,0.0,0.0,0.0,1.0,3,246.0,246.0,492.0,0.5,0.0,2.4938230383973288,0.6044188520789137
e559969619d1a0922477a2d8cfaf50d9,-23.45141139482055,-46.598300523255546,SP,2,28.485,39.765,79.53,18.99,1.5,1,1,0.3959978936282253,18.847246907192755,1.0,3.5,4.926394675925926,0.0,2.0,133,1.0,0.0,0.0,0.0,0.0,0.0,0.0,0.0,0.0,0.0,0.0,0.0,0.0,0.0,0.0,1.0,2,175.0,175.0,175.0,1.0,1.0,1.9708629062383265,0.46215780819912916
e58043c5746b4d123edd5fe77ef48696,,,GO,2,28.445,46.675,93.35,28.445,1.0,1,2,0.6408859201968712,,1.0,4.5,10.451302083333331,0.0,2.0,110,0.611997857525442,0.3880021424745581,0.0,0.0,0.0,0.0,0.0,0.0,0.0,0.0,0.0,1.0,0.0,0.0,0.0,0.0,2,25.0,25.0,25.0,1.0,0.0,0.6339926483458778,0.3167777781384191
e5912280c9d8c14b4e7778df669dea07,-22.8015863617826,-43.4160623372643,RJ,2,44.5,59.915,119.83,44.5,1.0,1,1,0.3464044943820225,354.18050589296104,1.0,5.0,7.341226851851852,0.0,2.0,33,1.0,0.0,0.0,0.0,1.0,0.0,0.0,0.0,0.0,0.0,0.0,0.0,0.0,0.0,0.0,0.0,2,2.0,2.0,2.0,1.0,1.0,1.0170005049654942,0.011919850604997357
e5bdbd18812e42788e7cbad7058fc0ab,-22.90345871164183,-43.04903863941523,RJ,2,101.95,121.25,242.5,101.95,1.0,1,1,0.1893084845512506,694.0858617121384,1.0,5.0,10.642957175925924,0.0,1.2704347826086957,495,1.0,0.0,0.0,0.0,0.0,0.0,1.0,0.0,0.0,0.0,0.0,0.0,0.0,0.0,0.0,0.0,2,80.0,80.0,80.0,1.0,1.0,1.0502198173824822,0.03464094251751002
e5d71c2a04ee3a370295b3290a85b2fb,-29.67403700569997,-53.80346072330848,RS,2,18.745,36.975,73.94999999999999,18.745,1.0,1,2,0.9725260069351828,972.6455763800366,1.0,4.5,13.971400462962963,0.0,2.0,116,0.0,1.0,0.0,0.0,0.0,0.0,1.0,0.0,0.0,0.0,0.0,0.0,0.0,0.0,0.0,0.0,2,29.0,29.0,29.0,1.0,0.0,1.0411261385592052,0.028494634319620214
e5f19a93cf85b13edc0376d90e4a0ba5,-23.26366240596142,-47.31522510095951,SP,2,20.4,28.725,57.45,20.4,1.0,1,2,0.4080882352941176,68.21233051934688,1.0,5.0,4.239641203703704,0.0,2.0,37,0.3183637946040035,0.6816362053959966,0.0,0.0,0.0,0.0,0.0,0.0,0.0,1.0,0.0,0.0,0.0,0.0,0.0,0.0,2,112.0,112.0,112.0,1.0,0.0,0.46705822267620023,0.5137447701780068
e60856952187516c3397a2c4ac63aac4,-8.028705985902864,-34.91903389536376,PE,2,288.99,333.72,667.4399999999999,192.66,1.5,2,2,0.1547804422298349,2701.3620489119858,7.0,5.0,15.823015046296296,0.0,2.0,184,1.0,0.0,0.0,0.0,0.0,0.0,0.0,0.0,0.0,0.0,0.0,0.0,0.0,0.0,0.0,1.0,2,125.0,125.0,125.0,0.0,0.0,0.2237175021084669,0.8971263668775747
e60d32d446c543a9af42c36bf266b0ed,-22.94818017851168,-43.37075357299201,RJ,2,60.95,94.35,188.7,60.95,1.0,1,2,0.5479901558654634,316.0129388230261,3.0,3.5,20.32883101851852,0.0,1.877892030848329,184,1.0,0.0,0.0,0.0,0.0,0.0,0.0,0.0,1.0,0.0,0.0,0.0,0.0,0.0,0.0,0.0,2,205.0,205.0,205.0,1.0,0.0,0.24390243902439027,0.859620008501293
e64ab18890c89066fe47f8abbbf180de,-11.730443877682369,-40.55531049761733,BA,2,71.45,88.955,177.91,71.45,1.0,1,2,0.244996501049685,1422.857912322631,4.5,5.0,15.879618055555556,0.0,1.5124223602484472,449,1.0,0.0,0.0,0.0,0.0,1.0,0.0,0.0,0.0,0.0,0.0,0.0,0.0,0.0,0.0,0.0,2,34.0,34.0,34.0,1.0,0.0,1.6677162992952468,0.35397071515077244
e65862da4f9f183565831cf7e1cbb7a5,-23.56975795010749,-46.81128987174747,SP,2,71.625,83.125,166.25,71.625,1.0,1,2,0.1605584642233856,288.96459146108265,1.0,5.0,8.41913773148148,0.0,1.4351669941060905,503,1.0,0.0,0.0,0.0,0.0,0.0,0.0,0.0,1.0,0.0,0.0,0.0,0.0,0.0,0.0,0.0,2,6.0,6.0,6.0,1.0,0.0,1.0524691358024691,0.03615282791028965
e68365f0fec5a377bd6f49cb444e453c,-23.55558325280576,-46.677144505112295,SP,2,159.9,180.51,361.02,159.9,1.0,1,1,0.1288930581613508,339.2128486809776,1.0,5.0,7.26416087962963,0.0,1.990463215258856,333,0.5,0.5,0.0,0.0,0.0,0.0,1.0,0.0,0.0,0.0,0.0,0.0,0.0,0.0,0.0,0.0,2,34.0,34.0,34.0,1.0,1.0,1.0,0.0
e68856e8450afe7390b02d1b2bcefb29,-19.74214521962713,-47.91441301870348,MG,2,58.85,95.735,191.47,23.54,2.5,2,2,0.6267629566694987,219.8986102341892,5.5,5.0,10.267193287037037,0.0,2.0,282,1.0,0.0,0.0,0.0,0.0,0.7986406117247239,0.0,0.0,0.0,0.2013593882752761,0.0,0.0,0.0,0.0,0.0,0.0,2,79.0,79.0,79.0,0.0,0.0,0.24009067357512953,0.8666092718088225
e68e1b61896163cdd7f8e07b2ae814c9,-22.92407937365451,-43.21379225353238,RJ,3,97.93333333333334,121.23,363.69,97.93333333333334,1.0,3,3,0.2378829135466303,431.174752131674,2.6666666666666665,4.0,16.0324112654321,0.0,3.0,139,1.0,0.0,0.0,0.0,0.0,0.5068073519400953,0.0,0.0,0.0847515316541865,0.4084411164057182,0.0,0.0,0.0,0.0,0.0,0.0,2,1.0,1.0,1.0,0.0,0.0,6.603805143215555,1.0422383379330218
e6ae3727da5a849a77c47c7d661bd152,-23.62181663352333,-46.77347639858559,SP,2,90.95,104.985,209.97000000000003,60.63333333333333,1.5,2,3,0.1543155579989004,39.213254587459865,8.0,4.0,5.626556712962962,0.0,2.0,79,1.0,0.0,0.0,0.0,0.0,0.0,0.0,0.0,0.8356239692138537,0.1643760307861462,0.0,0.0,0.0,0.0,0.0,0.0,2,1.0,1.0,1.0,1.0,0.0,2.195890410958904,0.5291935019081492
e6da0e9bb3545f5468975a2cf67ce246,-22.8188544083722,-42.99777656611864,RJ,2,34.9,49.42,98.84,34.9,1.0,1,1,0.4160458452722063,364.91519956413214,2.5,1.0,35.66649305555556,1.0,1.3628731343283582,507,0.5,0.0,0.5,0.0,0.0,0.0,0.0,0.0,0.0,0.0,0.0,0.0,1.0,0.0,0.0,0.0,2,29.0,29.0,29.0,1.0,1.0,1.0,0.0
e6f7a95a474d4f2224834b896c22f66f,-24.18891085323922,-52.687365716980686,PR,2,37.35,113.625,227.25,24.899999999999995,1.5,1,1,2.042168674698796,909.5540423550466,1.0,4.5,13.726967592592594,0.0,2.0,147,1.0,0.0,0.0,0.0,0.0,0.0,0.0,0.0,0.0,0.0,0.0,0.0,0.0,0.0,0.0,1.0,2,7.0,7.0,7.0,1.0,1.0,2.0,0.4714045207910317
e7039843c54c69530bbf70d926baaab6,-23.467902912956443,-46.68092498498231,SP,2,176.245,194.185,388.37,117.49666666666668,1.5,2,2,0.1017901217055802,20.530184712249664,2.5,4.0,9.744172453703705,0.0,2.0,290,1.0,0.0,0.0,0.0,0.5106244148770178,0.0,0.0,0.0,0.0,0.0,0.0,0.4893755851229822,0.0,0.0,0.0,0.0,2,69.0,69.0,69.0,0.0,0.0,1.060318302387268,0.04140280712769291
e7688fef5438be571d0c39bbb3e8e998,-23.521879508923384,-46.71579332011633,SP,2,27.445,36.005,72.01,27.445,1.0,2,2,0.311896520313354,70.2813182482175,2.5,5.0,3.709681712962963,0.0,1.8924870466321244,309,1.0,0.0,0.0,0.0,0.0,0.0,0.0,0.6358170887229003,0.0,0.0,0.0,0.0,0.0,0.0,0.0,0.3641829112770996,2,77.0,77.0,77.0,0.0,0.0,1.5930860640979476,0.32345642788897205
e76f5c3699e402d57852989386ab1cc4,-23.557450993440604,-46.69728307485208,SP,2,73.5,94.065,188.13,49.0,1.5,1,1,0.2797959183673469,392.93120103936695,1.5,5.0,12.012795138888889,0.0,2.0,165,1.0,0.0,0.0,0.0,0.0,0.0,0.0,0.0,1.0,0.0,0.0,0.0,0.0,0.0,0.0,0.0,2,12.0,12.0,12.0,1.0,1.0,2.0,0.4714045207910317
e77723abebdc6d6b95814047f75c2aab,-23.57634830632692,-46.749926015279385,SP,2,145.0,166.965,333.93,96.66666666666669,1.5,2,2,0.1514827586206896,181.7057136959376,4.5,4.5,8.170613425925925,0.0,2.0,260,1.0,0.0,0.0,0.0,0.0,0.5862068965517241,0.0,0.0,0.0,0.0,0.0,0.0,0.0,0.0,0.0,0.4137931034482758,2,14.0,14.0,14.0,0.0,0.0,0.7248450413223141,0.2256016424628358
e7a57c5b35cdb485d352afad87560042,-23.255798917190056,-47.29762770647946,SP,2,57.74,71.44500000000001,142.89,38.49333333333333,1.5,3,2,0.237357118115691,209.385582135306,1.0,5.0,10.953958333333333,0.0,2.0,244,1.0,0.0,0.0,0.0,0.0,0.0,0.0,0.0,0.0,0.0,0.0,0.0,0.0,0.4761863526151714,0.311655697956356,0.2121579494284724,2,29.0,29.0,29.0,0.0,0.0,0.3411864088605219,0.6946857718732419
e7ceb5e15c42737c00925a715525dc67,-23.73227320951918,-46.589421390225006,SP,2,41.3,49.41,98.82,41.3,1.0,1,1,0.1963680387409201,157.00896095816796,1.0,4.0,11.599241898148149,0.5,2.0,213,0.0,1.0,0.0,0.0,0.0,0.0,0.0,0.0,0.0,0.0,0.0,0.0,0.0,0.0,0.0,1.0,2,80.0,80.0,80.0,1.0,1.0,1.330110822919123,0.20035407683893272
e7e84072c5730f21d38aea4e37d531f0,-32.17727986718709,-52.16835178383,RS,2,19.995,36.505,73.01,19.995,1.0,2,2,0.8257064266066518,1258.2980278036312,2.0,4.5,24.293738425925923,0.5,1.849367088607595,282,0.589097383920011,0.0,0.410902616079989,0.0,0.0,0.0,0.0,0.0,0.0,0.0,0.0,0.0,0.0,0.5001250312578145,0.0,0.4998749687421855,2,113.0,113.0,113.0,0.0,0.0,0.9253691983122363,0.05481748228346604
e7ea4c3049b0ffcb326d8fcf44a06c05,-12.99430693833048,-38.48092018911591,BA,2,92.49,112.505,225.01,92.49,1.0,1,1,0.2164017731646664,1328.0119872038615,2.0,4.0,21.10541087962963,0.0,2.0,85,1.0,0.0,0.0,1.0,0.0,0.0,0.0,0.0,0.0,0.0,0.0,0.0,0.0,0.0,0.0,0.0,2,78.0,78.0,78.0,1.0,1.0,1.7741338922450993,0.39464232514735637
e8001d7ab27230c1f2fb39aa63aea136,-21.20329463101819,-41.89386496737989,RJ,2,200.6,224.58,449.16,200.6,1.0,2,2,0.1195413758723828,561.2037282201463,7.5,5.0,11.970839120370371,0.0,2.0,83,1.0,0.0,0.0,0.0,0.0,0.0,0.0,0.0,0.0,0.0,0.0,0.0,0.0,0.0,0.0,1.0,2,93.0,93.0,93.0,0.0,0.0,1.1981012038758931,0.12745428133596687
e836a4279bd9127752d8949d46f7a5a5,-23.967061811647746,-46.3873336986366,SP,2,82.94,104.945,209.89,82.94,1.0,1,2,0.2653122739329636,1290.5720264237912,1.5,4.0,14.86039351851852,0.0,2.0,52,1.0,0.0,0.0,0.0,0.0,0.0,0.0,0.0,0.0,0.0,0.0,0.0,0.0,0.0,0.0,1.0,2,66.0,66.0,66.0,1.0,0.0,1.9818155988066486,0.4656548634789871
e8663abca66edfe7b18d03a921637578,-22.89376653494346,-43.120477609613616,RJ,2,83.445,98.32,196.64,83.445,1.0,2,2,0.1782611300856852,454.63235753201786,4.0,3.0,23.779375,0.0,2.0,187,1.0,0.0,0.0,0.0,0.7723051111510576,0.0,0.0,0.0,0.0,0.0,0.0,0.0,0.0,0.0,0.0,0.2276948888489424,2,33.0,33.0,33.0,0.0,0.0,2.7742802303262954,0.664818458633894
e87c2e2e5985c5996ec20651a3d50fe7,-15.74007240397408,-47.89956277661608,DF,2,152.0,187.935,375.87,152.0,1.0,2,2,0.2364144736842105,1021.6740679586412,10.0,5.0,17.13791087962963,0.0,1.922368421052632,346,1.0,0.0,0.0,0.0,0.0,0.0,0.0,0.0,0.4934210526315789,0.0,0.0,0.0,0.0,0.0,0.0,0.506578947368421,2,34.0,34.0,34.0,0.0,0.0,1.0674917491749174,0.04616596272732022
e89bf89e2621b5aeb4c181e69a8c6952,-30.016520688501192,-51.14360377726849,RS,2,183.395,209.255,418.51,122.26333333333334,1.5,2,3,0.1410071157883257,925.7809452736092,5.0,3.0,15.169056712962965,0.0,1.7147887323943662,412,1.0,0.0,0.0,0.0,0.0,0.7549006243354508,0.0,0.0,0.0,0.0,0.0,0.0,0.0,0.0,0.0,0.2450993756645492,2,14.0,14.0,14.0,0.0,0.0,2.97520896656535,0.7026969732992883
e8a63b5829f45bc153ed838ba9de6c0b,-21.71929675542345,-43.35459166462313,MG,2,43.745000000000005,67.37,134.74,43.745000000000005,1.0,2,2,0.5400617213395816,669.3268917687459,1.0,4.5,17.510659722222222,0.5,2.0,110,0.0,1.0,0.0,0.0,0.0,0.0,0.0,0.0,0.4514801691621899,0.54851983083781,0.0,0.0,0.0,0.0,0.0,0.0,2,245.0,245.0,245.0,0.0,0.0,0.8412134462968024,0.12196201272655016
e8bab621313ad2a3c0ce8e3a023ff9bb,-22.94285125887779,-47.15187874953361,SP,2,233.0,246.13,492.26,233.0,1.0,1,1,0.0563519313304721,266.7755627871758,3.0,,26.757702546296294,0.5,1.5411392405063291,347,1.0,0.0,0.0,1.0,0.0,0.0,0.0,0.0,0.0,0.0,0.0,0.0,0.0,0.0,0.0,0.0,2,127.0,127.0,127.0,1.0,1.0,1.1880167125966752,0.12152365353346178
e8fee231a8a4901e2b0b5a2324eb1405,-27.21497657318797,-49.63785341695686,SC,2,41.49,57.870000000000005,115.74,41.49,1.0,1,1,0.3947939262472885,504.049842864635,1.0,3.5,12.57795138888889,0.0,1.8974025974025972,357,0.6622602384655262,0.3377397615344738,0.0,1.0,0.0,0.0,0.0,0.0,0.0,0.0,0.0,0.0,0.0,0.0,0.0,0.0,2,28.0,28.0,28.0,1.0,1.0,1.9608595548733692,0.4589412597436794
e9523749328fe82cd18a39f8611a69b9,-19.9693310621128,-43.9621283089176,MG,2,283.5,303.695,607.39,283.5,1.0,2,2,0.0712345679012345,488.6579414818828,2.0,5.0,8.550561342592593,0.0,2.0,133,1.0,0.0,0.0,0.0,0.437389770723104,0.0,0.0,0.0,0.0,0.0,0.0,0.0,0.0,0.0,0.0,0.562610229276896,2,61.0,61.0,61.0,0.0,0.0,0.7876504694352062,0.16799010277617143
e9659b474a13413b36c7a5c1e6d7055b,-22.43903792833717,-46.821418648402336,SP,2,68.4,79.50999999999999,159.01999999999998,68.4,1.0,2,2,0.1624269005847953,141.62872451811776,4.0,5.0,3.272534722222222,0.0,1.7992610837438423,171,1.0,0.0,0.0,0.0,0.0,0.6425438596491228,0.0,0.0,0.0,0.0,0.0,0.0,0.0,0.0,0.3574561403508771,0.0,2,235.0,235.0,235.0,0.0,0.0,0.5766408883601031,0.37974417754578776
e97081db25f1967ef831179b1995eead,-22.919821974530095,-47.06975184440491,SP,2,70.0,86.83000000000001,173.66000000000005,70.0,1.0,1,1,0.2404285714285714,370.6813273872572,4.5,4.5,5.235457175925927,0.0,2.0,77,1.0,0.0,0.0,1.0,0.0,0.0,0.0,0.0,0.0,0.0,0.0,0.0,0.0,0.0,0.0,0.0,2,66.0,66.0,66.0,1.0,1.0,1.0342040529459997,0.02377924451301071
e9b87dccd9c326a3325385087eb0150c,-30.119626737781036,-51.33304961404269,RS,3,126.46333333333332,150.61,451.83,94.8475,1.3333333333333333,2,2,0.1909380848203695,906.0380711876934,2.333333333333333,5.0,12.74059799382716,0.0,2.351394849785408,332,1.0,0.0,0.0,0.0,0.0,0.0,0.947310155776378,0.0,0.0,0.0,0.0,0.0,0.0,0.0,0.0,0.0526898442236221,3,67.0,67.0,134.0,0.5,0.5,4.310941625110003,0.7860514408172523
e9c905c9d93eadb270434d5f1de50fee,-22.76365934195123,-52.98823017245587,PR,2,212.495,237.27,474.54,212.495,1.0,1,1,0.1165909786112614,668.0411207571161,8.0,5.0,15.21535300925926,0.0,2.0,126,1.0,0.0,0.0,0.0,0.0,0.0,0.0,0.0,0.0,0.0,1.0,0.0,0.0,0.0,0.0,0.0,2,95.0,95.0,95.0,1.0,1.0,1.0022784810126582,0.0016092959996659084
e9dd12dca17352644a959d9dea133935,-12.701970114038456,-38.32447348925192,BA,2,37.49,56.915,113.83,37.49,1.0,1,1,0.5181381701787142,1461.0374814005518,1.0,4.0,44.76853009259259,0.5,2.0,137,1.0,0.0,0.0,0.0,0.0,0.0,0.0,0.0,1.0,0.0,0.0,0.0,0.0,0.0,0.0,0.0,2,44.0,44.0,44.0,1.0,1.0,1.433304831124412,0.2518326355908164
e9e96ff4f36a319a3621b95b43343532,-23.14178573950242,-46.5515139811469,SP,2,73.95,85.78,171.56,49.3,1.5,3,3,0.159972954699121,69.4155663735559,1.0,4.0,4.545908564814814,0.0,2.0,234,0.0,1.0,0.0,0.0,0.0,0.0,0.0,0.0,0.0,0.0,0.0,0.1284651791751183,0.0,0.0,0.0,0.8715348208248817,2,106.0,106.0,106.0,0.0,0.0,5.32829214312062,0.9672640441178535
e9e9aa9ebf0957826090f74c9f5fd4e4,-24.01408347670501,-46.43783704375947,SP,2,43.9,61.17999999999999,122.36,43.9,1.0,2,2,0.393621867881549,326.60129562552555,2.5,5.0,11.472835648148148,0.0,2.0,46,0.3864825106243871,0.613517489375613,0.0,0.3177676537585421,0.0,0.0,0.0,0.0,0.6822323462414579,0.0,0.0,0.0,0.0,0.0,0.0,0.0,2,279.0,279.0,279.0,0.0,0.0,0.6299453843079793,0.32107594608307105
ea09b32bf96ba057088e140c6bec60da,-23.679599216205723,-46.74014877488933,SP,2,184.45,204.22,408.44,184.45,1.0,2,2,0.1071835185687178,162.4456850385928,3.0,5.0,17.463547453703704,0.5,2.0,119,1.0,0.0,0.0,0.0,0.3903496882624017,0.0,0.0,0.0,0.0,0.0,0.0,0.0,0.0,0.0,0.6096503117375983,0.0,2,134.0,134.0,134.0,0.0,0.0,0.6273158293159089,0.32387997410728464
ea2a4a14c49ad9a9d64d2b7f91f0c293,-21.140377172004904,-48.97468595318067,SP,2,63.445,76.24000000000001,152.48000000000002,63.445,1.0,2,2,0.2016707384348648,203.85870323385024,1.0,4.0,9.394212962962964,0.0,1.7476076555023925,330,0.0,1.0,0.0,0.0,0.0,0.0,0.8661044999605958,0.0,0.0,0.0,0.0,0.0,0.0,0.0,0.0,0.1338955000394042,2,89.0,89.0,89.0,0.0,0.0,4.174075330844928,0.8675599201493921
ea94f7a5177a14fde12ff625b03dcd7a,-26.51197406846876,-52.66907658962485,SC,2,60.650000000000006,76.07,152.14,60.650000000000006,1.0,2,2,0.2542456718878813,519.2295364479357,3.5,4.0,15.228871527777777,0.0,1.990463215258856,128,1.0,0.0,0.0,0.0,0.0,0.0,0.0,0.0,0.5762572135201979,0.0,0.0,0.0,0.0,0.0,0.0,0.423742786479802,2,239.0,239.0,239.0,0.0,0.0,0.7659895531050492,0.1873967754531459
eaa604ab9f816252edb7a8d297f932e5,-18.87255652918205,-41.97336062107178,MG,2,694.0,716.105,1432.21,694.0,1.0,1,1,0.0318515850144092,709.4101935701625,2.0,5.0,19.68837962962963,0.0,2.0,275,0.1473736393405995,0.503515545904581,0.3491108147548195,0.0,1.0,0.0,0.0,0.0,0.0,0.0,0.0,0.0,0.0,0.0,0.0,0.0,2,25.0,25.0,25.0,1.0,1.0,1.0141617562265317,0.00994346539480731
eabaccde0fe3120d2cbbcfc93e2b4177,-22.73616751829369,-47.61913851048835,SP,2,34.27,42.325,84.64999999999999,34.27,1.0,2,2,0.2350452290633206,143.03627416335087,3.0,4.0,6.05853587962963,0.0,2.0,121,1.0,0.0,0.0,0.0,0.0,0.0,0.0,0.0,0.0,0.0,0.0,0.0,0.0,0.0,0.0,1.0,2,172.0,172.0,172.0,0.0,0.0,0.2882361893166946,0.7813676114848157
eac6dbc8ecd0a2f08ed8e53d18f0e0d0,-23.4953451137932,-46.28035342834058,SP,2,115.45,128.76,257.52,115.45,1.0,2,2,0.1152880034647033,174.47625293664368,6.0,4.0,3.2544502314814814,0.0,1.2838312829525482,355,1.0,0.0,0.0,0.0,0.0,0.779558250324816,0.0,0.0,0.220441749675184,0.0,0.0,0.0,0.0,0.0,0.0,0.0,2,214.0,214.0,214.0,0.0,0.0,3.1104549082202717,0.726107941973325
ead394416d4f85207932cc124eb145e2,-23.596737338109424,-46.79542039374908,SP,2,191.0,208.18,416.36,191.0,1.0,2,2,0.0899476439790575,320.66060510104023,2.5,5.0,7.824537037037037,0.0,2.0,272,1.0,0.0,0.0,0.0,0.0,0.0,0.0,0.0,0.0,0.0,0.0,0.0,0.0,0.0,0.0,1.0,2,34.0,34.0,34.0,0.0,0.0,1.0235225505443235,0.016439604289282796
eae0a83d752b1dd32697e0e7b4221656,-10.59350789825776,-38.38396307994342,BA,2,910.865,1391.505,2783.01,121.44866666666668,7.5,1,1,0.5276742437133933,1664.785628500739,8.0,3.0,33.03395833333333,0.0,2.0,131,1.0,0.0,0.0,0.0,0.0,0.0,0.0,0.0,0.0,0.0,0.0,0.0,0.0,0.0,0.0,1.0,2,82.0,82.0,82.0,1.0,1.0,0.399517236177114,0.6067884314803356
eaf8b1aa185199a62be13fe370e82ad1,-22.56104845964281,-44.95920513753824,SP,2,38.0,49.85,99.7,38.0,1.0,1,1,0.3118421052631578,205.9378091311547,3.5,4.5,17.6112037037037,0.0,2.0,272,1.0,0.0,0.0,0.0,0.0,0.0,0.0,0.0,0.0,0.0,0.0,0.0,0.0,0.0,1.0,0.0,2,18.0,18.0,18.0,1.0,1.0,1.0,0.0
eb28e67c4c0b83846050ddfb8a35d051,-20.22250610716732,-50.89895147815788,SP,2,126.39,142.28,284.56,126.39,1.0,2,2,0.1257219716749743,605.5362986755856,2.0,4.5,11.728819444444444,0.0,1.478744939271255,349,1.0,0.0,0.0,0.0,0.0,0.0,0.0,0.0509533982118838,0.0,0.0,0.0,0.0,0.0,0.0,0.0,0.9490466017881162,2,145.0,145.0,145.0,0.0,0.0,0.09517761613362584,1.1684059899982944
eb3401656cd6eaad985629735dc1c339,-20.754545000481134,-42.87786978525557,MG,2,79.8,113.91,227.82,31.92,2.5,2,3,0.4275062656641604,607.8196898342492,1.0,2.5,8.348368055555556,0.0,2.0,95,0.0,1.0,0.0,0.0,0.0,0.6873433583959899,0.0,0.0,0.0,0.0,0.0,0.0,0.0,0.0,0.0,0.31265664160401,2,196.0,196.0,196.0,0.0,0.0,0.46990128395380343,0.5100157417459991
eb4520b16c32518b6615f2d50f1be1bb,-22.27652030799996,-49.07455093628359,SP,2,160.48,209.34,418.68,80.24,2.0,2,3,0.3044616151545364,290.6088650225385,9.0,4.0,5.271284722222222,0.0,1.5411392405063291,39,1.0,0.0,0.0,0.0,0.0,0.0,0.2928402293120638,0.0,0.0,0.7071597706879362,0.0,0.0,0.0,0.0,0.0,0.0,2,436.0,436.0,436.0,1.0,0.0,0.7848068889078352,0.17051089287425686
eb8367e178d144706a4ff3da62d284cb,-25.024162617656152,-50.58299784031901,PR,2,40.495000000000005,56.44,112.88,40.495000000000005,1.0,2,2,0.3937523151006297,594.5675286366784,2.0,2.5,10.828113425925926,0.0,1.6527149321266967,325,1.0,0.0,0.0,0.0,0.0,0.0,0.0,0.0,0.0,0.0,0.0,0.0,0.0,0.530806272379306,0.0,0.4691937276206938,2,117.0,117.0,117.0,0.0,0.0,0.9431915992425546,0.041343947163635895
eb89ecac165940c95a05cb77e89a789d,-19.985406164415004,-44.04082212929074,MG,2,50.7,61.875,123.75,50.7,1.0,1,2,0.2204142011834319,243.5833351569673,3.5,5.0,5.789722222222222,0.0,1.5411392405063291,273,1.0,0.0,0.0,0.0,0.0,0.0,0.0,1.0,0.0,0.0,0.0,0.0,0.0,0.0,0.0,0.0,2,201.0,201.0,201.0,1.0,0.0,2.0929767558110473,0.4997459319804076
eb8ace0670e08632f5fe8977b669530e,-22.58015585157158,-47.429198989185565,SP,2,25.495,37.96,75.92,25.495,1.0,2,2,0.4889193959599921,141.70634019159343,2.5,4.5,11.174149305555556,0.5,1.7188235294117646,284,1.0,0.0,0.0,0.0,0.0,0.6864090998234947,0.0,0.0,0.0,0.0,0.0,0.0,0.0,0.0,0.0,0.3135909001765052,2,141.0,141.0,141.0,0.0,0.0,1.7270114942528736,0.37702426899936037
ebad8517c448bbd20ca1910bf1a33819,-22.941672731357368,-43.176758095772655,RJ,2,117.9,135.76999999999998,271.54,117.9,1.0,2,2,0.1515691263782866,673.9450872502964,10.0,5.0,15.979496527777778,0.0,1.388783269961977,309,1.0,0.0,0.0,0.0,0.0,0.4236641221374045,0.0,0.0,0.0,0.0,0.0,0.0,0.0,0.0,0.0,0.5763358778625954,2,217.0,217.0,217.0,0.0,0.0,0.7668033053549352,0.1866591075917056
ebf40c0db4fe06ddd15a7a44238c986e,-22.896994821613426,-43.09855360383198,RJ,2,98.675,119.39,238.78,98.675,1.0,1,2,0.2099315936154041,602.902706313446,3.5,5.0,9.82001736111111,0.0,2.0,82,1.0,0.0,0.0,0.0,0.0,1.0,0.0,0.0,0.0,0.0,0.0,0.0,0.0,0.0,0.0,0.0,2,232.0,232.0,232.0,1.0,0.0,1.7245549977179369,0.37608912476208867
ec0f5b4fe392d71f361112c1b508b707,-8.74415770626707,-63.89586581167848,RO,2,99.4,142.59,285.18,99.4,1.0,2,2,0.4345070422535211,2169.451296112162,5.0,4.0,21.16298032407408,0.0,1.726950354609929,243,1.0,0.0,0.0,0.0,0.0,0.0,0.0,0.0,0.0,0.0,0.5980885311871227,0.0,0.0,0.0,0.0,0.4019114688128772,2,180.0,180.0,180.0,0.0,0.0,0.8131993896236013,0.14569603219903754
ec1a46ef8409aca3b3f94b01e02d6582,-23.56132994321024,-46.65638465454749,SP,2,105.0,114.09,228.18,105.0,1.0,1,1,0.0865714285714285,95.96109130841783,1.0,5.0,3.206429398148148,0.0,2.0,151,1.0,0.0,0.0,0.0,0.0,0.0,0.0,0.0,0.0,0.0,0.0,0.0,0.0,0.0,0.0,1.0,2,13.0,13.0,13.0,1.0,1.0,1.0,0.0
ec2ddda7d56bc6dcf0e5e5f4b9f67fef,-7.207433892096264,-48.202698063135216,TO,2,358.0,391.495,782.99,358.0,1.0,1,2,0.0935614525139664,1785.650758191823,1.0,3.5,24.29724537037037,0.5,2.0,113,1.0,0.0,0.0,0.0,1.0,0.0,0.0,0.0,0.0,0.0,0.0,0.0,0.0,0.0,0.0,0.0,2,144.0,144.0,144.0,1.0,0.0,1.9552368371390827,0.4571237314665661
ec441c1966bfa602976763f330fc5168,-23.627892604641037,-46.6692488249568,SP,2,216.29,243.84,487.68,86.516,2.5,1,2,0.127398400295899,355.9993105130453,1.0,2.5,11.474363425925926,0.0,2.0,144,0.0,1.0,0.0,0.0,0.0,0.0,0.0,1.0,0.0,0.0,0.0,0.0,0.0,0.0,0.0,0.0,2,86.0,86.0,86.0,1.0,1.0,1.4349910125823846,0.2526375606010991
ec6a85d8bf9c7a514c411a1287643d1d,-22.417670059707213,-42.9767878303727,RJ,2,254.9,280.09000000000003,560.1800000000001,254.9,1.0,1,1,0.0988230678697528,461.2091528249033,7.5,4.5,22.23486111111111,0.5,2.0,270,1.0,0.0,0.0,0.0,0.0,1.0,0.0,0.0,0.0,0.0,0.0,0.0,0.0,0.0,0.0,0.0,2,15.0,15.0,15.0,1.0,1.0,0.519750406945198,0.44689936236796257
ec7f1811826ab04a27a92197bc40c888,-22.91456473061436,-43.24584028835053,RJ,4,121.9725,139.235,556.94,97.578,1.25,3,4,0.141527803398307,364.6817786982014,4.75,4.75,22.627092013888888,0.25,4.0,258,1.0,0.0,0.0,0.0,0.0,0.0940785832872163,0.8608497817130911,0.0,0.0,0.0,0.0,0.0,0.0,0.0,0.0,0.0450716349996925,4,15.666666666666666,16.0,47.0,0.3333333333333333,0.0,0.20374699438952712,0.8585705877031276
ec8d6e9f822cddd2f1408b764cd173c4,-21.77248985938389,-52.11657702091198,SP,2,44.895,58.53,117.06,44.895,1.0,2,2,0.3037086535248914,547.7397446747594,3.0,4.5,14.573177083333333,0.5,2.0,107,1.0,0.0,0.0,0.6179975498385122,0.0,0.0,0.0,0.0,0.0,0.0,0.0,0.0,0.0,0.0,0.0,0.3820024501614879,2,36.0,36.0,36.0,0.0,0.0,0.7134074941451992,0.2365479373933469
ecb2bbf5c566fab74d5ab5f3cfd2ba19,-23.65569361459747,-46.69683943129601,SP,2,34.4,51.065,102.13,34.4,1.0,2,2,0.4844476744186046,515.9340713499902,1.0,3.5,9.72699074074074,0.0,2.0,118,1.0,0.0,0.0,0.0,0.0,0.0,0.5799418604651163,0.0,0.4200581395348837,0.0,0.0,0.0,0.0,0.0,0.0,0.0,2,103.0,103.0,103.0,0.0,0.0,1.3211363636363638,0.19566080129571956
ecc693b513a0c362c8da8e6beeeb545a,-19.966328436070835,-43.93942770536868,MG,2,118.37,138.48000000000002,276.96000000000004,118.37,1.0,1,2,0.1698910196840415,545.6924645574948,2.5,5.0,9.575237268518515,0.0,2.0,75,1.0,0.0,0.0,0.0,0.0,1.0,0.0,0.0,0.0,0.0,0.0,0.0,0.0,0.0,0.0,0.0,2,235.0,235.0,235.0,1.0,0.0,2.183448275862069,0.5257345045563759
ecc6d0f3eb9435df737e1f0d9a1c6d3f,-21.17984836317826,-47.788588427365454,SP,2,199.9,217.57,435.14,199.9,1.0,1,1,0.0883941970985492,170.45446664911557,8.0,5.0,6.544305555555555,0.0,2.0,128,1.0,0.0,0.0,0.0,0.0,1.0,0.0,0.0,0.0,0.0,0.0,0.0,0.0,0.0,0.0,0.0,2,87.0,87.0,87.0,1.0,1.0,1.005900520905361,0.004160025186922745
ecdbc4bf2201c807294c7d8c4b777032,-23.1165967197612,-47.23775015520104,SP,2,629.95,647.045,1294.09,629.95,1.0,2,2,0.0271370743709818,495.69201359152,4.5,5.0,6.725590277777778,0.0,1.4102316602316602,320,1.0,0.0,0.0,0.9523771727914914,0.0,0.0,0.0,0.0,0.0,0.0,0.0,0.0,0.0,0.0,0.0,0.0476228272085086,2,198.0,198.0,198.0,0.0,0.0,17.218921582429957,1.2589668804029681
ece908ca0502def5dd56deca8a5c67d5,-23.33143615961108,-46.597021626075794,SP,2,114.9,132.79000000000002,265.58000000000004,114.9,1.0,2,2,0.1557006092254134,564.0575760650132,10.0,4.0,10.808564814814815,0.0,1.318592057761733,127,1.0,0.0,0.0,0.0,0.0,0.0,0.0,0.0,0.0,0.0,0.0,0.0,0.0,0.0,0.0,1.0,2,427.0,427.0,427.0,0.0,0.0,0.7582257530619,0.19446900857694646
ed42ccde391485cde5b0699b84b5c070,-23.601566464836637,-46.66618053376866,SP,2,79.34,112.245,224.49,31.736,2.5,2,2,0.4147340559616839,302.18326178414486,1.0,5.0,8.146082175925926,0.0,2.0,68,1.0,0.0,0.0,0.0,0.0,0.5292412402319133,0.0,0.0,0.4707587597680866,0.0,0.0,0.0,0.0,0.0,0.0,0.0,2,145.0,145.0,145.0,0.0,0.0,0.9906890130353818,0.006614656512502765
ed4c785e11a78a73c48fa3af98008292,-17.854293449492072,-41.50836507325254,MG,2,165.745,204.85,409.7000000000001,66.298,2.5,3,3,0.2359347189960481,828.3293161541764,1.0,5.0,14.607199074074074,0.0,1.7476076555023925,106,0.0,1.0,0.0,0.0,0.0,0.0,0.1203656218890464,0.0,0.0,0.0,0.0,0.0,0.4877975202871881,0.3918368578237653,0.0,0.0,2,312.0,312.0,312.0,0.0,0.0,1.7080441536122681,0.36975971882207953
ed7ecb1bd52fef9f35d06b0f09c79539,-19.985406164415004,-44.04082212929074,MG,2,40.4,51.81,103.62,40.4,1.0,2,2,0.2824257425742574,244.92192771094295,2.0,2.5,12.021585648148148,0.0,1.4184466019417474,268,1.0,0.0,0.0,0.0,0.0,0.0,0.6175742574257426,0.0,0.0,0.0,0.0,0.0,0.0,0.0,0.0,0.3824257425742574,2,247.0,247.0,247.0,0.0,0.0,1.6153457849570925,0.3327400757639072
ed873efbae1f165689d2e836f7a45a20,-23.57397233230026,-46.49754937825064,SP,2,12.1,20.35,40.7,12.1,1.0,1,1,0.6818181818181819,7.815693878002083,1.0,3.5,11.480133101851852,0.0,1.4817444219066938,457,0.4884520884520884,0.0,0.0,0.0,0.0,0.0,0.0,0.0,0.0,0.0,0.0,0.0,1.0,0.0,0.0,0.0,2,36.0,36.0,36.0,1.0,1.0,0.9548511047070124,0.03266242625628282
ed917c786a8a3e411eae87aeca27cb27,-28.64278226457551,-53.60698218568255,RS,2,104.895,144.41000000000005,288.82000000000005,52.447500000000005,2.0,3,3,0.37671004337671,737.7282978673161,1.0,5.0,8.74379050925926,0.0,2.0,87,0.0747870646077141,0.0,0.9252129353922858,0.0,0.0,0.3145526478859812,0.0,0.0,0.0,0.0,0.0,0.4571237904571238,0.0,0.0,0.228323561656895,0.0,2,37.0,37.0,37.0,0.0,0.0,1.4240033571128827,0.24737230514191794
ed91e2bcbc71d72c1d7871961a01d3e3,-23.71794352960537,-46.616990509947,SP,2,55.900000000000006,70.58500000000001,141.17000000000002,55.900000000000006,1.0,2,2,0.2627012522361359,296.6133282516791,3.5,3.5,10.385439814814816,0.0,2.0,177,1.0,0.0,0.0,0.0,0.0,0.7772808586762074,0.0,0.0,0.0,0.0,0.0,0.0,0.0,0.0,0.0,0.2227191413237924,2,81.0,81.0,81.0,0.0,0.0,2.8413605442176872,0.6779048789812802
edb73fb9e9c6e283badde40e37f5c9e5,-22.997440913462743,-47.50590503713161,SP,2,87.35000000000001,104.43,208.86,58.23333333333334,1.5,2,2,0.195535203205495,164.17107504794805,7.5,5.0,6.859716435185185,0.0,2.0,277,1.0,0.0,0.0,0.0,0.0,0.0,0.0,0.0,0.1997710360618202,0.0,0.0,0.0,0.0,0.8002289639381798,0.0,0.0,2,6.0,6.0,6.0,0.0,0.0,0.3231548938866012,0.7234251508376017
eddc1407b097ef7952deb24806c9059b,-22.883273305007684,-43.09217160573567,RJ,2,114.9,138.36,276.72,114.9,1.0,1,1,0.204177545691906,366.5454450672224,1.0,5.0,6.252112268518518,0.0,1.3502772643253236,332,1.0,0.0,0.0,0.0,0.0,0.0,0.0,1.0,0.0,0.0,0.0,0.0,0.0,0.0,0.0,0.0,2,209.0,209.0,209.0,1.0,1.0,0.7992197659297788,0.15781625761087448
ee04cc9bca4c9198bec5c54c2542dd3b,-23.55253391602869,-46.30679291387566,SP,2,103.445,116.36,232.72,103.445,1.0,2,2,0.1248489535501957,230.1863295130754,5.5,4.5,5.7309375,0.0,1.664009111617312,28,1.0,0.0,0.0,0.0,0.0,0.0,0.0,0.0,0.0,0.6138044371405095,0.0,0.0,0.0,0.0,0.3861955628594906,0.0,2,412.0,412.0,412.0,0.0,0.0,1.653289248660358,0.3482057284461085
ee3adea169ca02ca9bd1e80bc620856e,-23.682342868425856,-46.58725661759577,SP,2,374.495,385.31,770.62,374.495,1.0,2,2,0.0288788902388549,30.8764187336682,4.5,5.0,2.924565972222222,0.0,2.0,243,1.0,0.0,0.0,0.0,0.959959412008171,0.0,0.0,0.0,0.0,0.0,0.0,0.0,0.0,0.0,0.0,0.0400405879918289,2,120.0,120.0,120.0,0.0,0.0,0.05153851402060449,1.2755853247181372
ee4a5dab94b427525ea24bc30d4442fb,-22.90365989654492,-43.10725580140319,RJ,2,91.7,113.77,227.54,91.7,1.0,2,2,0.2406761177753544,713.2251580555553,1.0,4.5,12.275023148148149,0.0,2.0,138,0.0787553836688055,0.5536169464709502,0.3676276698602443,0.0,0.0,0.0,0.0,0.0,0.0,0.0,0.0,0.4547982551799346,0.0,0.5452017448200654,0.0,0.0,2,155.0,155.0,155.0,0.0,0.0,0.8063030880368341,0.1516516257445
eed4189bfc1ea0c708e927cf93d63bdf,-20.36202443550713,-40.68169578734027,ES,2,198.95,216.345,432.69,198.95,1.0,1,2,0.0874340286504146,792.7535517460046,2.5,2.5,30.682256944444447,0.5,2.0,236,1.0,0.0,0.0,0.0,0.0,0.0,1.0,0.0,0.0,0.0,0.0,0.0,0.0,0.0,0.0,0.0,2,47.0,47.0,47.0,1.0,0.0,1.6020205664802454,0.3272017373389044
eeea20d93b0e221411defcabab3c8949,-20.340620456764224,-49.19857517926917,SP,2,119.35,140.575,281.15,79.56666666666668,1.5,2,2,0.1778382907415165,158.81897267625098,1.0,5.0,7.19322337962963,0.0,1.383522727272727,80,0.0,1.0,0.0,0.0,0.0,0.7532467532467533,0.0,0.0,0.0,0.0,0.0,0.2467532467532467,0.0,0.0,0.0,0.0,2,449.0,449.0,449.0,0.0,0.0,0.3899050820644651,0.6207650568467498
ef1d0f1922417f396a0aa0a03296c572,-23.5677119769473,-46.66173364253699,SP,2,83.44500000000001,95.375,190.75,83.44500000000001,1.0,2,2,0.1429684223140991,254.4936793612113,1.0,5.0,12.571579861111111,0.0,1.8400503778337527,283,0.0,0.2411533420707732,0.7588466579292268,0.0,0.0,0.0,0.0,0.1911438672179279,0.0,0.0,0.808856132782072,0.0,0.0,0.0,0.0,0.0,2,114.0,114.0,114.0,0.0,0.0,0.3177892918825561,0.7321289084369234
ef309784561fed416ff25e05ddfe495e,-20.835986831054743,-49.38690753642422,SP,2,57.49,71.39500000000001,142.79000000000002,57.49,1.0,1,1,0.2418681509827796,412.5832891587343,3.0,5.0,5.249230324074074,0.0,2.0,45,1.0,0.0,0.0,1.0,0.0,0.0,0.0,0.0,0.0,0.0,0.0,0.0,0.0,0.0,0.0,0.0,2,41.0,41.0,41.0,1.0,1.0,4.331964152352502,0.8837472944222373
ef3aa901ca7f8bc099be6fd33f8daba6,-12.99430693833048,-38.48092018911591,BA,2,64.95,83.48,166.96,64.95,1.0,2,2,0.2852963818321786,1468.2014833736323,3.0,5.0,10.57144675925926,0.0,2.0,45,1.0,0.0,0.0,0.0,0.0,0.0,0.0,0.0,0.0,0.0,0.0,0.3071593533487298,0.6928406466512702,0.0,0.0,0.0,2,51.0,51.0,51.0,0.0,0.0,1.8697146785837058,0.4286008999525551
ef3b6ab8a1704ead096adbcdee78284b,-23.47463875399604,-47.46722002132995,SP,2,126.5,142.35,284.7,126.5,1.0,2,2,0.125296442687747,348.4833311363884,5.5,5.0,15.630723379629629,0.5,2.0,176,0.6487530734106076,0.0,0.3512469265893924,0.0,0.0,0.0,0.766798418972332,0.0,0.0,0.0,0.0,0.0,0.233201581027668,0.0,0.0,0.0,2,95.0,95.0,95.0,0.0,0.0,2.930691702333287,0.6946386531867004
ef6f8fd740ae1fe88a80a321306bac50,-20.67032429853485,-44.06634940030843,MG,2,110.0,129.195,258.39,110.0,1.0,1,1,0.1745,415.9384079714312,1.0,2.5,10.67798611111111,0.0,2.0,87,1.0,0.0,0.0,0.0,0.0,0.0,0.0,1.0,0.0,0.0,0.0,0.0,0.0,0.0,0.0,0.0,2,61.0,61.0,61.0,1.0,1.0,0.9915985817789424,0.005965760218997169
ef7200d5b0b899369c77c7407ec5502e,-22.96275533121332,-43.17056649858351,RJ,2,89.495,105.015,210.03,89.495,1.0,2,2,0.1734175093580647,362.0573266643815,3.5,5.0,19.568842592592592,0.0,2.0,127,1.0,0.0,0.0,0.8379797754064473,0.0,0.0,0.0,0.0,0.0,0.0,0.0,0.0,0.0,0.0,0.0,0.1620202245935527,2,132.0,132.0,132.0,0.0,0.0,0.26676718938480093,0.8185780258900974
ef7ccf8e6acbf1ac71af305967e708c3,-19.878369594380786,-43.99628150542416,MG,2,130.45,147.36,294.72,130.45,1.0,2,2,0.1296282100421617,550.8688843021769,1.5,3.5,13.81980324074074,0.0,1.760240963855422,406,1.0,0.0,0.0,0.7627443464929092,0.0,0.0,0.0,0.2372556535070908,0.0,0.0,0.0,0.0,0.0,0.0,0.0,0.0,2,10.0,10.0,10.0,0.0,0.0,2.823559937727037,0.6744769894379826
ef89c781d27561d99c4b90783fde3c57,-4.230667840081138,-38.72919091978718,CE,2,82.9,110.965,221.93,82.9,1.0,1,2,0.3385404101326899,2287.029353428456,6.0,5.0,18.630063657407405,0.0,2.0,254,1.0,0.0,0.0,0.0,0.0,1.0,0.0,0.0,0.0,0.0,0.0,0.0,0.0,0.0,0.0,0.0,2,6.0,6.0,6.0,1.0,0.0,0.48806490545795905,0.4865282092875491
efb164704e9f4fc3867f6f59f5f6dbd6,-25.48264041898073,-49.25452908324422,PR,2,79.08500000000001,94.205,188.41,79.08500000000001,1.0,2,2,0.1911866978567364,470.4217570023123,2.0,4.5,13.090028935185185,0.0,1.3138489208633093,207,1.0,0.0,0.0,0.0,0.0,0.0,0.0,0.1211987102484668,0.0,0.0,0.0,0.0,0.0,0.0,0.0,0.878801289751533,2,349.0,349.0,349.0,0.0,0.0,4.592460670822203,0.9084563847673462
efce1ab3e96ccab8b1b464326bd22417,-23.536631143944383,-46.66182778463711,SP,2,397.65,452.36,904.72,72.3,5.5,3,4,0.1375833018986546,161.93819527163953,7.5,5.0,7.12646412037037,0.0,1.868286445012788,159,1.0,0.0,0.0,0.0,0.0,0.0,0.0,0.8304036212749906,0.0,0.0,0.0,0.0,0.0314095309945932,0.0,0.0,0.1381868477304162,2,232.0,232.0,232.0,0.0,0.0,6.572145965852025,1.0406831077963479
efd22f5f8fc7e5035a4f48bd92c0c69c,-15.62760155448214,-46.42642802255632,MG,2,17.775,35.295,70.59,17.775,1.0,2,2,0.9856540084388188,925.728200489302,2.0,3.0,13.384953703703705,0.0,1.388783269961977,159,0.4273976483921235,0.5726023516078764,0.0,0.0,0.0,0.0,0.0,0.0,0.0,0.0,0.0,0.440225035161744,0.0,0.0,0.0,0.559774964838256,2,367.0,367.0,367.0,0.0,0.0,1.3397414650314883,0.20535046060807796
f00aa1cfc257dfff20184269b19db923,-22.830122048093077,-43.35304515429698,RJ,2,69.92500000000001,87.98,175.96,69.92500000000001,1.0,1,2,0.2582052198784411,565.8816651961247,8.0,5.0,29.84104166666667,0.5,2.0,176,1.0,0.0,0.0,0.0,0.0,1.0,0.0,0.0,0.0,0.0,0.0,0.0,0.0,0.0,0.0,0.0,2,148.0,148.0,148.0,1.0,0.0,0.6325848951568009,0.31827038571251737
f00e99f043c33da533ebc107f5a68c4e,-16.04324006514133,-48.03036598639271,DF,2,139.945,158.53,317.06,139.945,1.0,2,2,0.1328021722819679,788.2129752817489,1.0,1.5,15.814438657407408,0.0,2.0,91,0.0,0.4882672049454362,0.5117327950545638,0.0,0.0,0.0,0.0,0.0,0.0,0.0,0.5180249383686448,0.0,0.0,0.0,0.4819750616313552,0.0,2,172.0,172.0,172.0,0.0,0.0,0.9541448382126348,0.033185355781416216
f043529722a354cd3f185270e0c6aa15,-23.72506637711233,-46.67838694925995,SP,2,19.95,33.485,66.97,19.95,1.0,2,2,0.6784461152882206,297.01910260726834,1.0,5.0,8.348015046296297,0.0,1.383522727272727,335,0.0,0.0,1.0,0.0,0.0,0.0,0.5263157894736842,0.0,0.0,0.0,0.0,0.0,0.0,0.0,0.0,0.4736842105263157,2,193.0,193.0,193.0,0.0,0.0,1.2427997320830542,0.15309912389435476
f06d35a600b606329886d392afda66c7,-7.211811591712442,-34.85040001298635,PB,2,83.445,106.87,213.74,83.445,1.0,2,2,0.2807238300677092,1687.8245615521878,1.0,5.0,19.48852430555556,0.0,2.0,55,1.0,0.0,0.0,0.4014021211576487,0.0,0.0,0.5985978788423514,0.0,0.0,0.0,0.0,0.0,0.0,0.0,0.0,0.0,2,1.0,1.0,1.0,0.0,0.0,1.4747018640731735,0.2712770471474544
f08d5e0d77469bca395ed24633b8f8d5,-22.936436718313622,-43.36018004980684,RJ,2,72.45,89.41,178.82,72.45,1.0,1,2,0.2340924775707384,458.8248465829116,1.5,2.0,21.389884259259254,0.0,2.0,152,1.0,0.0,0.0,0.0,0.0,0.0,0.0,0.0,0.0,0.0,0.0,0.0,0.0,0.0,1.0,0.0,2,12.0,12.0,12.0,1.0,0.0,2.715354248909204,0.6529329588945461
f091cb60c97d35a42101a95cb825f821,-23.570306309925613,-46.55118157354713,SP,2,131.94,158.25,316.5,87.96,1.5,2,2,0.1994088221919054,244.6185871009632,1.0,5.0,4.663946759259259,0.0,2.0,20,0.0,1.0,0.0,0.0,0.0,0.4319387600424436,0.0,0.0,0.0,0.0,0.0,0.0,0.0,0.5680612399575565,0.0,0.0,2,20.0,20.0,20.0,0.0,0.0,1.2298154149640694,0.14575559685500905
f0a8e36658d6d08f6e96b9ecf389fd52,-23.56738191635506,-46.66109421670541,SP,2,94.945,115.615,231.23,63.29666666666666,1.5,2,3,0.2177049870977934,375.4586439688074,1.0,4.0,5.981736111111111,0.0,2.0,85,1.0,0.0,0.0,0.0,0.0,0.0,0.0,0.0,0.0,0.0,0.0,0.1679393332982253,0.0,0.0,0.0,0.8320606667017748,2,37.0,37.0,37.0,0.0,0.0,2.62259125802914,0.6334389943129414
f0ac405c280fab1d087b8982e7801b54,-22.90411282146143,-47.05655743515298,SP,2,134.0,151.015,302.03,134.0,1.0,2,2,0.1269776119402985,91.9359118893021,9.0,5.0,3.934878472222223,0.0,1.7860635696821514,26,1.0,0.0,0.0,0.0,0.0,0.7649253731343284,0.0,0.0,0.0,0.0,0.0,0.0,0.0,0.0,0.0,0.2350746268656716,2,383.0,383.0,383.0,0.0,0.0,0.3726140701690602,0.6463999678363268
f0daba1cfcc18d5a3229e1a911313e3e,-22.83804181109177,-43.32250107999969,RJ,2,671.495,699.09,1398.18,447.66333333333336,1.5,1,2,0.0410948704011198,332.00483616456523,5.5,4.5,16.231510416666666,0.0,1.472782258064516,479,1.0,0.0,0.0,1.0,0.0,0.0,0.0,0.0,0.0,0.0,0.0,0.0,0.0,0.0,0.0,0.0,2,17.0,17.0,17.0,1.0,0.0,27.24035548374066,1.314058055252278
f0e310a6839dce9de1638e0fe5ab282a,-20.31377568992869,-40.299557446454216,ES,6,73.015,90.115,540.69,73.015,1.0,3,6,0.2341984523728001,771.9132152663275,2.0,4.5,15.272376543209878,0.0,4.6528662420382165,151,0.626902661414119,0.3730973385858809,0.0,0.0,0.0,0.6639959825606611,0.0,0.0,0.0,0.2577096030496017,0.0,0.0,0.0,0.0,0.0,0.0782944143897372,6,64.0,57.0,320.0,0.6,0.0,0.2158707980603271,0.8516224125085405
f0fd988c7c2a4cba167138a8adada6ca,-10.669980063209673,-39.49710576193575,BA,3,38.13666666666666,58.51333333333334,175.54000000000002,38.13666666666666,1.0,3,3,0.5343064417446027,1570.4383331940537,1.0,5.0,11.87605324074074,0.0,3.0,83,0.0,0.0,1.0,0.0,0.0,0.0,0.0,0.4020627567520322,0.0,0.0,0.0,0.0,0.0,0.0,0.1179966786120094,0.4799405646359583,3,78.0,78.0,156.0,0.0,0.0,0.9514847344207444,0.34101934048182375
f113042ff356f926d517f3087d4a1ba8,-28.264616018097165,-52.42477186418707,RS,2,46.95,64.205,128.41,46.95,1.0,2,2,0.3675186368477103,912.2051416334466,6.0,3.0,22.833072916666666,0.5,1.9690026954177895,68,1.0,0.0,0.0,0.0,0.3716719914802981,0.0,0.0,0.0,0.6283280085197017,0.0,0.0,0.0,0.0,0.0,0.0,0.0,2,303.0,303.0,303.0,0.0,0.0,0.7082612744445923,0.24152093624205262
f11821d908830e74ad782532ebed897a,-14.393547173712022,-56.4317797145529,MT,3,45.93,63.70000000000001,191.1,45.93,1.0,2,3,0.3868930981929023,1346.7462075739738,1.0,3.5,13.368595679012344,0.0,2.3117088607594938,378,1.0,0.0,0.0,0.0,0.0,0.565280499310545,0.0,0.0,0.0,0.0,0.0,0.0,0.0,0.0,0.434719500689455,0.0,2,96.0,96.0,96.0,0.0,0.0,0.6713311177190835,0.27810646611188333
f121995493925a5ef0b46a13f594e0ab,-23.553373645085983,-46.59300623155875,SP,2,224.495,238.82,477.64,224.495,1.0,2,2,0.0638098844072251,297.6919112877788,1.5,5.0,7.3900752314814815,0.0,1.90234375,229,0.0872833096055606,0.9127166903944394,0.0,0.0,0.0,0.0,0.0,0.0,0.0,0.0645894117909084,0.0,0.0,0.0,0.0,0.0,0.9354105882090916,2,155.0,155.0,155.0,0.0,0.0,10.456944111297673,1.1673390819471077
f145d50379275ab9931636f83b0102eb,-10.971424425155208,-37.04517897021604,SE,2,155.0,179.33499999999998,358.67,155.0,1.0,1,1,0.157,1610.8156667834332,5.5,5.0,10.314317129629629,0.0,2.0,39,0.5028298993503778,0.0,0.4971701006496222,0.0,0.0,0.0,0.0,0.0,0.0,1.0,0.0,0.0,0.0,0.0,0.0,0.0,2,49.0,49.0,49.0,1.0,1.0,1.380974508762613,0.22628521020601655
f172c33b146e90b95ee12499eb6632cb,-14.540484082452842,-49.96941063718646,GO,2,80.495,118.72,237.44,80.495,1.0,2,2,0.4748742157898006,950.882008943952,2.5,5.0,20.342887731481483,0.0,2.0,160,1.0,0.0,0.0,0.0,0.0,0.0,0.0,0.8634076650723647,0.0,0.0,0.0,0.0,0.0,0.0,0.0,0.1365923349276352,2,77.0,77.0,77.0,0.0,0.0,5.401725532488541,0.972390945893832
f1a325803dd4c341c5a946ac84c71973,-22.892296275645755,-47.17369939817036,SP,2,140.845,175.53500000000005,351.07000000000005,70.4225,2.0,2,2,0.2462991231495615,392.1384030643946,1.0,2.0,21.525052083333332,0.5,1.4938650306748464,366,0.0,1.0,0.0,0.0,0.0,0.0,0.0,0.0,0.0,0.0,0.0,0.0,0.0,0.0,0.0,1.0,2,123.0,123.0,123.0,0.0,0.0,1.3668172318479066,0.21917953664146775
f1bee02ceae8a430506b798786f766b4,-3.738816156504716,-38.495972481054224,CE,2,44.45,72.505,145.01,44.45,1.0,2,2,0.6311586051743532,2357.140008588989,1.0,5.0,18.43192129629629,0.5,2.0,148,1.0,0.0,0.0,0.0,0.0,0.4488188976377952,0.0,0.0,0.0,0.0,0.0,0.0,0.0,0.0,0.0,0.5511811023622047,2,12.0,12.0,12.0,0.0,0.0,0.8519795657726692,0.11303175772639251
f1c08d13b8520a6efa197627fada3a56,-28.871521064173045,-52.18009819084632,RS,2,81.35,99.395,198.79,81.35,1.0,2,2,0.221819299323909,812.3054559372866,1.0,4.5,10.796869212962964,0.0,2.0,27,0.0,1.0,0.0,0.6146281499692686,0.0,0.3853718500307314,0.0,0.0,0.0,0.0,0.0,0.0,0.0,0.0,0.0,0.0,2,286.0,286.0,286.0,0.0,0.0,1.5195183776932826,0.29160729373546534
f1e73ad158b38954c23f5668894b3d46,-23.533566416404422,-46.4118620941676,SP,2,161.5,177.98000000000002,355.96000000000004,161.5,1.0,1,1,0.1020433436532507,16.26367164118255,1.0,5.0,10.174479166666668,0.0,2.0,173,0.0,1.0,0.0,0.0,0.0,1.0,0.0,0.0,0.0,0.0,0.0,0.0,0.0,0.0,0.0,0.0,2,47.0,47.0,47.0,1.0,1.0,1.9184225629253095,0.4450505766294924
f1f30eb24d90309e4ec02c385a17e81f,-21.483448896972757,-47.36866478744312,SP,2,105.87,140.17,280.34,70.58,1.5,1,2,0.3239822423727212,247.9625693143347,3.0,4.5,6.120081018518519,0.0,2.0,125,0.5054576585574659,0.494542341442534,0.0,0.0,0.0,0.0,0.0,0.0,0.0,1.0,0.0,0.0,0.0,0.0,0.0,0.0,2,224.0,224.0,224.0,1.0,0.0,1.022071552221581,0.015436589501539826
f216de65ece42736f341247dcba60ccb,-22.813530727838963,-43.202490978227296,RJ,2,118.3,147.20499999999998,294.41,59.150000000000006,2.0,3,3,0.2443364327979712,453.5334033656814,7.5,5.0,5.1886979166666665,0.0,1.948,279,1.0,0.0,0.0,0.0,0.0,0.0,0.0,0.0,0.0,0.1686390532544378,0.0,0.0,0.0,0.401098901098901,0.430262045646661,0.0,2,96.0,96.0,96.0,0.0,0.0,0.5905456509994598,0.36406115924138743
f22da779a017ed42f2c4e03862584885,-19.814760032238127,-43.17010005633215,MG,2,34.475,52.705,105.41,34.475,1.0,2,2,0.528788977519942,580.7287274019043,1.5,4.0,14.58845486111111,0.0,2.0,131,0.6468077032539609,0.3531922967460392,0.0,0.0,0.0,0.7244379985496737,0.0,0.0,0.0,0.0,0.0,0.2755620014503263,0.0,0.0,0.0,0.0,2,34.0,34.0,34.0,0.0,0.0,0.546054561454972,0.4152348900051922
f257deaa49d5e0a8c5fde46dfc350e52,-23.210276413894142,-46.8444842791025,SP,2,188.61,216.79,433.58,188.61,1.0,1,1,0.1494088330417263,260.18688490242187,2.5,3.0,6.42724537037037,0.0,2.0,32,0.309100973292126,0.4189768900779556,0.2719221366299183,0.0,0.0,1.0,0.0,0.0,0.0,0.0,0.0,0.0,0.0,0.0,0.0,0.0,2,29.0,29.0,29.0,1.0,1.0,1.3867664868435539,0.22916796183480245
f25c82f041560f45f4a408157ff3a5de,-23.074586708469543,-46.55360927067462,SP,2,215.9,247.625,495.25,143.93333333333334,1.5,1,2,0.146943029180176,552.0501576452962,1.0,4.0,13.019704861111112,0.0,2.0,39,0.0,1.0,0.0,0.0,0.0,0.0,0.0,1.0,0.0,0.0,0.0,0.0,0.0,0.0,0.0,0.0,2,233.0,233.0,233.0,1.0,1.0,1.3550810785106282,0.2132242841037839
f25c83fef4ae7252feec416e7927acac,-7.114743349264727,-34.855830503676685,PB,2,106.5,130.585,261.17,106.5,1.0,1,1,0.226150234741784,1979.3879721641688,1.0,3.0,18.90543402777778,0.0,2.0,76,0.0,1.0,0.0,0.0,1.0,0.0,0.0,0.0,0.0,0.0,0.0,0.0,0.0,0.0,0.0,0.0,2,110.0,110.0,110.0,1.0,1.0,0.9924473603906011,0.005360766652943971
f2ab7bd70a9a23df0dac0be98f038374,-21.110891101903132,-47.79933307528327,SP,2,87.9,102.16,204.32,87.9,1.0,2,2,0.1622298065984072,360.12060764922,3.5,5.0,12.186886574074077,0.0,2.0,196,1.0,0.0,0.0,0.0,0.0,0.0,0.0,0.7389078498293515,0.0,0.0,0.2610921501706484,0.0,0.0,0.0,0.0,0.0,2,134.0,134.0,134.0,0.0,0.0,2.2949524270278987,0.5558014343116657
f31ac54af6af7097bddd1053011e7a3a,-31.71889161012495,-52.35093568449307,RS,2,101.345,169.805,339.61,40.538,2.5,3,3,0.6755143322314865,1191.7333665601404,2.0,5.0,13.521886574074074,0.0,2.0,28,1.0,0.0,0.0,0.0,0.0,0.1183087473481671,0.0,0.0,0.0,0.3892643939020179,0.0,0.0,0.492426858749815,0.0,0.0,0.0,2,272.0,272.0,272.0,0.0,0.0,2.5119958634953465,0.6088518151837997
f31d2c22ddcad145e224e6dc48f349b9,-23.508841439510427,-46.66101858151734,SP,2,64.92,88.13,176.26,43.28,1.5,2,2,0.357516943930992,391.96170306542814,1.0,5.0,7.85572337962963,0.0,2.0,109,0.0,1.0,0.0,0.0,0.0,0.6153727664818238,0.0,0.0,0.0,0.0,0.0,0.0,0.0,0.0,0.0,0.3846272335181762,2,33.0,33.0,33.0,0.0,0.0,1.0400462962962962,0.027761142209298196
f34cd7fd85a1f8baff886edf09567be3,-26.731177008382254,-49.17002204565995,SC,4,261.75,309.19,1236.76,261.75,1.0,1,1,0.1812416427889207,150.1193613771226,5.0,5.0,13.387407407407409,0.0,3.88563829787234,344,1.0,0.0,0.0,0.0,0.0,0.0,0.0,0.0,0.0,0.0,0.0,0.0,0.0,0.0,0.0,1.0,2,32.0,32.0,32.0,1.0,1.0,0.3500420264384504,0.6808524202821794
f3738f6f5687da7c7ae0623172be00bf,-27.58451586110161,-48.50093169079733,SC,2,70.245,90.02000000000001,180.04000000000002,70.245,1.0,2,2,0.2815146985550573,507.38517240739486,1.0,5.0,13.83613425925926,0.0,2.0,225,0.4595089980004443,0.5404910019995556,0.0,0.0,0.0,0.0,0.0,0.0,0.0,0.0,0.0,0.0,0.0,0.0,0.0,1.0,2,14.0,14.0,14.0,0.0,0.0,0.8501695611961771,0.11452584836369542
f3b75d6f1b2a6555223b35fcb52dcf54,-28.47860728317677,-48.995526285461615,SC,2,41.5,62.265,124.53,41.5,1.0,2,2,0.5003614457831326,623.5071214238599,4.0,5.0,13.844010416666666,0.0,2.0,115,1.0,0.0,0.0,0.0,0.0,0.0,0.0,0.0,0.0,0.3975903614457831,0.0,0.0,0.0,0.0,0.0,0.6024096385542169,2,233.0,233.0,233.0,0.0,0.0,0.9129032258064517,0.06439083673536851
f3bf3bed9936aecd7792e6c49779dedc,-23.96467233852712,-46.34245770671684,SP,2,69.4,80.215,160.43,69.4,1.0,2,2,0.155835734870317,372.3862183806048,1.5,5.0,8.030578703703704,0.0,2.0,125,1.0,0.0,0.0,0.0,0.0,0.0,0.0,0.0,0.0,0.0,0.0,0.0,0.0,0.0,0.0,1.0,2,34.0,34.0,34.0,0.0,0.0,3.91965654707145,0.8392898664435726
f3d176999f9c1273045f770712608944,-23.50003745633768,-46.15180912578668,SP,2,92.295,110.79,221.58,61.53,1.5,2,2,0.2003900536323744,139.29668663064095,4.5,3.5,5.745046296296296,0.0,1.768765133171913,391,1.0,0.0,0.0,0.0,0.0,0.0,0.0,0.0,0.0,0.0,0.4766780432309443,0.0,0.0,0.5233219567690558,0.0,0.0,2,21.0,21.0,21.0,1.0,1.0,2.16001140901312,0.5191449190514827
f3d7cb12e7dc54a424d935aae4426461,-1.3267251741348205,-48.44370931563014,PA,2,64.45,100.88,201.76,64.45,1.0,2,2,0.5652443754848719,2737.340593171651,1.0,4.5,27.02607060185185,0.0,1.3994252873563218,148,0.0,1.0,0.0,0.0,0.0,0.0,0.0,0.7680372381691233,0.0,0.0,0.0,0.2319627618308766,0.0,0.0,0.0,0.0,2,374.0,374.0,374.0,0.0,0.0,0.5117638243668514,0.45673154105982794
f43a741f2b86fc593b013959d7b34083,-19.81456931462135,-43.96544730649255,MG,2,299.85,341.07,682.14,199.9,1.5,1,1,0.1374687343671835,500.4627965114485,3.0,5.0,9.300283564814816,0.0,2.0,84,1.0,0.0,0.0,0.0,0.0,1.0,0.0,0.0,0.0,0.0,0.0,0.0,0.0,0.0,0.0,0.0,2,11.0,11.0,11.0,1.0,1.0,2.0,0.47140452079103173
f46971f1ac7b376b668114a027c98e78,-23.45096986771276,-51.90462000206038,PR,2,151.39999999999998,168.925,337.85,151.39999999999998,1.0,1,1,0.1157529722589167,886.1546736057928,5.5,5.0,8.449369212962964,0.0,1.5378947368421052,466,1.0,0.0,0.0,1.0,0.0,0.0,0.0,0.0,0.0,0.0,0.0,0.0,0.0,0.0,0.0,0.0,2,9.0,9.0,9.0,1.0,1.0,4.660077064834981,0.9144982594987424
f497801658db70e1b18c76268001e944,-22.9543389768221,-43.35949880254507,RJ,2,62.94500000000001,78.675,157.35,62.94500000000001,1.0,2,2,0.2499007069663992,522.6188643290518,1.0,5.0,13.87984375,0.0,1.94281914893617,258,0.0,1.0,0.0,0.0,0.0,0.0,0.0,0.0,0.0,0.3335451584716816,0.0,0.0,0.0,0.0,0.0,0.6664548415283184,2,118.0,118.0,118.0,0.0,0.0,1.7082616179001722,0.3698435849485406
f4d1502ace38b0df6f052a5544add9f4,-22.7906723445127,-43.37558533319893,RJ,3,110.29333333333334,130.15666666666667,390.47,110.29333333333334,1.0,3,3,0.1800955029013539,468.25123432039976,2.333333333333333,5.0,10.407800925925926,0.0,3.0,144,1.0,0.0,0.0,0.0,0.0,0.0,0.0,0.0,0.1994378626692456,0.0,0.0,0.0,0.0,0.0,0.0,0.8005621373307543,2,152.0,152.0,152.0,0.0,0.0,0.5139190446650124,0.4540680572507873
f561632522774ab728bb93f8f3ab5e61,-27.44356408288096,-48.401723685482914,SC,2,296.9,349.655,699.31,296.9,1.0,2,2,0.1776860895924553,641.927742287495,11.0,5.0,17.105885416666666,0.0,1.6125827814569538,239,1.0,0.0,0.0,0.0,0.0,0.0,0.0,0.0,0.0,0.0,0.0,0.0,0.5018524755810038,0.0,0.0,0.4981475244189963,2,214.0,214.0,214.0,0.0,0.0,0.8415979775103362,0.12164125463205405
f565c1cbc438d2561d40d780f1da28c5,-12.98862210611302,-38.52132319678336,BA,2,36.9,53.69,107.38,36.9,1.0,1,1,0.4550135501355014,1265.1660245972382,2.5,4.5,19.95622685185185,0.0,2.0,280,0.8216613894579996,0.0,0.1783386105420003,0.0,0.0,0.0,0.0,0.0,0.0,0.0,0.0,0.0,0.0,0.0,0.0,1.0,2,32.0,32.0,32.0,1.0,1.0,1.0773844070419811,0.05268070636517397
f58595c5ecdf5e9781678b83ba2e0c21,-20.85976064636331,-46.38695197838229,MG,2,148.95,167.985,335.97,148.95,1.0,1,2,0.1277945619335347,176.11165586547054,1.0,4.5,10.489936342592593,0.0,2.0,49,0.0,1.0,0.0,0.0,1.0,0.0,0.0,0.0,0.0,0.0,0.0,0.0,0.0,0.0,0.0,0.0,2,72.0,72.0,72.0,1.0,0.0,1.4575378538512178,0.2632945153627915
f596242db91986b554f25768577cd5be,-18.762327968880044,-44.43282597611914,MG,2,284.995,365.54,731.08,284.995,1.0,1,2,0.2826189933156722,581.7596297316204,6.5,5.0,17.392280092592593,0.0,1.6054945054945051,441,1.0,0.0,0.0,1.0,0.0,0.0,0.0,0.0,0.0,0.0,0.0,0.0,0.0,0.0,0.0,0.0,2,14.0,14.0,14.0,1.0,0.0,0.05041739105446918,1.2784561790397475
f5d32f2ee3d4caec1870de481c276bd8,-16.666590847696686,-49.22607837084717,GO,2,75.45,100.31,200.62,75.45,1.0,2,2,0.3294897282968853,623.0769109712937,9.0,5.0,19.42802662037037,0.0,2.0,88,1.0,0.0,0.0,0.0,0.0,0.3505632869449966,0.0,0.0,0.0,0.0,0.0,0.0,0.0,0.0,0.0,0.6494367130550033,2,74.0,74.0,74.0,0.0,0.0,0.6079185701691111,0.34484760976618384
f613612c35de4ffbbdb680f32e3baa80,-23.462317712023285,-46.59870863388976,SP,2,117.535,137.1,274.2,117.535,1.0,1,1,0.1664610541540817,85.79635068732557,1.0,4.5,3.6893055555555554,0.0,2.0,98,1.0,0.0,0.0,0.0,0.0,0.0,0.0,0.0,0.0,1.0,0.0,0.0,0.0,0.0,0.0,0.0,2,5.0,5.0,5.0,1.0,1.0,2.004602235371466,0.47284864842584007
f62d6572c9c25b3796d058d7b833f8b7,-23.624274092666504,-46.75479161872551,SP,2,84.9,96.97,193.94,84.9,1.0,1,1,0.1421672555948174,297.31586599593294,4.5,1.5,8.20828125,0.0,1.3757062146892656,449,1.0,0.0,0.0,0.0,0.0,1.0,0.0,0.0,0.0,0.0,0.0,0.0,0.0,0.0,0.0,0.0,2,82.0,82.0,82.0,1.0,1.0,0.9175400435040537,0.06081541255126131
f64ec6d8dd29940264cd0bbb5ecade8a,-22.508328331925345,-43.21920880803742,RJ,4,72.0,89.75,359.0,72.0,1.0,1,1,0.2465277777777778,378.33003579719616,4.0,5.0,20.201626157407407,0.25,4.0,285,1.0,0.0,0.0,0.0,0.0,0.0,0.0,0.0,0.0,1.0,0.0,0.0,0.0,0.0,0.0,0.0,4,15.0,16.0,45.0,1.0,1.0,1.0,0.0
f68cbab6cbaab1d6226e2dafed486578,-16.701265313917137,-49.28542996560136,GO,2,49.99,64.125,128.25,49.99,1.0,2,2,0.282756551310262,821.043711579329,1.0,3.0,20.13203703703704,0.0,1.6233333333333333,281,0.5782456140350877,0.0,0.4217543859649123,0.6000200040008001,0.0,0.0,0.0,0.0,0.3999799959991998,0.0,0.0,0.0,0.0,0.0,0.0,0.0,2,169.0,169.0,169.0,0.0,0.0,0.729368932038835,0.2213120171292632
f6b12abd5112545273ecbdc84f6cf35f,-23.542646260197337,-46.697214216206426,SP,2,110.32,118.155,236.31,110.32,1.0,1,1,0.0710206671501087,88.77034517583934,1.0,5.0,4.823726851851852,0.0,2.0,47,0.0,1.0,0.0,1.0,0.0,0.0,0.0,0.0,0.0,0.0,0.0,0.0,0.0,0.0,0.0,0.0,2,64.0,64.0,64.0,1.0,1.0,1.0033062054933877,0.0023339820122953233
f6dc4789e4669873c35f8f92fdbed89f,-21.27730909084089,-47.85167237170555,SP,2,194.95,224.155,448.31,129.96666666666667,1.5,2,2,0.1498076429853808,250.9201444288648,5.5,5.0,7.408993055555555,0.0,2.0,24,0.5496642947960118,0.0,0.0,0.0,0.0,0.5642472428827905,0.0,0.0,0.0,0.0,0.0,0.0,0.0,0.0,0.0,0.4357527571172095,2,87.0,87.0,87.0,0.0,0.0,0.8192922652382112,0.14047183853243053
f71da337f7e2b3a70c74fa505f0f6ac9,-29.081042403863908,-53.83736896554222,RS,2,29.99,46.725,93.45,29.99,1.0,1,1,0.5580193397799266,941.0004069207912,2.0,5.0,11.712065972222222,0.0,2.0,12,1.0,0.0,0.0,0.0,0.0,0.0,0.0,0.0,0.0,0.0,0.0,0.0,0.0,0.0,0.0,1.0,2,171.0,171.0,171.0,1.0,1.0,1.5195470477217576,0.29162006791791906
f720a16300d5b9dfa4639686e56561ba,-23.535447556258884,-46.477485492542606,SP,2,89.45,113.75,227.5,89.45,1.0,1,2,0.271660145332588,14.407619975014915,5.0,4.5,5.4417071759259255,0.0,2.0,37,1.0,0.0,0.0,0.0,0.0,0.0,0.0,0.0,0.0,1.0,0.0,0.0,0.0,0.0,0.0,0.0,2,2.0,2.0,2.0,1.0,0.0,0.43596541059142835,0.5554906546534497
f733f4254cce4a375a82258c272d1549,-23.55253391602869,-46.30679291387566,SP,2,51.9,60.47,120.94,51.9,1.0,1,1,0.1651252408477842,109.22728358020866,1.0,5.0,5.039056712962963,0.0,1.7351543942992875,96,0.0,1.0,0.0,0.0,0.0,0.0,0.0,0.0,0.0,1.0,0.0,0.0,0.0,0.0,0.0,0.0,2,325.0,325.0,325.0,1.0,1.0,0.9453112433649671,0.03975794701561535
f7471d502dd946e0a2cb6020bf076808,-24.02263188124261,-46.4970671082797,SP,2,135.65,157.70499999999998,315.41,90.43333333333334,1.5,2,3,0.1625875414670106,283.1801349084633,4.0,1.5,15.054710648148149,0.0,2.0,155,1.0,0.0,0.0,0.0,0.0,0.6074456321415408,0.0,0.0,0.0,0.3925543678584592,0.0,0.0,0.0,0.0,0.0,0.0,2,85.0,85.0,85.0,0.0,0.0,1.469156098324722,0.2687099926857728
f74a075d2c4f68917c7d568df06b1e90,-13.00177979254028,-38.47480395662127,BA,2,148.95,177.115,354.23,148.95,1.0,2,2,0.1890902987579724,1220.779351762048,5.5,5.0,4.178298611111111,0.0,2.0,40,1.0,0.0,0.0,0.1473648875461564,0.0,0.0,0.0,0.0,0.0,0.0,0.0,0.0,0.8526351124538436,0.0,0.0,0.0,2,2.0,2.0,2.0,0.0,0.0,4.52104114713217,0.9019139707978033
f7b62c75467e8ce080b201667cbbc274,-23.6964050602977,-46.61736696432891,SP,2,75.38499999999999,84.025,168.05,50.25666666666666,1.5,1,2,0.4569874643496718,582.595107474445,3.0,2.5,24.54325231481481,0.0,1.049568965517241,696,1.0,0.0,0.0,1.0,0.0,0.0,0.0,0.0,0.0,0.0,0.0,0.0,0.0,0.0,0.0,0.0,2,1.0,1.0,1.0,1.0,0.0,0.33246114811290833,0.7084953276774226
f7b981e8a280e455ac3cbe0d5d171bd1,-25.417361217529965,-49.260669826665286,PR,2,10.9,19.62,39.24,10.9,1.0,1,1,0.8,10.637629427640183,1.0,5.0,5.373587962962963,0.0,1.1820388349514563,605,1.0,0.0,0.0,0.0,0.0,0.0,0.0,0.0,0.0,0.0,0.0,0.0,0.0,0.0,0.0,1.0,2,13.0,13.0,13.0,1.0,1.0,1.0,0.0
f7d2fc6f0a2778f53d2a6bfc27bd0e8c,-19.96194144024734,-43.410614913519495,MG,2,162.9,185.09500000000003,370.19000000000005,162.9,1.0,1,2,0.1362492326580724,1014.7837446402318,1.5,3.5,9.345891203703705,0.0,1.5411392405063291,318,0.4858586131446014,0.5141413868553986,0.0,0.0,0.0,0.0,1.0,0.0,0.0,0.0,0.0,0.0,0.0,0.0,0.0,0.0,2,156.0,156.0,156.0,1.0,0.0,0.9449902800399307,0.039997882163338556
f7d319c00224031393f1ba82343db3d6,-23.49694014766276,-46.64991128574104,SP,2,49.9,57.68,115.36,49.9,1.0,1,1,0.1559118236472946,6.5966325489890405,1.0,4.5,4.564537037037037,0.0,2.0,279,0.0,1.0,0.0,0.0,0.0,0.0,0.0,0.0,0.0,0.0,0.0,0.0,0.0,0.0,0.0,1.0,2,19.0,19.0,19.0,1.0,1.0,1.0,0.0
f7d7fc0a59ef4363fdce6e3aa069d498,-9.96666435046374,-67.81379029145045,AC,2,62.44499999999999,88.925,177.85,62.44499999999999,1.0,1,1,0.4240531667867723,2706.2504344664258,5.0,2.5,45.28887152777777,0.5,1.6602272727272729,145,1.0,0.0,0.0,0.0,0.0,0.0,0.0,0.0,0.0,0.0,0.0,0.0,0.0,1.0,0.0,0.0,2,295.0,295.0,295.0,1.0,1.0,1.3625132837407012,0.21700246340827525
f7f7c86a6751896d012ebbe10e3fc6f3,-22.006260222831305,-47.87195100179146,SP,2,36.4,49.875,99.75,36.4,1.0,1,2,0.3701923076923077,597.1830415075794,1.0,5.0,11.62535300925926,0.0,2.0,278,0.0,1.0,0.0,1.0,0.0,0.0,0.0,0.0,0.0,0.0,0.0,0.0,0.0,0.0,0.0,0.0,2,16.0,16.0,16.0,1.0,0.0,1.0050251256281406,0.003544394893165652
f804ed90360900357b6db9d7635d275d,-22.14221935505452,-48.52815843466531,SP,2,299.9,315.185,630.37,299.9,1.0,1,2,0.0509669889963321,346.54173211878424,10.0,5.0,7.624479166666667,0.0,1.4908163265306122,470,1.0,0.0,0.0,0.0,0.0,0.0,0.0,0.0,0.0,0.0,0.0,0.0,0.0,0.0,0.0,1.0,2,19.0,19.0,19.0,1.0,0.0,2.901770240158455,0.6893048797359225
f80c7e4cf2fa8ff3532323f19bf603ba,-23.704309850092475,-46.6918596136945,SP,2,69.9,81.65,163.3,69.9,1.0,2,2,0.1680972818311873,195.9420675860148,3.0,1.5,7.234178240740741,0.0,2.0,116,1.0,0.0,0.0,0.0,0.0,0.0,0.0,0.0,0.0,0.0,0.0,0.0,0.0,0.0,0.0,1.0,2,106.0,106.0,106.0,0.0,0.0,4.89956647398844,0.9347839064455105
f8308de7370e6293120c537a031f4cff,-15.342217588363509,-43.6722137257922,MG,2,94.9,112.815,225.63,94.9,1.0,1,1,0.1887776606954689,955.0737684248072,1.0,3.5,12.13140625,0.0,2.0,315,0.0,1.0,0.0,0.0,0.0,0.0,0.0,0.0,0.0,0.0,0.0,1.0,0.0,0.0,0.0,0.0,2,14.0,14.0,14.0,1.0,1.0,0.9145523971149767,0.06311718553870078
f87108f2ff59f6cbc898ca230483c0ab,-23.32089265547853,-46.73307109237536,SP,2,47.945,60.215,120.43,47.945,1.0,2,2,0.2559182396495985,276.7402062101202,1.5,4.0,8.125052083333333,0.0,1.768765133171913,291,0.5134933156190318,0.4865066843809682,0.0,0.0,0.0,0.5213265199707999,0.0,0.0,0.4786734800292001,0.0,0.0,0.0,0.0,0.0,0.0,0.0,2,122.0,122.0,122.0,0.0,0.0,1.0554702167605394,0.038164859899630976
f8af7fabb3e9e70beee01db243cd3eaa,-7.068401580368361,-34.84266915395162,PB,2,23.8,44.95,89.9,23.8,1.0,1,1,0.8886554621848739,1727.4300695942798,1.0,5.0,17.408622685185186,0.0,2.0,240,1.0,0.0,0.0,0.0,0.0,0.0,1.0,0.0,0.0,0.0,0.0,0.0,0.0,0.0,0.0,0.0,2,51.0,51.0,51.0,1.0,1.0,1.0,0.0
f8bc1d81f395f6239a2a5ab1b9edf1ab,-19.931996557590267,-43.93228112770116,MG,3,106.18,171.70000000000002,515.1,63.708000000000006,1.6666666666666667,4,4,0.6170653607082313,461.7564482356052,1.6666666666666667,5.0,8.945084876543211,0.0,3.0,13,1.0,0.0,0.0,0.0,0.0,0.0878696553023168,0.0,0.0,0.0,0.1282413511646889,0.0,0.0,0.3760909147987694,0.0,0.0,0.4077980787342249,3,159.0,159.0,318.0,0.0,0.0,0.29837566069356714,0.7830927430930685
f8bffe1586fdae62dd3646353a25f958,-23.65463154301284,-46.66631532969649,SP,2,138.33499999999998,147.23,294.46,138.33499999999998,1.0,2,2,0.0643004301152998,21.17568518385092,2.5,3.0,2.709849537037037,0.0,2.0,185,1.0,0.0,0.0,0.0,0.0,0.0610836014023927,0.0,0.0,0.0,0.0,0.0,0.0,0.0,0.0,0.0,0.9389163985976072,2,97.0,97.0,97.0,0.0,0.0,10.931118314424634,1.177150526854736
f8c74f26f568c1b52cd212e700e977df,-5.742145087457267,-35.23950087664801,RN,2,199.7,248.15,496.3,199.7,1.0,1,1,0.242613920881322,2098.7660611693736,6.0,1.0,43.097997685185184,1.0,2.0,144,1.0,0.0,0.0,0.0,0.0,0.0,0.0,0.0,0.0,0.0,0.0,0.0,0.0,0.0,0.0,1.0,2,37.0,37.0,37.0,1.0,1.0,1.0796144982191493,0.05414075697176863
f8daef44c2589a488bfed29f1be8396a,-23.53020749914967,-46.68918785396605,SP,2,117.995,128.5,257.0,117.995,1.0,1,2,0.0890291961523793,13.103691202755003,3.0,4.5,7.568072916666667,0.5,2.0,30,0.2119455252918287,0.7880544747081712,0.0,1.0,0.0,0.0,0.0,0.0,0.0,0.0,0.0,0.0,0.0,0.0,0.0,0.0,2,288.0,288.0,288.0,1.0,0.0,0.26894781020095787,0.8147410896691069
f8f6ed51ded0d4757a6153f5ce0f8906,-26.99275228325292,-48.6319764983437,SC,2,262.0,306.525,613.05,131.0,2.0,1,2,0.169942748091603,434.850259909594,2.5,4.5,10.69839699074074,0.0,2.0,130,1.0,0.0,0.0,0.0,0.0,1.0,0.0,0.0,0.0,0.0,0.0,0.0,0.0,0.0,0.0,0.0,2,9.0,9.0,9.0,1.0,0.0,0.2779862414008755,0.7989770285097815
f9165be8a411384aab9f945394418a0c,-20.28468118760573,-40.29502606277272,ES,2,120.45,144.535,289.07,120.45,1.0,2,2,0.1999584889995849,961.3051176539,3.0,3.5,14.947355324074074,0.0,1.9376657824933683,106,1.0,0.0,0.0,0.0,0.1324200913242009,0.0,0.0,0.0,0.0,0.0,0.0,0.0,0.867579908675799,0.0,0.0,0.0,2,271.0,271.0,271.0,0.0,0.0,4.024682774204763,0.8513069567528359
f92fd2c87375f957ece022972b16849b,-19.914041302051864,-43.89688156053731,MG,2,93.495,111.4,222.8,93.495,1.0,2,2,0.1915075672495855,393.77728165007153,6.0,3.0,17.994780092592592,0.5,1.8924870466321244,271,1.0,0.0,0.0,0.0,0.0,0.0,0.0,0.0,0.5347879565752179,0.0,0.0,0.0,0.0,0.465212043424782,0.0,0.0,2,115.0,115.0,115.0,0.0,0.0,0.8889359898261975,0.08315169509464793
f944ee56d8467517955c2ddc7b0d486a,-26.49801056071844,-49.10376234648776,SC,2,133.6,153.85,307.7,133.6,1.0,1,2,0.1515718562874251,621.4829250404272,1.5,5.0,8.814091435185185,0.0,1.768765133171913,305,1.0,0.0,0.0,0.0,0.0,0.0,1.0,0.0,0.0,0.0,0.0,0.0,0.0,0.0,0.0,0.0,2,108.0,108.0,108.0,1.0,0.0,1.0181019216895126,0.012685178525023495
f95407bbebadeb8eb236153ba339e998,-23.55088787499471,-46.71807311116471,SP,2,81.95,95.635,191.27,81.95,1.0,2,2,0.1669920683343502,413.0944823377466,1.0,4.5,6.947922453703704,0.0,2.0,84,1.0,0.0,0.0,0.0,0.0,0.4881025015253203,0.0,0.5118974984746797,0.0,0.0,0.0,0.0,0.0,0.0,0.0,0.0,2,113.0,113.0,113.0,0.0,0.0,0.9796108466156076,0.014565800794034587
f95de29d9e810e69f55626ff1bbd4d60,-22.968195494684792,-43.18514538560847,RJ,2,49.0,63.13,126.26,49.0,1.0,1,1,0.2883673469387754,359.233025490774,1.0,5.0,11.998935185185186,0.0,2.0,239,1.0,0.0,0.0,0.0,0.0,0.0,0.0,1.0,0.0,0.0,0.0,0.0,0.0,0.0,0.0,0.0,2,16.0,16.0,16.0,1.0,1.0,0.7258064516129032,0.2246881360779683
f96be73d5c1d3bfe8fcba7924798ba91,-22.40877700303038,-47.56372736808629,SP,2,203.4,220.275,440.55,203.4,1.0,2,2,0.0829646017699115,289.7194972511449,4.5,5.0,12.202361111111111,0.0,1.8171641791044773,107,1.0,0.0,0.0,0.2873647984267454,0.0,0.0,0.0,0.0,0.0,0.0,0.0,0.0,0.0,0.0,0.0,0.7126352015732547,2,295.0,295.0,295.0,0.0,0.0,2.369664983937586,0.5748342358736809
f97ab9c166ca8d6f5313653ee439a6a8,-23.673471996556483,-46.59506454847189,SP,2,21.645,33.14,66.28,21.645,1.0,2,2,0.531069531069531,355.12841521599904,1.5,4.5,5.232951388888889,0.0,2.0,13,1.0,0.0,0.0,0.0,0.0,0.0,0.6927696927696928,0.0,0.0,0.0,0.0,0.0,0.0,0.0,0.0,0.3072303072303072,2,134.0,134.0,134.0,0.0,0.0,2.1546882436934793,0.5176345960043949
f982853f2882760f3a52e7bdfabb1080,-23.577276802200743,-46.58749236136754,SP,2,125.05,144.3,288.6,62.525000000000006,2.0,2,3,0.1539384246301479,85.8730530898408,6.0,3.5,3.2077488425925926,0.0,2.0,91,1.0,0.0,0.0,0.0,0.0,0.8788484606157536,0.0,0.0,0.0,0.1211515393842462,0.0,0.0,0.0,0.0,0.0,0.0,2,54.0,54.0,54.0,0.0,0.0,0.18511826544021023,0.9724065811410845
f9ae226291893fda10af7965268fb7f6,-23.4347102431014,-46.52579898900952,SP,2,229.85,260.535,521.0699999999999,153.23333333333335,1.5,1,2,0.1335001087665869,583.0639337957508,2.0,3.5,15.231394675925928,0.0,1.3477859778597785,540,0.2309670485731283,0.0,0.7690329514268716,0.0,0.0,0.0,0.0,0.0,0.0,0.0,0.0,0.0,1.0,0.0,0.0,0.0,2,2.0,2.0,2.0,1.0,0.0,0.2248942172073343,0.8949059395499274
f9b5d3c8bd2dc9c26ff00bde73171554,-13.439421205859045,-40.43331945815208,BA,2,186.925,242.69,485.38,186.925,1.0,2,2,0.2983282064999331,1115.6562605351746,10.0,5.0,17.91311342592593,0.0,2.0,41,1.0,0.0,0.0,0.0,0.0,0.7058980874682359,0.2941019125317641,0.0,0.0,0.0,0.0,0.0,0.0,0.0,0.0,0.0,2,152.0,152.0,152.0,0.0,0.0,2.7834593499103595,0.6666365797333309
fa0ee7ceb94193fb02aa78ce3a55695a,-23.53272325819,-46.85007701912678,SP,2,113.95,133.8,267.6,113.95,1.0,2,2,0.1741992101799034,386.56984830471526,4.0,4.0,9.462204861111111,0.0,2.0,199,1.0,0.0,0.0,0.0,0.0,0.0,0.0,0.0,0.0,0.0,0.1882404563405002,0.0,0.0,0.0,0.0,0.8117595436594998,2,45.0,45.0,45.0,0.0,0.0,0.2706552706552707,0.811745901272449
fa494e4132e6539d70a8478f1d0cf3e3,-23.56916811631038,-46.65740614455071,SP,2,92.195,103.61,207.22000000000003,92.195,1.0,2,2,0.1238136558381691,280.79666289984027,1.0,5.0,11.545306712962962,0.0,2.0,27,1.0,0.0,0.0,0.0,0.0,0.0,0.0,0.3329898584521937,0.0,0.0,0.0,0.0,0.0,0.0,0.0,0.6670101415478064,2,180.0,180.0,180.0,0.0,0.0,0.5692540704278682,0.3881887241954524
fa980c101c0dcecaecd3a1b5984c6b5c,-29.481789838978703,-51.80838831894323,RS,2,69.45,88.045,176.09,69.45,1.0,2,1,0.267746580273578,994.861618904803,4.5,4.0,26.066782407407405,0.5,2.0,99,1.0,0.0,0.0,0.0,0.0,0.0,0.0,0.0,0.0,0.0,0.0,0.0,0.4247660187185025,0.0,0.5752339812814975,0.0,2,171.0,171.0,171.0,0.0,1.0,1.2970258283328986,0.18287036637648582
fb490a070c5dbc385afadcf0e56270bd,-22.858838574802324,-43.25446713856018,RJ,2,56.95,78.13,156.26,56.95,1.0,2,2,0.3719051799824407,552.9102834110905,5.5,2.0,31.45102430555556,0.5,2.0,105,0.6473185716114169,0.3526814283885831,0.0,0.0,0.0,0.6488147497805092,0.0,0.0,0.0,0.0,0.0,0.0,0.0,0.0,0.3511852502194907,0.0,2,163.0,163.0,163.0,0.0,0.0,1.8354200689530031,0.41667984392459567
fb4accbcbcd54672a8a8b195d9ff0ec8,-7.600756546058954,-43.02627083880176,PI,2,52.64,86.81,173.62,52.64,1.0,1,1,0.6491261398176292,1692.668555715052,1.5,3.0,14.596788194444445,0.0,1.803703703703704,382,1.0,0.0,0.0,0.0,0.0,1.0,0.0,0.0,0.0,0.0,0.0,0.0,0.0,0.0,0.0,0.0,2,23.0,23.0,23.0,1.0,1.0,1.0,0.0
fb7e29c65321441231990afc201c1b14,-23.57967355035357,-46.63407026559859,SP,2,134.345,157.17000000000002,314.34000000000003,53.738,2.5,1,3,0.1698611783095761,22.735163607060805,1.0,5.0,2.353917824074074,0.0,2.0,5,0.0,1.0,0.0,0.0,0.0,0.0,0.0,0.0,0.0,1.0,0.0,0.0,0.0,0.0,0.0,0.0,2,6.0,6.0,6.0,1.0,0.0,0.7971528214510321,0.159624283237887
fb8bc250f9f12a9121282d4b0d59485b,-8.795361168248315,-63.867614229569966,RO,2,33.945,71.845,143.69,33.945,1.0,2,2,1.116512004713507,2258.4759126508693,1.5,5.0,21.10482060185185,0.0,2.0,110,1.0,0.0,0.0,0.0,0.0,0.0,0.0,0.0,0.0,0.0,0.0,0.0,0.7939313595522168,0.0,0.0,0.2060686404477831,2,58.0,58.0,58.0,0.0,0.0,0.3447824052409921,0.6890464994205607
fb920961e4d8e55fd9c357976a611765,-24.112220363397658,-46.66637121630858,SP,2,21.4,33.275,66.55,21.4,1.0,1,1,0.5549065420560748,342.9748662292105,1.0,5.0,12.060839120370373,0.0,1.388783269961977,70,0.0984222389181067,0.0,0.9015777610818934,0.0,0.0,1.0,0.0,0.0,0.0,0.0,0.0,0.0,0.0,0.0,0.0,0.0,2,456.0,456.0,456.0,1.0,1.0,0.8558282208588958,0.10986452468022388
fbdd85f919749a8e7a1290c6452024e3,-23.53248205884345,-46.39765205767549,SP,2,68.5,80.17,160.34,45.66666666666666,1.5,1,1,0.1703649635036496,38.9171490941857,3.0,4.5,5.3544733796296295,0.0,1.6054945054945051,439,1.0,0.0,0.0,0.0,1.0,0.0,0.0,0.0,0.0,0.0,0.0,0.0,0.0,0.0,0.0,0.0,2,15.0,15.0,15.0,1.0,1.0,1.8238816484677705,0.41260390699646615
fc19fe9ac733e36ff8227c29435c2030,-20.269536023463505,-50.54302654712765,SP,2,54.4,66.765,133.53,54.4,1.0,2,2,0.227297794117647,542.5670593017758,1.0,5.0,9.263726851851851,0.0,1.2465870307167235,102,0.7524900771362241,0.0,0.2475099228637759,0.0,0.0,0.0,0.0,0.0,0.5413602941176471,0.0,0.0,0.0,0.0,0.0,0.0,0.4586397058823529,2,483.0,483.0,483.0,0.0,0.0,1.1940519224449557,0.12507947406295405
fc24db02becd484accefaa5af59c18b1,-23.49206728098309,-47.41096819655652,SP,2,749.99,794.4749999999999,1588.9499999999998,749.99,1.0,1,2,0.0593141241883225,92.30533712494936,10.0,5.0,4.968078703703704,0.0,2.0,69,1.0,0.0,0.0,0.0,0.0,0.0,0.0,0.0,0.0,0.0,0.0,1.0,0.0,0.0,0.0,0.0,2,21.0,21.0,21.0,1.0,0.0,1.207518859667403,0.13294381812622752
fc685f5d020dbc22ef7dae7822f336dc,-18.847897815765208,-50.13208979907137,MG,2,55.95,72.875,145.75,55.95,1.0,2,2,0.3025022341376229,449.4941103732525,1.5,5.0,8.10744212962963,0.0,2.0,359,1.0,0.0,0.0,0.0,0.0,0.6246648793565683,0.0,0.0,0.0,0.3753351206434316,0.0,0.0,0.0,0.0,0.0,0.0,2,3.0,3.0,3.0,0.0,0.0,0.6918165989553104,0.25761488906350377
fc719c11b4dce594f47e1f9aa739a3a2,-23.632262581043285,-46.6402549124686,SP,3,73.66333333333334,91.03333333333336,273.1,44.198,1.6666666666666667,2,4,0.2358025250011312,238.3755480139692,7.666666666666667,5.0,6.061836419753086,0.0,3.0,250,1.0,0.0,0.0,0.0,0.0,0.0,0.4932349880085071,0.0,0.0,0.0,0.0,0.0,0.0,0.0,0.0,0.5067650119914928,3,20.0,20.0,40.0,0.5,0.0,1.9568006843455945,0.4403447494510928
fcceb56470bf0b4d59caa87e111ca69e,-22.739332385920587,-47.63641169652139,SP,2,60.35,75.28999999999999,150.57999999999998,40.23333333333333,1.5,1,2,0.2475559237779618,246.12590392906768,1.0,5.0,7.496863425925926,0.0,2.0,159,0.7091247177580025,0.2908752822419976,0.0,0.0,0.0,0.0,1.0,0.0,0.0,0.0,0.0,0.0,0.0,0.0,0.0,0.0,2,41.0,41.0,41.0,1.0,0.0,2.437899543378996,0.5914940241616253
fccfbf734a92029859c4fe58eff05114,-17.86067538115402,-42.86223295501873,MG,2,148.99,166.585,333.17,148.99,1.0,2,2,0.1180951741727632,962.7827461432328,5.5,3.5,11.676880787037035,0.0,1.2594827586206898,522,0.8944082600474232,0.0,0.0,0.0,0.0,0.0,0.0,0.0,0.0,0.0,0.0,0.0,0.0,0.939626820591986,0.0,0.0603731794080139,2,58.0,58.0,58.0,0.0,0.0,0.11805765294137387,1.1155550209420808
fcd0ab79592faab19e2bf386cf69fbcd,-27.35368361276696,-53.55767781684384,RS,2,39.4,56.54,113.08,39.4,1.0,2,2,0.4350253807106599,781.7513759075348,1.0,5.0,13.246122685185185,0.0,1.2838312829525482,148,1.0,0.0,0.0,0.0,0.0,0.0,0.0,0.0,0.3794416243654822,0.0,0.0,0.0,0.0,0.0,0.0,0.6205583756345178,2,421.0,421.0,421.0,0.0,0.0,1.460935799782372,0.2648836509644689
fd09c64a101e3eff4adbca1b28552514,-23.495800627202463,-46.46132416639186,SP,2,31.75,44.36,88.72,31.75,1.0,2,2,0.3971653543307086,495.64926958706,3.0,5.0,15.938807870370372,0.0,1.9173228346456692,260,1.0,0.0,0.0,0.0,0.0,0.0,0.0,0.0,0.0,0.0,0.0,0.0,0.0,0.0,0.0,1.0,2,121.0,121.0,121.0,0.0,0.0,0.6940996753866718,0.2553618267495151
fd47af963b760f05fbc357474509905e,-15.909319916431995,-48.08063708535311,DF,2,56.99,71.14,142.28,56.99,1.0,1,1,0.2482891735392174,877.0012306166631,2.5,4.5,13.605908564814817,0.0,2.0,334,1.0,0.0,0.0,0.0,0.0,0.0,0.0,0.0,0.0,0.0,0.0,0.0,0.0,0.0,0.0,1.0,2,20.0,20.0,20.0,1.0,1.0,1.0,0.0
fd8ccc89be43894d2553494c71a61fd8,-22.896994821613426,-43.09855360383198,RJ,3,59.81333333333333,86.00999999999999,258.03,35.888,1.6666666666666667,2,3,0.4379736959429336,455.2892280890559,1.0,4.666666666666667,19.19969135802469,0.3333333333333333,3.0,137,1.0,0.0,0.0,0.0,0.0,0.8333704859563085,0.0,0.0,0.0,0.1666295140436914,0.0,0.0,0.0,0.0,0.0,0.0,3,19.5,19.5,39.0,0.5,0.0,2.9350764458231775,0.5107619738753923
fdb1f3e0dd15b657acc64314ce89688f,-21.789229916773785,-46.567348665687256,MG,2,69.99000000000001,92.165,184.33,46.66,1.5,2,2,0.3168309758536933,62.985327915198575,3.0,4.0,7.1174884259259255,0.0,1.808168316831683,383,1.0,0.0,0.0,0.0,0.0,0.0,0.0,0.0,0.0,0.0,0.0,0.0,0.0,0.0,0.0,1.0,2,21.0,21.0,21.0,0.0,0.0,0.3913798309178744,0.6186081459021464
fe3e52de024b82706717c38c8e183084,-20.52043215066093,-43.704761149318,MG,2,54.45,78.65,157.3,54.45,1.0,1,2,0.4444444444444445,387.16090661135087,1.0,3.0,15.534236111111111,0.5,2.0,34,0.6185632549268912,0.0,0.3814367450731087,0.0,0.0,0.0,0.0,0.0,0.0,0.0,0.0,0.0,0.0,0.0,0.0,1.0,2,322.0,322.0,322.0,1.0,0.0,0.8471113198684829,0.11705696492115505
fe52c2abb172426dd6416cc69e6b3689,-23.606080166064327,-46.75731927776468,SP,2,134.85000000000002,159.24,318.48,89.90000000000002,1.5,1,1,0.1808676307007786,295.7306731907998,1.0,1.0,9.415613425925926,0.0,2.0,344,0.0,1.0,0.0,0.0,0.0,1.0,0.0,0.0,0.0,0.0,0.0,0.0,0.0,0.0,0.0,0.0,2,7.0,7.0,7.0,1.0,1.0,2.0,0.4714045207910316
fe59d5878cd80080edbd29b5a0a4e1cf,-15.842582940884776,-47.975808124409006,DF,3,42.59333333333333,61.696666666666665,185.09,42.59333333333333,1.0,2,3,0.4485052433870715,1008.0624644258749,2.0,3.333333333333333,11.332573302469136,0.0,2.4242256637168142,376,1.0,0.0,0.0,0.0,0.0,0.0,0.6948661762404131,0.0,0.0,0.0,0.0,0.0,0.0,0.0,0.0,0.3051338237595868,3,38.0,38.0,76.0,0.5,0.0,0.23703843611294742,0.6633620699310282
fe81bb32c243a86b2f86fbf053fe6140,-23.583724833573584,-46.68615882337795,SP,5,307.08000000000004,318.152,1590.76,307.08000000000004,1.0,2,3,0.0360557509443793,31.35593326823535,2.4,4.2,4.049981481481482,0.0,5.0,73,0.959905956901104,0.0400940430988961,0.0,0.0,0.2936694021101992,0.0,0.0,0.0,0.0,0.0,0.7063305978898007,0.0,0.0,0.0,0.0,0.0,5,60.5,60.0,242.0,0.75,0.5,5.464565694575102,1.3173035032594997
fed519569d16e690df6f89cb99d4e682,-22.9226494320251,-43.24366443678432,RJ,2,124.95,143.07,286.14,124.95,1.0,2,2,0.1450180072028811,733.7553661995543,10.0,5.0,22.297170138888887,0.0,2.0,168,1.0,0.0,0.0,0.0,0.0,0.6402561024409764,0.0,0.0,0.0,0.0,0.0,0.0,0.0,0.3597438975590236,0.0,0.0,2,88.0,88.0,88.0,0.0,0.0,0.6269047077552877,0.32431919327225306
ff03923ad1eb9e32304deb7f9b2a45c9,-23.12343974889351,-48.93172415879933,SP,2,110.32,123.53,247.06,110.32,1.0,1,1,0.1197425670775924,179.4088430864765,1.5,3.0,7.507795138888889,0.0,2.0,99,0.5,0.0,0.5,1.0,0.0,0.0,0.0,0.0,0.0,0.0,0.0,0.0,0.0,0.0,0.0,0.0,2,33.0,33.0,33.0,1.0,1.0,1.0,0.0
ff22e30958c13ffe219db7d711e8f564,-23.43230161244324,-46.72115030060909,SP,2,145.0,166.46,332.92,145.0,1.0,1,1,0.148,34.64434479334535,3.5,1.0,,,2.0,0,0.5,0.0,0.5,0.0,0.0,0.0,0.0,0.0,0.0,0.0,0.0,0.0,0.0,0.0,0.0,1.0,2,10.0,10.0,10.0,1.0,1.0,1.0,0.0
ff8892f7c26aa0446da53d01b18df463,-17.162220653625173,-40.26565998066104,BA,2,138.975,165.07,330.14,138.975,1.0,2,2,0.1877675840978593,1165.2535978160931,8.0,3.25,36.582615740740735,0.5,1.5675965665236051,280,1.0,0.0,0.0,0.0,0.8202914193200216,0.1797085806799784,0.0,0.0,0.0,0.0,0.0,0.0,0.0,0.0,0.0,0.0,2,186.0,186.0,186.0,0.0,0.0,0.2533788914198937,0.8424281794883773
ff922bdd6bafcdf99cb90d7f39cea5b3,-22.48556553236241,-48.55973229905038,SP,3,31.596666666666664,46.53333333333333,139.6,31.596666666666664,1.0,3,3,0.472729190842916,382.6374341699211,2.0,4.333333333333333,17.060050154320987,0.3333333333333333,1.9672351885098744,353,1.0,0.0,0.0,0.0,0.0,0.4219854415022682,0.0,0.0,0.0,0.3153286211625699,0.0,0.0,0.0,0.0,0.0,0.2626859373351619,3,102.0,102.0,204.0,0.0,0.0,1.0801623541349568,0.20874023830971583
