category,state,region,shipments,expected,lift,predicted_freight_ratio,median_distance_km,sim_central,sim_low,sim_high
bed_bath_table,AC,North,2,7.736801712646928,0.2585047509658557,0.4810797256368971,2438.527604059324,2.1275044170990323,1.747991578264662,2.663332889820933
bed_bath_table,AL,Northeast,19,39.84452882013168,0.4768534241117727,0.39765608933353164,1914.2501426581189,19.94207146534829,17.098348318235406,23.777046717137488
bed_bath_table,AM,North,7,14.21637314698873,0.49239000183972514,0.42502479004200144,2393.3324287767696,7.381593169209706,6.235382026346921,8.95232112831888
bed_bath_table,AP,North,3,6.576281455749889,0.4561848546456277,0.40246558734192484,2438.6398013399935,3.151414694558337,2.694763572002225,3.769028383697548
bed_bath_table,BA,Northeast,225,325.3325120168033,0.6916001066268435,0.29277645863626367,1388.629751390628,231.11933628238006,212.2201813215085,254.79641183046934
bed_bath_table,CE,Northeast,69,128.23748838712282,0.5380641875307404,0.40722688332969603,2211.2346089839593,72.54258691604363,61.867812770131536,87.02100045833957
bed_bath_table,DF,Center-West,166,190.5187421739306,0.8713053535092801,0.23951381082190581,667.4251138310199,168.12080294790383,161.4705701327066,176.05990480213595
bed_bath_table,ES,Southeast,201,196.70818354404815,1.0218181896585445,0.2300478368033099,885.1386720836496,202.99078641490024,196.72905796169093,210.3940651887663
bed_bath_table,GO,Center-West,198,194.96740315870258,1.0155543787944332,0.24180439503123202,575.1907614787289,200.66407084860404,192.31634763731861,210.65245329635212
bed_bath_table,MA,Northeast,33,71.85554590620835,0.4592547392663923,0.43917233111610343,2071.072761460466,34.879265154562916,29.2480483415053,42.657195210405554
bed_bath_table,MG,Southeast,1157,1124.1572888475987,1.0292154056004648,0.21864197059084672,500.0018965443114,1164.2830799589417,1141.2861696550638,1191.1425992696893
bed_bath_table,MS,Center-West,58,68.95424526396575,0.8411374785985768,0.22477191980898964,593.3804906970695,58.47884349107789,56.97004466066767,60.25279766148186
bed_bath_table,MT,Center-West,57,88.48966958839924,0.6441429860132798,0.2791323742256002,1100.4833658207356,58.353813902628545,54.15758366004329,63.5509434335537
bed_bath_table,PA,North,33,94.29227087288443,0.34997566284608156,0.42473178704112363,2145.834391144782,34.79724950507281,29.398483108016222,42.194302820028255
bed_bath_table,PB,Northeast,29,51.15960132487781,0.5668535181859974,0.43837541006836567,2159.3758712264707,30.647555761506272,25.709994507905105,37.464414041774276
bed_bath_table,PE,Northeast,84,159.28140525911863,0.52736852656058,0.41555830116851933,2056.4915659204394,88.43874112036829,75.08364413169231,106.64108910578749
bed_bath_table,PI,Northeast,24,47.19449044714626,0.5085339363262735,0.3819390955802732,1928.4735875061342,25.11855960758343,21.73197196601243,29.641504350495417
bed_bath_table,PR,South,409,485.48430746859475,0.8424577143030676,0.2260613765602954,394.29070142591377,412.54280507850433,401.3845694964242,425.680008563784
bed_bath_table,RJ,Southeast,1412,1238.9520842589975,1.1396728073180493,0.2252055861367751,592.3667266532109,1423.85059555472,1386.5157745460704,1467.766928605218
bed_bath_table,RN,Northeast,24,46.807650361513915,0.5127366961306229,0.4627700020825847,2248.144938816999,25.460394521254308,21.101162834784905,31.557843177956283
bed_bath_table,RO,North,14,23.790665266389304,0.5884660997596715,0.4711280677725883,1970.5743236758747,14.87062757176223,12.275250042200204,18.51658869395683
bed_bath_table,RR,North,2,4.351950963363897,0.45956400171707684,0.4490513845838819,3022.893546239269,2.117208582971242,1.7665686530714397,2.6041207426526225
bed_bath_table,RS,South,553,531.3248576160278,1.0407945197241952,0.23559908684802938,938.0220617578386,559.4155791478211,539.2729174255802,583.3670903585238
bed_bath_table,SC,South,274,351.15408773276243,0.7802842386631172,0.21936630785507225,614.4829049479279,275.7889938950866,270.1415287405978,282.39025708882525
bed_bath_table,SE,Northeast,14,33.55837742860605,0.4171834597719861,0.4311976150869547,1733.5843183836148,14.778182756216555,12.443202988365902,17.98909020340746
bed_bath_table,SP,Southeast,4500,4024.587540897524,1.1181270016545481,0.16627959657724473,240.8555925073101,4500.0,4500.0,4500.0
bed_bath_table,TO,North,10,27.465646079896594,0.3640911985434587,0.338965123240797,1336.9662661769842,10.378470379611898,9.222364119170352,11.87878387340443
health_beauty,AC,North,6,7.100214080866017,0.8450449425418137,0.4669328991177772,2742.9660383902024,6.369113565131417,5.268046669476584,7.912551267826732
health_beauty,AL,Northeast,63,36.56610251645999,1.7229071644056393,0.3670828466302186,1904.466633463583,65.75228107934524,57.394764517447356,76.8080524952111
health_beauty,AM,North,15,13.046643373591307,1.149721010260971,0.3855863175879674,2687.9038251541338,15.709609079609313,13.56268938894419,18.583487257849992
health_beauty,AP,North,10,6.035181968736115,1.6569508677290463,0.3451843506809896,2665.927025425868,10.391765455457495,9.19667126346469,11.949473352491589
health_beauty,BA,Northeast,330,298.564002100416,1.105290650173597,0.2722511464828663,1387.48852919717,337.24461214465,314.74712083892814,364.94165078110524
health_beauty,CE,Northeast,156,117.68604839035424,1.325560694183237,0.3684253048962708,2283.894551783116,162.85702711639735,142.04078508142425,190.4180723326107
health_beauty,DF,Center-West,207,174.8427717413257,1.1839208332057896,0.2291269698973321,884.9199712728648,208.99118043630676,202.72629810043742,216.39105927459872
health_beauty,ES,Southeast,153,180.5229430060185,0.8475377004844149,0.23535333532001484,737.1529724459574,154.76364227738975,149.2259860916232,161.3467843123942
health_beauty,GO,Center-West,210,178.92539483782363,1.1736735313080746,0.236784590918543,829.79615167271,212.51138838285965,204.62952329975712,221.89496584190877
health_beauty,MA,Northeast,83,65.94323827604313,1.2586582365360348,0.4148837821304991,2225.0532734207504,87.37590394757771,74.20828653487105,105.31570664969213
health_beauty,MG,Southeast,1007,1031.6611059498323,0.9760957296852563,0.23185291098809352,468.34381017527335,1017.533575694492,984.421470318684,1056.7557421174213
health_beauty,MS,Center-West,57,63.28065799571838,0.9007491673657481,0.2571385990328038,874.4417362500451,58.01756862262058,54.843915695048544,61.87146392534877
health_beauty,MT,Center-West,84,81.20869854990508,1.0343719515265914,0.2903304163578637,1409.6156386943283,86.23359505823478,79.33092867384086,94.86391168866184
health_beauty,PA,North,101,86.53385911055459,1.1671731855962144,0.3725959448498121,2355.899274164544,105.52309085426063,91.80359845136807,123.73720293582905
health_beauty,PB,Northeast,77,46.95016560972654,1.6400368135027008,0.41975880250181863,2168.8365166391363,81.12627661084491,68.72054004036148,98.07569675826068
health_beauty,PE,Northeast,226,146.17565738982913,1.5460850598214928,0.39545535909814156,2057.135625527313,237.1130185734497,203.55361674695212,282.30997328632225
health_beauty,PI,Northeast,50,43.31130589328271,1.1544329816144996,0.40558482680423014,2047.6552637880236,52.55213880889163,44.85955175289295,62.975605018588844
health_beauty,PR,South,379,445.5384335743426,0.8506561307393025,0.24576429334762423,452.26375965054535,384.53898218891584,367.2042852977188,405.3617038092739
health_beauty,RJ,Southeast,971,1137.0105323746818,0.8539938482117982,0.2282993966495902,360.6478325545487,980.0905308389592,951.4809616885793,1013.8538988440204
health_beauty,RN,Northeast,57,42.956295189239405,1.3269300750656579,0.42603788704963075,2272.1893444809525,60.117335751714364,50.75527999566766,72.95413082859562
health_beauty,RO,North,23,21.833158298663005,1.053443559808223,0.4169110525119165,2275.5579954465534,24.22091167435943,20.548367076580973,29.230330713357905
health_beauty,RR,North,6,3.9938704204871347,1.5023021200743354,0.4039253410534779,3308.7984895786644,6.3044363576749465,5.3865338950974415,7.546968184709317
health_beauty,RS,South,394,487.60720200347373,0.8080274417218167,0.2594432347484137,870.343580850369,401.28575759399314,378.57786310437564,428.9200413817983
health_beauty,SC,South,285,322.26096659530634,0.8843764201759549,0.246656456389868,513.0177237759574,289.23898672277704,275.9763817774674,305.184114713853
health_beauty,SE,Northeast,40,30.79717857575635,1.2988202767213275,0.35648490601404914,1724.533638406821,41.66145245341549,36.605300202242354,48.30301362377934
health_beauty,SP,Southeast,3770,3693.4426121904917,1.020727921304862,0.16502197985632466,81.0299574452177,3770.0,3770.0,3770.0
health_beauty,TO,North,29,25.205759987074362,1.1505306729442533,0.3038094013248609,1542.333118987481,29.8664048695235,27.198007136766332,33.239264869887045
sports_leisure,AC,North,9,6.223694308680373,1.4460864485981308,0.4594542129791159,2706.489385292554,9.542814901524507,7.9216719678971605,11.806453026673374
sports_leisure,AL,Northeast,32,32.052025689703925,0.9983768361411043,0.42246505221224284,1912.4349003299787,33.73007584600543,28.531037189045364,40.84429970017963
sports_leisure,AM,North,12,11.436038292200186,1.049314429821773,0.42161813023054884,2683.8736567756296,12.646991303601286,10.702433922714814,15.30658529103459
sports_leisure,AP,North,6,5.290140162378317,1.134185449880887,0.41774352699121875,2671.241822486572,6.319386243378302,5.358803082586159,7.630269120666968
sports_leisure,BA,Northeast,256,261.7063456800097,0.9781956159099524,0.31526145710306197,1397.2987066548603,264.3360689084367,238.73344504251708,296.98704559158466
sports_leisure,CE,Northeast,89,103.15773316637718,0.8627564533281961,0.42573542657300567,2289.169259462153,93.86272511482598,79.25810887841904,113.88443878661467
sports_leisure,DF,Center-West,184,153.2584723512542,1.2005861547300893,0.24898839731826694,876.3028304307147,186.86051660856324,177.91715039521168,197.6371139166038
sports_leisure,ES,Southeast,158,158.2374277981985,0.9984995471583291,0.24379908786995327,768.307311552919,160.21852907595695,153.27122570032392,168.54766931566434
sports_leisure,GO,Center-West,151,156.8370965787454,0.96278242389029,0.2529659118909774,825.6976903734242,153.5187104527353,145.6534592614409,163.03234313030916
sports_leisure,MA,Northeast,59,57.802560891868964,1.0207160217411662,0.4697654210869786,2231.853890552543,62.65629324166701,51.75440795168717,77.96046946222528
sports_leisure,MG,Southeast,864,904.3027830512582,0.955432202790231,0.2308410512821668,471.1774727611413,872.7689166581312,845.194799881245,905.3969099787092
sports_leisure,MS,Center-West,61,55.46867552611383,1.0997197863735202,0.24094381947847773,841.4037690484474,61.80523128445917,59.28139831007464,64.82251336268094
sports_leisure,MT,Center-West,70,71.18350365553177,0.9833739055433556,0.2988859587049454,1400.8391338422844,72.00843328309784,65.81515578838872,79.80605881515645
sports_leisure,PA,North,76,75.85127438704205,1.0019607529887904,0.430552511223843,2361.909292268484,80.21596371990688,67.56433631720411,97.60735945455289
sports_leisure,PB,Northeast,31,41.15417861614897,0.7532649427690327,0.48381675683762104,2178.618993556226,32.98949408761429,27.070293981445797,41.35815879807589
sports_leisure,PE,Northeast,134,128.1303065799572,1.0458103439905526,0.4388676703149411,2066.6407955917134,141.62403506473345,118.7774494734118,173.1748431373852
sports_leisure,PI,Northeast,31,37.96453528295027,0.8165515465672506,0.45184236389006016,2053.224089641126,32.831053482531104,27.355793446101163,40.445569762066796
sports_leisure,PR,South,425,390.53681786969344,1.0882456673823915,0.22469039451862977,447.1286379440706,428.4978214686479,417.4761513697265,441.45530444025366
sports_leisure,RJ,Southeast,923,996.6468473563033,0.9261053726787395,0.2321120530731905,449.86107875320124,932.7282683186779,902.1502338715019,968.9584757727644
sports_leisure,RN,Northeast,20,37.653350567516256,0.5311612299717653,0.48387077620237423,2277.3263733571084,21.283711890410885,17.46440660229377,26.683655278713196
sports_leisure,RO,North,16,19.13785999919215,0.8360391392075914,0.46052422470632876,2236.647422313105,16.967783231751152,14.077946574955169,21.00518912420654
sports_leisure,RR,North,6,3.5008280486327097,1.7138802353755627,0.47121603564354064,3303.554493220576,6.373209884424771,5.26067073728049,7.936164382061783
sports_leisure,RS,South,422,427.41220664862465,0.9873372670119503,0.23775144997616457,865.6476535363524,427.16924502304533,410.95086044402166,446.496579903221
sports_leisure,SC,South,318,282.4779254352304,1.1257516831095338,0.22067903981421189,506.7472181434638,320.2107727507625,313.2350222917154,328.37633954837395
sports_leisure,SE,Northeast,31,26.995274063901118,1.148349149062877,0.3941663660863173,1733.4772761677584,32.51687604764351,27.9350623989975,38.682698404576875
sports_leisure,SP,Southeast,3297,3237.4879831966714,1.0183821583623507,0.16498358699654997,240.66610007711668,3297.0,3297.0,3297.0
sports_leisure,TO,North,23,22.094114795815326,1.0410011993038186,0.3534589024116338,1548.0816367136038,23.940960352741737,21.075597663776584,27.69707454499034
computers_accessories,AC,North,7,5.4166498364099045,1.2923117076808353,0.48433816836289506,2737.24860943944,7.449805597662687,6.111636827505064,9.342222349280574
computers_accessories,AL,Northeast,34,27.89574665751101,1.2188238019736033,0.4457447317424407,1877.8942398069278,35.97381977787916,30.065744826375752,44.16340547462212
computers_accessories,AM,North,11,9.9530940744032,1.1051839676959523,0.4460271637322687,2604.176507073591,11.639107853028102,9.72620736511448,14.291114371664484
computers_accessories,AP,North,7,4.604152360948419,1.5203667149186295,0.42504097711424255,2610.9313092672846,7.38161296389069,6.235345588228467,8.95243239124953
computers_accessories,BA,Northeast,221,227.7701256210365,0.9702764987173927,0.3441864840403434,1358.228494191575,229.6112064958115,203.33674114391985,263.8339865149232
computers_accessories,CE,Northeast,82,89.78097103849417,0.9133338507203489,0.4767486841352,2240.9407444843478,87.17215391167676,71.7671747425807,108.87485846267361
computers_accessories,DF,Center-West,126,133.3850022215939,0.9446339386093413,0.29176230132213676,873.0064325110056,129.39520949185138,118.9065953367723,142.52450856480166
computers_accessories,ES,Southeast,139,137.71832209072184,1.0093065170256275,0.2806034871189577,741.5049843488656,142.354084584381,131.9620139070706,155.24117694581435
computers_accessories,GO,Center-West,112,136.4995758775296,0.8205153699560858,0.29818358819640417,803.9197128890462,115.19440830586034,105.34227207113697,127.59169388464161
computers_accessories,MA,Northeast,66,50.30713535565699,1.3119411298894077,0.4870047110789678,2196.8357450124936,70.26818446529134,57.57547821091523,88.24177491889378
computers_accessories,MG,Southeast,880,787.0392212303592,1.118114544055781,0.22036862526668374,466.7645171399102,886.0300386290653,867.0011420953813,908.2970677546379
computers_accessories,MS,Center-West,55,48.27589166700328,1.1392850157875525,0.2604762074008186,880.9202807235358,56.032722697498656,52.814951386180724,59.95231667611307
computers_accessories,MT,Center-West,47,61.952932503938285,0.7586404404184137,0.3172337593355608,1398.6448763484382,48.55176632975266,43.78804474857176,54.63604937693421
computers_accessories,PA,North,84,66.01541988124572,1.27242998910113,0.44231201818213617,2342.613126806786,88.82812885238545,74.36824271049032,108.83466730958722
computers_accessories,PB,Northeast,41,35.8175970432605,1.1446887391825922,0.5127231260450302,2139.2079899423998,43.8099102542007,35.48526501528089,55.74522921358304
computers_accessories,PE,Northeast,100,111.51527850708891,0.8967381092416238,0.4621303707789013,2029.3372156962491,106.07464599957966,87.94017365008374,131.43167574034948
computers_accessories,PI,Northeast,36,33.04156400210042,1.0895368027285728,0.4740129561234203,2012.4624584271858,38.25519703247823,31.535374866109116,47.70903592493023
computers_accessories,PR,South,338,339.8947772347215,0.9944254005603239,0.2515693416862947,509.0535231763947,343.50398033690436,326.3093205511991,364.2746208013023
computers_accessories,RJ,Southeast,860,867.4087631780911,0.9914587406853648,0.23572902642556232,372.87804253171043,870.0109883361732,838.5813253987295,907.388749011676
computers_accessories,RN,Northeast,27,32.77073151027992,0.8239059293360697,0.5320728266891513,2239.23985794416,28.925780441673943,23.235891268657483,37.15675508356412
computers_accessories,RO,North,17,16.656198246960457,1.020641069945375,0.4596070826899194,2277.1415373321497,18.025739264193813,14.962394382922223,22.303499095235818
computers_accessories,RR,North,5,3.0468655329805716,1.6410307399121715,0.4972670844016252,3115.909482718919,5.331169603821491,4.347844009297649,6.730631159072058
computers_accessories,RS,South,396,371.9884275154502,1.0645492459131742,0.27271801152444836,901.5304598668661,404.7423608990831,377.5972599634536,438.17491094814204
computers_accessories,SC,South,269,245.84819445005456,1.0941711433013954,0.2380676281215498,557.7187267782864,272.3205693919938,261.9034142544282,284.738581965474
computers_accessories,SE,Northeast,34,23.49471866542796,1.4471337360608776,0.41031997692520394,1697.9808697376684,35.76467289392112,30.450213340267908,42.98592869498375
computers_accessories,SP,Southeast,2692,2817.6735367774772,0.9553981200670935,0.1816327882476474,415.79337791356306,2692.0,2692.0,2692.0
computers_accessories,TO,North,19,19.229106919255162,0.98808541029923,0.33453326126028526,1529.507802656247,19.700828551413018,17.55791347449861,22.472962832464916
furniture_decor,AC,North,7,5.225996687805469,1.3394574122739218,0.504737776439075,2722.437106408268,7.471478232225793,6.073069834721988,9.468849586442936
furniture_decor,AL,Northeast,25,26.913882942198164,0.9288886354188085,0.46585770912958413,1910.564648648935,26.53366578229639,21.95796040980019,32.94417001833564
furniture_decor,AM,North,4,9.60276891384255,0.4165465227674004,0.4645233960717108,2681.30998252831,4.244529186178339,3.5148202836216265,5.266135591746762
furniture_decor,AP,North,2,4.442097184634648,0.4502377856382931,0.4753993279266895,2668.4523255339136,2.1257258129622008,1.7511803388847071,2.6530292949836873
furniture_decor,BA,Northeast,202,219.75316072221995,0.9192131723435782,0.3472855522840642,1392.9198699610508,210.00338104950993,185.59984703368798,241.8578758602431
furniture_decor,CE,Northeast,69,86.62089510037565,0.7965745438215954,0.48086433625113434,2291.0892570768774,73.39658798551606,60.30985351177432,91.87155755419955
furniture_decor,DF,Center-West,100,128.69016843720968,0.7770601376498458,0.28619265087696355,876.1629468285958,102.55533274058656,94.64982773928466,112.40544210561909
furniture_decor,ES,Southeast,115,132.87096578745405,0.8655013480067482,0.28821129372299786,752.7083108278134,117.99701606250358,108.72997280438112,129.56309920938557
furniture_decor,GO,Center-West,105,131.69511653269782,0.7972960787344773,0.2879211886887775,825.2607725965062,107.72876652056475,99.29053468854065,118.25787130736025
furniture_decor,MA,Northeast,40,48.53644423799329,0.8241229992840897,0.5153682552596285,2230.548972693042,42.75686492807873,34.59244655991144,54.47699259897487
furniture_decor,MG,Southeast,732,759.3373187381346,0.9639984522510184,0.278634679720416,465.3821341566753,749.2916598030844,695.6878675540008,815.6527469331742
furniture_decor,MS,Center-West,46,46.57669548006624,0.9876183684969009,0.2927690244758563,856.537245939491,47.25097982455108,43.3874061191342,52.091279210399584
furniture_decor,MT,Center-West,55,59.77233711677505,0.9201580974247082,0.33493040598605617,1398.403020491841,57.03347870878374,50.81628685509132,65.07850598779078
furniture_decor,PA,North,54,63.69183463262915,0.8478323840327242,0.48106990925117943,2357.0063852653902,57.44253672918173,47.19592038480285,71.90950918217735
furniture_decor,PB,Northeast,32,34.556903098113665,0.9260089050556953,0.5123157346227012,2174.2125436092197,34.19118695937524,27.699194838078228,43.49718700029369
furniture_decor,PE,Northeast,71,107.59020681019508,0.6599113627995382,0.4783477800942544,2062.1278904772444,75.49612687899285,62.10795066987802,94.3727648061863
furniture_decor,PI,Northeast,15,31.87857979561336,0.470535390728544,0.503539554394747,2053.3453817639133,16.007631311028753,13.0184680452512,20.27466026229541
furniture_decor,PR,South,398,327.93129215979314,1.2136688675811518,0.2614455271647312,441.1856971263968,405.5792197845601,381.97042566813667,434.36296104189006
furniture_decor,RJ,Southeast,856,836.8780445934483,1.0228491541032614,0.2765599455642901,375.2186495890604,875.7598484451564,814.4701522892025,951.4998699443247
furniture_decor,RN,Northeast,29,31.617279961223087,0.9172199517342086,0.5410420957626676,2276.926221216554,31.10502215117819,24.893133794109517,40.12741772433803
furniture_decor,RO,North,11,16.069939815001817,0.6845078529622829,0.5051315943672416,2258.7368886837753,11.741539165554254,9.542253403281363,14.883408463258121
furniture_decor,RR,North,4,2.9396231368905763,1.3607186410401746,0.5074943841298455,3297.9213676549143,4.271053815223898,3.467426520933098,5.420397006167272
furniture_decor,RS,South,449,358.8953225350406,1.251061164097958,0.28663061252285116,865.423592259641,460.52302617492944,424.87802334791354,504.9523499949261
furniture_decor,SC,South,277,237.19492466777072,1.167815881338872,0.27078681717027486,506.6785506932871,282.9736054104727,264.41554909467516,305.79115188244737
furniture_decor,SE,Northeast,19,22.66776063335622,0.8381948401220096,0.45705826542005035,1730.6408914491712,20.13852725482113,16.736951809396423,24.882243224658467
furniture_decor,SP,Southeast,2736,2718.4981520378074,1.0064380577007468,0.19592840142900023,79.54626872148181,2736.0,2736.0,2736.0
furniture_decor,TO,North,16,18.552288241709412,0.8624273077015192,0.39333989193968877,1544.9179950776222,16.780423533584848,14.422741143916118,19.951592761281237
housewares,AC,North,3,4.746132406996001,0.6320936170212766,0.6128814336046637,2731.140025951548,3.2461329677697597,2.5263561317825736,4.323486648310821
housewares,AL,Northeast,9,24.442581896029406,0.36820987399297667,0.5655224868002817,1904.3074525792074,9.683409072919972,7.673174634329042,12.634484818213236
housewares,AM,North,4,8.721018297855151,0.4586620350267767,0.5718361070105236,2678.8822498542913,4.3071031251543035,3.4044950468902555,5.63570844866299
housewares,AP,North,4,4.034212545946601,0.9915193992490613,0.5497185463125194,2663.262788680754,4.2951567151130075,3.4251640326259016,5.563626634846697
housewares,BA,Northeast,143,199.57486771418183,0.7165230854858705,0.4022075699662322,1389.1362487860217,150.21065077064347,128.46303744339406,179.61942510088718
housewares,CE,Northeast,46,78.66714464595871,0.5847422098135491,0.5843073374658532,2283.222311158197,49.6069884572474,39.022295899273956,65.26856430095232
housewares,DF,Center-West,113,116.87351052227652,0.966857241602765,0.3300154950749549,867.494419114441,117.05596456229254,104.64146866753691,133.0632616625626
housewares,ES,Southeast,102,120.67041644787332,0.8452775999497898,0.3284784844107237,740.5249359099967,105.6264103901257,94.52281490390938,119.9273607334577
housewares,GO,Center-West,102,119.60253665629922,0.8528247213779129,0.33505866387861066,817.284817527195,105.77403018480267,94.23557746838803,120.70612794049151
housewares,MA,Northeast,22,44.07970472997536,0.49909590217920446,0.6357176405353855,2224.130591464115,23.866373720936913,18.4229052736244,32.08635063489295
housewares,MG,Southeast,703,689.6130387365189,1.0194122798026095,0.31069344941778904,461.59195499423174,725.1459987970732,657.0543115433665,811.67895623783
housewares,MS,Center-West,34,42.29990507735186,0.8037843096296738,0.3270348683986715,862.3012791545686,35.1978856211585,31.52890652632168,39.918368369906254
housewares,MT,Center-West,43,54.28388940501676,0.792131891640507,0.3965084099538265,1397.5327524450518,45.122872442295915,38.71342739022257,53.76047983701665
housewares,PA,North,32,57.84348871026376,0.5532169776322968,0.5794269696420338,2351.1909653863504,34.48883471536017,27.180904383430548,45.2801106923506
housewares,PB,Northeast,18,31.383800541261056,0.5735443027792302,0.6358408861976513,2170.458328124172,19.52729958082035,15.07283778506358,26.254129494415036
housewares,PE,Northeast,56,97.71100092903016,0.5731186812902893,0.5834003352019785,2058.4912204816846,60.38451088312556,47.516728944863715,79.41711139987478
housewares,PI,Northeast,14,28.951407682675605,0.4835688873386816,0.6333609272156779,2044.600950358592,15.183721039555389,11.730350190569242,20.393853720341973
housewares,PR,South,283,297.81980853899904,0.9502390099177758,0.31882379400711586,451.1594953513619,292.4465493108617,263.45773560373686,329.5159575473527
housewares,RJ,Southeast,739,760.0337783253221,0.9723252058985213,0.3185069350691861,381.6188514961272,763.614378955245,688.0741139324747,860.1882997731027
housewares,RN,Northeast,22,28.714101062325806,0.7661740812379111,0.6385974408925319,2274.0312065280054,23.873970401842787,18.410132882918923,32.133711902036126
housewares,RO,North,5,14.594357151512703,0.342598166407196,0.6179720437370726,2269.5353025206286,5.413373637078883,4.205252682289359,7.225288503115658
housewares,RR,North,0,2.6696994789352506,0.0,0.5965806379708114,3298.4589673518685,0.0,0.0,0.0
housewares,RS,South,351,325.9406430504504,1.0768831917217234,0.33318696103559164,869.4083959325841,363.8435601171131,324.5601135224865,414.61244400799075
housewares,SC,South,226,215.415084622531,1.0491372987923144,0.32335311688749346,511.53893672884436,233.77597509353373,209.93889827649735,264.3611922490931
housewares,SE,Northeast,8,20.586349315345153,0.3886070267950212,0.5412489849331241,1725.339277354612,8.580926761637672,6.866668553066227,11.071013655882233
housewares,SP,Southeast,2779,2468.878751464232,1.1256121825957806,0.2250108997111052,73.47192176516582,2802.1528682468006,2729.2058831438057,2887.941389775582
housewares,TO,North,14,16.848770044835803,0.830921186694636,0.4612954893547777,1541.1046670697183,14.848559764842236,12.315040775078582,18.38957986927269
watches_gifts,AC,North,4,4.534475097952094,0.8821307678603243,0.26967023439321325,2701.7426543040215,4.085072741465799,3.820696739698925,4.4098064028426105
watches_gifts,AL,Northeast,35,23.352546754453286,1.4987658677238518,0.2317994476459929,1887.1882422359242,35.36553807512733,34.21645553933962,36.72658143552236
watches_gifts,AM,North,11,8.332097992486974,1.3201957070018457,0.23370161144501359,2652.575151454639,11.121281355806088,10.740266102025467,11.573465401239758
watches_gifts,AP,North,7,3.85430383325928,1.8161515808889028,0.2203040499156679,2647.9957973343635,7.047820773633374,6.896910145398488,7.224399325229104
watches_gifts,BA,Northeast,221,190.67467786888557,1.1590422098521502,0.14521765042605034,1366.2582356785788,221.0,221.0,221.0
watches_gifts,CE,Northeast,129,75.15892474855596,1.7163630324884138,0.2367919792837987,2242.4074257948873,130.54299681595495,125.70039105364745,136.30829554106325
watches_gifts,DF,Center-West,129,111.66144928707033,1.1552778584160592,0.12058997065004864,860.7821328284351,129.0,129.0,129.0
watches_gifts,ES,Southeast,146,115.289029365432,1.266382419937142,0.11750759600128353,762.5478496320732,146.0,146.0,146.0
watches_gifts,GO,Center-West,142,114.26877246839277,1.2426842166286314,0.12107834936313505,804.7105696798035,142.0,142.0,142.0
watches_gifts,MA,Northeast,57,42.11393747223008,1.3534711646847506,0.26699993259564825,2158.586785339006,58.17151090305326,54.528128650780275,62.63599845870151
watches_gifts,MG,Southeast,610,658.8592317324393,0.9258426847811386,0.11952185811925709,436.13052605694327,610.0,610.0,610.0
watches_gifts,MS,Center-West,29,40.41350931049804,0.7175818307980197,0.12377709068319291,830.6621660697117,29.0,29.0,29.0
watches_gifts,MT,Center-West,61,51.86305893282708,1.176174357147099,0.14287206801477248,1372.7859915386778,61.0,61.0,61.0
watches_gifts,PA,North,73,55.26391525629115,1.320934278026742,0.2286127471362917,2322.013156767632,73.69054473569024,71.5175008932892,76.25589064004902
watches_gifts,PB,Northeast,43,29.984216585208223,1.4340878267672568,0.2592310973857085,2146.731393006362,43.79262371018468,41.322059659065516,46.79857627869191
watches_gifts,PE,Northeast,147,93.35350607908875,1.5746596584756243,0.2306358214501653,2037.6331404762734,148.48263418808753,143.82013137548955,153.99851819492233
watches_gifts,PI,Northeast,37,27.660298097507773,1.3376573119193442,0.26376705228913133,1990.581431070032,37.72807837816838,35.46167707239389,40.497139913976945
watches_gifts,PR,South,274,284.5383123964939,0.962963467704099,0.12409668120814202,429.8825740281361,274.0,274.0,274.0
watches_gifts,RJ,Southeast,819,726.1395059983035,1.1278824430217869,0.11320877601303272,410.4404580396247,819.0,819.0,819.0
watches_gifts,RN,Northeast,47,27.43357434261017,1.71322917724939,0.2627700305793369,2245.4572499303954,47.91207836986145,45.07209812756929,51.37877615916131
watches_gifts,RO,North,15,13.94351092620269,1.0757692290979564,0.26383444244794635,2237.5059370038457,15.295442035433824,14.375792050159138,16.419128157846956
watches_gifts,RR,North,1,2.550642242598053,0.392058119049033,0.253753948148203,3265.436350553726,1.016902887506998,0.9641321918172795,1.0807808501969285
watches_gifts,RS,South,228,311.4050773518601,0.732165326072639,0.12299957017675524,896.7306933605608,228.0,228.0,228.0
watches_gifts,SC,South,165,205.80848850830068,0.801716203233013,0.12106783945223798,542.9187485669543,165.0,165.0,165.0
watches_gifts,SE,Northeast,20,19.66828573736721,1.0168654384557052,0.20379074009057666,1707.033867673732,20.02645937427407,19.94246086854679,20.12292437328987
watches_gifts,SP,Southeast,2136,2358.777265015955,0.9055539205332945,0.08343675745782678,70.19309418650442,2136.0,2136.0,2136.0
watches_gifts,TO,North,27,16.097386597729933,1.677290896635828,0.20471570281145157,1531.3931812203239,27.04434229957989,26.903621119358274,27.20612404641229
telephony,AC,North,4,3.379246273781153,1.1836959120248625,0.9656002201442822,2739.3737570487465,4.46895532844367,3.1415238729035955,6.686496289920417
telephony,AL,Northeast,27,17.40311830997294,1.5514460982850138,0.9079819703548209,1907.1719267817853,30.035049027124565,21.406426126301245,44.23668885274344
telephony,AM,North,14,6.2093650280728685,2.2546588800473573,0.9149835173485601,2691.432119959727,15.58215489925664,11.086553154565046,22.995113583493414
telephony,AP,North,4,2.87235933271398,1.392583425911603,0.8121679378723836,2672.1313325272345,4.414834011075391,3.2260557823182126,6.319371466258886
telephony,BA,Northeast,230,142.09730581249747,1.618609154374069,0.6602112758611656,1391.8946326310756,250.17717151213537,191.489046258502,339.61237110923213
telephony,CE,Northeast,95,56.01100698792261,1.6960951982256702,1.0312534308671482,2289.5932263203167,106.63043621178028,73.86188687146847,162.25012307755603
telephony,DF,Center-West,75,83.21393949186088,0.9012913035722304,0.5178909317604127,876.2561891140999,80.19669048401774,64.8122579857605,102.3072569578804
telephony,ES,Southeast,105,85.91733651088582,1.2221049239194746,0.5327363766646771,740.9677443102499,112.49901835456964,90.34452017900895,144.55727474169603
telephony,GO,Center-West,114,85.15700609928506,1.3387037100281183,0.5136697215491663,827.9656684363794,121.82874294561418,98.63842524641912,155.09225688354167
telephony,MA,Northeast,60,31.38474976774246,1.9117565200939906,1.2119182321884003,2229.6660393743628,68.11540297543154,45.508282207947694,108.01684516147374
telephony,MG,Southeast,459,491.00448358040154,0.9348183475901787,0.5205850588570174,464.14653445092125,490.98309182211005,396.3353464357531,627.1814838569356
telephony,MS,Center-West,26,30.117532415074525,0.8632845361191144,0.5387001433649148,868.5068393674513,27.87874436476905,22.332842627402478,35.92541182377565
telephony,MT,Center-West,60,38.65012925637194,1.5523880813440818,0.6405466923618978,1407.8729815160268,65.12480268549695,50.185978023203354,87.72460293554775
telephony,PA,North,70,41.1845639617078,1.6996659249587769,0.8813921791808936,2361.88741090405,77.70585251122327,55.75182590988646,113.5806942831539
telephony,PB,Northeast,26,22.345265985377875,1.163557418247502,1.2127646382170472,2173.2434790844045,29.518125677991506,19.718143148984613,46.81796511978346
telephony,PE,Northeast,120,69.57023266146949,1.7248756459378687,1.0874148171094244,2061.4069369239373,135.19493575364052,92.54314625534731,208.5250171057262
telephony,PI,Northeast,36,20.613402270065034,1.746436591512092,1.0942315397962425,2050.6903875001863,40.57633129079357,27.73633488816108,62.68521115602224
telephony,PR,South,225,212.04770367976735,1.0610819928509723,0.554441286276105,447.15108116981,241.74813765280467,192.41274380528404,313.8288771225607
telephony,RJ,Southeast,407,541.1440501676294,0.7521102742863461,0.5084184357311016,364.2993864835819,434.63539544257566,352.7121795468647,551.8529100049523
telephony,RN,Northeast,22,20.444439956375977,1.076087192749875,1.2350576275037717,2276.5838120303065,25.00893082031533,16.638014687852742,39.85138504268324
telephony,RO,North,17,10.391182291877046,1.6360024800343627,1.150423071215837,2277.9138644642962,19.228728274865595,12.99745583347273,30.089072950019865
telephony,RR,North,4,1.9008260290018986,2.1043482880442,0.9459924517627227,3311.1799901746294,4.462504396548121,3.1514287826040737,6.641880349882069
telephony,RS,South,254,232.06973785192068,1.0944985862916456,0.5465981720856513,865.9861466415986,272.6331515602478,217.68797793043788,352.6346043301581
telephony,SC,South,164,153.37554025124209,1.0692708872050534,0.5422137201604224,509.8191837581493,175.9310579077223,140.72824498512068,227.08771436208752
telephony,SE,Northeast,27,14.65748071252575,1.842062802574714,0.9163301284404994,1728.2777380274683,30.0544107895933,21.37638527895851,44.36900786490844
telephony,SP,Southeast,1518,1757.8416710425336,0.8635590025008969,0.2719716823475161,67.8268569068163,1551.2130350599712,1448.0649379471242,1678.169052545097
telephony,TO,North,20,11.996324271923093,1.667177340880088,0.6871961102964491,1548.1204663259873,21.815986873452076,16.549181691213555,29.920110529291048
auto,AC,North,4,3.1368905764026334,1.2751480813803762,0.4678928507898693,2724.809119547811,4.246689783130025,3.5109245219460115,5.278570779370836
auto,AL,Northeast,21,16.154986468473563,1.2999082383003833,0.41311234954426557,1895.4916449949599,22.100496845879853,18.787921944957358,26.60896135051396
auto,AM,North,4,5.764036434139839,0.6939581395267354,0.4231149951985258,2678.0462411168282,4.216715889012423,3.565538494968088,5.108099393318196
auto,AP,North,3,2.6663569899422384,1.1251306600415083,0.40633821446547114,2663.528039539998,3.1535403841371483,2.690806756384573,3.7808253509187812
auto,BA,Northeast,149,131.90624873773072,1.1295901553250658,0.30623370040914877,1380.6556523145787,153.53743036425485,139.5711644588996,171.22458498282685
auto,CE,Northeast,54,51.99396130387365,1.0385821477306232,0.42130831446937234,2277.850874490397,56.908515194226126,48.16638530286746,68.8631123294734
auto,DF,Center-West,102,77.24593044391484,1.3204579116832322,0.25457038145862354,865.4075912569641,103.74755792882483,98.29302302098829,110.35526913127538
auto,ES,Southeast,81,79.75544290503696,1.0156046665861402,0.24201356390332573,739.4595230077548,82.09484520623523,78.66443188712728,86.20032337013744
auto,GO,Center-West,74,79.04964252534636,0.9361206152990856,0.25837107877518833,817.8084379361945,75.34641786067685,71.14865164878746,80.44979386030977
auto,MA,Northeast,38,29.13387122833946,1.3043237440768314,0.45681022538636823,2219.228000635865,40.27551504565928,33.47669192782157,49.75567158737137
auto,MG,Southeast,469,455.7902007513026,1.0289821923045361,0.22702448842083167,458.1988429360281,473.2041643375421,459.9672376590141,488.8046377319668
auto,MS,Center-West,24,27.95753726218847,0.8584447111677146,0.2629781773715022,862.9501677009794,24.467106240900534,23.01274328963779,26.242750989934244
auto,MT,Center-West,50,35.87818596760512,1.393604460525001,0.29917937898840596,1398.9002583353463,51.43814900975702,47.00374797826015,57.02258413021002
auto,PA,North,47,38.230853899907096,1.2293735348692856,0.41173287830929084,2353.077977485019,49.45136873082157,42.07074541142244,59.48842065101252
auto,PB,Northeast,22,20.742688936462415,1.0606146612615603,0.455989794525149,2161.9419390269936,23.314452230054993,19.386589401613328,28.789021727062014
auto,PE,Northeast,80,64.58073474168921,1.2387595204666677,0.43867092429328686,2049.8398619933573,84.54899318124639,70.91678937396851,103.37283830271278
auto,PI,Northeast,28,19.135032516056064,1.4632846835512512,0.43585915609705184,2041.869568763353,29.578751880888525,24.845379097679967,36.10464935648021
auto,PR,South,207,196.83988366926525,1.0516161467957683,0.24266023110718837,459.7139039989714,209.8373612886356,200.9490287925099,220.48163130949976
auto,RJ,Southeast,412,502.3338146786767,0.8201717422975802,0.23208113911511907,364.3009125256908,416.3385076044142,402.70150907467496,432.49570985207436
auto,RN,Northeast,17,18.97818798723593,0.895765181134975,0.482256104926165,2265.7648223913593,18.0868976761298,14.852361365189457,22.656379833245847
auto,RO,North,10,9.645938522438097,1.036705757219818,0.46364726043795224,2267.5387519371825,10.609912487345685,8.789596531107474,13.15723052127552
auto,RR,North,1,1.7645009492264814,0.5667324806135005,0.45589500999442356,3297.698977785442,1.059732316242789,0.8812367192074341,1.3085031231835171
auto,RS,South,178,215.42596033445085,0.8262699617244519,0.24580923627890405,879.3107524907889,180.6037470136118,172.4552213575256,190.39231923423787
auto,SC,South,163,142.3756210364745,1.1448589218672613,0.2464322299367509,519.1426431959815,165.41380967466287,157.8611521255632,174.49210092427762
auto,SE,Northeast,20,13.606262875146422,1.4699113330033153,0.38076274267105015,1716.5934210328792,20.92758698419775,18.118550613595662,24.67640055961529
auto,SP,Southeast,1609,1631.771266712445,0.986045062088682,0.17357668018054162,72.9917655157492,1609.0,1609.0,1609.0
auto,TO,North,16,11.135961546229348,1.4367865705694378,0.35060330148264685,1539.2692398681793,16.645071113202995,14.679545702096757,19.216592741596536
toys,AC,North,3,3.0940744031990954,0.9695953002610965,0.44044118512106756,2731.8687503973883,3.1714864869810224,2.6577366751551734,3.8815795919191185
toys,AL,Northeast,12,15.934483176475341,0.7530837283581332,0.4232807873358268,1905.977397607508,12.650496625770247,10.695972497976156,15.326257453915865
toys,AM,North,6,5.685361715878337,1.0553418234134384,0.4353156233136617,2684.198192010365,6.3377471010015825,5.32502928802586,7.733560763167815
toys,AP,North,3,2.629963242719231,1.1407003532483488,0.41873743951061726,2670.271432526598,3.160221878024193,2.6784246881161735,3.8180943915040535
toys,BA,Northeast,115,130.10582865452196,0.8838958345622363,0.3018494651639696,1390.3827387878,118.38178229278186,107.96132959223159,131.5327757300961
toys,CE,Northeast,62,51.284283233025,1.2089473829298742,0.4200804169940703,2287.617372386319,65.32597935472975,55.32691935823807,78.98978178827693
toys,DF,Center-West,84,76.19158217877772,1.1024839962359676,0.25534178247519795,872.9752821450663,85.45736950572092,80.90962341027911,90.97058750430496
toys,ES,Southeast,92,78.66684170133699,1.1694889232909982,0.25000221071481427,736.0677913546526,93.45699439918366,88.90312577207636,98.94968304705655
toys,GO,Center-West,72,77.9706749606172,0.9234240954867586,0.25218735670737136,822.8493519012321,73.18508838176653,69.48351277665715,77.65911812066807
toys,MA,Northeast,20,28.7362160197116,0.6959858593170725,0.4791614116565303,2223.2472343707377,21.269059622582557,17.490635684310853,26.598624966654064
toys,MG,Southeast,453,449.56901078482855,1.0076317297964597,0.2299224942909003,461.05140890021426,457.46914193535827,443.4115237252531,474.0873730670516
toys,MS,Center-West,34,27.575938118511935,1.232958960593821,0.251241590358857,863.8678887373827,34.55048309899504,32.830581286091075,36.62742318385672
toys,MT,Center-West,39,35.388475986589654,1.1020536746137053,0.29997833477311053,1402.4001523393613,40.12929125095048,36.64792317471874,44.51634216293561
toys,PA,North,29,37.70903178898897,0.7690465287541005,0.4228008269032084,2359.3608544416147,30.569591306547647,25.853100554837695,37.02474473672579
toys,PB,Northeast,14,20.459566991154016,0.684276456390944,0.4775169002768286,2171.7239135337013,14.884738047781244,12.249905505949119,18.59815983822348
toys,PE,Northeast,57,63.69925677586137,0.8948299067376241,0.43441419077374466,2059.846523922428,60.199810110291615,50.60387142381785,73.41914495865376
toys,PI,Northeast,27,18.87385385951448,1.4305504430081755,0.460089777504269,2044.2749959015428,28.631231391237623,23.75997558931426,35.43534075273958
toys,PR,South,199,194.15316880074323,1.0249639561857011,0.23731960180801845,448.06731399266,201.41184474161813,193.84369198720466,210.42682300252983
toys,RJ,Southeast,542,495.4773397422951,1.0938946275159667,0.23926469078554358,370.65954751498356,548.8843283863217,527.2953307907937,574.6510093419737
toys,RN,Northeast,23,18.719150139354525,1.2286882592840342,0.4765032171941595,2274.65242768299,24.44983944911957,20.131408124595797,30.532938054823315
toys,RO,North,12,9.514278789837217,1.2612621792014267,0.45398074814796846,2268.3445826700977,12.713020626634238,10.581670498290912,15.680491107619318
toys,RR,North,0,1.7404168517994911,0.0,0.4672849698494088,3306.1312580662493,0.0,0.0,0.0
toys,RS,South,202,212.48555963969787,0.9506528365622692,0.23014222203068058,869.0504530733261,204.00658315071095,197.6953656278899,211.46910799633105
toys,SC,South,114,140.43230197519892,0.8117790451098138,0.23121134710493754,509.3435460026712,115.17000718058095,111.49133433252481,119.52459484033722
toys,SE,Northeast,11,13.420547723876075,0.8196386784147599,0.3923924743783236,1727.1216327100992,11.534582389748717,9.919304368853766,13.705929493819514
toys,SP,Southeast,1593,1609.4988286141293,0.9897490893930406,0.17329972245821884,80.94945717795129,1593.0,1593.0,1593.0
toys,TO,North,12,10.983964131356789,1.0925017467730664,0.34812703885122664,1546.3756479618,12.477574461412335,11.021639843140298,14.379146355993399
cool_stuff,AC,North,1,2.8848406511289735,0.3466395967516102,0.31359036203907903,2741.940182295062,1.0321764279063672,0.9333133409289461,1.1580952990499294
cool_stuff,AL,Northeast,16,14.856929353314214,1.0769385530147113,0.28454413789400623,1902.5558052295796,16.402180107351423,15.157402202465008,17.950997858701772
cool_stuff,AM,North,4,5.300894696449489,0.7545895983708522,0.2790848151325631,2689.5532363803904,4.094955352425135,3.8006315574773066,4.459467345739686
cool_stuff,AP,North,2,2.452114553459628,0.8156225805920239,0.2811143732766444,2672.1765945473585,2.0485225718907363,1.8982041203805655,2.2350123347944892
cool_stuff,BA,Northeast,136,121.30754937997334,1.1211173640480139,0.21471337137147453,1387.6275421218122,136.68148022822876,134.52666794581907,139.1872916076509
cool_stuff,CE,Northeast,47,47.81623379246274,0.9829297766109006,0.28776188441910466,2287.2375743719062,48.21956873693003,44.44810905535046,52.92491612782968
cool_stuff,DF,Center-West,72,71.03920103405098,1.013524912329581,0.1698141575708964,874.1324083762588,72.0,72.0,72.0
cool_stuff,ES,Southeast,61,73.34707355495415,0.8316623560215624,0.16799528362872218,730.2481194390339,61.0,61.0,61.0
cool_stuff,GO,Center-West,83,72.69798440845014,1.141709782951732,0.17191162891243197,825.6476663329611,83.0,83.0,83.0
cool_stuff,MA,Northeast,34,26.792957547360345,1.2689901792252753,0.3433916341842327,2230.64607997537,35.31905071050297,31.29367551398719,40.55923056630221
cool_stuff,MG,Southeast,428,419.1673466090399,1.021071902337847,0.14744223778018828,458.4950389521735,428.0,428.0,428.0
cool_stuff,MS,Center-West,26,25.71114230318698,1.0112347282515417,0.15892571330149477,872.9645493744044,26.0,26.0,26.0
cool_stuff,MT,Center-West,45,32.995364947287634,1.3638279216456795,0.20857499024495055,1407.5380434994606,45.13321779422706,44.711052822115974,45.62074443770023
cool_stuff,PA,North,46,35.15899543563437,1.308342272867616,0.2873871835363999,2362.053964776002,47.18929084602443,43.51110300793965,51.776833513076674
cool_stuff,PB,Northeast,20,19.076008805590337,1.048437343672167,0.3102688295853109,2168.925343434616,20.62805610430813,18.696791189002948,23.08155848953468
cool_stuff,PE,Northeast,72,59.39165690511775,1.2122914859072704,0.29169576790714646,2056.861669453814,73.93893233197934,67.94900375439408,81.43651507724253
cool_stuff,PI,Northeast,20,17.59752797188674,1.1365232680380661,0.2891102523196387,2051.37223385902,20.525720626209658,18.900526524553577,22.55562436931069
cool_stuff,PR,South,202,181.0237508583431,1.1158756740051834,0.16300051597975027,454.6456314063098,202.0,202.0,202.0
cool_stuff,RJ,Southeast,494,461.971169770166,1.0693307988153646,0.15289537276989582,356.7899646648015,494.0,494.0,494.0
cool_stuff,RN,Northeast,21,17.45328593933029,1.2032118234353413,0.32822980214999486,2272.669716882374,21.745454233812303,19.462841221883913,24.684825487666306
cool_stuff,RO,North,11,8.870885002221595,1.240011565615516,0.3012786916252008,2278.927122706308,11.321965835170246,10.329735443062823,12.57362729154068
cool_stuff,RR,North,2,1.6227228662600477,1.232496344005725,0.31218688214297335,3309.7260948593603,2.0637009504569592,1.8679118870213485,2.3128026246709408
cool_stuff,RS,South,251,198.11643171628228,1.2669317624267078,0.15896529962157852,870.6158175474691,251.0,251.0,251.0
cool_stuff,SC,South,147,130.9357050531163,1.1226884213161485,0.1596281844897618,510.36979853568164,147.0,147.0,147.0
cool_stuff,SE,Northeast,17,12.512996324271924,1.3585874685365702,0.2688791129032829,1723.640033755705,17.357967916147356,16.245283076749836,18.723716868828777
cool_stuff,SP,Southeast,1298,1500.658046209153,0.8649538802520053,0.11241495686891606,67.93691598223157,1298.0,1298.0,1298.0
cool_stuff,TO,North,15,10.241184311507856,1.4646743524715924,0.2322381032025312,1548.1610634940134,15.158677007365242,14.659941752596257,15.74967762014009
garden_tools,AC,North,2,2.816981055862988,0.7099799254373387,0.6490849056932245,2642.815509138989,2.1728517204625377,1.6694704159542741,2.936816614040459
garden_tools,AL,Northeast,13,14.50745243769439,0.896091168027709,0.5612088998108765,1889.0624312360776,13.979607427519785,11.096504031294641,18.204267258313497
garden_tools,AM,North,5,5.176202690148241,0.9659590822276717,0.5430359803562252,2502.8654049688294,5.364324104764843,4.289497769165751,6.926830473401566
garden_tools,AP,North,2,2.39443389748354,0.835270500514516,0.5330525586483887,2405.5794787820723,2.142927970289733,1.7206913401943071,2.7540050935132316
garden_tools,BA,Northeast,145,118.45405339903866,1.2241033197195494,0.395244201404273,1364.4680472855437,152.12431287829097,130.60926301982445,181.09651273952647
garden_tools,CE,Northeast,46,46.69146100092903,0.9851908467607112,0.5253688896743093,2151.4946725394166,49.23698014030951,39.664170329858315,63.04269901451869
garden_tools,DF,Center-West,43,69.36815850062608,0.6198809501280318,0.30566452865699345,614.104657137754,44.30365594441763,40.29042625003139,49.38381635933839
garden_tools,ES,Southeast,86,71.62174334531647,1.2007526762558727,0.30353438317338227,926.8435284953753,88.56369079050793,80.66736825031535,98.5424850499781
garden_tools,GO,Center-West,75,70.98792260774731,1.0565177461865158,0.3422446539657423,606.9854258209376,77.89131862612005,69.06561454021823,89.37125857213049
garden_tools,MA,Northeast,19,26.1627115563275,0.7262244190206965,0.5762519082947551,1982.8611817762862,20.469824316811984,16.15227470128052,26.836900432337586
garden_tools,MG,Southeast,485,409.3073474168922,1.1849286436239135,0.28512262660472415,525.3768815045157,497.26219121362163,459.3155910668308,544.5003879272014
garden_tools,MS,Center-West,20,25.106343660378883,0.7966114170404922,0.34057357867416693,759.0898873970725,20.763860875918695,18.431334908951317,23.79429847148544
garden_tools,MT,Center-West,35,32.21922082643293,1.0863080826363651,0.385680046809901,1280.9273696265402,36.656381852679715,31.6450950194499,43.36490971206764
garden_tools,PA,North,27,34.33195661833017,0.7864393020228982,0.5638396531884906,2086.1921022451465,29.044131930016874,23.030052785539382,37.866609988574766
garden_tools,PB,Northeast,13,18.62728723189401,0.6979008718854748,0.5624875253261574,2124.531053867642,13.981847728497076,11.09262982027231,18.2177918885569
garden_tools,PE,Northeast,58,57.99459748757927,1.0000931554430028,0.582929618309643,2025.7361474286636,62.537546097803144,49.21985077066693,82.23177315855897
garden_tools,PI,Northeast,16,17.18358444076423,0.931121213688313,0.5718138268443005,1853.367260907067,17.228365234271802,13.61806160504575,22.542547160832036
garden_tools,PR,South,172,176.7655612554025,0.9730402165356355,0.32333195823146055,467.6574494739432,177.91717896592692,159.77811096445978,201.19094725888561
garden_tools,RJ,Southeast,545,451.1043038332593,1.208146309775504,0.31291430747265875,677.1753459982799,562.4506746702953,508.82424440883904,630.7175709331711
garden_tools,RN,Northeast,16,17.042735387971078,0.9388164303303652,0.6120262072656611,2207.1913121287,17.311006989140843,13.476786696626673,23.048090167275344
garden_tools,RO,North,5,8.66221674677869,0.577219451575072,0.6149504230112586,2174.842273705836,5.411505622954062,4.208416699575156,7.213740435494286
garden_tools,RR,North,2,1.584551843922931,1.2621865341108243,0.5825270014385064,3099.470672229677,2.156362198438808,1.697416178377573,2.8349391138753504
garden_tools,RS,South,229,193.45617401139071,1.1837306365136553,0.3514068781934867,1023.1868762448357,238.27098659462519,210.02720500420054,275.2430417236101
garden_tools,SC,South,144,127.85572767298137,1.126269449330507,0.3268610401437141,716.017789773473,149.06781726157607,133.5450866717873,169.03669974731324
garden_tools,SE,Northeast,19,12.218655329805712,1.5549992603238543,0.5396854812867434,1709.1477603715819,20.375550224027453,16.315578575933845,26.268846549724607
garden_tools,SP,Southeast,1257,1465.3583329967282,0.8578106608431909,0.23408707192644,356.4199725477606,1271.0066318989177,1227.0091779904174,1323.2429136323838
garden_tools,TO,North,8,10.000282748313609,0.7999773807744661,0.4695711631341469,1274.958881608853,8.49552115447759,7.017992225352424,10.569484399089138
perfumery,AC,North,3,2.5390798562022865,1.1815303849825007,0.3672488407945478,2748.9277836914926,3.131160677584261,2.7328944340205674,3.6580659645636775
perfumery,AL,Northeast,12,13.076261259441775,0.9176935028990296,0.3173934795457841,1892.4998050495694,12.396635017464424,11.179062859802787,13.95192121270745
perfumery,AM,North,2,4.665559235771702,0.42867315554920654,0.33757256416718834,2695.812590155107,2.075092480268615,1.8456383178566915,2.372567228484297
perfumery,AP,North,0,2.1582178777719436,0.0,0.31344164445160777,2657.5966997660257,0.0,0.0,0.0
perfumery,BA,Northeast,80,106.76830795330615,0.7492860150503373,0.2402600865378766,1377.9613755464504,81.03982361376232,77.78000470078717,84.93433001851929
perfumery,CE,Northeast,54,42.085248616552896,1.2831099203429872,0.35181873341621694,2251.3347273777254,56.1908057601226,49.51716513027543,64.929287130467
perfumery,DF,Center-West,74,62.52484145898131,1.1835295903716418,0.18470869156046466,886.0824417886636,74.0,74.0,74.0
perfumery,ES,Southeast,59,64.55610534394313,0.9139336966760739,0.19382969987115367,735.1002649398613,59.0,59.0,59.0
perfumery,GO,Center-West,83,63.98481237629762,1.2971828300733803,0.18897489667491968,837.2046866033072,83.0,83.0,83.0
perfumery,MA,Northeast,29,23.581704164478737,1.2297669327767615,0.3971879368095055,2172.872252036112,30.435374001073757,26.10219661818343,36.27733354982114
perfumery,MG,Southeast,374,368.92830310619223,1.0137471070967086,0.19159183365456017,450.65105148401966,374.0,374.0,374.0
perfumery,MS,Center-West,21,22.62954921840288,0.9279902041938294,0.19705511861545205,878.281583212631,21.0,21.0,21.0
perfumery,MT,Center-West,22,29.040725855313653,0.7575568224295814,0.23288751530531726,1415.4385758110157,22.237098153701762,21.49203706049744,23.12058666141705
perfumery,PA,North,33,30.945035747465365,1.0664069115739494,0.32935935551251744,2353.155251599465,34.1796951254353,30.568346548119134,38.83395285674567
perfumery,PB,Northeast,18,16.78966554913762,1.0720880619879023,0.40371787162616535,2159.208885128462,18.912624883729006,16.16087565971276,22.637108885385686
perfumery,PE,Northeast,47,52.27330653956457,0.8991204710654124,0.36861537327289823,2046.9920716067686,49.067681114932206,42.79095247929585,57.37920422285422
perfumery,PI,Northeast,16,15.488387122833947,1.033032030585793,0.3633913857638532,2003.6827061101383,16.6871120640681,14.59907184817819,19.44257318625473
perfumery,PR,South,137,159.32726097669348,0.8598654063352064,0.19765050461714678,452.26375965054535,137.0,137.0,137.0
perfumery,RJ,Southeast,410,406.6019004725936,1.0083573134396489,0.1794902937250811,356.5721525556518,410.0,410.0,410.0
perfumery,RN,Northeast,21,15.361433130023833,1.3670599495665297,0.4169011004492109,2250.815930990259,22.114708270441927,18.761621269712656,26.68835492033022
perfumery,RO,North,6,7.807670557822031,0.7684750471430899,0.4040507363817727,2285.7393547981387,6.304574147106942,5.386277352031687,7.547732678106428
perfumery,RR,North,1,1.428232419113786,0.7001661540637042,0.3748414630915417,3314.7967330275424,1.0452252007663714,0.9081088751451837,1.2275254287119
perfumery,RS,South,147,174.37130912469203,0.8430285964927926,0.20359578831382097,896.4496565142522,147.18455713603353,146.59861504813762,147.8573063149148
perfumery,SC,South,108,115.24248697338128,0.9371543675983481,0.20338346664662865,539.8171169822717,108.12764867594306,107.72235026315565,108.59287541733089
perfumery,SE,Northeast,7,11.013258876277417,0.6355975173777141,0.3279438261535882,1713.6657409189183,7.248039881098126,6.48848150783355,8.225934955719483
perfumery,SP,Southeast,1366,1320.797602698227,1.03422356098272,0.14618633821182292,84.29568597525335,1366.0,1366.0,1366.0
perfumery,TO,North,13,9.013733489518117,1.442243662419954,0.2816171573717561,1539.384998992225,13.317072215122607,12.334944144707334,14.53605433652317
baby,AC,North,3,2.3136890576402633,1.2966305865921788,0.48406395615832415,2688.1823045301326,3.1926465146156646,2.61950054535596,4.003069699250851
baby,AL,Northeast,7,11.915498646847356,0.5874701686825405,0.4077592670654206,1902.5558052295796,7.360069922228682,6.275186650610325,8.831982191641899
baby,AM,North,5,4.251403643413984,1.1760821647094593,0.4655315472824421,2619.6214547263553,5.306471458380569,4.392064064191668,6.587328238473705
baby,AP,North,0,1.9666356989942237,0.0,0.4559984646337919,2611.4332235676516,0.0,0.0,0.0
baby,BA,Northeast,96,97.29062487377307,0.9867343346242502,0.34545577137101946,1386.4269277135381,99.76646972897748,88.27739668825527,114.74437235225378
baby,CE,Northeast,30,38.34939613038736,0.7822808968881924,0.46351630469003247,2280.183042330662,31.829104352304583,26.369932593206418,39.468052997481465
baby,DF,Center-West,59,56.97459304439148,1.0355493009670194,0.2705453302268235,863.4047108838262,60.26857007474447,56.3272681485334,65.11345045860277
baby,ES,Southeast,60,58.82554429050369,1.019965063199354,0.28837192296937963,751.5906531987998,61.566075890778585,56.723831648645316,67.61043102001709
baby,GO,Center-West,54,58.30496425253463,0.9261647047086992,0.2672951684231492,789.3281721099196,55.1141410399682,51.64946785186596,59.3607714813174
baby,MA,Northeast,27,21.488387122833945,1.2564926276532553,0.5063579373121189,2171.6433597837913,28.825062731172242,23.413181664118504,36.560922202532225
baby,MG,Southeast,342,336.17902007513027,1.0173151195561485,0.2527710149110999,460.7493047102246,347.685759437568,329.9296333946866,369.1591984036471
baby,MS,Center-West,29,20.620753726218847,1.4063501453454206,0.2709679071972503,832.1885022033201,29.62679010779688,27.6796547357918,32.021221315756904
baby,MT,Center-West,33,26.46281859676051,1.2470326953017676,0.3281419446716304,1396.6851064364794,34.170783957032086,30.585721145721102,38.787051368921155
baby,PA,North,43,28.19808538999071,1.5249262283340497,0.46084367421368033,2343.5941022939915,45.60314400037658,37.830455990814094,56.46422161933955
baby,PB,Northeast,13,15.299268893646241,0.8497138059583277,0.5014398034967472,2164.8003329424946,13.869199074983221,11.289909010554538,17.54742709570393
baby,PE,Northeast,41,47.63307347416892,0.8607464731880888,0.4573390186174383,2056.2590652520375,43.458701024624105,36.11317728001111,53.704022616879975
baby,PI,Northeast,10,14.113503251605605,0.7085413041487316,0.4813611677705494,2015.3994713343425,10.637960158526148,8.739173589399522,13.319206289791275
baby,PR,South,155,145.1839883669265,1.0676108415500012,0.25904612890237794,448.65402075102753,157.84919836645375,148.96792524508217,168.65325282793424
baby,RJ,Southeast,348,370.50838146786765,0.9392500073043025,0.24748493832613633,397.52764176426115,353.2594241055186,336.8083446821762,373.05386861084924
baby,RN,Northeast,14,13.997818798723593,1.0001558243686228,0.49299654821963124,2266.769741621927,14.918212037005564,12.190085713202523,18.792796827603325
baby,RO,North,11,7.11459385224381,1.5461177726302402,0.48270369030220894,2229.8242488667265,11.704051219786804,9.608983574490708,14.664449254884047
baby,RR,North,2,1.3014500949226482,1.5367473618870267,0.4830124400976818,3239.2343939859456,2.128105125271842,1.746916515446049,2.6668199198909384
baby,RS,South,199,158.89259603344507,1.2524183314250388,0.2648167279305176,882.7421440215153,202.972635554283,190.61011926281893,218.091426706969
baby,SC,South,98,105.01256210364745,0.9332216835474784,0.2442041489576911,543.3858875320935,99.3876664950614,95.04274966496311,104.59887576185744
baby,SE,Northeast,8,10.035626287514642,0.7971600148117142,0.4033742932315213,1723.640033755705,8.405107163267807,7.183549812633841,10.058142311964119
baby,SP,Southeast,1170,1203.5521266712444,0.9721224150348667,0.18963279622840823,84.17196455389833,1170.0,1170.0,1170.0
baby,TO,North,7,8.213596154622934,0.85224545597608,0.36768713042011947,1534.1476905942382,7.306655193469974,6.375586735405794,8.538810178756965
electronics,AC,North,4,1.9873167185038576,2.0127642276422764,1.5164226232557612,2732.1073186066633,4.61326654905281,2.931311239667721,7.747616949835728
electronics,AL,Northeast,13,10.234681100294866,1.270191017444155,1.3828802753051772,1907.7414699335318,14.896110412325793,9.662477735912413,24.433539171146755
electronics,AM,North,4,3.6516944702508383,1.095381892594436,1.4656368379293476,2682.3317892707437,4.602214629382768,2.946673095091422,7.661968262205407
electronics,AP,North,3,1.6892192107282789,1.7759684361549497,1.3672064346493462,2668.619394192499,3.4348059538199003,2.2337060921959164,5.617573368918175
electronics,BA,Northeast,91,83.56666801308721,1.0889509198302447,1.0388909035888443,1392.2060113590753,102.1938153383783,70.67185155393804,155.7932298851078
electronics,CE,Northeast,41,32.93977460920144,1.244695827048768,1.4925089155072713,2289.7582357015663,47.233087058395185,30.119313440973094,79.00220205437864
electronics,DF,Center-West,44,48.93767419315749,0.8991028021955346,0.7860890621550609,870.8275831723797,48.45170079065781,35.664774193245556,68.77665350238202
electronics,ES,Southeast,70,50.52752756796058,1.3853834408550574,0.8393493571736386,738.5825934457752,77.4388893492532,56.17151692219658,111.78346012983346
electronics,GO,Center-West,32,50.08038130629721,0.6389727706800877,0.8060806176048945,820.4827745144023,35.299967233314725,25.838257077088148,50.43100356062469
electronics,MA,Northeast,12,18.457204023104577,0.650152644191314,1.6585832111665273,2230.129640912229,13.92740040287081,8.673844407328785,23.932576576555597
electronics,MG,Southeast,249,288.7571191986105,0.862316401725614,0.7693285749449176,462.2686790298639,273.77679843433964,202.4987576603381,386.4855243089559
electronics,MS,Center-West,20,17.71196025366563,1.1291804923659334,0.8176436436001258,862.586497512078,22.084616620219958,16.11365624448455,31.66621920868976
electronics,MT,Center-West,21,22.72993496788787,0.9238917766226842,0.9959987025971321,1399.0472239563164,23.513277743966604,16.414743526544882,35.46099115608609
electronics,PA,North,27,24.220422506765765,1.1147617260787992,1.4387011132825873,2359.234849145787,31.024401343451494,19.946735977559083,51.40616644066188
electronics,PB,Northeast,12,13.14113180110676,0.9131633546959287,1.7948391077653685,2173.5578942429606,14.005041373188602,8.56939809244549,24.55720785131048
electronics,PE,Northeast,36,40.91388294219817,0.879896930116842,1.6080284029804497,2061.738755029117,41.69123087537674,26.145425064627478,71.07609902741412
electronics,PI,Northeast,22,12.122631982873532,1.8147874183659867,1.532326554072595,2052.170015574939,25.391612614559293,16.096422365443594,42.75722261570608
electronics,PR,South,163,124.70412408611706,1.3070939008194862,0.7153136411464759,445.2452231123838,178.303049052671,134.04844796232703,247.06101862240138
electronics,RJ,Southeast,384,318.2439310094115,1.2066215961511735,0.7992331830779105,364.6836922500539,423.34522985898536,310.46522672991216,603.4895956536537
electronics,RN,Northeast,14,12.02326614694834,1.1644090573137136,1.7490674217523687,2276.8673635807227,16.309521728223785,10.03733885984698,28.409566652902527
electronics,RO,North,6,6.110998909399362,0.9818362086059884,1.5407737385692166,2269.7402008761615,6.927666409637649,4.386231772510392,11.681999928161439
electronics,RR,North,2,1.11786565415842,1.7891237579042454,1.5765337651882028,3303.2555170521855,2.3129558058683344,1.4569389313589016,3.923265509356939
electronics,RS,South,150,136.47897564325243,1.0990703827678974,0.7976391083247488,865.5958468590128,165.34598459407312,121.31263755104789,235.58458265745043
electronics,SC,South,108,90.19933756109384,1.1973480395778895,0.8450845000768095,505.56871052633545,119.53444466682689,86.57411845201219,172.84959439210053
electronics,SE,Northeast,13,8.619986266510482,1.5081230524120803,1.389346784306304,1728.695280921378,14.901004459288727,9.655563354783292,24.470765932441168
electronics,SP,Southeast,913,1033.7773155067255,0.8831689245884408,0.5173895432688622,65.11661975915575,976.194464607102,789.0984923705769,1245.0267368663558
electronics,TO,North,6,7.054974350688695,0.8504637581587083,1.075311435830287,1545.2947861333093,6.754421402334293,4.635111124833567,10.388237052740946
stationery,AC,North,2,1.8483661186735065,1.0820367132867132,0.5134852718049849,2706.489385292554,2.1372923177358576,1.7305940567563567,2.7205979067147137
stationery,AL,Northeast,8,9.519085511168559,0.8404168646887094,0.43553457917577365,1887.0346435296278,8.450628678275317,7.099491233734106,10.313106596391911
stationery,AM,North,6,3.3963727430625683,1.766590552304838,0.4742040164828217,2645.319023432232,6.376047093616064,5.255570817604813,7.9525517599112145
stationery,AP,North,2,1.5711112008724806,1.2729843685726039,0.4396287464249728,2630.558428336122,2.114049472618016,1.7723264852458405,2.586161050271297
stationery,BA,Northeast,73,77.72379529022095,0.939223306420096,0.3082352932857501,1369.56712565698,75.2575515078464,68.31217976547765,84.06709613051001
stationery,CE,Northeast,29,30.636668417013368,0.9465781202206542,0.48662424186975883,2261.0449012329623,30.873715325370597,25.301350229038672,38.763013399401316
stationery,DF,Center-West,42,45.516015672335094,0.9227521209754713,0.2564377957284057,832.956444523873,42.74157319940058,40.42823266069473,45.54891533074032
stationery,ES,Southeast,47,46.994708567273904,1.0001125963515345,0.26195826296798264,732.6578067338659,47.90164133033436,45.09350172746161,51.32692500008218
stationery,GO,Center-West,44,46.578826190572364,0.9446352258852259,0.25805360248061093,782.0645900769334,44.79669439472533,42.312585675901396,47.81582324929869
stationery,MA,Northeast,16,17.16670032718019,0.9320370074071286,0.516412729759061,2195.293602622711,17.105184283436202,13.832680661190233,21.805199060242295
stationery,MG,Southeast,243,268.5675970432605,0.9048001422184148,0.2333383975927384,437.98944138334264,245.6523102764017,237.31887476698327,255.53863274211503
stationery,MS,Center-West,19,16.473563032677628,1.1533631165468472,0.2525142423222084,856.5831823730458,19.31449325403192,18.332282807370607,20.50204328010423
stationery,MT,Center-West,24,21.14068748232823,1.1352516336122895,0.31904899363747774,1371.2493132976385,24.802353888090074,22.340284886268183,27.951256119690118
stationery,PA,North,22,22.52696207133336,0.9766074950690334,0.4609159324417064,2321.672906521775,23.332098691101486,19.35465139110029,28.89014962911999
stationery,PB,Northeast,16,12.222320959728561,1.3090803336550028,0.5184883681668853,2150.9273922213865,17.110016257175307,13.824169192553153,21.833761423491318
stationery,PE,Northeast,47,38.053237468190815,1.2351117310133704,0.4407390815292468,2039.9393722123455,49.68898718065529,41.6335549637058,60.82483290788094
stationery,PI,Northeast,9,11.275033323908389,0.798223804883641,0.5008321721006186,2019.6461127105981,9.600933479752989,7.817545183716927,12.143412825452177
stationery,PR,South,121,115.98497394676254,1.0432385841250382,0.2741220729319277,447.03016905842395,123.71600253571944,115.286063748004,134.11133437410368
stationery,RJ,Southeast,299,295.99272932907866,1.010159947772156,0.22984614573082174,370.65954751498356,301.942769875796,292.68609758901647,312.88468427272477
stationery,RN,Northeast,11,11.182615017974713,0.9836697393515575,0.5220436323352575,2252.8368334707143,11.768797628161343,9.494155833137855,15.044222959018198
stationery,RO,North,7,5.683725814921033,1.2315865029279662,0.516180408247232,2237.5059370038457,7.483281018751499,6.052215656166752,9.538373831891114
stationery,RR,North,1,1.0397059417538475,0.9618104118104117,0.5482926718701971,3265.436350553726,1.073592826427417,0.8566323276116856,1.3897282795029076
stationery,RS,South,137,126.93654319990306,1.079279430071203,0.2522112571336514,887.9464349373682,139.25588907331115,132.20976148705105,147.77261419308888
stationery,SC,South,82,83.89271721129377,0.9774388376701789,0.2511854022574015,529.1241218536903,83.3263233913675,79.18235472672463,88.33027897458051
stationery,SE,Northeast,3,8.017288039746335,0.3741913705890651,0.41626502886186667,1707.570185878349,3.158904400579925,2.6808596336737534,3.81072286277969
stationery,SP,Southeast,975,961.4969503574747,1.0140437779209857,0.1891509257612119,68.17485949510167,975.0,975.0,975.0
stationery,TO,North,3,6.561699721290948,0.45719861124790706,0.3876563226003774,1507.7122820720033,3.143106536469774,2.710310302286927,3.7231970972071182
fashion_bags_accessories,AC,North,1,1.51553096094034,0.6598347547974414,0.5570366648621103,2733.293052574692,1.074789541451937,0.8545551534264326,1.3969223566971496
fashion_bags_accessories,AL,Northeast,4,7.804984448842751,0.5124930134349059,0.49793589572248836,1899.3039640233933,4.265339335041266,3.4775579260884775,5.386867196561422
fashion_bags_accessories,AM,North,1,2.784788140727875,0.3590937441074511,0.5473744487213421,2679.831027848324,1.073466129604503,0.8568526701690542,1.3889683431810966
fashion_bags_accessories,AP,North,0,1.288201316799289,0.0,0.4643177201919166,2663.120511497985,0.0,0.0,0.0
fashion_bags_accessories,BA,Northeast,69,63.7280769075413,1.0827252813560868,0.39317925872416637,1383.7880003971661,72.36349519244168,62.20196965992269,86.02977545362691
fashion_bags_accessories,CE,Northeast,28,25.119925677586135,1.1146529794466582,0.6166010959549261,2281.6412886628796,30.31015203976049,23.557441715842753,40.43230084809578
fashion_bags_accessories,DF,Center-West,37,37.319949913155874,0.9914268396956479,0.29988511536046225,867.4759958491651,38.07054571632745,34.77020066955074,42.22916945810403
fashion_bags_accessories,ES,Southeast,47,38.532374681908145,1.219753529025752,0.31768502170105845,744.5344860289532,48.556626145734704,43.778494876075264,54.661399928000236
fashion_bags_accessories,GO,Center-West,44,38.19138021569657,1.1520924290114056,0.304912823130604,816.8668027268182,45.32611437680197,41.24299241604505,50.491689169152366
fashion_bags_accessories,MA,Northeast,23,14.075493799733408,1.6340456915575938,0.737704170830688,2223.009111051086,25.213987270658937,18.825567141675442,35.21378589579741
fashion_bags_accessories,MG,Southeast,249,220.2066486246314,1.1307560491711142,0.30844753767693944,455.9297285378932,256.7128575123571,232.98542823642273,286.8138302877291
fashion_bags_accessories,MS,Center-West,14,13.507169689380781,1.0364865713508196,0.32330982853092444,865.2851546862345,14.481561053325454,13.005331665478739,16.37564156230601
fashion_bags_accessories,MT,Center-West,13,17.33388536575514,0.749976114742447,0.3774529860568017,1398.036890844699,13.594571908876373,11.792845354169245,15.99402736153926
fashion_bags_accessories,PA,North,29,18.470533586460395,1.5700683396205786,0.5378804804864141,2353.2814977715834,31.092188715659276,24.91552993634706,40.05074474831152
fashion_bags_accessories,PB,Northeast,12,10.021448479217998,1.1974316911257916,0.7671815909490921,2165.137388742518,13.191466534410814,9.763161985347217,18.608829595142964
fashion_bags_accessories,PE,Northeast,34,31.20099365835925,1.0897088846685128,0.6422006252802642,2053.3071444145803,36.910756363636786,28.42747018037525,49.752459269543316
fashion_bags_accessories,PI,Northeast,5,9.244738861736074,0.540848159670034,0.6568700119006329,2044.542046642163,5.436691518279925,4.16604750026562,7.370663526880737
fashion_bags_accessories,PR,South,107,95.09956779900634,1.1251365539972307,0.33133021389104206,452.37364979778056,110.87163824598007,99.02485346425705,126.16154189081101
fashion_bags_accessories,RJ,Southeast,189,242.6933392575837,0.7787605567510197,0.29676942234721954,379.2876415231342,194.3255056678816,177.8948025654163,214.9772157998697
fashion_bags_accessories,RN,Northeast,7,9.168962313689057,0.7634451708400148,0.7408843609364724,2268.4798539641615,7.676146907729395,5.725739843076568,10.732294525857053
fashion_bags_accessories,RO,North,7,4.660257704891546,1.50206285644946,0.6936075218945363,2268.3055155655406,7.640589903285107,5.783965786533865,10.503822842757032
fashion_bags_accessories,RR,North,0,0.8524861655289413,0.0,0.567512264479374,3300.014868397877,0.0,0.0,0.0
fashion_bags_accessories,RS,South,77,104.07908874257785,0.7398220039228685,0.3266667256793794,874.0297156375998,79.70653697028152,71.41604172733845,90.37014073666695
fashion_bags_accessories,SC,South,73,68.78616148967969,1.0612599746673252,0.3383560116958817,513.99276170802,75.75323947607332,67.34184063849986,86.66424005250738
fashion_bags_accessories,SE,Northeast,7,6.573615543078724,1.0648630048604242,0.5310213211919734,1720.2590807547178,7.498231904374544,6.02594880756793,9.6270159806403
fashion_bags_accessories,SP,Southeast,793,788.3602617441531,1.0058853020389207,0.17718541352714395,77.69939213979079,793.0,793.0,793.0
fashion_bags_accessories,TO,North,6,5.380134911338207,1.1152136700801827,0.39930594262403046,1539.3663317142598,6.299332458976895,5.396049155253994,7.518693116858364
pet_shop,AC,North,0,1.3838510320313446,0.0,0.4830697881932977,2662.0695968083714,0.0,0.0,0.0
pet_shop,AL,Northeast,3,7.126832814961425,0.4209443490384779,0.4058484110279027,1904.7669858321628,3.153272573363391,2.6913047996980923,3.7793374857998705
pet_shop,AM,North,4,2.5428262713575958,1.5730528054771238,0.4282080810176096,2613.667909608617,4.220270001035695,3.558998210351896,5.128084001903306
pet_shop,AP,North,1,1.176273377226643,0.8501425088424162,0.4295155091097869,2603.6898947306063,1.0552940062503628,0.8893334356779355,1.2832970817945062
pet_shop,BA,Northeast,56,58.19093589691804,0.9623491895576459,0.3065430202887947,1387.8740321332448,57.70944517727544,52.44815111806642,64.37406930717776
pet_shop,CE,Northeast,11,22.937330855919537,0.4795675690905937,0.4364913441568077,2249.332629272763,11.621409924155865,9.758514115944987,14.190679848847834
pet_shop,DF,Center-West,33,34.07733166377186,0.9683856801230366,0.24431375661900118,825.8428180451932,33.4683329264049,32.001987624159874,35.22722867256858
pet_shop,ES,Southeast,23,35.184412489396934,0.6536985662878756,0.2574290227453502,742.1024849667097,23.4124586728584,22.12616830790731,24.974876764672548
pet_shop,GO,Center-West,24,34.873046007189885,0.6882106023962417,0.25421635846002066,770.2462576870425,24.40879818735477,23.13270929585542,25.954156116226976
pet_shop,MA,Northeast,9,12.852516459991113,0.7002519722901194,0.4654333530070107,2173.842740258542,9.551506748731576,7.905971220934278,11.856374592603036
pet_shop,MG,Southeast,222,201.07355495415436,1.1040735816831655,0.22626860115698263,458.9528023114251,223.93743665420376,217.83581275675493,231.12279373701796
pet_shop,MS,Center-West,20,12.333572322979359,1.6215901991945105,0.2565379083083947,863.5352323316423,20.353689480292864,19.25038637981181,21.692722641532875
pet_shop,MT,Center-West,14,15.827796178858504,0.8845198561945139,0.30154592894264276,1379.259396201627,14.410674318969338,13.14514755723001,16.00742922708916
pet_shop,PA,North,11,16.865684452882014,0.6522118939632074,0.4496085242493738,2315.571887983446,11.645663914018275,9.714279178823194,14.328460730984485
pet_shop,PB,Northeast,8,9.150714949307266,0.8742486291309535,0.4614030435631277,2167.4871930120107,8.485030577630361,7.0369144266027135,10.509130846059074
pet_shop,PE,Northeast,22,28.49003312194531,0.772199874455528,0.4257412432154384,2056.7616034246303,23.2020442591905,19.591851009544023,28.15133510223378
pet_shop,PI,Northeast,7,8.441491295391202,0.8292373651823567,0.4369846086408513,2004.5443340715178,7.39603083486364,6.208887413229849,9.033761631889158
pet_shop,PR,South,81,86.83665225996688,0.9327858443633521,0.24279007053329402,450.4907117009264,82.11336459218498,78.62577474724581,86.29048296588742
pet_shop,RJ,Southeast,199,221.60644464191944,0.8979883248501738,0.2267390802427933,418.50205999185414,200.76607255112674,195.2050113362992,207.31812165031658
pet_shop,RN,Northeast,9,8.372298743789635,1.0749735855610716,0.47361135545666966,2271.018588492886,9.563228492519627,7.884869139099699,11.923960339033577
pet_shop,RO,North,8,4.255341923496385,1.879989938253148,0.45909591719118337,2220.744909690029,8.48203619151611,7.042329154828725,10.491953463723586
pet_shop,RR,North,0,0.7784162055176314,0.0,0.503003406099477,3238.2189294965788,0.0,0.0,0.0
pet_shop,RS,South,86,95.0359696247526,0.90492052998006,0.27847354411050795,887.1789184313238,88.02794818882617,81.74107573877653,95.809966573209
pet_shop,SC,South,79,62.809538716322656,1.2577707401546294,0.24872283147384608,537.7766557547379,80.22212839146073,76.40085112699212,84.82551957851418
pet_shop,SE,Northeast,3,6.002453851435957,0.4997955959765213,0.375970830805904,1724.3577718707481,3.1363399011291655,2.7230693175831626,3.6861934288190055
pet_shop,SP,Southeast,776,719.862008724805,1.0779843783875194,0.1901701312529019,153.3366873943436,776.0,776.0,776.0
pet_shop,TO,North,4,4.912671163711273,0.8142209943842859,0.3506207379420603,1501.8926184299162,4.161282349992385,3.6698584208295335,4.804226153650137
unknown,AC,North,2,1.122914731187139,1.7810791366906473,0.4502315904609908,2737.7755531451926,2.1175999168712156,1.7658573034836076,2.606352285071507
unknown,AL,Northeast,4,5.783010865613766,0.6916812181322902,0.4152561781588331,1890.7848115660986,4.211152962623295,3.575810657951676,5.076941981450609
unknown,AM,North,1,2.063355818556368,0.4846473841335095,0.39749248192156095,2680.4738385119144,1.0495522965532051,0.8999698954134425,1.2512554661890625
unknown,AP,North,0,0.9544775215090682,0.0,0.3951080061109441,2660.078101788582,0.0,0.0,0.0
unknown,BA,Northeast,45,47.218564446419194,0.9530149958511194,0.303473142100515,1375.501976592933,46.34080769976034,42.21097634353791,51.55953300041602
unknown,CE,Northeast,16,18.61231166942683,0.8596460388250485,0.42426099616932966,2274.3377770406005,16.870076231283985,14.256235877645052,20.450440894393175
unknown,DF,Center-West,28,27.651775255483297,1.012593214768287,0.2518733331532775,861.9375415351009,28.458370864796695,27.02653270118832,30.188490783184022
unknown,ES,Southeast,17,28.55010704043301,0.5954443524826157,0.2518429645024415,724.9525554282468,17.278149899691126,16.40926988379893,18.328005340470792
unknown,GO,Center-West,48,28.297451225915903,1.6962658444672833,0.25250690502431766,814.6153110415689,48.794409439190545,46.31334200862728,51.79414451458078
unknown,MA,Northeast,11,10.429070565900554,1.0547440378787145,0.49927300052722556,2217.5911039470648,11.731898248690491,9.559349922673277,14.8268546401923
unknown,MG,Southeast,167,163.1595104414913,1.0235382512984794,0.22573065453627447,445.97605043001033,168.4292093551972,163.92734289218575,173.72764155201463
unknown,MS,Center-West,9,10.007977541705376,0.8992825935604952,0.26027653889640756,871.1958548359175,9.16849591313673,8.643463585051183,9.807924350569982
unknown,MT,Center-West,11,12.843337237952902,0.8564752132720054,0.2963629078493515,1400.3380190316234,11.30885850867595,10.355843681630413,12.506305843541192
unknown,PA,North,18,13.685523286343257,1.3152584394023243,0.4317466135397071,2349.6166982497784,19.002223062410952,15.995280632961014,23.13843595345048
unknown,PB,Northeast,9,7.425273659974957,1.2120765391467543,0.46586858191324904,2156.8316660143923,9.552135379273379,7.904837438530893,11.859991536492185
unknown,PE,Northeast,17,23.118007028315226,0.735357506344651,0.4397444079276847,2044.9042747336832,17.96975335744601,15.064167062558697,21.984256071690417
unknown,PI,Northeast,6,6.849779860241548,0.8759405590281872,0.4498832653708739,2038.2486670913734,6.352453554471781,5.298201080248699,7.817082238797282
unknown,PR,South,68,70.46289938199297,0.96504686290808,0.24700322650441553,461.3593647915356,69.01823449324286,65.83280311216672,72.84925045287224
unknown,RJ,Southeast,193,179.82075776548047,1.0732909948678322,0.22508415504461585,352.4323943171794,194.61241427660212,189.53235946147322,200.58722523126718
unknown,RN,Northeast,6,6.793634123682191,0.883179737201974,0.4772128808315763,2260.3571738148225,6.378887388728398,5.25047257234536,7.968983530240214
unknown,RO,North,5,3.4529627984004527,1.4480318184476808,0.4996523984726615,2273.0661928685236,5.33296625607287,4.344652624301185,6.741150235835626
unknown,RR,North,2,0.6316395362927657,3.1663629096722623,0.44161587803022306,3299.798351083705,2.1147208968802107,1.771100450656167,2.589969975430268
unknown,RS,South,79,77.11616916427677,1.0244284805137325,0.2631290932515407,882.4719791283558,80.54081153628341,75.74361186375063,86.39856287782126
unknown,SC,South,57,50.966292361756274,1.1183862384066858,0.246483514854574,522.3440920912717,57.84494049568531,55.201216989166355,61.022853865921334
unknown,SE,Northeast,2,4.870642646524216,0.4106234320900628,0.39857402517610946,1711.7874835999835,2.099506247456435,1.7991894810260487,2.5047309668727764
unknown,SP,Southeast,565,584.1262067294099,0.9672567220763819,0.16529707119691958,71.01287826360925,565.0,565.0,565.0
unknown,TO,North,4,3.9863472957143435,1.00342486574121,0.34713267354892685,1535.7504878680402,4.158353868340274,3.675492812029763,4.788576755146862
office_furniture,AC,North,0,1.0227410429373511,0.0,0.42816295558213163,2753.282853057223,0.0,0.0,0.0
office_furniture,AL,Northeast,3,5.267116371127358,0.5695716191966135,0.43525219280202987,1886.2134486499253,3.1688410357574597,2.6625741788042454,3.866596502998645
office_furniture,AM,North,2,1.8792866663973826,1.0642335923310873,0.41921292690855216,2693.438206944745,2.1069829482783757,1.7853055381442042,2.546339133470184
office_furniture,AP,North,0,0.8693298864967485,0.0,0.4294306295706635,2668.4523255339136,0.0,0.0,0.0
office_furniture,BA,Northeast,60,43.00626085551561,1.395145702193845,0.30439675683811074,1371.9428660640992,61.80096603319052,56.25506433064815,68.81425273457455
office_furniture,CE,Northeast,22,16.951932786686594,1.2977871182499006,0.4335765381033978,2273.9845716045224,23.231856920221404,19.537104060385552,28.31937093004443
office_furniture,DF,Center-West,16,25.184998182332272,0.6352988348128723,0.2728467848669083,870.1499292093438,16.353770294113925,15.255349862451178,17.706764412760776
office_furniture,ES,Southeast,24,26.003191016682152,0.9229636464464296,0.26943000632710984,711.6003411646088,24.508898387273625,22.927315572349517,26.45114430981584
office_furniture,GO,Center-West,21,25.77307428202125,0.8148038441284886,0.2581846238224269,825.2607725965062,21.381004684133888,20.193070305444714,22.824968984257634
office_furniture,MA,Northeast,14,9.498707436280649,1.4738847463104827,0.44830461238550057,2221.7586710460405,14.818723313029796,12.369139107691861,18.21894688844259
office_furniture,MG,Southeast,134,148.60427353879712,0.9017237311483893,0.260482682601026,443.91548926471245,136.51632698156763,128.6759361890506,146.06682920432996
office_furniture,MS,Center-West,4,9.115179545179142,0.43882843779150016,0.2674704904592945,886.8942904700161,4.082717458544193,3.825501595401057,4.398035166440119
office_furniture,MT,Center-West,15,11.697600678595954,1.2823142464972934,0.30094428932554285,1414.7191884063232,15.437837070029547,14.088403451027101,17.139642577100467
office_furniture,PA,North,21,12.464656460798967,1.684763640782598,0.4385780976732102,2357.0063852653902,22.193779985705653,18.61626173451586,27.133496066640024
office_furniture,PB,Northeast,7,6.762875146423234,1.035062728269082,0.43070801642924084,2153.1547194792315,7.388500311731729,6.222686167506991,8.991211024802768
office_furniture,PE,Northeast,19,21.055681221472717,0.9023692845721695,0.4282555522903863,2040.8334640859093,20.046438977963774,16.904953946105387,24.35928020989861
office_furniture,PI,Northeast,9,6.238720361917841,1.4426035273094553,0.4440061902475926,2040.5052621829539,9.51986177641508,7.963353280899268,11.675414019675538
office_furniture,PR,South,55,64.17700044431878,0.8570048400395259,0.25046486481625135,473.3825623813412,55.8783033393504,53.13353167504033,59.190404244436294
office_furniture,RJ,Southeast,214,163.77919376338005,1.3066372784150864,0.2560810491281587,336.3274422164191,217.75714555832755,206.0354784094442,231.97715652624473
office_furniture,RN,Northeast,5,6.187583309770974,0.8080699280613111,0.4398878021127873,2257.376688840571,5.2853429091971025,4.430415723180479,6.466645659128696
office_furniture,RO,North,5,3.1449287070323546,1.5898611592750997,0.44585201910049915,2288.0776138679084,5.29035726297889,4.421269790038189,6.495128542536463
office_furniture,RR,North,1,0.57529183665226,1.7382482008074422,0.43944682833335597,3311.868221084572,1.056993932065495,0.8862195228154623,1.292905885710783
office_furniture,RS,South,56,70.23674112372258,0.7973035067409456,0.27033536149395176,886.9345612228632,57.200939350602994,53.46953936739326,61.78694030885173
office_furniture,SC,South,42,46.41965908631902,0.9047890662423758,0.2608192306171904,526.5427343827471,42.792589851432886,40.323273799244355,45.80143536154553
office_furniture,SE,Northeast,3,4.436139273740761,0.6762637092478522,0.42347516329616863,1707.435622415866,3.1627263964675523,2.6738047562631744,3.8321384658333675
office_furniture,SP,Southeast,509,532.0171062729734,0.9567361537785526,0.16094496185070373,78.19079349760473,509.0,509.0,509.0
office_furniture,TO,North,5,3.6307307024275963,1.3771332576819526,0.33386866618529654,1543.2563247747842,5.183702674013202,4.621913657586357,5.9101009412262755
consoles_games,AC,North,1,0.8514763501231974,1.1744307400379508,0.569531322367854,2348.5557532209405,1.0764696194640249,0.8516513694205567,1.4070714274130487
consoles_games,AL,Northeast,7,4.3851032031344666,1.5963136272360496,0.4936422732263892,1910.3907067548778,7.459793527367949,6.0938188014491725,9.400412992867258
consoles_games,AM,North,2,1.5645877933513752,1.2782919619460689,0.5575502298005647,2519.672769803302,2.1497185690334084,1.7088686499413577,2.794685034746598
consoles_games,AP,North,1,0.7237548976047178,1.3816832235740597,0.5198695488992902,2466.9242507107424,1.0695763510807859,0.8636579500405941,1.3657953040384934
consoles_games,BA,Northeast,34,35.80458052268045,0.94959917149323,0.37683361275500105,1394.9955449331164,35.55092297006855,30.850599575378617,41.80812063667016
consoles_games,CE,Northeast,16,14.113220503291997,1.1336887988299977,0.5015690537081281,2292.922197221712,17.070093247711664,13.894723133876157,21.59864983099394
consoles_games,DF,Center-West,24,20.967605121783738,1.144622853234957,0.28181333028253763,796.5283864985548,24.58656959175604,22.76977148048121,26.8418916243184
consoles_games,ES,Southeast,23,21.648786201882295,1.0624152220598964,0.29810159485419624,826.0730095712623,23.655536480393536,21.633700917536515,26.1995142697147
consoles_games,GO,Center-West,21,21.457204023104573,0.9786922833649591,0.3000748640870334,741.7040690615379,21.60856942679862,19.732522909677666,23.97285496937589
consoles_games,MA,Northeast,6,7.908086601769196,0.7587170325951768,0.5921952652917168,2154.1611381918324,6.476588988412727,5.079402689441145,8.550626408878625
consoles_games,MG,Southeast,122,123.71951367290059,0.9861015160676531,0.26785654105464546,474.3642197975032,124.53552921969073,116.65197940714393,134.20322386854008
consoles_games,MS,Center-West,6,7.588782970472997,0.7906406104042305,0.2950642373745297,694.5387637931542,6.166561102037296,5.652449747123313,6.811851894381508
consoles_games,MT,Center-West,9,9.73876075453407,0.9241422216692072,0.36135965563132433,1201.502854438729,9.382795620275532,8.21904582897735,10.916455534449643
consoles_games,PA,North,14,10.377368017126468,1.3490896706076974,0.518256267596575,2200.6842527882923,14.970792229278368,12.096979127247957,19.101749950996627
consoles_games,PB,Northeast,7,5.630387365189643,1.2432537134617248,0.5840448614625324,2176.337275587185,7.548650725983476,5.938584876468167,9.930716616335644
consoles_games,PE,Northeast,20,17.529769358161328,1.1409163230484038,0.5349889274665429,2064.4622737877103,21.43475169537095,17.197342321602015,27.572658511186745
consoles_games,PI,Northeast,7,5.194005735751504,1.3477074066009271,0.5330215133218483,2021.9250800122463,7.50021713748097,6.02247351272284,9.638834623751062
consoles_games,PR,South,41,53.43014097023064,0.7673571369172267,0.29441089485589833,445.2452231123838,42.131590961217135,38.63821332623803,46.51399472036634
consoles_games,RJ,Southeast,130,136.35329401785353,0.9534056433061188,0.2792363133614796,693.1012273443305,133.0911346027145,123.5102401769551,144.95835866604048
consoles_games,RN,Northeast,6,5.151431918245344,1.1647247008640833,0.5647477629419451,2279.739785240764,6.454982941365653,5.11652590562705,8.419222578798506
consoles_games,RO,North,1,2.618289776628832,0.38192869594730106,0.5609855181975778,1917.790714972625,1.0753242730836,0.853629378309644,1.400146331945369
consoles_games,RR,North,0,0.47895544694429854,0.0,0.5898142634853134,3119.3654528963657,0.0,0.0,0.0
consoles_games,RS,South,57,58.47513834471058,0.9747732389102759,0.3162536551584751,915.69632295997,58.86910160293545,53.12987021968041,66.1938650872273
consoles_games,SC,South,33,38.64638284121662,0.853896214183473,0.3020437379045009,667.5252686397554,33.971963505180916,30.977149231211268,37.75211363053535
consoles_games,SE,Northeast,5,3.6932786686593686,1.3538106513405772,0.4710839783036045,1731.3759325055544,5.3109034209003,4.384080828633498,6.612865424403786
consoles_games,SP,Southeast,458,442.9273538797108,1.0340296122789983,0.23215471684225708,497.65117627472966,462.83323430097676,447.64155461069356,480.83380246276835
consoles_games,TO,North,3,3.022741042937351,0.9924766817222119,0.41068130467845515,1415.5521365575294,3.1559020231503,2.6864206699114983,3.793965706013541
luggage_accessories,AC,North,2,0.8288564850345357,2.412962962962963,0.5194061881810764,2706.489385292554,2.1390183951615827,1.7275522569912642,2.730795845803409
luggage_accessories,AL,Northeast,5,4.268610897927858,1.1713412441567783,0.41827162463710865,1891.7525250229808,5.266623687236079,4.464803624090525,6.361179672755924
luggage_accessories,AM,North,2,1.5230237912509592,1.3131771227009323,0.45175249717049887,2595.6130523812058,2.1181028168624114,1.7649437673638797,2.609222223582296
luggage_accessories,AP,North,0,0.7045280122793552,0.0,0.44004696438438495,2568.908682997604,0.0,0.0,0.0
luggage_accessories,BA,Northeast,30,34.853415195702226,0.8607477870260272,0.30176755649872794,1370.1375223382777,30.881613937055796,28.164997974386164,34.3098592110223
luggage_accessories,CE,Northeast,21,13.738296239447427,1.52857382269147,0.4157791138227946,2242.278624461497,22.11051230647821,18.769381028590786,26.664894439192942
luggage_accessories,DF,Center-West,21,20.41059094397544,1.0288776085730402,0.2406532955867348,774.9217475593853,21.27540327833056,20.412128782006487,22.30716257798866
luggage_accessories,ES,Southeast,15,21.07367613200307,0.7117884846498416,0.23841349919766278,728.1338565496417,15.186714221429874,14.601026645043309,15.885140170528194
luggage_accessories,GO,Center-West,12,20.887183422870297,0.5745149911816579,0.24469717196570603,712.7998718622607,12.171646755923508,11.634286644983796,12.816458322047588
luggage_accessories,MA,Northeast,8,7.69800460475825,1.039230347440307,0.4570017760443371,2153.612937464482,8.479306100176489,7.047271259596286,10.476311412601827
luggage_accessories,MG,Southeast,177,120.43284727551803,1.469698707654661,0.20972919986377783,441.3983104169579,177.5929849000669,175.7146193299349,179.7650425740588
luggage_accessories,MS,Center-West,9,7.387183422870299,1.2183263207106125,0.2519305716797178,865.5737900665019,9.14747984704762,8.686796915465992,9.70416302312749
luggage_accessories,MT,Center-West,8,9.480046047582501,0.8438777575389598,0.3017826143884511,1339.2151280477183,8.235125983467398,7.510608621464709,9.14944477315142
luggage_accessories,PA,North,7,10.101688411358403,0.6929534662867997,0.4435390361682074,2264.6076836333627,7.403788127469568,6.1947197589252605,9.077758542775618
luggage_accessories,PB,Northeast,7,5.480813507290867,1.2771826647062943,0.44955249389252727,2150.2121931672923,7.410812002913008,6.181932241096121,9.117740541287471
luggage_accessories,PE,Northeast,13,17.064082885648503,0.7618340866671165,0.4267797579636868,2041.5853454510068,13.712651079168129,11.572675727451383,16.648110949509412
luggage_accessories,PI,Northeast,5,5.056024558710667,0.9889192471159686,0.4463147042792594,1987.7428159794163,5.290743649980363,4.420566182584944,6.497327400745709
luggage_accessories,PR,South,49,52.01074443591711,0.9421130293640254,0.2542952383222644,458.67544432228283,49.83571827005278,47.22703322876697,52.99510047389228
luggage_accessories,RJ,Southeast,116,132.73100537221794,0.8739480249900984,0.24386402202245483,362.47080119942416,117.63099923226129,112.52364349103851,123.75461303302582
luggage_accessories,RN,Northeast,1,5.0145817344589405,0.19941842669115398,0.42862160181082026,2248.1502605575747,1.0551392102928199,0.8896177824903643,1.2824248901865813
luggage_accessories,RO,North,6,2.548733691481197,2.3541102077687444,0.4720954785546344,2224.3054165938997,6.374046683929971,5.259165829094219,7.9409948788862135
luggage_accessories,RR,North,0,0.4662317728319263,0.0,0.5124114303125987,3204.9074128326633,0.0,0.0,0.0
luggage_accessories,RS,South,56,56.92171910974673,0.9838072510078336,0.300384088323931,895.4466050380266,57.62703090493674,52.61174564473164,63.94910382912328
luggage_accessories,SC,South,35,37.619723714504985,0.9303630262043923,0.24012974011549745,543.3858875320935,35.45356809208537,34.031585716964436,37.15218940332934
luggage_accessories,SE,Northeast,3,3.595165003837298,0.8344540505923792,0.38452826988437616,1711.4733510804128,3.141313981102628,2.7136817984646635,3.713366187603784
luggage_accessories,SP,Southeast,416,431.1607828089025,0.9648372871249238,0.17947622645929148,134.86873925679242,416.0,416.0,416.0
luggage_accessories,TO,North,2,2.9424405218726015,0.6797078768909756,0.3487973781184114,1451.015627897381,2.0798774517685925,1.8363978252445319,2.3980293481734676
home_appliances,AC,North,0,0.6123520620430585,0.0,0.7596031411568327,2773.676807432184,0.0,0.0,0.0
home_appliances,AL,Northeast,3,3.153613119521751,0.9512898019827344,0.6498958682724747,1941.1015446551119,3.259564144033398,2.5037258850708897,4.407020279159839
home_appliances,AM,North,2,1.12519691400412,1.7774666594870139,0.7063547372355552,2736.303956885935,2.185826797943166,1.647950172760659,3.0189809027450827
home_appliances,AP,North,0,0.5204992527365997,0.0,0.6630157319659332,2725.0051945624973,0.0,0.0,0.0
home_appliances,BA,Northeast,38,25.74940420891061,1.4757623008166556,0.48344843114269337,1428.5707485624434,40.4365662129665,33.186818985352,50.684499580569124
home_appliances,CE,Northeast,7,10.149735428363694,0.689673149552088,0.7006840787637589,2334.0361778659153,7.646052966999839,5.774963806990398,10.538675459703956
home_appliances,DF,Center-West,13,15.079169527810315,0.8621164432181938,0.38979445684826597,927.0511816596812,13.625404394174542,11.734769671187637,16.162840034359988
home_appliances,ES,Southeast,15,15.569051177444763,0.9634498486157487,0.3907253156704521,753.0371257363137,15.724261135781585,13.535164104330665,18.66395296492245
home_appliances,GO,Center-West,13,15.431271963485074,0.8424451354860326,0.40185199385587905,877.0143416923694,13.654663310945175,11.680042980252512,16.324326283043828
home_appliances,MA,Northeast,3,5.6872197762249055,0.5274985173847734,0.7729239831078487,2282.586413442126,3.2995987358394903,2.437999207420741,4.663542576877748
home_appliances,MG,Southeast,85,88.9747546148564,0.9553271640696077,0.366075686022755,502.8673438841268,88.69623459097826,77.47003359235237,103.53703942749158
home_appliances,MS,Center-West,6,5.457587752958759,1.099386811828574,0.38469311954119423,897.3835951727497,6.282817574563445,5.4270066614607835,7.427771245232806
home_appliances,MT,Center-West,8,7.003776709617481,1.1422408697031303,0.46503018805382945,1449.2473817676962,8.48971017119466,7.028464504466168,10.536019627422402
home_appliances,PA,North,10,7.463040756149775,1.3399364048440567,0.7339157928614882,2415.0784323746825,10.958629639302648,8.191498066937246,15.284639212890209
home_appliances,PB,Northeast,2,4.049178010259724,0.49392740821283754,0.8285021410291695,2209.4857443459214,2.21051415356622,1.60810695212948,3.180284589600397
home_appliances,PE,Northeast,5,12.606798077311467,0.39661141309136466,0.7003850758278127,2096.5520262817813,5.461302270200388,4.125244313237552,7.526576897000079
home_appliances,PI,Northeast,4,3.735347578462657,1.0708508153466847,0.7334423285112837,2101.617932788505,4.383252678534227,3.2769236966440043,6.112568274797912
home_appliances,PR,South,42,38.42509189320192,1.0930357724773727,0.3708151910259024,446.3328268761553,43.86608932913442,38.20382761655279,51.37469212202747
home_appliances,RJ,Southeast,83,98.06052833542029,0.8464159984544943,0.3763235107999953,365.48439389381525,86.77779947360818,75.327412955691,102.01589465277497
home_appliances,RN,Northeast,2,3.704729975360504,0.5398504110425435,0.788082409373223,2314.7068120169415,2.2027428058943497,1.6204962427332144,3.128796313359155
home_appliances,RO,North,2,1.882982590782405,1.062144711156874,0.7630202050091595,2316.3179479937285,2.1977359128034153,1.6285522567179511,3.09597151719046
home_appliances,RR,North,3,0.34444803489922043,8.709586631486367,0.7775365511218129,3358.575356115655,3.3009814025141275,2.435774376356578,4.6726065239531005
home_appliances,RS,South,43,42.05327786080704,1.0225124458151997,0.391616068754917,832.8250960170953,45.08344337869455,38.78724861236501,53.54310588028457
home_appliances,SC,South,24,27.793129215979317,0.8635227726067454,0.376385794961648,472.4314756295313,25.09266815094996,21.780867506389185,29.500165107901886
home_appliances,SE,Northeast,1,2.6560770691117663,0.3764950993437911,0.6726674628199173,1762.7350864638233,1.0891593332972105,0.8301766715828035,1.4856096151358587
home_appliances,SP,Southeast,343,318.5378882740235,1.0767949830349,0.24003419126665448,111.94576304044396,347.4352309135444,333.5299074369503,364.04417211191094
home_appliances,TO,North,1,2.173849820252858,0.46001337842357576,0.5494681787295606,1601.180213805229,1.0737547357975596,0.8563508660679479,1.390699897675307
construction_tools_construction,AC,North,0,0.6026578341479177,0.0,0.4927777708007318,2733.7310046592343,0.0,0.0,0.0
construction_tools_construction,AL,Northeast,2,3.1036878458617765,0.6443947005387959,0.4180528511825745,1898.597375802977,2.106571870529612,1.7860648261382885,2.544037482148178
construction_tools_construction,AM,North,0,1.1073837702467988,0.0,0.4679048922567854,2679.9478741325215,0.0,0.0,0.0
construction_tools_construction,AP,North,0,0.51225915902573,0.0,0.46079341289381914,2658.379356434669,0.0,0.0,0.0
construction_tools_construction,BA,Northeast,26,25.34176192591994,1.0259744399779402,0.3403336989393722,1383.1048950205789,26.991679991447974,23.963326024754664,30.92547639695505
construction_tools_construction,CE,Northeast,9,9.989053601001736,0.9009862555044704,0.463176844059134,2277.0302243169563,9.548238733382458,7.911869156273571,11.83758538796805
construction_tools_construction,DF,Center-West,6,14.840449165892474,0.40430043140403643,0.26857098126282763,863.3650865410918,6.125847006294062,5.734638212528856,6.605898322358536
construction_tools_construction,ES,Southeast,10,15.322575433210808,0.6526318009389969,0.24636175343020741,738.8975515745434,10.147882101975355,9.685158323444075,10.70403768765508
construction_tools_construction,GO,Center-West,8,15.186977420527526,0.5267670964721903,0.26177248660081887,822.8516594615046,8.15306358188254,7.676325240493339,8.734475477830042
construction_tools_construction,MA,Northeast,1,5.597184634648786,0.17866124940914124,0.503400481600867,2217.9261680463846,1.067154664326958,0.867934656716874,1.351522180908608
construction_tools_construction,MG,Southeast,100,87.56618330169245,1.1419933612439088,0.2441889893079825,454.79538314530174,101.41554290986392,96.9833214492329,106.73138441283882
construction_tools_construction,MS,Center-West,8,5.371187946843317,1.4894284242467541,0.2465367747138688,865.837297421037,8.11871164944864,7.747282382105106,8.565214954324096
construction_tools_construction,MT,Center-West,7,6.8928989780668095,1.0155378777890094,0.3193097915685559,1398.292855609163,7.234436095031039,6.515099530657244,8.154623812625525
construction_tools_construction,PA,North,2,7.344892353677747,0.27229806833023995,0.4583950875417203,2349.0321210314505,2.120280956143938,1.7609950475028107,2.6216810058716598
construction_tools_construction,PB,Northeast,1,3.985074928303106,0.2509363106067901,0.4838710806017897,2164.4524926678905,1.0641856416599078,0.8732202458226662,1.334183037838178
construction_tools_construction,PE,Northeast,9,12.407218160520257,0.7253841984207211,0.4414909420513496,2052.612444506005,9.516054445023729,7.9702980611700855,11.653788776512958
construction_tools_construction,PI,Northeast,1,3.676212788302298,0.2720190744077704,0.4665043387325862,2039.0970792315259,1.0614502961507561,0.878131496635864,1.3183634296384892
construction_tools_construction,PR,South,46,37.816779092781836,1.2163912713756235,0.22425183355494932,454.97906394615563,46.37220790197654,45.19920229595079,47.75059009353363
construction_tools_construction,RJ,Southeast,104,96.50811891586217,1.077629542139034,0.23983656004966347,375.2186495890604,105.33868343213622,101.14138403360998,110.35107398642575
construction_tools_construction,RN,Northeast,6,3.646079896594902,1.6456029955908096,0.5195184292295143,2268.3832356209496,6.417152816723203,5.182484944018109,8.192965220753326
construction_tools_construction,RO,North,4,1.853172840004847,2.1584602977397065,0.49938621512187165,2269.8639921670974,4.266212926972486,3.476006309727277,5.391982451302105
construction_tools_construction,RR,North,0,0.3389950317082037,0.0,0.511613982503292,3306.61409684603,0.0,0.0,0.0
construction_tools_construction,RS,South,35,41.38752676010825,0.8456654151592135,0.24633200234937042,874.7274997317113,35.51728532742875,33.89868231023988,37.46265542134084
construction_tools_construction,SC,South,22,27.353132447388617,0.8042954510718323,0.23398482832161618,515.3176743090327,22.244459634982892,21.476540600001012,23.1560812010518
construction_tools_construction,SE,Northeast,1,2.6140283556165933,0.38255132078095666,0.4140401514816976,1719.5573359071757,1.0525708645034517,0.8943550332725408,1.268021367449817
construction_tools_construction,SP,Southeast,338,313.49507210082,1.078166867935006,0.17749016103035076,112.01738047282704,338.0,338.0,338.0
construction_tools_construction,TO,North,0,2.139435311225108,0.0,0.3692284162854855,1535.1398515422818,0.0,0.0,0.0
musical_instruments,AC,North,1,0.5024841458981298,1.990112540192926,0.45865060779193056,2736.531787037491,1.060182077593682,0.8804222363517529,1.3110789105200604
musical_instruments,AL,Northeast,1,2.5877933513753684,0.38642961945493715,0.4084519017732959,1918.8565825192088,1.0515642193512456,0.8962218081783112,1.2624107439653678
musical_instruments,AM,North,1,0.9233146180878136,1.0830544436424088,0.4137210235781942,2692.5829569546354,1.0525137190946166,0.894460854735952,1.267702340003756
musical_instruments,AP,North,2,0.42711152401341035,4.682617741630414,0.4042675201701472,2680.400509491754,2.1016040880394664,1.7952780187386,2.516351319824503
musical_instruments,BA,Northeast,33,21.12945833501636,1.5618005666198944,0.3074710383436532,1403.6780374725126,34.01459063793904,30.89261401668245,37.97215855675212
musical_instruments,CE,Northeast,7,8.328674718261501,0.8404698510618692,0.43038676688518934,2304.675655147827,7.388112144821612,6.223398647559202,8.989021986978823
musical_instruments,DF,Center-West,9,12.373672092741447,0.7273507761111202,0.2567057949327739,891.6183598733261,9.159582195917483,8.661804307986642,9.763809496167955
musical_instruments,ES,Southeast,19,12.775659409459951,1.4872030782169359,0.25045468827543127,746.5885069490947,19.303358654339,18.35533447152563,20.447323069572718
musical_instruments,GO,Center-West,9,12.662600476632871,0.7107544786403307,0.2543698980229825,834.124951046203,9.15368847706436,8.673962327134289,9.734726474796815
musical_instruments,MA,Northeast,9,4.666821505028881,1.9285074413713417,0.487106744491025,2248.8101583692937,9.582166498011002,7.850949202153746,12.033791962196535
musical_instruments,MG,Southeast,68,73.01094639899826,0.931367190179759,0.23903829794676246,475.27586551992897,68.85912642407335,66.16474396693627,72.07416749422336
musical_instruments,MS,Center-West,7,4.478389950317082,1.5630617426480204,0.23892888452548677,864.8732263341439,7.088210978517418,6.811555084799898,7.418291172801213
musical_instruments,MT,Center-West,5,5.74716241870986,0.8699945530898037,0.3126568280390509,1406.5123969127096,5.15979884869549,4.668702009361186,5.78484551390165
musical_instruments,PA,North,9,6.1240255281334575,1.4696215681424685,0.42520060124359116,2371.312188514906,9.49089616185949,8.016411021378351,11.511680690073522
musical_instruments,PB,Northeast,4,3.3226764147513834,1.2038487955798418,0.499044472313201,2185.0032812522563,4.266007292660665,3.4763714529244534,5.390778031721283
musical_instruments,PE,Northeast,11,10.344892353677748,1.063326675998649,0.45602232572392315,2073.0441938664762,11.657284671891475,9.69318859311547,14.394845981558218
musical_instruments,PI,Northeast,5,3.065153289978592,1.6312397870433821,0.5022750207879962,2069.408291178596,5.334932472892894,4.341163957559883,6.752676853494192
musical_instruments,PR,South,34,31.530880155107646,1.0783079899053305,0.24218028382329565,439.2877905471612,34.46123563196279,33.01614911620758,36.19098413765344
musical_instruments,RJ,Southeast,75,80.46655491376177,0.9320642604915741,0.23482632189612979,372.49673105101516,75.85255638171714,73.17515983041426,79.03372128308627
musical_instruments,RN,Northeast,2,3.0400290826836853,0.6578884430389839,0.5055509420847863,2289.02090635107,2.1349500459525066,1.7347342628061846,2.706807182430457
musical_instruments,RO,North,1,1.5451387486367492,0.6471910699814394,0.4845080597820749,2275.784581795367,1.0642842240686619,0.8730439921379423,1.3347559458337075
musical_instruments,RR,North,0,0.28264733206769804,0.0,0.45828057832604707,3314.48288465753,0.0,0.0,0.0
musical_instruments,RS,South,29,34.50809871955406,0.8403824341550035,0.23770141739975234,854.3598501906732,29.35479745736494,28.241610964365858,30.681306938535393
musical_instruments,SC,South,25,22.806499171951366,1.0961787607782574,0.2235332794395809,494.19252932875855,25.196592304544136,24.576883942516332,25.92424201070372
musical_instruments,SE,Northeast,3,2.1795249828331382,1.3764467136781044,0.4117326860718741,1739.8919880654432,3.1564702407494725,2.68536692077511,3.7971326544883564
musical_instruments,SP,Southeast,252,261.3859716443834,0.9640915249378683,0.15401862380308678,79.21165897626268,252.0,252.0,252.0
musical_instruments,TO,North,1,1.7838187179383609,0.5605950817444862,0.35544898581925866,1561.3002425336508,1.041322909132136,0.9155412442241885,1.2064290589637106
small_appliances,AC,North,1,0.5016762935735348,1.9933172302737518,0.40528430168865526,2724.4799945926115,1.0509879205581178,0.8972930862348166,1.259207467888297
small_appliances,AL,Northeast,0,2.5836329119037043,0.0,0.3540443093433111,1905.6569249756326,0.0,0.0,0.0
small_appliances,AM,North,0,0.9218301894413702,0.0,0.3648593764815967,2680.641233084438,0.0,0.0,0.0
small_appliances,AP,North,0,0.4264248495375046,0.0,0.35236105253744043,2661.172593819488,0.0,0.0,0.0
small_appliances,BA,Northeast,18,21.09548814476714,0.8532630236605835,0.25927583528118436,1390.1985251599833,18.3320187180975,17.29714835400555,19.591204928580797
small_appliances,CE,Northeast,8,8.315284565981338,0.962083731052188,0.34758248263901326,2286.7273205295287,8.317466095593744,7.349525121544623,9.581201562423844
small_appliances,DF,Center-West,23,12.353778729248294,1.8617785297988343,0.20820458802882555,870.2572081257227,23.0652021815079,22.85854943146948,23.303748175235317
small_appliances,ES,Southeast,3,12.755119764107121,0.2351996731886433,0.21101348965148042,765.560512038185,3.0113447783752187,2.975425335552827,3.052941300657264
small_appliances,GO,Center-West,9,12.642242598053077,0.7118990108120542,0.2103355843880751,816.8919988575558,9.031987692967606,8.930684429422605,9.149211422863125
small_appliances,MA,Northeast,2,4.659318576564204,0.42924731742099637,0.3950991632359075,2228.9723824358866,2.09821215902977,1.8016085357176168,2.4975837706089137
small_appliances,MG,Southeast,60,72.8935654562346,0.8231179202782184,0.1954878362895779,466.46177978113036,60.0,60.0,60.0
small_appliances,MS,Center-West,5,4.471189966474129,1.1182705359179532,0.21981514239287847,856.1295253275615,5.033370230056143,4.928044104258884,5.156545252672925
small_appliances,MT,Center-West,7,5.737922607747304,1.2199537147030612,0.25477836675327836,1399.9161509335424,7.120339883664725,6.74475436140308,7.575419480015498
small_appliances,PA,North,8,6.1141798279274555,1.3084338742309756,0.38009377431694175,2353.0880937983484,8.369998370248966,7.249376040414482,9.864897616014984
small_appliances,PB,Northeast,4,3.3173344912549987,1.205787360468054,0.39224080718670673,2171.544606280761,4.1942794214782495,3.6072337463109654,4.983345623408694
small_appliances,PE,Northeast,3,10.328260693945147,0.29046517016739554,0.3785431370137355,2059.693362611798,3.1378460450981676,2.7202217964341706,3.694404783648544
small_appliances,PI,Northeast,0,3.0602253907985624,0.0,0.3866755941042741,2050.763950945907,0.0,0.0,0.0
small_appliances,PR,South,39,31.48018742173931,1.2388744538753198,0.22051285237793516,447.61557515637116,39.26904938551248,38.42005695353622,40.2626702223124
small_appliances,RJ,Southeast,85,80.33718746213192,1.058040525006753,0.2007697885639182,434.2949398303454,85.02299517499071,84.9499105442056,85.10662635384845
small_appliances,RN,Northeast,3,3.0351415761198854,0.9884217670778935,0.3968014989143194,2274.9133307803627,3.1482711742565894,2.7006305808585314,3.751635677857256
small_appliances,RO,North,1,1.5426546027386194,0.6482332456174803,0.3914776163340402,2262.056697535135,1.0484260672949743,0.9020779812765338,1.2450448298594075
small_appliances,RR,North,0,0.2821929151351133,0.0,0.39522973662581984,3299.8189478218637,0.0,0.0,0.0
small_appliances,RS,South,39,34.4526194611625,1.1319893990633612,0.2278697164700294,867.7864510974116,39.35989778937848,38.22707072122186,40.69619068052614
small_appliances,SC,South,26,22.76983277456881,1.141861701726633,0.2174630899587252,508.6501089648044,26.153706589837604,25.668165176499944,26.72006519786124
small_appliances,SE,Northeast,3,2.1760209233752072,1.3786632140221915,0.3166758225694559,1726.6267408186577,3.098664817294548,2.795736626282734,3.485404632352757
small_appliances,SP,Southeast,274,260.9657369632831,1.0499462618671307,0.14428861274281626,230.85956246166626,274.0,274.0,274.0
small_appliances,TO,North,0,1.7809508421860485,0.0,0.28963959928210636,1544.3174228055448,0.0,0.0,0.0
books_general_interest,AC,North,2,0.4055418669467221,4.931673306772908,0.717851092651913,2727.8778908268023,2.1883130291661286,1.6438727900606012,3.0349286060156966
books_general_interest,AL,Northeast,1,2.088540614775619,0.4788032336672727,0.5698405776301023,1911.2137750858276,1.0765107669895548,0.8515804322709516,1.4073207161077244
books_general_interest,AM,North,1,0.745183180514602,1.3419519202103152,0.6253669953715855,2703.3627418670367,1.0835819478483297,0.8395167847664039,1.4506782098587776
books_general_interest,AP,North,0,0.34471058690471384,0.0,0.6488447443076549,2672.6738575369295,0.0,0.0,0.0
books_general_interest,BA,Northeast,14,17.053035505109666,0.8209682080240276,0.45666733713687924,1395.4663597354167,14.838020788658005,12.334110150505035,18.32916552974598
books_general_interest,CE,Northeast,7,6.72185644464192,1.0413789788057424,0.5917212512401294,2297.923906597986,7.555594463444292,5.926697977467738,9.973124329712602
books_general_interest,DF,Center-West,17,9.986468473563033,1.7023034764495317,0.373097464622219,885.043883336569,17.762994629885636,15.44890187174834,20.836198193915102
books_general_interest,ES,Southeast,8,10.31090196712041,0.7758778063752855,0.3860130934907999,751.1537640247741,8.379110811914147,7.232206635558139,9.914771767841223
books_general_interest,GO,Center-West,12,10.219655047057397,1.1742079301840258,0.39525211741470795,837.3966995654736,12.589616061353333,10.809009238969974,14.987395561258435
books_general_interest,MA,Northeast,3,3.766470089267682,0.7965017453738209,0.664346408965313,2227.8756417744203,3.264615454156968,2.495291396303382,4.438761739653053
books_general_interest,MG,Southeast,50,58.92523326735873,0.8485329158246573,0.36132669699623926,470.8276298729156,52.12630755466551,45.66200478836213,60.64517002011948
books_general_interest,MS,Center-West,2,3.614391889162661,0.5533434285299196,0.3719205362836353,867.5268525238628,2.0892992222069005,1.8183992122722596,2.4487913047629797
books_general_interest,MT,Center-West,2,4.6383851032031345,0.431184551411839,0.4615501481423362,1406.5808271841152,2.1213052575510827,1.759142559489968,2.6275560320628886
books_general_interest,PA,North,3,4.942541503413176,0.6069751762182041,0.6547228784227256,2359.2147925049353,3.261262979429641,2.5008845975388696,4.417675500627137
books_general_interest,PB,Northeast,3,2.6816455951852003,1.1187160620278809,0.6345935235085072,2176.8150899803873,3.254099960098854,2.512896687207713,4.372885112647458
books_general_interest,PE,Northeast,8,8.349093185765643,0.9581878920263087,0.5728365113282575,2065.0916354727237,8.615266525029051,6.807164108785679,11.277848113725948
books_general_interest,PI,Northeast,1,2.473805388375005,0.40423551694859905,0.6619721344416325,2050.991811013161,1.087930854022578,0.8322208672087185,1.4778595525840612
books_general_interest,PR,South,32,25.447752150906815,1.2574784527229725,0.34113897876292976,435.4160013492817,33.22605792369106,29.48263078772615,38.091491516905194
books_general_interest,RJ,Southeast,52,64.94246071818071,0.800708803222828,0.345189381184395,402.20737600620294,54.037235818453276,47.82258363028784,62.13755694602806
books_general_interest,RN,Northeast,22,2.453528295027669,8.966678739587106,0.6335410838365647,2281.0403969063095,23.860610884503874,18.43260302443652,32.050458942998475
books_general_interest,RO,North,1,1.2470412408611706,0.8018980986622615,0.7451061684700085,2275.3079242488247,1.0970312468139964,0.8172499715484975,1.536030554097884
books_general_interest,RR,North,0,0.2281173001575312,0.0,0.6809407041526041,3312.8869700659598,0.0,0.0,0.0
books_general_interest,RS,South,27,27.850587712566142,0.9694588953976595,0.3658389550219728,864.8833037138417,28.172814779959243,24.610571034931432,32.881294034052566
books_general_interest,SC,South,20,18.40653148604435,1.0865708194487267,0.36289841011117924,514.7396719643199,20.856896342136793,18.25264148056214,24.29245233825393
books_general_interest,SE,Northeast,1,1.7590378478814073,0.5684926002043699,0.567029808365852,1732.1189980903475,1.0761360184552344,0.8522268063576267,1.4050516130587807
books_general_interest,SP,Southeast,212,210.95780991234804,1.0049402773383218,0.2374036060850058,288.02174657907403,214.5747495121674,206.4956337084895,224.19919091694874
books_general_interest,TO,North,1,1.4396736276608637,0.6946018741933673,0.5511411057566127,1545.2604335022036,1.073984603405041,0.8559514983282446,1.3920802482193708
home_construction,AC,North,0,0.39503978672698625,0.0,0.33499541536863015,2738.7255265641616,0.0,0.0,0.0
home_construction,AL,Northeast,3,2.0344549016439792,1.4745964619691467,0.32491906100488155,1911.7955112427182,3.1042767245300587,2.784734426233914,3.51475629571224
home_construction,AM,North,4,0.7258856081108372,5.510510134524158,0.29865163797193117,2687.9627981962085,4.114540388689668,3.761318669353425,4.559179182396664
home_construction,AP,North,0,0.33578381871793833,0.0,0.3092387572110885,2672.3683524221615,0.0,0.0,0.0
home_construction,BA,Northeast,11,16.611423031869773,0.6621949232703302,0.2298937411925614,1397.6167578660106,11.108424388299639,10.767373868478677,11.511585586661264
home_construction,CE,Northeast,7,6.547784464999798,1.0690639005326843,0.33308881574900273,2289.848937675334,7.255988854040621,6.473001427035682,8.267829318106413
home_construction,DF,Center-West,7,9.727854748152037,0.7195831127443348,0.18383348297511606,874.4264904556119,7.0,7.0,7.0
home_construction,ES,Southeast,14,10.043886577533627,1.3938827257682787,0.19115379038146615,752.7083108278134,14.0,14.0,14.0
home_construction,GO,Center-West,12,9.955002625520054,1.2054240919271595,0.189339997638156,825.0877165304297,12.0,12.0,12.0
home_construction,MA,Northeast,5,3.6689320192268853,1.3627943973335315,0.3924321085743405,2229.906696793269,5.243029282580096,4.508704836639537,6.230173297993238
home_construction,MG,Southeast,58,57.39928101143111,1.010465618697371,0.1811450659735427,468.411617017126,58.0,58.0,58.0
home_construction,MS,Center-West,7,3.5207920992042654,1.98818896508603,0.19658327076633653,869.2452774825828,7.0,7.0,7.0
home_construction,MT,Center-West,6,4.518267560689906,1.3279426061886084,0.22501574823456938,1405.2261275341336,6.049997379875343,5.892472528460478,6.2352537545720175
home_construction,PA,North,2,4.814547400735146,0.4154076870641288,0.34166922786827447,2361.6554051163266,2.0768557352855868,1.8422253336035652,2.3819251877246694
home_construction,PB,Northeast,5,2.612200589732197,1.9140949663871718,0.3680251196605053,2178.8226822447486,5.219377085438234,4.553348525635203,6.100979178278493
home_construction,PE,Northeast,6,8.13288160924183,0.7377458923270047,0.3356944384862647,2066.4743958234158,6.222832356163058,5.541657052150542,7.104754382828261
home_construction,PI,Northeast,3,2.4097426990346165,1.2449461933018204,0.37352481397730963,2050.455946843545,3.13489879077789,2.7257979587945886,3.6783500371084332
home_construction,PR,South,21,24.788746617118388,0.8471586048444261,0.19441730201139126,447.2717855425284,21.0,21.0,21.0
home_construction,RJ,Southeast,51,63.26068384699276,0.8061879337781518,0.18359342984100493,402.5911742308262,51.0,51.0,51.0
home_construction,RN,Northeast,1,2.389990709698267,0.4184116682722372,0.4072309495178103,2280.5759119425816,1.0513425785340944,0.8966335939176814,1.2611780292043644
home_construction,RO,North,0,1.2147473441854828,0.0,0.3429172424958716,2276.176672390906,0.0,0.0,0.0
home_construction,RR,North,0,0.22220988003392977,0.0,0.3269772363295871,3308.53017494973,0.0,0.0,0.0
home_construction,RS,South,36,27.129357353475783,1.326975775022836,0.19470323121638075,861.3686847397823,36.0,36.0,36.0
home_construction,SC,South,22,17.92986832007109,1.2270028762772738,0.18797125558277225,504.9554427793065,22.0,22.0,22.0
home_construction,SE,Northeast,3,1.713485074928303,1.750817701242906,0.2983015456713113,1733.048089556208,3.085650438935764,2.8214967651654392,3.418075797053599
home_construction,SP,Southeast,204,205.49475905804417,0.9927260477839147,0.11928700424402089,68.82332655946571,204.0,204.0,204.0
home_construction,TO,North,1,1.4023912428808012,0.7130677726893057,0.2561112281615583,1548.6535774818547,1.0175651982953082,0.962765200343701,1.0840470920790757
food,AC,North,0,0.3611099890939936,0.0,0.7180900682080744,2716.466955889764,0.0,0.0,0.0
food,AL,Northeast,1,1.859716443834067,0.5377163832236486,0.6012332891312205,1889.608978233938,1.0805833432243457,0.8446018525393434,1.4321659864150769
food,AM,North,1,0.6635396049602132,1.507069046858117,0.6260811953933221,2648.7491023767593,1.0836690378473735,0.8393697646534586,1.4512186596716232
food,AP,North,0,0.3069434907298946,0.0,0.6009372371678914,2624.1503566168435,0.0,0.0,0.0
food,BA,Northeast,14,15.18467504140243,0.9219821933513689,0.37363600790929274,1364.911206179063,14.629834298589762,12.719809528204546,17.167300923770817
food,CE,Northeast,5,5.985398069232944,0.835366326878368,0.6096522906313897,2242.817961003626,5.4082095398164,4.214008037552427,7.193399348866199
food,DF,Center-West,6,8.892333481439593,0.674738527578101,0.3345265620494383,825.9649918560037,6.221305506909862,5.544621292699574,7.096678727030687
food,ES,Southeast,14,9.181221472714787,1.5248515724847613,0.30795162465818,734.242667719,14.43201941502633,13.10281700292541,16.11761327091339
food,GO,Center-West,5,9.099971725168638,0.5494522566670218,0.3235496559936234,779.832676635419,5.1722561376925045,4.644232856493504,5.8498588118389065
food,MA,Northeast,0,3.3538090237104656,0.0,0.6560020782598751,2182.3591675596567,0.0,0.0,0.0
food,MG,Southeast,35,52.46928141535727,0.6670569723060058,0.2978045673229328,466.3753682289083,35.99502878458942,32.92588540506628,39.85585791222635
food,MS,Center-West,4,3.218392777800218,1.2428563808591482,0.3328722870832002,856.3125611775082,4.146089501020853,3.6992270499731643,4.723471428584463
food,MT,Center-West,6,4.130195500262552,1.4527157369714307,0.37627086951084404,1372.4295543167389,6.273032146564445,5.4454720427307866,7.374306325800108
food,PA,North,0,4.401027992083047,0.0,0.7038312688111052,2313.5660811574007,0.0,0.0,0.0
food,PB,Northeast,3,2.3878398028840326,1.2563656893467479,0.6335677392905065,2129.7840737018582,3.2537293051353915,2.5135205492036943,4.37057713592604
food,PE,Northeast,8,7.434351900472593,1.0760857310899488,0.5906136954211356,2026.5341358995774,8.633826060474695,6.775316587038359,11.390889918958356
food,PI,Northeast,1,2.202770933473361,0.4539736678035721,0.602973280488973,2004.256888014316,1.08080324609445,0.8442274140257082,1.4335172526442426
food,PR,South,27,22.659651815648097,1.1915452284820451,0.3137392750198953,464.4480311443817,27.869695184106043,25.19762455225763,31.273417862947532
food,RJ,Southeast,41,57.8272508785394,0.7090082854901155,0.30836526525852037,356.3688304471522,42.269194603782246,38.36463284860635,47.22226251538371
food,RN,Northeast,2,2.184715434018661,0.9154510325956331,0.6606526830858617,2232.2409993622646,2.1755560472880564,1.6649513823962863,2.953795238340181
food,RO,North,1,1.1104132164640304,0.9005656499518016,0.6353497703160864,2247.9288423863527,1.0847909548077803,0.8374791656748112,1.4581950103956536
food,RR,North,0,0.20312436886537139,0.0,0.6600664642313452,3266.586501144891,0.0,0.0,0.0
food,RS,South,12,24.79922850103001,0.48388602086962473,0.3506265175742724,909.0141000773988,12.483861539689393,11.009547415552937,14.412755991213974
food,SC,South,14,16.389879630003634,0.8541856509044353,0.3263371416912159,549.6532981631485,14.491067604820667,12.98674624576472,16.425522932292854
food,SE,Northeast,1,1.5663145776951972,0.6384413541445049,0.5029104795863385,1709.645620315187,1.0670814897509897,0.8680643637553871,1.3510927273246751
food,SP,Southeast,246,187.84490245183179,1.3095910338215362,0.22810939688494047,74.64032787726912,248.2885030240784,241.08570683944797,256.7871300146346
food,TO,North,0,1.2819404612836773,0.0,0.49531782467528135,1499.7031705270058,0.0,0.0,0.0
furniture_living_room,AC,North,1,0.3102152926445046,3.2235677083333334,0.5229187808478586,2678.3301356453494,1.0700168844316855,0.8628832727375111,1.3684044117565306
furniture_living_room,AL,Northeast,3,1.5976087571191986,1.877806432038835,0.4405705007619694,1832.4772004218255,3.1715520439378997,2.6576169597812416,3.8819514652685108
furniture_living_room,AM,North,0,0.5700206002342771,0.0,0.5092175411196003,2585.8040633903956,0.0,0.0,0.0
furniture_living_room,AP,North,0,0.2636829987478289,0.0,0.49147353122881393,2549.2487735455607,0.0,0.0,0.0
furniture_living_room,BA,Northeast,16,13.044553055701417,1.2265655965120887,0.3072999130870186,1312.9981902118725,16.49127626766982,14.979516652363397,18.40739905938205
furniture_living_room,CE,Northeast,2,5.141818475582664,0.3889674459527401,0.49706245024821727,2173.5406009008466,2.1324060390313373,1.7392474470801833,2.691890861675588
furniture_living_room,DF,Center-West,7,7.639051581370925,0.9163441201353638,0.293068301005422,750.9284207972373,7.19088379726791,6.601396357544966,7.929577234112211
furniture_living_room,ES,Southeast,8,7.887223815486529,1.0142985906260242,0.2999634887304208,700.7222066974572,8.231620801392555,7.517579792018497,9.131409884668201
furniture_living_room,GO,Center-West,10,7.817425374641515,1.27919353505291,0.27869494580493365,709.2152048421315,10.236380739124742,9.503617235979084,11.143583531365987
furniture_living_room,MA,Northeast,2,2.8811245304358364,0.6941733961417675,0.4999519469574405,2106.877146532193,2.1332765265806386,1.737701236592317,2.6969875328487736
furniture_living_room,MG,Southeast,36,45.07428202124652,0.7986816070199587,0.2605353255840069,404.1310453271543,36.67655000571458,34.56858259815562,39.24442261314285
furniture_living_room,MS,Center-West,3,2.764793795694147,1.0850718793828893,0.2899193041602307,835.8085144128107,3.0794639791290335,2.8338635588459837,3.3864305117610236
furniture_living_room,MT,Center-West,3,3.548087409621521,0.8455259562841531,0.3740467302159515,1319.658686711171,3.1352070208678837,2.7252140115356243,3.680026509821319
furniture_living_room,PA,North,1,3.7807488791048995,0.26449786324786323,0.5013133882918266,2237.8732307791333,1.06684252680473,0.8684881392612941,1.349691025260114
furniture_living_room,PB,Northeast,3,2.0512986226117866,1.4624881852551985,0.4810878299358367,2094.0520975807217,3.19126041102235,2.6219805898405157,3.995021297091853
furniture_living_room,PE,Northeast,4,6.386557337318738,0.6263155231734466,0.43278121563167593,1984.044016048434,4.223427949449538,3.553201620885697,5.145892398387287
furniture_living_room,PI,Northeast,2,1.892313285131478,1.0569074453551912,0.5024540485392699,1930.6528095450913,2.134026537717781,1.7363706310348428,2.701384885544234
furniture_living_room,PR,South,13,19.46600961344266,0.6678307602921647,0.27615227396648373,482.5133126844516,13.29870973682679,12.37208986180043,14.443393740529222
furniture_living_room,RJ,Southeast,89,49.67710142585935,1.7915699073712696,0.24411855306478342,350.7293889060472,90.25799971512119,86.3189770964828,94.98198958875307
furniture_living_room,RN,Northeast,0,1.8768025204992527,0.0,0.4908181167100374,2194.3978084799287,0.0,0.0,0.0
furniture_living_room,RO,North,1,0.9539120248818516,1.048314701897019,0.5088006231796295,2201.140402280474,1.0679567394096414,0.866514774314163,1.3562364931855022
furniture_living_room,RR,North,0,0.17449610211253383,0.0,0.5090993329336536,3199.722575469411,0.0,0.0,0.0
furniture_living_room,RS,South,21,21.304035222361353,0.9857287495449581,0.3592810913853153,971.1465021564821,21.884298819231795,19.194756609274762,25.423823358532196
furniture_living_room,SC,South,12,14.07989659490245,0.852278986505095,0.3029644674646722,614.4829049479279,12.356089089939061,11.259158251991648,13.741683752406797
furniture_living_room,SE,Northeast,2,1.3455588318455385,1.4863712776176754,0.4408328338796056,1652.5911166545113,2.114456653051609,1.7715828176525803,2.5884704210135605
furniture_living_room,SP,Southeast,143,161.3701175425132,0.8861615903720614,0.22958360343055922,354.5452286786359,144.39579092673696,140.0048582275037,149.58469981791538
furniture_living_room,TO,North,2,1.1012642888879913,1.816094483568075,0.4263166063740234,1424.0767973211202,2.109477340841161,1.7807083111236903,2.560340443892303
home_confort,AC,North,0,0.29728965545098357,0.0,0.48555863268539873,2438.527604059324,0.0,0.0,0.0
home_confort,AL,Northeast,1,1.5310417255725652,0.6531500633178556,0.3573566235144443,1914.2501426581189,1.0417154411887615,0.9147896147999356,1.2085381888654365
home_confort,AM,North,0,0.5462697418911823,0.0,0.40171773744300515,2393.3324287767696,0.0,0.0,0.0
home_confort,AP,North,0,0.252696207133336,0.0,0.3699172708517631,2438.6398013399935,0.0,0.0,0.0
home_confort,BA,Northeast,9,12.501030011713858,0.7199406762136173,0.26499166137948976,1388.629751390628,9.18009378247313,8.619684692037767,9.865557172458729
home_confort,CE,Northeast,3,4.927576039100052,0.6088186110564627,0.3324419584072836,2211.2346089839593,3.1092838980669697,2.7749710536391223,3.5411083662984515
home_confort,DF,Center-West,4,7.32075776548047,0.5463915250496579,0.1627031946427496,667.4251138310199,4.0,4.0,4.0
home_confort,ES,Southeast,10,7.558589489841257,1.3229981616861186,0.18695102650441298,885.1386720836496,10.0,10.0,10.0
home_confort,GO,Center-West,6,7.491699317364786,0.8008863871635611,0.17238625002784722,575.1907614787289,6.0,6.0,6.0
home_confort,MA,Northeast,2,2.7610776750010095,0.7243548481479315,0.42159230700569045,2071.072761460466,2.1078227933538725,1.783755751449736,2.5510465574980823
home_confort,MG,Southeast,51,43.19618693702791,1.1806597668990695,0.21983733719297638,500.0018965443114,51.340741339411814,50.26527112525215,52.5984945999074
home_confort,MS,Center-West,1,2.649594054206891,0.3774163058723093,0.18982411926014897,593.3804906970695,1.0,1.0,1.0
home_confort,MT,Center-West,3,3.4002504342206246,0.882287954383464,0.24556550451640302,1100.4833658207356,3.0436707614782708,2.9069911491798432,3.20782064653777
home_confort,PA,North,0,3.623217675808862,0.0,0.4264484710976918,2145.834391144782,0.0,0.0,0.0
home_confort,PB,Northeast,1,1.9658278466696286,0.5086915426974604,0.37223168306272303,2159.3758712264707,1.0447111244036809,0.9090829484664201,1.224729832769403
home_confort,PE,Northeast,5,6.120450781597124,0.8169332910958,0.4140507356704586,2056.4915659204394,5.2628637954259645,4.4717576260615,6.340159727341385
home_confort,PI,Northeast,3,1.8134668982509996,1.654289914468995,0.3065267504748185,1928.4735875061342,3.091565866166541,2.8097452644973635,3.4485511234082153
home_confort,PR,South,13,18.654925879549218,0.6968668803048675,0.2184877092625881,394.29070142591377,13.081182249430054,12.824828951701216,13.380542467773463
home_confort,RJ,Southeast,51,47.60722219978188,1.0712660315693374,0.20717531005843753,592.3667266532109,51.12673467835588,50.72490745899193,51.5900256860611
home_confort,RN,Northeast,1,1.7986024154784506,0.5559872439813152,0.41366646835589244,2248.144938816999,1.0525039459310028,0.8944789544402523,1.267647785363998
home_confort,RO,North,1,0.9141656905117744,1.093893601979498,0.48145952897428496,1970.5743236758747,1.0638113204512185,0.8738899608463548,1.332009440152782
home_confort,RR,North,0,0.16722543119117825,0.0,0.399871359152534,3022.893546239269,0.0,0.0,0.0
home_confort,RS,South,17,20.416367088096294,0.8326652791187225,0.22276916505770344,938.0220617578386,17.129552197527456,16.721064381191436,17.608796719125554
home_confort,SC,South,12,13.493234236781516,0.8893345946140122,0.19965954914297104,614.4829049479279,12.0,12.0,12.0
home_confort,SE,Northeast,1,1.2894938805186411,0.7754980578874828,0.4153256986634487,1733.5843183836148,1.052800650207508,0.8939297020614191,1.2693048348943061
home_confort,SP,Southeast,172,154.6463626449085,1.1122149726530464,0.14603850656374537,240.8555925073101,172.0,172.0,172.0
home_confort,TO,North,1,1.0553782768509916,0.9475275566442132,0.3136757840374867,1336.9662661769842,1.0321962230210977,0.9332743364350282,1.1581982375525044
audio,AC,North,0,0.2803247566344872,0.0,0.31956492955299215,2728.230631400275,0.0,0.0,0.0
audio,AL,Northeast,5,1.443672496667609,3.4633893847402146,0.2850955372712072,1903.1683530235,5.12638004576912,4.735281315459109,5.613232011370543
audio,AM,North,1,0.5150967403158703,1.9413828932149229,0.30136346053197505,2682.8492720779873,1.0292900102219018,0.9390263223019363,1.1431619713894638
audio,AP,North,0,0.23827604313931414,0.0,0.27536880056232743,2668.8817030516684,0.0,0.0,0.0
audio,BA,Northeast,14,11.787656016480186,1.1876831136255386,0.21825383076338567,1388.3900591253193,14.086364698704765,13.813624204981028,14.404779440770147
audio,CE,Northeast,5,4.646382841216625,1.0761059023476383,0.34375638180626916,2288.4430140122804,5.194366321706207,4.601261499315308,5.966659512033732
audio,DF,Center-West,15,6.902997132124248,2.1729691774309163,0.1693359377891819,871.0696494231152,15.0,15.0,15.0
audio,ES,Southeast,13,7.127256937431837,1.8239836327107757,0.17488419466062655,754.5611860093926,13.0,13.0,13.0
audio,GO,Center-West,7,7.064183867189078,0.9909141850784502,0.1698610155735518,820.8549616774894,7.0,7.0,7.0
audio,MA,Northeast,3,2.6035161772428,1.1522878276013204,0.3880561368724337,2230.1784831385244,3.1433346833154303,2.709881634744447,3.7244497854682215
audio,MG,Southeast,33,40.73118713899099,0.8101899875245692,0.1704206345526818,459.4605504744541,33.0,33.0,33.0
audio,MS,Center-West,1,2.498394393504867,0.400257062135475,0.1793166768006659,863.3189368397068,1.0,1.0,1.0
audio,MT,Center-West,4,3.2062144040069476,1.2475772035086061,0.2121227643454551,1399.651861068536,4.0166089619395535,3.9640433351934403,4.077559239316977
audio,PA,North,1,3.4164579714828127,0.29270080543855764,0.29532244828958476,2359.445333075847,1.0278234868159846,0.9419485212704666,1.1356327724508868
audio,PB,Northeast,1,1.8536474532455467,0.5394769098347706,0.40495933503439907,2169.6715253472566,1.0509285609952197,0.8974035354438654,1.2588778885262657
audio,PE,Northeast,4,5.771185927212505,0.6930984463936701,0.3424315749811134,2057.5495326677737,4.154363377030972,3.683190843741146,4.7673165087800955
audio,PI,Northeast,4,1.709981015470372,2.3392072565786366,0.35061115050483505,2052.1262672342395,4.1612743378310935,3.66987381901211,4.804183283130517
audio,PR,South,17,17.590378478814074,0.9664374203474286,0.1832782802752832,455.4194585614446,17.0,17.0,17.0
audio,RJ,Southeast,54,44.89050571555519,1.202926969505898,0.16393680668315763,379.21768920860825,54.0,54.0,54.0
audio,RN,Northeast,1,1.6959647776386475,0.5896348869888299,0.40771533817987876,2273.5169450507306,1.051430583971389,0.896470055873364,1.2616673819610424
audio,RO,North,0,0.8619986266510482,0.0,0.37853350085001913,2268.3055155655406,0.0,0.0,0.0
audio,RR,North,0,0.15768267560689905,0.0,0.3124505725785317,3303.721098796643,0.0,0.0,0.0
audio,RS,South,16,19.25130266187341,0.8311125891593554,0.17708630668536574,869.9842170967738,16.0,16.0,16.0
audio,SC,South,9,12.723239891747788,0.707366997445151,0.18420021684131463,509.6958899055365,9.0,9.0,9.0
audio,SE,Northeast,0,1.2159086319020882,0.0,0.2849738631375161,1724.2856369795581,0.0,0.0,0.0
audio,SP,Southeast,138,145.8214343418023,0.9463629309565764,0.1082926367233371,70.00233395248085,138.0,138.0,138.0
audio,TO,North,1,0.9951528860524296,1.0048707228964566,0.24662396391587946,1545.5077963866925,1.0148642234783856,0.9683577565376759,1.0707754196221873
